f48e1af6-a419-4a92-93e7-faac2d5bfe54	NR_044873.1	98.106	264	5	0	1	264	970	707	1.61e-129	460
f48e1af6-a419-4a92-93e7-faac2d5bfe54	NR_074568.1	98.106	264	5	0	1	264	980	717	1.61e-129	460
f48e1af6-a419-4a92-93e7-faac2d5bfe54	NR_043968.1	98.106	264	5	0	1	264	938	675	1.61e-129	460
f48e1af6-a419-4a92-93e7-faac2d5bfe54	NR_044712.2	97.727	264	6	0	1	264	989	726	2.08e-128	457
f48e1af6-a419-4a92-93e7-faac2d5bfe54	NR_025310.1	97.727	264	6	0	1	264	960	697	7.49e-128	455
7c7a6ce4-fdb9-429f-b04b-7e97ec85a8dd	NR_042878.1	97.619	168	2	1	1	166	1343	1176	1.71e-77	287
7c7a6ce4-fdb9-429f-b04b-7e97ec85a8dd	NR_116168.1	97.619	168	2	1	1	166	1364	1197	1.71e-77	287
7c7a6ce4-fdb9-429f-b04b-7e97ec85a8dd	NR_118762.1	97.619	168	2	1	1	166	1366	1199	1.71e-77	287
7c7a6ce4-fdb9-429f-b04b-7e97ec85a8dd	NR_025073.1	94.643	168	7	1	1	166	1366	1199	3.72e-69	259
7c7a6ce4-fdb9-429f-b04b-7e97ec85a8dd	NR_042868.1	94.048	168	8	1	1	166	1345	1178	1.73e-67	254
6dff0d9f-c5cb-46f9-a9c2-dbeb8f09814d	NR_025903.1	95.833	168	6	1	1	167	178	11	1.74e-72	270
6dff0d9f-c5cb-46f9-a9c2-dbeb8f09814d	NR_025904.1	93.976	166	9	1	3	167	175	10	2.27e-66	250
6dff0d9f-c5cb-46f9-a9c2-dbeb8f09814d	NR_026419.1	93.827	162	9	1	4	164	162	1	3.80e-64	243
6dff0d9f-c5cb-46f9-a9c2-dbeb8f09814d	NR_036920.1	89.881	168	14	3	1	167	172	7	2.98e-55	213
6dff0d9f-c5cb-46f9-a9c2-dbeb8f09814d	NR_133753.1	95.455	132	6	0	1	132	132	1	1.07e-54	211
a712f447-ed32-4022-b03e-04aeaaf9a43f	NR_163639.1	95.263	190	5	3	4	191	191	4	9.33e-81	298
a712f447-ed32-4022-b03e-04aeaaf9a43f	NR_074980.1	95.213	188	5	3	5	190	198	13	1.21e-79	294
a712f447-ed32-4022-b03e-04aeaaf9a43f	NR_113031.1	95.213	188	5	3	5	190	198	13	1.21e-79	294
a712f447-ed32-4022-b03e-04aeaaf9a43f	NR_119170.1	96.045	177	1	3	7	180	174	1	7.26e-77	285
a712f447-ed32-4022-b03e-04aeaaf9a43f	NR_115354.1	96.512	172	0	3	7	175	169	1	3.38e-75	279
f3e2d0d7-a1c1-44dc-85d3-08600192c19e	NR_041989.1	88.991	436	24	17	5	419	561	993	1.56e-146	518
f3e2d0d7-a1c1-44dc-85d3-08600192c19e	NR_025892.1	88.761	436	25	17	5	419	628	1060	5.61e-146	516
f3e2d0d7-a1c1-44dc-85d3-08600192c19e	NR_041988.1	88.761	436	25	17	5	419	561	993	7.26e-145	512
f3e2d0d7-a1c1-44dc-85d3-08600192c19e	NR_117694.1	88.761	436	25	17	5	419	603	1035	7.26e-145	512
f3e2d0d7-a1c1-44dc-85d3-08600192c19e	NR_178369.1	88.761	436	25	17	5	419	574	1006	7.26e-145	512
e2d63428-6ee9-40fb-87e8-e7c4d1d66113	NR_136788.1	95.192	208	7	2	12	219	1277	1481	5.01e-89	326
e2d63428-6ee9-40fb-87e8-e7c4d1d66113	NR_026230.1	97.838	185	4	0	35	219	1275	1459	2.33e-87	320
e2d63428-6ee9-40fb-87e8-e7c4d1d66113	NR_136443.1	98.837	172	1	1	35	206	1259	1429	6.53e-83	305
e2d63428-6ee9-40fb-87e8-e7c4d1d66113	NR_074140.1	92.308	208	13	2	12	219	1242	1446	5.08e-79	292
e2d63428-6ee9-40fb-87e8-e7c4d1d66113	NR_113125.1	92.308	208	13	2	12	219	1272	1476	5.08e-79	292
1f81140a-23f0-487f-8472-4f26a739bdd7	NR_165747.1	90.580	138	5	5	1	134	195	62	3.05e-44	176
1f81140a-23f0-487f-8472-4f26a739bdd7	NR_199547.1	89.928	139	6	5	2	136	174	40	3.94e-43	172
1f81140a-23f0-487f-8472-4f26a739bdd7	NR_042928.1	89.855	138	6	5	2	135	194	61	1.42e-42	171
1f81140a-23f0-487f-8472-4f26a739bdd7	NR_112026.1	89.855	138	6	5	2	135	177	44	1.42e-42	171
1f81140a-23f0-487f-8472-4f26a739bdd7	NR_199541.1	89.855	138	6	5	1	134	173	40	1.42e-42	171
a568b710-8718-4f3f-9aa6-cc16061b591b	NR_074568.1	96.694	121	4	0	1	121	145	25	4.45e-52	202
a568b710-8718-4f3f-9aa6-cc16061b591b	NR_044712.2	96.694	121	4	0	1	121	154	34	4.45e-52	202
a568b710-8718-4f3f-9aa6-cc16061b591b	NR_044873.1	95.868	121	5	0	1	121	134	14	2.07e-50	196
a568b710-8718-4f3f-9aa6-cc16061b591b	NR_025310.1	95.833	120	5	0	2	121	124	5	7.45e-50	195
a568b710-8718-4f3f-9aa6-cc16061b591b	NR_109752.1	95.000	120	6	0	2	121	154	35	3.47e-48	189
6d71e433-f362-4e42-8b3b-cb00e1a95f31	NR_024842.1	93.258	178	6	4	1	172	1427	1250	1.40e-68	257
6d71e433-f362-4e42-8b3b-cb00e1a95f31	NR_115241.1	93.258	178	6	4	1	172	1412	1235	1.40e-68	257
6d71e433-f362-4e42-8b3b-cb00e1a95f31	NR_115735.1	93.258	178	6	4	1	172	1403	1226	1.40e-68	257
6d71e433-f362-4e42-8b3b-cb00e1a95f31	NR_117425.1	93.258	178	6	4	1	172	1415	1238	1.40e-68	257
6d71e433-f362-4e42-8b3b-cb00e1a95f31	NR_179720.1	93.258	178	6	4	1	172	1432	1255	1.40e-68	257
7c721cf3-674e-4d86-975e-9ff497023207	NR_024842.1	98.214	112	1	1	1	111	1376	1487	7.16e-50	195
7c721cf3-674e-4d86-975e-9ff497023207	NR_041706.1	98.214	112	1	1	1	111	1371	1482	7.16e-50	195
7c721cf3-674e-4d86-975e-9ff497023207	NR_042052.1	98.214	112	1	1	1	111	1284	1395	7.16e-50	195
7c721cf3-674e-4d86-975e-9ff497023207	NR_025625.1	98.214	112	1	1	1	111	1370	1481	7.16e-50	195
7c721cf3-674e-4d86-975e-9ff497023207	NR_028705.1	98.214	112	1	1	1	111	1374	1485	7.16e-50	195
2e6cd855-0234-43c4-a5eb-b1fed1da2de1	NR_025902.1	93.822	259	5	9	1	253	1192	1445	4.52e-105	379
2e6cd855-0234-43c4-a5eb-b1fed1da2de1	NR_040933.1	93.822	259	5	9	1	253	1236	1489	4.52e-105	379
2e6cd855-0234-43c4-a5eb-b1fed1da2de1	NR_117717.1	93.822	259	5	9	1	253	1234	1487	4.52e-105	379
2e6cd855-0234-43c4-a5eb-b1fed1da2de1	NR_121688.1	93.822	259	5	9	1	253	1234	1487	4.52e-105	379
2e6cd855-0234-43c4-a5eb-b1fed1da2de1	NR_117692.1	93.822	259	5	9	1	253	1214	1467	4.52e-105	379
f002c621-64ca-408e-85b8-2e57572b60a1	NR_044873.1	88.112	143	12	5	11	153	139	2	7.71e-41	165
f002c621-64ca-408e-85b8-2e57572b60a1	NR_074568.1	88.112	143	12	5	11	153	150	13	7.71e-41	165
f002c621-64ca-408e-85b8-2e57572b60a1	NR_044712.2	88.112	143	12	5	11	153	159	22	7.71e-41	165
f002c621-64ca-408e-85b8-2e57572b60a1	NR_028755.1	86.713	143	13	6	12	153	148	11	1.67e-37	154
f002c621-64ca-408e-85b8-2e57572b60a1	NR_028925.1	86.713	143	14	5	11	153	150	13	1.67e-37	154
939c0ce2-f764-4ea6-b521-892cda31c93a	NR_024842.1	97.714	175	3	1	1	174	182	8	2.35e-81	300
939c0ce2-f764-4ea6-b521-892cda31c93a	NR_115241.1	97.605	167	3	1	1	166	167	1	6.57e-77	285
939c0ce2-f764-4ea6-b521-892cda31c93a	NR_179720.1	96.386	166	5	1	10	174	178	13	5.12e-73	272
939c0ce2-f764-4ea6-b521-892cda31c93a	NR_115735.1	97.468	158	3	1	1	157	158	1	6.62e-72	268
939c0ce2-f764-4ea6-b521-892cda31c93a	NR_152678.1	95.783	166	6	1	10	174	178	13	2.38e-71	267
343cdf12-ecb2-4998-bbc3-56f852bf27cc	NR_028664.1	95.951	247	7	2	4	248	180	425	1.24e-110	398
343cdf12-ecb2-4998-bbc3-56f852bf27cc	NR_115240.1	95.951	247	7	2	4	248	157	402	1.24e-110	398
343cdf12-ecb2-4998-bbc3-56f852bf27cc	NR_115732.1	95.951	247	7	2	4	248	159	404	1.24e-110	398
343cdf12-ecb2-4998-bbc3-56f852bf27cc	NR_116207.1	95.951	247	7	2	4	248	22	267	1.24e-110	398
343cdf12-ecb2-4998-bbc3-56f852bf27cc	NR_165741.1	95.951	247	7	2	4	248	166	411	1.24e-110	398
87d9e6a3-9b1f-4d3f-a131-0b34e63e8751	NR_199544.1	97.297	259	5	1	1	257	103	361	7.29e-123	438
87d9e6a3-9b1f-4d3f-a131-0b34e63e8751	NR_199545.1	97.297	259	5	1	1	257	145	403	7.29e-123	438
87d9e6a3-9b1f-4d3f-a131-0b34e63e8751	NR_028664.1	96.911	259	6	1	1	257	148	406	3.39e-121	433
87d9e6a3-9b1f-4d3f-a131-0b34e63e8751	NR_115240.1	96.911	259	6	1	1	257	125	383	3.39e-121	433
87d9e6a3-9b1f-4d3f-a131-0b34e63e8751	NR_115732.1	96.911	259	6	1	1	257	127	385	3.39e-121	433
405f49f5-66f1-4b11-84c3-0976979ad2b2	NR_025892.1	98.947	190	0	2	1	188	914	725	5.43e-93	339
405f49f5-66f1-4b11-84c3-0976979ad2b2	NR_041989.1	98.947	190	0	2	1	188	847	658	5.43e-93	339
405f49f5-66f1-4b11-84c3-0976979ad2b2	NR_117694.1	98.947	190	0	2	1	188	889	700	5.43e-93	339
405f49f5-66f1-4b11-84c3-0976979ad2b2	NR_042976.1	98.421	190	1	2	1	188	897	708	2.53e-91	333
405f49f5-66f1-4b11-84c3-0976979ad2b2	NR_118697.1	98.421	190	1	2	1	188	912	723	2.53e-91	333
3458cf69-8860-410a-9bff-1b4ca30542ba	NR_025289.1	94.643	168	3	6	1	164	350	185	4.78e-68	255
3458cf69-8860-410a-9bff-1b4ca30542ba	NR_118780.1	94.048	168	4	6	1	164	355	190	2.23e-66	250
3458cf69-8860-410a-9bff-1b4ca30542ba	NR_179414.1	93.413	167	5	6	1	163	376	212	3.72e-64	243
3458cf69-8860-410a-9bff-1b4ca30542ba	NR_180913.1	92.308	169	7	6	1	165	356	190	6.23e-62	235
3458cf69-8860-410a-9bff-1b4ca30542ba	NR_159296.1	92.262	168	7	6	1	164	364	199	2.24e-61	233
95ff40a6-e21c-4452-a010-03fc3b0f09fd	NR_024842.1	98.473	131	0	2	1	129	1359	1489	2.25e-60	230
95ff40a6-e21c-4452-a010-03fc3b0f09fd	NR_041706.1	98.473	131	0	2	1	129	1354	1484	2.25e-60	230
95ff40a6-e21c-4452-a010-03fc3b0f09fd	NR_042052.1	98.473	131	0	2	1	129	1267	1397	2.25e-60	230
95ff40a6-e21c-4452-a010-03fc3b0f09fd	NR_025036.1	98.473	131	0	2	1	129	1363	1493	2.25e-60	230
95ff40a6-e21c-4452-a010-03fc3b0f09fd	NR_025625.1	98.473	131	0	2	1	129	1353	1483	2.25e-60	230
b44ba531-d5da-4a86-9f26-afe3bb6025fe	NR_025762.1	98.198	222	2	2	1	220	1095	874	2.46e-107	387
b44ba531-d5da-4a86-9f26-afe3bb6025fe	NR_041879.1	98.198	222	2	2	1	220	1074	853	2.46e-107	387
b44ba531-d5da-4a86-9f26-afe3bb6025fe	NR_113570.1	98.198	222	2	2	1	220	1124	903	2.46e-107	387
b44ba531-d5da-4a86-9f26-afe3bb6025fe	NR_115355.1	98.198	222	2	2	1	220	1117	896	2.46e-107	387
b44ba531-d5da-4a86-9f26-afe3bb6025fe	NR_044091.1	98.198	222	2	2	1	220	1031	810	2.46e-107	387
eafdc506-5e49-43be-9812-0fd44624a40b	NR_037101.1	94.366	142	5	3	1	139	1176	1035	6.63e-56	215
eafdc506-5e49-43be-9812-0fd44624a40b	NR_024659.1	94.366	142	5	3	1	139	1157	1016	6.63e-56	215
eafdc506-5e49-43be-9812-0fd44624a40b	NR_024841.1	94.366	142	5	3	1	139	1190	1049	6.63e-56	215
eafdc506-5e49-43be-9812-0fd44624a40b	NR_036936.1	94.366	142	5	3	1	139	1176	1035	6.63e-56	215
eafdc506-5e49-43be-9812-0fd44624a40b	NR_026471.1	94.366	142	5	3	1	139	1186	1045	6.63e-56	215
dc9f552b-7820-4cee-9fc5-39d087c16d6f	NR_041989.1	91.729	133	4	5	1	127	404	273	7.88e-45	178
dc9f552b-7820-4cee-9fc5-39d087c16d6f	NR_117717.1	90.977	133	5	5	1	127	467	336	3.67e-43	172
dc9f552b-7820-4cee-9fc5-39d087c16d6f	NR_121688.1	90.977	133	5	5	1	127	466	335	3.67e-43	172
dc9f552b-7820-4cee-9fc5-39d087c16d6f	NR_117696.1	90.977	133	5	5	1	127	433	302	3.67e-43	172
dc9f552b-7820-4cee-9fc5-39d087c16d6f	NR_117701.1	90.977	133	5	5	1	127	446	315	3.67e-43	172
f11e2438-eaa3-463f-bfe2-3d02c58ec5e6	NR_042776.1	97.692	130	0	1	1	127	147	18	1.30e-57	220
f11e2438-eaa3-463f-bfe2-3d02c58ec5e6	NR_042777.1	97.692	130	0	1	1	127	147	18	1.30e-57	220
f11e2438-eaa3-463f-bfe2-3d02c58ec5e6	NR_042778.1	97.692	130	0	1	1	127	147	18	1.30e-57	220
f11e2438-eaa3-463f-bfe2-3d02c58ec5e6	NR_118234.1	96.970	132	1	1	1	129	139	8	4.69e-57	219
f11e2438-eaa3-463f-bfe2-3d02c58ec5e6	NR_041781.1	96.947	131	1	2	1	128	131	1	1.69e-56	217
4982c252-8853-4850-9ee3-e81b5d20c74b	NR_042776.1	99.057	212	0	2	1	210	230	19	3.64e-105	379
4982c252-8853-4850-9ee3-e81b5d20c74b	NR_042778.1	99.057	212	0	2	1	210	230	19	3.64e-105	379
4982c252-8853-4850-9ee3-e81b5d20c74b	NR_118998.1	98.113	212	2	2	1	210	225	14	2.19e-102	370
4982c252-8853-4850-9ee3-e81b5d20c74b	NR_042777.1	98.113	212	2	2	1	210	230	19	7.88e-102	368
4982c252-8853-4850-9ee3-e81b5d20c74b	NR_197695.1	96.698	212	5	2	1	210	229	18	7.94e-97	351
2b49823e-d8fb-4f69-b43f-06023cb31294	NR_116168.1	91.860	172	7	5	1	166	1399	1229	2.26e-61	233
2b49823e-d8fb-4f69-b43f-06023cb31294	NR_118762.1	91.860	172	7	5	1	166	1401	1231	2.26e-61	233
2b49823e-d8fb-4f69-b43f-06023cb31294	NR_042878.1	93.590	156	4	4	16	166	1362	1208	1.05e-59	228
2b49823e-d8fb-4f69-b43f-06023cb31294	NR_025073.1	88.953	172	12	5	1	166	1401	1231	4.92e-53	206
2b49823e-d8fb-4f69-b43f-06023cb31294	NR_044613.1	88.372	172	13	5	1	166	1403	1233	2.29e-51	200
d0670aa9-98f1-4b65-9150-f11f984c4380	NR_028682.1	94.737	95	5	0	1	95	1344	1438	4.36e-36	148
d0670aa9-98f1-4b65-9150-f11f984c4380	NR_119263.1	94.737	95	5	0	1	95	1341	1435	4.36e-36	148
d0670aa9-98f1-4b65-9150-f11f984c4380	NR_024905.1	94.624	93	5	0	1	93	1333	1425	5.63e-35	145
d0670aa9-98f1-4b65-9150-f11f984c4380	NR_113923.1	94.624	93	5	0	1	93	1332	1424	5.63e-35	145
d0670aa9-98f1-4b65-9150-f11f984c4380	NR_025211.1	93.684	95	6	0	1	95	1334	1428	2.03e-34	143
f6d58d18-ebdc-45d1-b61d-58e406c97686	NR_025435.1	97.309	223	4	2	8	228	1277	1499	1.41e-104	377
f6d58d18-ebdc-45d1-b61d-58e406c97686	NR_024817.1	97.297	222	5	1	8	228	1263	1484	5.08e-104	375
f6d58d18-ebdc-45d1-b61d-58e406c97686	NR_024842.1	96.861	223	6	1	7	228	1272	1494	6.57e-103	372
f6d58d18-ebdc-45d1-b61d-58e406c97686	NR_025689.1	96.861	223	6	1	7	228	1267	1489	6.57e-103	372
f6d58d18-ebdc-45d1-b61d-58e406c97686	NR_042776.1	96.861	223	6	1	7	228	1282	1504	6.57e-103	372
d5aa423e-1dd2-4193-beef-dd592c585381	NR_024841.1	97.452	157	2	2	1	156	1045	890	2.07e-71	267
d5aa423e-1dd2-4193-beef-dd592c585381	NR_028664.1	97.452	157	2	2	1	156	1052	897	2.07e-71	267
d5aa423e-1dd2-4193-beef-dd592c585381	NR_028665.1	97.452	157	2	2	1	156	1046	891	2.07e-71	267
d5aa423e-1dd2-4193-beef-dd592c585381	NR_042553.1	97.452	157	2	2	1	156	975	820	2.07e-71	267
d5aa423e-1dd2-4193-beef-dd592c585381	NR_042927.1	97.452	157	2	2	1	156	1031	876	2.07e-71	267
ed80e277-958c-4a59-8d42-f71b72ba9d9a	NR_025435.1	93.478	230	6	7	4	226	1268	1495	3.12e-91	333
ed80e277-958c-4a59-8d42-f71b72ba9d9a	NR_024817.1	93.074	231	9	5	1	226	1252	1480	3.12e-91	333
ed80e277-958c-4a59-8d42-f71b72ba9d9a	NR_028682.1	93.074	231	6	8	1	223	1269	1497	4.03e-90	329
ed80e277-958c-4a59-8d42-f71b72ba9d9a	NR_025689.1	92.641	231	10	4	1	226	1257	1485	5.22e-89	326
ed80e277-958c-4a59-8d42-f71b72ba9d9a	NR_025625.1	92.641	231	10	4	1	226	1256	1484	5.22e-89	326
0acf9bd1-4be1-4cb5-998a-f7ce1017b1be	NR_036936.1	95.302	149	5	1	1	149	1385	1239	5.53e-62	235
0acf9bd1-4be1-4cb5-998a-f7ce1017b1be	NR_025453.1	95.302	149	5	1	1	149	1385	1239	5.53e-62	235
0acf9bd1-4be1-4cb5-998a-f7ce1017b1be	NR_028666.1	95.302	149	5	1	1	149	1409	1263	5.53e-62	235
0acf9bd1-4be1-4cb5-998a-f7ce1017b1be	NR_028833.1	95.302	149	5	1	1	149	1412	1266	5.53e-62	235
0acf9bd1-4be1-4cb5-998a-f7ce1017b1be	NR_029052.1	95.302	149	5	1	1	149	1373	1227	5.53e-62	235
d7d85bef-8ef5-48bd-b8e6-c221ea96f8ca	NR_116168.1	92.157	102	2	4	1	98	10	109	3.37e-33	139
d7d85bef-8ef5-48bd-b8e6-c221ea96f8ca	NR_197715.1	90.909	99	5	3	1	98	13	108	2.03e-30	130
d7d85bef-8ef5-48bd-b8e6-c221ea96f8ca	NR_197716.1	90.909	99	5	3	1	98	13	108	2.03e-30	130
d7d85bef-8ef5-48bd-b8e6-c221ea96f8ca	NR_114427.1	90.196	102	4	5	1	98	14	113	7.28e-30	128
d7d85bef-8ef5-48bd-b8e6-c221ea96f8ca	NR_135696.1	87.826	115	7	6	1	112	3	113	7.28e-30	128
423c7976-5407-4b56-a613-e0cb64271b10	NR_024842.1	90.909	143	10	2	1	143	64	203	4.23e-48	189
423c7976-5407-4b56-a613-e0cb64271b10	NR_115241.1	90.909	143	10	2	1	143	49	188	4.23e-48	189
423c7976-5407-4b56-a613-e0cb64271b10	NR_115735.1	90.278	144	10	3	1	143	39	179	5.47e-47	185
423c7976-5407-4b56-a613-e0cb64271b10	NR_165737.1	89.510	143	12	2	1	143	49	188	9.15e-45	178
423c7976-5407-4b56-a613-e0cb64271b10	NR_178515.1	89.855	138	11	2	1	138	49	183	1.18e-43	174
4fa99d98-585d-4696-954e-31ce99e623a7	NR_025892.1	98.182	220	2	2	1	220	686	903	2.99e-106	383
4fa99d98-585d-4696-954e-31ce99e623a7	NR_041989.1	98.182	220	2	2	1	220	619	836	2.99e-106	383
4fa99d98-585d-4696-954e-31ce99e623a7	NR_117694.1	98.182	220	2	2	1	220	661	878	2.99e-106	383
4fa99d98-585d-4696-954e-31ce99e623a7	NR_042976.1	97.727	220	3	2	1	220	669	886	1.39e-104	377
4fa99d98-585d-4696-954e-31ce99e623a7	NR_118697.1	97.727	220	3	2	1	220	684	901	1.39e-104	377
275f8d1a-a43f-4620-818a-466a1f9d6916	NR_025285.1	95.349	172	4	2	1	171	640	808	1.84e-72	270
275f8d1a-a43f-4620-818a-466a1f9d6916	NR_074568.1	95.349	172	4	2	1	171	662	830	1.84e-72	270
275f8d1a-a43f-4620-818a-466a1f9d6916	NR_044712.2	95.349	172	4	2	1	171	671	839	1.84e-72	270
275f8d1a-a43f-4620-818a-466a1f9d6916	NR_043968.1	95.349	172	4	2	1	171	620	788	1.84e-72	270
275f8d1a-a43f-4620-818a-466a1f9d6916	NR_117194.1	95.349	172	4	2	1	171	641	809	1.84e-72	270
e758434c-d47d-45a6-9966-90455b8d72ef	NR_178796.1	87.903	124	8	4	1	121	1358	1477	3.58e-33	139
e758434c-d47d-45a6-9966-90455b8d72ef	NR_178939.1	87.903	124	8	4	1	121	1359	1478	3.58e-33	139
e758434c-d47d-45a6-9966-90455b8d72ef	NR_024975.1	88.034	117	9	2	1	116	1340	1452	1.66e-31	134
e758434c-d47d-45a6-9966-90455b8d72ef	NR_156958.1	86.992	123	10	3	1	121	1342	1460	1.66e-31	134
e758434c-d47d-45a6-9966-90455b8d72ef	NR_074426.1	87.288	118	9	4	1	116	1349	1462	2.15e-30	130
f977eaf6-d507-4d0d-9712-87e74b01ad83	NR_136788.1	99.576	236	0	1	37	271	1239	1474	4.76e-120	429
f977eaf6-d507-4d0d-9712-87e74b01ad83	NR_026230.1	97.034	236	6	1	37	271	1217	1452	4.83e-110	396
f977eaf6-d507-4d0d-9712-87e74b01ad83	NR_136443.1	97.391	230	4	2	37	265	1201	1429	2.25e-108	390
f977eaf6-d507-4d0d-9712-87e74b01ad83	NR_041464.1	94.915	236	11	1	37	271	1240	1475	1.05e-101	368
f977eaf6-d507-4d0d-9712-87e74b01ad83	NR_041343.1	94.492	236	12	1	37	271	1240	1475	4.90e-100	363
a528010e-e4eb-49e6-a03a-081d7da885ee	NR_163639.1	93.624	298	11	6	1	295	297	5	8.44e-123	438
a528010e-e4eb-49e6-a03a-081d7da885ee	NR_074980.1	93.289	298	12	6	1	295	305	13	3.93e-121	433
a528010e-e4eb-49e6-a03a-081d7da885ee	NR_113031.1	93.289	298	12	6	1	295	305	13	3.93e-121	433
a528010e-e4eb-49e6-a03a-081d7da885ee	NR_119169.1	93.403	288	11	6	1	285	283	1	8.50e-118	422
a528010e-e4eb-49e6-a03a-081d7da885ee	NR_119170.1	93.403	288	11	6	1	285	283	1	8.50e-118	422
a0aa873f-a711-415e-aa22-ad6125824472	NR_024841.1	90.991	111	2	3	1	103	1371	1261	2.22e-34	143
a0aa873f-a711-415e-aa22-ad6125824472	NR_041722.2	90.991	111	2	3	1	103	1392	1282	2.22e-34	143
a0aa873f-a711-415e-aa22-ad6125824472	NR_028736.1	90.991	111	2	3	1	103	1381	1271	2.22e-34	143
a0aa873f-a711-415e-aa22-ad6125824472	NR_041721.1	90.991	111	2	3	1	103	1380	1270	2.22e-34	143
a0aa873f-a711-415e-aa22-ad6125824472	NR_112704.1	90.991	111	2	3	1	103	1276	1166	2.22e-34	143
7dd9df8a-4b07-424e-9794-47c5dba29da6	NR_024897.1	91.304	115	6	3	1	112	1373	1486	1.19e-37	154
7dd9df8a-4b07-424e-9794-47c5dba29da6	NR_116168.1	91.304	115	6	3	1	112	1374	1487	1.19e-37	154
7dd9df8a-4b07-424e-9794-47c5dba29da6	NR_181418.1	91.304	115	6	3	1	112	1373	1486	1.19e-37	154
7dd9df8a-4b07-424e-9794-47c5dba29da6	NR_025359.1	90.435	115	7	3	1	112	1377	1490	5.53e-36	148
7dd9df8a-4b07-424e-9794-47c5dba29da6	NR_027217.1	90.435	115	7	3	1	112	1356	1469	5.53e-36	148
f9b5c937-6781-4be1-b97d-a364ac22b5d3	NR_114413.1	95.570	158	5	1	12	169	171	16	6.45e-67	252
f9b5c937-6781-4be1-b97d-a364ac22b5d3	NR_199956.1	95.570	158	5	1	12	169	168	13	6.45e-67	252
f9b5c937-6781-4be1-b97d-a364ac22b5d3	NR_199974.1	95.570	158	5	1	12	169	175	20	6.45e-67	252
f9b5c937-6781-4be1-b97d-a364ac22b5d3	NR_152678.1	94.937	158	6	1	12	169	168	13	3.00e-65	246
f9b5c937-6781-4be1-b97d-a364ac22b5d3	NR_156072.1	94.937	158	6	1	12	169	168	13	3.00e-65	246
4e82d4af-43c3-4aec-bdfd-161eaaad1b1d	NR_109720.1	88.435	147	13	3	11	156	151	8	1.37e-43	174
4e82d4af-43c3-4aec-bdfd-161eaaad1b1d	NR_036936.1	87.755	147	14	3	11	156	157	14	6.37e-42	169
4e82d4af-43c3-4aec-bdfd-161eaaad1b1d	NR_114537.1	87.755	147	14	3	11	156	144	1	6.37e-42	169
4e82d4af-43c3-4aec-bdfd-161eaaad1b1d	NR_199547.1	88.321	137	11	4	11	146	135	3	3.83e-39	159
4e82d4af-43c3-4aec-bdfd-161eaaad1b1d	NR_117425.1	86.395	147	16	3	11	156	160	17	1.38e-38	158
033be804-0ebe-44ca-976a-5a2a8799eb08	NR_037101.1	94.737	133	5	1	1	133	1393	1263	4.03e-53	206
033be804-0ebe-44ca-976a-5a2a8799eb08	NR_040821.1	94.737	133	5	1	1	133	1393	1263	4.03e-53	206
033be804-0ebe-44ca-976a-5a2a8799eb08	NR_042052.1	94.737	133	5	1	1	133	1316	1186	4.03e-53	206
033be804-0ebe-44ca-976a-5a2a8799eb08	NR_025630.1	94.737	133	5	1	1	133	1392	1262	4.03e-53	206
033be804-0ebe-44ca-976a-5a2a8799eb08	NR_024634.1	94.737	133	5	1	1	133	1404	1274	4.03e-53	206
7c13e81c-b6f8-4fff-a343-b689051f36f9	NR_117520.1	85.586	111	6	5	1	101	1167	1057	7.89e-24	108
7c13e81c-b6f8-4fff-a343-b689051f36f9	NR_181558.1	85.586	111	6	5	1	101	1219	1109	7.89e-24	108
7c13e81c-b6f8-4fff-a343-b689051f36f9	NR_025689.1	86.408	103	4	5	1	93	1209	1107	1.02e-22	104
7c13e81c-b6f8-4fff-a343-b689051f36f9	NR_026467.1	86.408	103	4	5	1	93	1202	1100	1.02e-22	104
7c13e81c-b6f8-4fff-a343-b689051f36f9	NR_026489.1	86.408	103	4	5	1	93	1208	1106	1.02e-22	104
fc2af16d-49bd-4fbb-a0d1-d9fc4d023479	NR_042776.1	97.170	212	4	2	1	211	240	30	1.83e-98	357
fc2af16d-49bd-4fbb-a0d1-d9fc4d023479	NR_042778.1	97.170	212	4	2	1	211	240	30	1.83e-98	357
fc2af16d-49bd-4fbb-a0d1-d9fc4d023479	NR_118998.1	96.226	212	6	2	1	211	235	25	1.10e-95	348
fc2af16d-49bd-4fbb-a0d1-d9fc4d023479	NR_042777.1	96.226	212	6	2	1	211	240	30	3.96e-95	346
fc2af16d-49bd-4fbb-a0d1-d9fc4d023479	NR_197695.1	95.283	212	8	2	1	211	239	29	8.58e-92	335
d8fedef2-3066-4f2f-8332-0fab0c54d798	NR_042878.1	97.931	145	3	0	1	145	842	698	1.51e-67	254
d8fedef2-3066-4f2f-8332-0fab0c54d798	NR_116168.1	97.931	145	3	0	1	145	863	719	5.45e-67	252
d8fedef2-3066-4f2f-8332-0fab0c54d798	NR_118143.1	97.241	145	4	0	1	145	844	700	2.53e-65	246
d8fedef2-3066-4f2f-8332-0fab0c54d798	NR_042885.1	97.241	145	4	0	1	145	842	698	2.53e-65	246
d8fedef2-3066-4f2f-8332-0fab0c54d798	NR_118751.1	96.552	145	5	0	1	145	867	723	2.53e-65	246
e5dce2c6-d6f6-45d3-9f6d-4caa6925ac70	NR_041880.1	96.899	129	3	1	8	135	756	628	6.52e-56	215
e5dce2c6-d6f6-45d3-9f6d-4caa6925ac70	NR_025762.1	96.899	129	3	1	8	135	778	650	6.52e-56	215
e5dce2c6-d6f6-45d3-9f6d-4caa6925ac70	NR_041879.1	96.899	129	3	1	8	135	757	629	6.52e-56	215
e5dce2c6-d6f6-45d3-9f6d-4caa6925ac70	NR_043332.1	96.899	129	3	1	8	135	800	672	6.52e-56	215
e5dce2c6-d6f6-45d3-9f6d-4caa6925ac70	NR_074980.1	96.899	129	3	1	8	135	827	699	6.52e-56	215
09f19ff0-ddb6-42e6-a44c-82c9a88a3ecc	NR_024842.1	97.814	183	1	3	5	185	1426	1245	3.23e-85	313
09f19ff0-ddb6-42e6-a44c-82c9a88a3ecc	NR_115241.1	97.814	183	1	3	5	185	1411	1230	3.23e-85	313
09f19ff0-ddb6-42e6-a44c-82c9a88a3ecc	NR_115735.1	97.814	183	1	3	5	185	1402	1221	3.23e-85	313
09f19ff0-ddb6-42e6-a44c-82c9a88a3ecc	NR_117425.1	97.814	183	1	3	5	185	1414	1233	3.23e-85	313
09f19ff0-ddb6-42e6-a44c-82c9a88a3ecc	NR_179720.1	97.814	183	1	3	5	185	1431	1250	3.23e-85	313
ee1918eb-493c-48ff-9d72-ce47c69715d1	NR_044912.1	97.283	184	4	1	23	205	1246	1429	1.31e-84	311
ee1918eb-493c-48ff-9d72-ce47c69715d1	NR_134817.1	97.283	184	4	1	23	205	1304	1487	1.31e-84	311
ee1918eb-493c-48ff-9d72-ce47c69715d1	NR_179540.1	97.283	184	4	1	23	205	1309	1492	1.31e-84	311
ee1918eb-493c-48ff-9d72-ce47c69715d1	NR_024634.1	96.757	185	4	2	23	205	1302	1486	1.70e-83	307
ee1918eb-493c-48ff-9d72-ce47c69715d1	NR_043660.1	96.757	185	4	2	23	205	1283	1467	1.70e-83	307
ae7d1908-82d2-4100-8bed-fa5a99f03b70	NR_026419.1	95.758	165	4	3	1	162	1323	1487	2.82e-70	263
ae7d1908-82d2-4100-8bed-fa5a99f03b70	NR_025904.1	95.152	165	4	4	1	162	1334	1497	1.31e-68	257
ae7d1908-82d2-4100-8bed-fa5a99f03b70	NR_025903.1	94.545	165	5	4	1	162	1335	1498	6.10e-67	252
ae7d1908-82d2-4100-8bed-fa5a99f03b70	NR_026420.1	92.121	165	9	4	1	162	1322	1485	2.86e-60	230
ae7d1908-82d2-4100-8bed-fa5a99f03b70	NR_179572.1	92.121	165	9	4	1	162	1342	1505	2.86e-60	230
9b10b9c6-ed05-400d-aedf-d8961a16cb44	NR_024841.1	99.160	238	0	2	1	236	1225	988	1.47e-119	427
9b10b9c6-ed05-400d-aedf-d8961a16cb44	NR_028665.1	99.160	238	0	2	1	236	1226	989	1.47e-119	427
9b10b9c6-ed05-400d-aedf-d8961a16cb44	NR_042927.1	99.160	238	0	2	1	236	1211	974	1.47e-119	427
9b10b9c6-ed05-400d-aedf-d8961a16cb44	NR_112026.1	99.160	238	0	2	1	236	1191	954	1.47e-119	427
9b10b9c6-ed05-400d-aedf-d8961a16cb44	NR_113260.1	99.160	238	0	2	1	236	1211	974	1.47e-119	427
0c7056a2-f7a5-4f7e-a6eb-a6351f212687	NR_136788.1	97.917	240	4	1	14	252	1221	1460	1.31e-115	414
0c7056a2-f7a5-4f7e-a6eb-a6351f212687	NR_136443.1	95.417	240	10	1	14	252	1183	1422	1.33e-105	381
0c7056a2-f7a5-4f7e-a6eb-a6351f212687	NR_026230.1	94.583	240	12	1	14	252	1199	1438	2.87e-102	370
0c7056a2-f7a5-4f7e-a6eb-a6351f212687	NR_113082.1	95.259	232	9	2	14	244	1221	1451	3.71e-101	366
0c7056a2-f7a5-4f7e-a6eb-a6351f212687	NR_117913.1	94.043	235	13	1	14	247	1210	1444	8.04e-98	355
9496abc1-855e-4b07-ab71-2f123bd10edd	NR_024842.1	94.595	185	5	4	1	181	193	10	9.00e-76	281
9496abc1-855e-4b07-ab71-2f123bd10edd	NR_115241.1	94.413	179	5	4	1	175	178	1	1.95e-72	270
9496abc1-855e-4b07-ab71-2f123bd10edd	NR_115735.1	94.118	170	4	5	1	165	169	1	1.96e-67	254
9496abc1-855e-4b07-ab71-2f123bd10edd	NR_114413.1	93.750	160	6	3	26	181	177	18	1.98e-62	237
9496abc1-855e-4b07-ab71-2f123bd10edd	NR_165737.1	91.908	173	9	4	7	175	172	1	1.98e-62	237
545063b7-b409-4111-8d0c-5da0b4cd12c0	NR_042052.1	99.038	208	0	2	1	207	1190	1396	6.06e-103	372
545063b7-b409-4111-8d0c-5da0b4cd12c0	NR_042776.1	99.038	208	0	2	1	207	1292	1498	6.06e-103	372
545063b7-b409-4111-8d0c-5da0b4cd12c0	NR_042777.1	99.038	208	0	2	1	207	1291	1497	6.06e-103	372
545063b7-b409-4111-8d0c-5da0b4cd12c0	NR_114642.1	99.038	208	0	2	1	207	1249	1455	6.06e-103	372
545063b7-b409-4111-8d0c-5da0b4cd12c0	NR_037101.1	98.565	209	0	3	1	207	1267	1474	2.82e-101	366
d3525252-692f-4f1b-b5e4-2ee6f95c986c	NR_125571.1	96.454	141	3	1	1	139	141	1	2.15e-61	233
d3525252-692f-4f1b-b5e4-2ee6f95c986c	NR_029097.1	93.162	117	6	1	1	115	117	1	1.71e-42	171
d3525252-692f-4f1b-b5e4-2ee6f95c986c	NR_125570.1	95.960	99	2	1	1	97	99	1	3.70e-39	159
d3525252-692f-4f1b-b5e4-2ee6f95c986c	NR_179447.1	83.133	166	19	8	1	159	177	14	3.72e-34	143
d3525252-692f-4f1b-b5e4-2ee6f95c986c	NR_136763.1	83.553	152	15	7	15	159	158	10	2.24e-31	134
a44e0192-9b09-47a0-a5b9-04e9ba88eb50	NR_025036.1	96.970	132	2	2	1	131	1363	1493	1.38e-57	220
a44e0192-9b09-47a0-a5b9-04e9ba88eb50	NR_044912.1	96.970	132	2	2	1	131	1299	1429	1.38e-57	220
a44e0192-9b09-47a0-a5b9-04e9ba88eb50	NR_114787.2	96.992	133	1	3	1	131	1377	1508	1.38e-57	220
a44e0192-9b09-47a0-a5b9-04e9ba88eb50	NR_134817.1	96.970	132	2	2	1	131	1357	1487	1.38e-57	220
a44e0192-9b09-47a0-a5b9-04e9ba88eb50	NR_179540.1	96.970	132	2	2	1	131	1362	1492	1.38e-57	220
0dded98d-25dc-43b8-bd1d-801fe109c7cc	NR_121687.1	89.744	312	14	12	1	300	1247	942	4.11e-106	383
0dded98d-25dc-43b8-bd1d-801fe109c7cc	NR_178369.1	89.744	312	14	12	1	300	1198	893	4.11e-106	383
0dded98d-25dc-43b8-bd1d-801fe109c7cc	NR_043458.1	89.423	312	15	12	1	300	1248	943	1.91e-104	377
0dded98d-25dc-43b8-bd1d-801fe109c7cc	NR_041988.1	89.423	312	15	12	1	300	1185	880	1.91e-104	377
0dded98d-25dc-43b8-bd1d-801fe109c7cc	NR_104947.1	89.423	312	15	12	1	300	1200	895	1.91e-104	377
2d8962cb-25b7-4a8e-b5ce-27259ae87488	NR_165747.1	96.585	205	6	1	1	205	204	1	6.21e-93	339
2d8962cb-25b7-4a8e-b5ce-27259ae87488	NR_042928.1	95.610	205	8	1	1	205	204	1	1.34e-89	327
2d8962cb-25b7-4a8e-b5ce-27259ae87488	NR_199545.1	95.192	208	9	1	1	208	224	18	1.34e-89	327
2d8962cb-25b7-4a8e-b5ce-27259ae87488	NR_115560.1	93.953	215	11	2	1	214	224	11	1.74e-88	324
2d8962cb-25b7-4a8e-b5ce-27259ae87488	NR_028664.1	94.712	208	10	1	1	208	227	21	6.26e-88	322
78bf201c-700f-419a-ab95-1d42f8e3cf8d	NR_043332.1	97.386	153	2	2	1	153	1393	1243	3.44e-69	259
78bf201c-700f-419a-ab95-1d42f8e3cf8d	NR_074980.1	97.386	153	2	2	1	153	1420	1270	3.44e-69	259
78bf201c-700f-419a-ab95-1d42f8e3cf8d	NR_113031.1	97.386	153	2	2	1	153	1420	1270	3.44e-69	259
78bf201c-700f-419a-ab95-1d42f8e3cf8d	NR_113570.1	97.386	153	2	2	1	153	1400	1250	3.44e-69	259
78bf201c-700f-419a-ab95-1d42f8e3cf8d	NR_044091.1	97.386	153	2	2	1	153	1308	1158	3.44e-69	259
60dfa34c-afea-4c05-bb0a-3a3666d00e34	NR_029097.1	95.897	195	3	5	8	200	1358	1167	1.26e-84	311
60dfa34c-afea-4c05-bb0a-3a3666d00e34	NR_125570.1	95.897	195	3	5	8	200	1340	1149	1.26e-84	311
60dfa34c-afea-4c05-bb0a-3a3666d00e34	NR_125571.1	95.897	195	3	5	8	200	1382	1191	1.26e-84	311
60dfa34c-afea-4c05-bb0a-3a3666d00e34	NR_025127.1	91.795	195	11	5	8	200	1414	1223	2.77e-71	267
60dfa34c-afea-4c05-bb0a-3a3666d00e34	NR_042007.1	90.769	195	13	5	8	200	1413	1222	6.00e-68	255
e9ad0245-3cfd-4650-9e05-0b77b8ddd043	NR_024659.1	95.699	186	6	2	1	186	998	1181	9.33e-81	298
e9ad0245-3cfd-4650-9e05-0b77b8ddd043	NR_026471.1	95.699	186	6	2	1	186	1027	1210	9.33e-81	298
e9ad0245-3cfd-4650-9e05-0b77b8ddd043	NR_036918.1	95.699	186	6	2	1	186	1034	1217	9.33e-81	298
e9ad0245-3cfd-4650-9e05-0b77b8ddd043	NR_042776.1	95.699	186	6	2	1	186	1042	1225	9.33e-81	298
e9ad0245-3cfd-4650-9e05-0b77b8ddd043	NR_042777.1	95.699	186	6	2	1	186	1041	1224	9.33e-81	298
67b61327-ffd1-4451-81fd-e1d63fc04317	NR_037101.1	95.420	131	2	3	9	137	1347	1475	4.10e-53	206
67b61327-ffd1-4451-81fd-e1d63fc04317	NR_040821.1	95.420	131	2	3	9	137	1347	1475	4.10e-53	206
67b61327-ffd1-4451-81fd-e1d63fc04317	NR_025148.1	95.420	131	2	3	9	137	1367	1495	4.10e-53	206
67b61327-ffd1-4451-81fd-e1d63fc04317	NR_028664.1	95.420	131	2	3	9	137	1368	1496	4.10e-53	206
67b61327-ffd1-4451-81fd-e1d63fc04317	NR_028666.1	95.420	131	2	3	9	137	1371	1499	4.10e-53	206
e1383124-3766-41d0-bc43-701f7318e822	NR_024841.1	93.793	145	5	4	1	143	1407	1265	6.92e-56	215
e1383124-3766-41d0-bc43-701f7318e822	NR_024842.1	93.793	145	5	4	1	143	1408	1266	6.92e-56	215
e1383124-3766-41d0-bc43-701f7318e822	NR_036936.1	93.793	145	5	4	1	143	1393	1251	6.92e-56	215
e1383124-3766-41d0-bc43-701f7318e822	NR_041722.2	93.793	145	5	4	1	143	1428	1286	6.92e-56	215
e1383124-3766-41d0-bc43-701f7318e822	NR_025453.1	93.793	145	5	4	1	143	1393	1251	6.92e-56	215
b9d20810-8ff3-40fd-ba2c-1a142797d4cf	NR_028664.1	96.894	161	2	3	1	160	179	21	2.23e-71	267
b9d20810-8ff3-40fd-ba2c-1a142797d4cf	NR_115560.1	96.894	161	2	3	1	160	176	18	2.23e-71	267
b9d20810-8ff3-40fd-ba2c-1a142797d4cf	NR_113561.1	96.875	160	4	1	2	160	177	18	2.23e-71	267
b9d20810-8ff3-40fd-ba2c-1a142797d4cf	NR_179385.1	96.894	161	2	3	1	160	180	22	2.23e-71	267
b9d20810-8ff3-40fd-ba2c-1a142797d4cf	NR_036936.1	96.835	158	4	1	1	157	158	1	2.88e-70	263
609bb4ef-a480-47a3-8634-4580a90502d3	NR_025680.1	95.266	169	5	2	1	167	1433	1266	8.51e-71	265
609bb4ef-a480-47a3-8634-4580a90502d3	NR_113355.1	95.266	169	5	2	1	167	1453	1286	8.51e-71	265
609bb4ef-a480-47a3-8634-4580a90502d3	NR_113357.1	93.789	161	7	2	1	159	1454	1295	5.16e-63	239
609bb4ef-a480-47a3-8634-4580a90502d3	NR_043231.1	93.789	161	7	2	1	159	1380	1221	5.16e-63	239
609bb4ef-a480-47a3-8634-4580a90502d3	NR_179301.1	93.789	161	7	2	1	159	1439	1280	5.16e-63	239
e861d597-533d-4aea-bcdc-592bb21259a3	NR_037101.1	96.154	130	3	2	23	150	1346	1475	9.76e-55	211
e861d597-533d-4aea-bcdc-592bb21259a3	NR_040821.1	96.154	130	3	2	23	150	1346	1475	9.76e-55	211
e861d597-533d-4aea-bcdc-592bb21259a3	NR_025148.1	96.154	130	3	2	23	150	1366	1495	9.76e-55	211
e861d597-533d-4aea-bcdc-592bb21259a3	NR_028664.1	96.154	130	3	2	23	150	1367	1496	9.76e-55	211
e861d597-533d-4aea-bcdc-592bb21259a3	NR_028666.1	96.154	130	3	2	23	150	1370	1499	9.76e-55	211
e2db52c9-18e6-44d6-b4de-9eedb4556df5	NR_115355.1	94.141	256	6	6	5	251	1486	1231	1.21e-105	381
e2db52c9-18e6-44d6-b4de-9eedb4556df5	NR_163639.1	94.141	256	6	6	5	251	1501	1246	1.21e-105	381
e2db52c9-18e6-44d6-b4de-9eedb4556df5	NR_179325.1	94.141	256	6	6	5	251	1460	1205	1.21e-105	381
e2db52c9-18e6-44d6-b4de-9eedb4556df5	NR_119169.1	93.750	256	7	6	5	251	1491	1236	5.65e-104	375
e2db52c9-18e6-44d6-b4de-9eedb4556df5	NR_115354.1	93.359	256	8	6	5	251	1486	1231	2.63e-102	370
1cdee50d-b826-40ce-bb2c-4106ffb4527a	NR_042928.1	95.781	237	7	3	12	247	235	1	4.45e-105	379
1cdee50d-b826-40ce-bb2c-4106ffb4527a	NR_199547.1	98.140	215	2	2	12	225	215	2	2.07e-103	374
1cdee50d-b826-40ce-bb2c-4106ffb4527a	NR_109720.1	95.671	231	9	1	12	241	231	1	2.68e-102	370
1cdee50d-b826-40ce-bb2c-4106ffb4527a	NR_165747.1	94.515	237	10	3	12	247	235	1	4.48e-100	363
1cdee50d-b826-40ce-bb2c-4106ffb4527a	NR_036936.1	93.671	237	14	1	12	247	237	1	7.49e-98	355
65eff501-a10b-4bba-a5a8-024e4d53e68e	NR_163639.1	96.078	255	5	3	1	250	260	6	1.56e-114	411
65eff501-a10b-4bba-a5a8-024e4d53e68e	NR_074980.1	95.686	255	6	3	1	250	268	14	7.27e-113	405
65eff501-a10b-4bba-a5a8-024e4d53e68e	NR_113031.1	95.686	255	6	3	1	250	268	14	7.27e-113	405
65eff501-a10b-4bba-a5a8-024e4d53e68e	NR_119168.1	95.935	246	5	3	1	241	246	1	1.57e-109	394
65eff501-a10b-4bba-a5a8-024e4d53e68e	NR_119169.1	95.935	246	5	3	1	241	246	1	1.57e-109	394
46f0a1f3-f9aa-4625-8435-500ee8393ce1	NR_024659.1	99.010	101	1	0	1	101	685	785	5.05e-46	182
46f0a1f3-f9aa-4625-8435-500ee8393ce1	NR_028664.1	99.010	101	1	0	1	101	725	825	5.05e-46	182
46f0a1f3-f9aa-4625-8435-500ee8393ce1	NR_042927.1	99.010	101	1	0	1	101	704	804	5.05e-46	182
46f0a1f3-f9aa-4625-8435-500ee8393ce1	NR_042928.1	99.010	101	1	0	1	101	702	802	5.05e-46	182
46f0a1f3-f9aa-4625-8435-500ee8393ce1	NR_114413.1	99.010	101	1	0	1	101	727	827	5.05e-46	182
eff9876f-6bcd-4914-b1bc-70f9722e4e86	NR_024842.1	99.419	172	0	1	1	171	1317	1488	1.08e-84	311
eff9876f-6bcd-4914-b1bc-70f9722e4e86	NR_042052.1	99.419	172	0	1	1	171	1225	1396	1.08e-84	311
eff9876f-6bcd-4914-b1bc-70f9722e4e86	NR_042776.1	99.419	172	0	1	1	171	1327	1498	1.08e-84	311
eff9876f-6bcd-4914-b1bc-70f9722e4e86	NR_042777.1	99.419	172	0	1	1	171	1326	1497	1.08e-84	311
eff9876f-6bcd-4914-b1bc-70f9722e4e86	NR_114642.1	99.419	172	0	1	1	171	1284	1455	1.08e-84	311
4044dd01-cb57-415b-868a-8e719bc6772d	NR_024842.1	95.102	245	3	6	1	238	1250	1492	1.48e-104	377
4044dd01-cb57-415b-868a-8e719bc6772d	NR_178262.1	94.715	246	3	7	1	238	1129	1372	1.92e-103	374
4044dd01-cb57-415b-868a-8e719bc6772d	NR_179215.1	94.715	246	3	7	1	238	1251	1494	1.92e-103	374
4044dd01-cb57-415b-868a-8e719bc6772d	NR_179720.1	94.715	246	3	7	1	238	1255	1498	1.92e-103	374
4044dd01-cb57-415b-868a-8e719bc6772d	NR_115735.1	95.021	241	3	6	1	234	1226	1464	2.48e-102	370
dabf845f-cf2d-473a-8d4a-ce032eda2152	NR_025892.1	100.000	114	0	0	16	129	132	19	7.99e-55	211
dabf845f-cf2d-473a-8d4a-ce032eda2152	NR_117717.1	98.246	114	2	0	16	129	127	14	1.73e-51	200
dabf845f-cf2d-473a-8d4a-ce032eda2152	NR_121687.1	98.246	114	2	0	16	129	126	13	1.73e-51	200
dabf845f-cf2d-473a-8d4a-ce032eda2152	NR_121688.1	98.246	114	2	0	16	129	126	13	1.73e-51	200
dabf845f-cf2d-473a-8d4a-ce032eda2152	NR_104830.1	96.552	116	3	1	16	130	121	6	1.04e-48	191
b67d92be-d8bf-40a5-a956-73e949f6d296	NR_025892.1	91.071	112	6	4	1	109	137	27	5.65e-36	148
b67d92be-d8bf-40a5-a956-73e949f6d296	NR_117717.1	90.179	112	7	4	1	109	132	22	2.63e-34	143
b67d92be-d8bf-40a5-a956-73e949f6d296	NR_121687.1	90.179	112	7	4	1	109	131	21	2.63e-34	143
b67d92be-d8bf-40a5-a956-73e949f6d296	NR_121688.1	90.179	112	7	4	1	109	131	21	2.63e-34	143
b67d92be-d8bf-40a5-a956-73e949f6d296	NR_117692.1	90.265	113	5	5	1	109	111	1	2.63e-34	143
ab6af670-ab31-48f8-875d-5d771ee3c2a3	NR_026419.1	97.101	207	5	1	1	206	1278	1484	1.00e-95	348
ab6af670-ab31-48f8-875d-5d771ee3c2a3	NR_025904.1	96.618	207	5	2	1	206	1289	1494	4.68e-94	342
ab6af670-ab31-48f8-875d-5d771ee3c2a3	NR_025903.1	96.135	207	6	2	1	206	1290	1495	2.18e-92	337
ab6af670-ab31-48f8-875d-5d771ee3c2a3	NR_026420.1	93.720	207	11	2	1	206	1277	1482	4.74e-84	309
ab6af670-ab31-48f8-875d-5d771ee3c2a3	NR_179572.1	93.720	207	11	2	1	206	1297	1502	4.74e-84	309
9241e895-eb06-4a4c-83c2-2cbd44ef588b	NR_024842.1	97.183	142	2	2	8	147	166	25	4.34e-63	239
9241e895-eb06-4a4c-83c2-2cbd44ef588b	NR_115241.1	97.183	142	2	2	8	147	151	10	4.34e-63	239
9241e895-eb06-4a4c-83c2-2cbd44ef588b	NR_025453.1	96.479	142	3	2	8	147	151	10	2.02e-61	233
9241e895-eb06-4a4c-83c2-2cbd44ef588b	NR_042927.1	96.479	142	3	2	8	147	151	10	2.02e-61	233
9241e895-eb06-4a4c-83c2-2cbd44ef588b	NR_114413.1	96.479	142	3	2	8	147	174	33	2.02e-61	233
34d96e1d-2c70-417a-be95-2f7dfe8d9751	NR_026419.1	95.513	156	2	5	6	158	1419	1266	1.11e-64	244
34d96e1d-2c70-417a-be95-2f7dfe8d9751	NR_025904.1	95.484	155	2	5	6	157	1430	1278	3.99e-64	243
34d96e1d-2c70-417a-be95-2f7dfe8d9751	NR_133752.1	93.865	163	3	6	6	163	1356	1196	5.16e-63	239
34d96e1d-2c70-417a-be95-2f7dfe8d9751	NR_133753.1	93.865	163	3	6	6	163	1385	1225	5.16e-63	239
34d96e1d-2c70-417a-be95-2f7dfe8d9751	NR_025903.1	93.865	163	3	6	6	163	1431	1271	5.16e-63	239
f0a2f533-b6e8-4235-8800-0884d860e7f8	NR_044912.1	98.077	156	2	1	1	156	1275	1429	1.65e-72	270
f0a2f533-b6e8-4235-8800-0884d860e7f8	NR_134817.1	98.077	156	2	1	1	156	1333	1487	1.65e-72	270
f0a2f533-b6e8-4235-8800-0884d860e7f8	NR_179540.1	98.077	156	2	1	1	156	1338	1492	1.65e-72	270
f0a2f533-b6e8-4235-8800-0884d860e7f8	NR_025036.1	98.065	155	2	1	2	156	1340	1493	5.93e-72	268
f0a2f533-b6e8-4235-8800-0884d860e7f8	NR_024634.1	97.452	157	2	2	1	156	1331	1486	2.13e-71	267
d4970df5-77c9-4ee4-93fd-b56f633495e1	NR_116168.1	98.701	231	2	1	1	231	1258	1487	5.18e-114	409
d4970df5-77c9-4ee4-93fd-b56f633495e1	NR_118762.1	98.667	225	2	1	1	225	1260	1483	1.12e-110	398
d4970df5-77c9-4ee4-93fd-b56f633495e1	NR_024897.1	98.655	223	2	1	9	231	1265	1486	1.45e-109	394
d4970df5-77c9-4ee4-93fd-b56f633495e1	NR_181418.1	98.655	223	2	1	9	231	1265	1486	1.45e-109	394
d4970df5-77c9-4ee4-93fd-b56f633495e1	NR_044741.1	98.214	224	3	1	8	231	1229	1451	1.88e-108	390
90978afc-3d17-474b-ba8d-8c6e8ea5eea9	NR_024842.1	96.429	224	4	4	1	221	1270	1492	2.97e-101	366
90978afc-3d17-474b-ba8d-8c6e8ea5eea9	NR_134817.1	96.429	224	4	4	1	221	1268	1490	2.97e-101	366
90978afc-3d17-474b-ba8d-8c6e8ea5eea9	NR_178262.1	96.444	225	3	5	1	221	1149	1372	2.97e-101	366
90978afc-3d17-474b-ba8d-8c6e8ea5eea9	NR_179215.1	96.444	225	3	5	1	221	1271	1494	2.97e-101	366
90978afc-3d17-474b-ba8d-8c6e8ea5eea9	NR_179540.1	96.429	224	4	4	1	221	1273	1495	2.97e-101	366
c195b814-9113-4e30-8e73-90bb3f4b1a14	NR_036860.1	97.656	128	2	1	1	127	1359	1486	4.69e-57	219
c195b814-9113-4e30-8e73-90bb3f4b1a14	NR_025689.1	97.638	127	2	1	2	127	1358	1484	1.69e-56	217
c195b814-9113-4e30-8e73-90bb3f4b1a14	NR_024842.1	96.875	128	3	1	1	127	1362	1489	2.18e-55	213
c195b814-9113-4e30-8e73-90bb3f4b1a14	NR_041706.1	96.875	128	3	1	1	127	1357	1484	2.18e-55	213
c195b814-9113-4e30-8e73-90bb3f4b1a14	NR_042052.1	96.875	128	3	1	1	127	1270	1397	2.18e-55	213
9ddc2e6b-127b-48b5-91a8-e394eb991d02	NR_117934.1	92.424	66	5	0	61	126	856	921	8.32e-20	95.3
12a7c574-8a9d-4eeb-a431-d955fefb943f	NR_163639.1	94.301	193	8	3	1	191	195	4	4.34e-79	292
12a7c574-8a9d-4eeb-a431-d955fefb943f	NR_074980.1	94.652	187	7	3	6	190	198	13	2.02e-77	287
12a7c574-8a9d-4eeb-a431-d955fefb943f	NR_113031.1	94.652	187	7	3	6	190	198	13	2.02e-77	287
12a7c574-8a9d-4eeb-a431-d955fefb943f	NR_119168.1	95.028	181	6	3	1	179	181	2	9.39e-76	281
12a7c574-8a9d-4eeb-a431-d955fefb943f	NR_115355.1	94.915	177	6	3	1	175	176	1	1.22e-74	278
c90338bd-8050-4b98-8259-6cd903ebb8fe	NR_026191.1	91.367	139	6	6	1	135	1333	1469	5.07e-47	185
c90338bd-8050-4b98-8259-6cd903ebb8fe	NR_026192.1	91.367	139	6	6	1	135	1331	1467	5.07e-47	185
c90338bd-8050-4b98-8259-6cd903ebb8fe	NR_026236.1	91.367	139	6	6	1	135	1329	1465	5.07e-47	185
c90338bd-8050-4b98-8259-6cd903ebb8fe	NR_025310.1	91.367	139	6	6	1	135	1323	1459	5.07e-47	185
c90338bd-8050-4b98-8259-6cd903ebb8fe	NR_042469.2	91.367	139	6	6	1	135	1340	1476	5.07e-47	185
1eefce37-c196-4950-81e4-2ceaa8a948ff	NR_042776.1	94.382	178	5	5	1	175	1437	1262	6.71e-72	268
1eefce37-c196-4950-81e4-2ceaa8a948ff	NR_042777.1	94.382	178	5	5	1	175	1436	1261	6.71e-72	268
1eefce37-c196-4950-81e4-2ceaa8a948ff	NR_040821.1	95.294	170	4	4	1	167	1412	1244	2.41e-71	267
1eefce37-c196-4950-81e4-2ceaa8a948ff	NR_025630.1	95.294	170	4	4	1	167	1411	1243	2.41e-71	267
1eefce37-c196-4950-81e4-2ceaa8a948ff	NR_024634.1	95.294	170	4	4	1	167	1423	1255	2.41e-71	267
f1509d3b-75f0-4b34-bb22-0c0750b6a330	NR_179278.1	93.182	132	3	5	6	133	1349	1478	3.92e-48	189
f1509d3b-75f0-4b34-bb22-0c0750b6a330	NR_024842.1	92.424	132	5	4	6	133	1359	1489	1.82e-46	183
f1509d3b-75f0-4b34-bb22-0c0750b6a330	NR_041706.1	92.424	132	5	4	6	133	1354	1484	1.82e-46	183
f1509d3b-75f0-4b34-bb22-0c0750b6a330	NR_042052.1	92.424	132	5	4	6	133	1267	1397	1.82e-46	183
f1509d3b-75f0-4b34-bb22-0c0750b6a330	NR_025689.1	92.424	132	5	4	6	133	1354	1484	1.82e-46	183
ea979f0a-ab19-4490-9560-fc6a07c3e19a	NR_042878.1	94.756	553	13	13	1	544	1343	798	0.0	848
ea979f0a-ab19-4490-9560-fc6a07c3e19a	NR_116168.1	94.756	553	13	13	1	544	1364	819	0.0	846
ea979f0a-ab19-4490-9560-fc6a07c3e19a	NR_118762.1	93.671	553	18	13	1	544	1366	822	0.0	824
ea979f0a-ab19-4490-9560-fc6a07c3e19a	NR_118143.1	92.948	553	23	13	1	544	1345	800	0.0	791
ea979f0a-ab19-4490-9560-fc6a07c3e19a	NR_025423.1	92.952	525	19	15	1	515	1348	832	0.0	749
347d264c-9f97-4f67-bed0-b73871c33764	NR_109720.1	87.955	988	71	42	33	986	974	1	0.0	1122
347d264c-9f97-4f67-bed0-b73871c33764	NR_042928.1	87.827	994	71	46	33	992	978	1	0.0	1120
347d264c-9f97-4f67-bed0-b73871c33764	NR_042771.1	87.401	1008	75	47	28	1000	1003	13	0.0	1110
347d264c-9f97-4f67-bed0-b73871c33764	NR_036936.1	87.525	994	76	42	33	992	980	1	0.0	1107
347d264c-9f97-4f67-bed0-b73871c33764	NR_165747.1	87.525	994	74	46	33	992	978	1	0.0	1103
01b28706-9cd3-4027-a1db-9a287dc08017	NR_036936.1	95.420	655	16	11	7	651	820	1470	0.0	1031
01b28706-9cd3-4027-a1db-9a287dc08017	NR_165737.1	95.420	655	16	11	7	651	820	1470	0.0	1031
01b28706-9cd3-4027-a1db-9a287dc08017	NR_109720.1	95.679	648	14	11	7	644	814	1457	0.0	1029
01b28706-9cd3-4027-a1db-9a287dc08017	NR_042927.1	95.115	655	18	11	7	651	820	1470	0.0	1020
01b28706-9cd3-4027-a1db-9a287dc08017	NR_115734.1	95.115	655	18	11	7	651	821	1471	0.0	1020
526df4c5-b33f-4aee-bb95-bdb6ccf85821	NR_117694.1	89.607	433	20	19	20	431	429	1	2.69e-149	527
526df4c5-b33f-4aee-bb95-bdb6ccf85821	NR_121688.1	88.496	452	27	19	1	431	468	21	3.49e-148	523
526df4c5-b33f-4aee-bb95-bdb6ccf85821	NR_117692.1	89.145	433	22	18	20	431	429	1	5.83e-146	516
526df4c5-b33f-4aee-bb95-bdb6ccf85821	NR_041989.1	89.268	410	19	19	1	389	406	1	3.54e-138	490
526df4c5-b33f-4aee-bb95-bdb6ccf85821	NR_104947.1	88.000	425	26	19	1	404	421	1	7.65e-135	479
d9eb5d38-1365-4c9d-8b82-8a5335387631	NR_028664.1	95.973	745	9	14	1	740	744	16	0.0	1190
d9eb5d38-1365-4c9d-8b82-8a5335387631	NR_179383.1	95.839	745	10	14	1	740	748	20	0.0	1184
d9eb5d38-1365-4c9d-8b82-8a5335387631	NR_179385.1	95.705	745	11	14	1	740	745	17	0.0	1179
d9eb5d38-1365-4c9d-8b82-8a5335387631	NR_199545.1	95.705	745	11	14	1	740	741	13	0.0	1179
d9eb5d38-1365-4c9d-8b82-8a5335387631	NR_028665.1	95.570	745	12	14	1	740	738	10	0.0	1175
e84aea93-f9d9-4bc0-9c00-e6418571b3d1	NR_040933.1	97.368	456	6	3	1	456	1040	1489	0.0	771
e84aea93-f9d9-4bc0-9c00-e6418571b3d1	NR_117717.1	97.368	456	6	3	1	456	1038	1487	0.0	771
e84aea93-f9d9-4bc0-9c00-e6418571b3d1	NR_121688.1	97.368	456	6	3	1	456	1038	1487	0.0	771
e84aea93-f9d9-4bc0-9c00-e6418571b3d1	NR_117694.1	97.368	456	6	3	1	456	1018	1467	0.0	771
e84aea93-f9d9-4bc0-9c00-e6418571b3d1	NR_117696.1	97.368	456	6	3	1	456	1005	1454	0.0	771
d09a4d46-0ad1-42b9-8940-5285f73466b7	NR_026419.1	88.683	486	32	19	1	471	1405	928	1.38e-162	571
d09a4d46-0ad1-42b9-8940-5285f73466b7	NR_133752.1	87.243	486	39	19	1	471	1342	865	6.51e-151	532
d09a4d46-0ad1-42b9-8940-5285f73466b7	NR_133753.1	87.243	486	39	19	1	471	1371	894	6.51e-151	532
d09a4d46-0ad1-42b9-8940-5285f73466b7	NR_025903.1	87.243	486	39	19	1	471	1417	940	6.51e-151	532
d09a4d46-0ad1-42b9-8940-5285f73466b7	NR_025904.1	87.037	486	40	19	1	471	1416	939	3.03e-149	527
bedef502-cc09-4e37-9632-f666ebb33bc4	NR_025862.1	94.384	641	24	11	1	632	648	11	0.0	981
bedef502-cc09-4e37-9632-f666ebb33bc4	NR_028682.1	91.732	641	34	17	3	630	647	13	0.0	872
bedef502-cc09-4e37-9632-f666ebb33bc4	NR_026454.1	89.030	629	48	21	1	612	625	1	0.0	760
bedef502-cc09-4e37-9632-f666ebb33bc4	NR_119263.1	87.136	653	53	25	1	629	646	1	0.0	712
bedef502-cc09-4e37-9632-f666ebb33bc4	NR_179378.1	86.625	643	67	17	2	630	649	12	0.0	693
c6d21da1-7b69-43b3-90e5-56dd9a36ddf5	NR_042776.1	97.478	793	12	5	1	791	716	1502	0.0	1347
c6d21da1-7b69-43b3-90e5-56dd9a36ddf5	NR_042777.1	97.478	793	12	5	1	791	715	1501	0.0	1347
c6d21da1-7b69-43b3-90e5-56dd9a36ddf5	NR_042778.1	97.226	793	14	5	1	791	716	1502	0.0	1336
c6d21da1-7b69-43b3-90e5-56dd9a36ddf5	NR_197695.1	96.974	793	16	5	1	791	715	1501	0.0	1325
c6d21da1-7b69-43b3-90e5-56dd9a36ddf5	NR_118998.1	96.595	793	18	6	1	791	711	1496	0.0	1306
21aed1c2-4ff6-4c05-a817-a03c829976eb	NR_024842.1	98.883	358	4	0	4	361	1132	1489	0.0	640
21aed1c2-4ff6-4c05-a817-a03c829976eb	NR_115735.1	98.880	357	4	0	4	360	1108	1464	0.0	638
21aed1c2-4ff6-4c05-a817-a03c829976eb	NR_179720.1	98.611	360	4	1	3	361	1136	1495	0.0	636
21aed1c2-4ff6-4c05-a817-a03c829976eb	NR_178262.1	98.607	359	4	1	4	361	1011	1369	0.0	634
21aed1c2-4ff6-4c05-a817-a03c829976eb	NR_179215.1	98.607	359	4	1	4	361	1133	1491	0.0	634
c5f365ce-b750-424c-911c-55623a781e14	NR_044873.1	92.016	1215	65	27	1	1197	1280	80	0.0	1677
c5f365ce-b750-424c-911c-55623a781e14	NR_044873.1	90.196	51	2	2	1240	1288	51	2	2.77e-09	63.9
c5f365ce-b750-424c-911c-55623a781e14	NR_074568.1	93.563	1072	46	21	1	1061	1290	231	0.0	1576
c5f365ce-b750-424c-911c-55623a781e14	NR_074568.1	90.196	51	2	2	1240	1288	62	13	2.77e-09	63.9
c5f365ce-b750-424c-911c-55623a781e14	NR_044712.2	93.377	1072	48	21	1	1061	1299	240	0.0	1570
c5f365ce-b750-424c-911c-55623a781e14	NR_044712.2	90.196	51	2	2	1240	1288	71	22	2.77e-09	63.9
c5f365ce-b750-424c-911c-55623a781e14	NR_025310.1	93.383	1073	46	23	1	1061	1270	211	0.0	1565
c5f365ce-b750-424c-911c-55623a781e14	NR_025310.1	90.476	42	2	2	1240	1279	42	1	1.66e-06	54.7
c5f365ce-b750-424c-911c-55623a781e14	NR_109752.1	93.377	1072	48	20	1	1061	1301	242	0.0	1565
c5f365ce-b750-424c-911c-55623a781e14	NR_109752.1	90.196	51	2	2	1240	1288	72	23	2.77e-09	63.9
91fcb9ec-5825-4aa9-8785-90bfe7e80324	NR_042928.1	94.161	1370	32	34	1	1336	113	1468	0.0	2043
91fcb9ec-5825-4aa9-8785-90bfe7e80324	NR_117719.1	93.741	1374	39	31	1	1340	133	1493	0.0	2017
91fcb9ec-5825-4aa9-8785-90bfe7e80324	NR_175455.1	93.600	1375	40	32	1	1340	121	1482	0.0	2008
91fcb9ec-5825-4aa9-8785-90bfe7e80324	NR_179383.1	93.523	1374	42	31	1	1340	140	1500	0.0	2001
91fcb9ec-5825-4aa9-8785-90bfe7e80324	NR_199547.1	94.118	1343	31	34	1	1309	93	1421	0.0	1999
241a59e0-aa8e-47f4-9ccb-763c36ab0750	NR_042776.1	97.189	996	14	9	1	988	1007	18	0.0	1672
241a59e0-aa8e-47f4-9ccb-763c36ab0750	NR_042777.1	97.085	995	16	8	1	988	1006	18	0.0	1664
241a59e0-aa8e-47f4-9ccb-763c36ab0750	NR_042778.1	96.988	996	16	9	1	988	1007	18	0.0	1661
241a59e0-aa8e-47f4-9ccb-763c36ab0750	NR_197695.1	96.687	996	19	9	1	988	1006	17	0.0	1644
241a59e0-aa8e-47f4-9ccb-763c36ab0750	NR_118998.1	96.084	996	24	10	1	988	1001	13	0.0	1611
91c29838-5fba-4fed-b287-cf1e1e04b32d	NR_163639.1	94.307	685	19	20	6	681	676	3	0.0	1031
91c29838-5fba-4fed-b287-cf1e1e04b32d	NR_115355.1	94.753	667	19	16	6	663	660	1	0.0	1026
91c29838-5fba-4fed-b287-cf1e1e04b32d	NR_074980.1	94.143	683	23	17	6	679	687	13	0.0	1024
91c29838-5fba-4fed-b287-cf1e1e04b32d	NR_113031.1	94.143	683	23	17	6	679	687	13	0.0	1024
91c29838-5fba-4fed-b287-cf1e1e04b32d	NR_119169.1	94.478	670	21	16	6	666	665	3	0.0	1022
7adabee6-9d3c-44ae-ad8f-7ef49cf6caf2	NR_042928.1	97.695	1128	16	8	1	1125	1121	1	0.0	1930
7adabee6-9d3c-44ae-ad8f-7ef49cf6caf2	NR_028664.1	97.345	1130	20	8	1	1127	1144	22	0.0	1912
7adabee6-9d3c-44ae-ad8f-7ef49cf6caf2	NR_199545.1	97.345	1130	20	8	1	1127	1141	19	0.0	1912
7adabee6-9d3c-44ae-ad8f-7ef49cf6caf2	NR_115240.1	97.340	1128	20	8	1	1125	1121	1	0.0	1908
7adabee6-9d3c-44ae-ad8f-7ef49cf6caf2	NR_117719.1	97.257	1130	21	8	1	1127	1141	19	0.0	1906
4ec4c597-2358-40c4-ad8b-05f186255be7	NR_044873.1	96.544	868	18	11	1	861	870	8	0.0	1426
4ec4c597-2358-40c4-ad8b-05f186255be7	NR_074568.1	95.046	868	30	12	1	861	880	19	0.0	1352
4ec4c597-2358-40c4-ad8b-05f186255be7	NR_044712.2	94.700	868	33	12	1	861	889	28	0.0	1341
4ec4c597-2358-40c4-ad8b-05f186255be7	NR_109752.1	94.355	868	37	12	1	861	891	29	0.0	1321
4ec4c597-2358-40c4-ad8b-05f186255be7	NR_179993.1	94.355	868	37	12	1	861	881	19	0.0	1321
54008470-31b2-4768-8ef6-6fb8525def17	NR_117717.1	97.651	596	7	3	6	595	893	1487	0.0	1016
54008470-31b2-4768-8ef6-6fb8525def17	NR_117696.1	97.651	596	7	3	6	595	860	1454	0.0	1016
54008470-31b2-4768-8ef6-6fb8525def17	NR_025902.1	97.483	596	8	3	6	595	851	1445	0.0	1011
54008470-31b2-4768-8ef6-6fb8525def17	NR_159079.1	97.483	596	8	3	6	595	869	1463	0.0	1011
54008470-31b2-4768-8ef6-6fb8525def17	NR_117692.1	97.483	596	8	3	6	595	873	1467	0.0	1011
35eb45f7-cd06-46aa-a290-112b3236b09a	NR_109720.1	90.022	451	19	21	1	435	457	17	2.80e-159	560
35eb45f7-cd06-46aa-a290-112b3236b09a	NR_114537.1	89.357	451	22	21	1	435	450	10	2.82e-154	544
35eb45f7-cd06-46aa-a290-112b3236b09a	NR_036936.1	89.135	451	23	21	1	435	463	23	3.64e-153	540
35eb45f7-cd06-46aa-a290-112b3236b09a	NR_199547.1	88.667	450	24	22	1	434	441	3	3.67e-148	523
35eb45f7-cd06-46aa-a290-112b3236b09a	NR_199541.1	88.641	449	24	22	1	434	439	3	1.32e-147	521
53ac30a5-653e-412d-a419-0eaf5c0a3286	NR_028664.1	99.683	315	1	0	1	315	1182	1496	1.87e-164	577
53ac30a5-653e-412d-a419-0eaf5c0a3286	NR_117719.1	99.683	315	1	0	1	315	1179	1493	1.87e-164	577
53ac30a5-653e-412d-a419-0eaf5c0a3286	NR_179383.1	99.683	315	1	0	1	315	1186	1500	1.87e-164	577
53ac30a5-653e-412d-a419-0eaf5c0a3286	NR_028666.1	99.365	315	2	0	1	315	1185	1499	8.68e-163	571
53ac30a5-653e-412d-a419-0eaf5c0a3286	NR_028833.1	99.365	315	2	0	1	315	1188	1502	8.68e-163	571
8c15d09c-a519-46b6-9c95-5005afb53ab0	NR_117719.1	95.683	1251	20	19	3	1228	257	1498	0.0	1980
8c15d09c-a519-46b6-9c95-5005afb53ab0	NR_179383.1	95.683	1251	20	19	3	1228	264	1505	0.0	1980
8c15d09c-a519-46b6-9c95-5005afb53ab0	NR_179540.1	95.683	1251	19	21	3	1228	257	1497	0.0	1978
8c15d09c-a519-46b6-9c95-5005afb53ab0	NR_028664.1	95.604	1251	21	19	3	1228	260	1501	0.0	1975
8c15d09c-a519-46b6-9c95-5005afb53ab0	NR_042927.1	95.813	1242	18	21	3	1219	239	1471	0.0	1975
777d096f-00e3-4cf7-97a9-c9027c056bb2	NR_119169.1	95.461	683	24	6	1	677	682	1	0.0	1086
777d096f-00e3-4cf7-97a9-c9027c056bb2	NR_115355.1	95.575	678	23	6	1	672	677	1	0.0	1083
777d096f-00e3-4cf7-97a9-c9027c056bb2	NR_163639.1	95.203	688	23	9	1	682	693	10	0.0	1079
777d096f-00e3-4cf7-97a9-c9027c056bb2	NR_074980.1	94.767	688	29	6	1	682	704	18	0.0	1064
777d096f-00e3-4cf7-97a9-c9027c056bb2	NR_113031.1	94.767	688	29	6	1	682	704	18	0.0	1064
c77146d4-e313-49f7-938c-5f473811a351	NR_042776.1	95.672	439	7	9	1	431	1348	914	0.0	695
c77146d4-e313-49f7-938c-5f473811a351	NR_042777.1	95.672	439	7	9	1	431	1347	913	0.0	695
c77146d4-e313-49f7-938c-5f473811a351	NR_042778.1	95.444	439	8	9	1	431	1348	914	0.0	689
c77146d4-e313-49f7-938c-5f473811a351	NR_197695.1	95.444	439	8	9	1	431	1347	913	0.0	689
c77146d4-e313-49f7-938c-5f473811a351	NR_118998.1	94.989	439	9	10	1	431	1342	909	0.0	676
b3fc63e8-77bb-4783-82d6-7f022c9d14d1	NR_026419.1	88.679	901	37	43	1	846	524	1414	0.0	1038
b3fc63e8-77bb-4783-82d6-7f022c9d14d1	NR_133752.1	87.902	901	44	43	1	846	461	1351	0.0	1000
b3fc63e8-77bb-4783-82d6-7f022c9d14d1	NR_133753.1	87.902	901	44	43	1	846	490	1380	0.0	1000
b3fc63e8-77bb-4783-82d6-7f022c9d14d1	NR_025903.1	87.902	901	44	43	1	846	536	1426	0.0	1000
b3fc63e8-77bb-4783-82d6-7f022c9d14d1	NR_025904.1	87.791	901	45	44	1	846	535	1425	0.0	994
7a4e50c8-c12b-4c65-b3a5-4dd7c0100439	NR_026419.1	94.626	521	9	13	1	505	967	1484	0.0	789
7a4e50c8-c12b-4c65-b3a5-4dd7c0100439	NR_025904.1	92.898	521	17	14	1	505	978	1494	0.0	739
7a4e50c8-c12b-4c65-b3a5-4dd7c0100439	NR_025903.1	92.898	521	17	14	1	505	979	1495	0.0	739
7a4e50c8-c12b-4c65-b3a5-4dd7c0100439	NR_133752.1	92.958	497	17	12	1	482	904	1397	0.0	708
7a4e50c8-c12b-4c65-b3a5-4dd7c0100439	NR_133753.1	92.958	497	17	12	1	482	933	1426	0.0	708
6aeac643-f210-4643-9213-1613921ccf5a	NR_024816.1	93.976	249	8	5	17	263	256	13	2.77e-102	370
6aeac643-f210-4643-9213-1613921ccf5a	NR_044270.1	88.430	242	20	6	17	255	237	1	1.03e-76	285
6aeac643-f210-4643-9213-1613921ccf5a	NR_116050.1	85.185	243	26	8	17	255	237	1	2.26e-63	241
6aeac643-f210-4643-9213-1613921ccf5a	NR_113118.1	84.400	250	31	6	17	263	245	1	8.14e-63	239
6aeac643-f210-4643-9213-1613921ccf5a	NR_040877.1	83.267	251	33	7	17	263	258	13	2.28e-58	224
451f5fb7-344c-4791-b885-05b84b85608d	NR_026419.1	96.201	658	13	9	1	646	1464	807	0.0	1066
451f5fb7-344c-4791-b885-05b84b85608d	NR_133752.1	95.413	654	19	8	4	646	1397	744	0.0	1031
451f5fb7-344c-4791-b885-05b84b85608d	NR_133753.1	95.413	654	19	8	4	646	1426	773	0.0	1031
451f5fb7-344c-4791-b885-05b84b85608d	NR_025904.1	95.282	657	20	8	1	646	1474	818	0.0	1031
451f5fb7-344c-4791-b885-05b84b85608d	NR_025903.1	95.282	657	20	8	1	646	1475	819	0.0	1031
e5216f15-6522-4d45-88b0-ac1fedb1e9f4	NR_178871.1	79.416	787	116	31	79	833	635	1407	4.31e-145	514
e5216f15-6522-4d45-88b0-ac1fedb1e9f4	NR_165024.1	79.270	767	115	38	76	811	617	1370	1.56e-139	496
e5216f15-6522-4d45-88b0-ac1fedb1e9f4	NR_165025.1	79.270	767	115	38	76	811	617	1370	1.56e-139	496
e5216f15-6522-4d45-88b0-ac1fedb1e9f4	NR_165026.1	79.270	767	115	38	76	811	619	1372	1.56e-139	496
e5216f15-6522-4d45-88b0-ac1fedb1e9f4	NR_074979.1	78.982	766	121	33	76	811	665	1420	9.39e-137	486
545038ab-ff9f-4b49-9861-4636720073bf	NR_024842.1	97.575	536	12	1	9	543	958	1493	0.0	917
545038ab-ff9f-4b49-9861-4636720073bf	NR_115735.1	97.740	531	11	1	9	538	934	1464	0.0	913
545038ab-ff9f-4b49-9861-4636720073bf	NR_179540.1	97.388	536	13	1	9	543	961	1496	0.0	911
545038ab-ff9f-4b49-9861-4636720073bf	NR_036936.1	97.727	528	10	2	9	534	943	1470	0.0	907
545038ab-ff9f-4b49-9861-4636720073bf	NR_028664.1	97.207	537	13	2	9	543	964	1500	0.0	907
26c69d9a-709f-4202-bb06-c6b7094cdf21	NR_165737.1	93.085	376	16	8	10	377	1454	1081	8.15e-154	542
26c69d9a-709f-4202-bb06-c6b7094cdf21	NR_199541.1	93.939	363	12	8	23	377	1417	1057	2.93e-153	540
26c69d9a-709f-4202-bb06-c6b7094cdf21	NR_036936.1	92.819	376	17	8	10	377	1454	1081	3.79e-152	536
26c69d9a-709f-4202-bb06-c6b7094cdf21	NR_025453.1	92.819	376	17	8	10	377	1454	1081	3.79e-152	536
26c69d9a-709f-4202-bb06-c6b7094cdf21	NR_028664.1	92.819	376	17	7	10	377	1475	1102	3.79e-152	536
a179eb24-5428-4ed2-87db-903b44ae6d8e	NR_042927.1	93.570	451	13	12	1	441	1238	794	0.0	658
a179eb24-5428-4ed2-87db-903b44ae6d8e	NR_114413.1	93.570	451	13	12	1	441	1261	817	0.0	658
a179eb24-5428-4ed2-87db-903b44ae6d8e	NR_115734.1	93.570	451	13	12	1	441	1239	795	0.0	658
a179eb24-5428-4ed2-87db-903b44ae6d8e	NR_116210.1	93.570	451	13	12	1	441	1101	657	0.0	658
a179eb24-5428-4ed2-87db-903b44ae6d8e	NR_179385.1	93.570	451	13	12	1	441	1260	816	0.0	658
20ea15d9-b66d-48f1-867d-b69fb27c3607	NR_116168.1	93.435	457	14	12	9	457	462	14	0.0	664
20ea15d9-b66d-48f1-867d-b69fb27c3607	NR_042878.1	92.428	449	18	12	9	449	441	1	0.0	636
20ea15d9-b66d-48f1-867d-b69fb27c3607	NR_118762.1	90.175	458	29	12	9	458	465	16	1.26e-172	604
20ea15d9-b66d-48f1-867d-b69fb27c3607	NR_025423.1	90.728	453	26	13	9	452	446	1	3.53e-168	590
20ea15d9-b66d-48f1-867d-b69fb27c3607	NR_118143.1	89.778	450	30	13	9	449	443	1	7.71e-160	562
67a056fb-622d-4675-a1c0-c767af2be09e	NR_179540.1	97.183	781	13	8	1	776	716	1492	0.0	1312
67a056fb-622d-4675-a1c0-c767af2be09e	NR_117719.1	97.055	781	15	7	1	776	716	1493	0.0	1308
67a056fb-622d-4675-a1c0-c767af2be09e	NR_028664.1	96.927	781	16	7	1	776	719	1496	0.0	1303
67a056fb-622d-4675-a1c0-c767af2be09e	NR_179383.1	96.927	781	16	7	1	776	723	1500	0.0	1303
67a056fb-622d-4675-a1c0-c767af2be09e	NR_028665.1	96.927	781	15	8	1	776	713	1489	0.0	1301
bf488ddd-58e7-4e65-8417-a42138ecba73	NR_179535.1	91.431	1097	47	32	2	1073	1088	14	0.0	1461
bf488ddd-58e7-4e65-8417-a42138ecba73	NR_114395.1	90.146	1096	60	33	2	1073	1085	14	0.0	1382
bf488ddd-58e7-4e65-8417-a42138ecba73	NR_041983.1	90.140	1075	60	32	2	1052	1053	1	0.0	1356
bf488ddd-58e7-4e65-8417-a42138ecba73	NR_119102.1	89.767	1075	63	33	2	1051	1055	3	0.0	1339
bf488ddd-58e7-4e65-8417-a42138ecba73	NR_179528.1	89.430	1088	64	36	2	1060	1070	5	0.0	1325
f5dd90c2-6fc3-4d0f-ac19-b8c630d9a021	NR_024842.1	97.963	1473	22	7	1	1467	24	1494	0.0	2551
f5dd90c2-6fc3-4d0f-ac19-b8c630d9a021	NR_115735.1	98.022	1466	20	8	3	1461	1	1464	0.0	2538
f5dd90c2-6fc3-4d0f-ac19-b8c630d9a021	NR_115241.1	97.883	1464	23	7	1	1458	9	1470	0.0	2531
f5dd90c2-6fc3-4d0f-ac19-b8c630d9a021	NR_165737.1	97.408	1466	27	10	1	1458	9	1471	0.0	2486
f5dd90c2-6fc3-4d0f-ac19-b8c630d9a021	NR_036936.1	96.521	1466	40	10	1	1458	9	1471	0.0	2414
fa915a67-76c5-4a2c-9bb9-79474e447602	NR_115735.1	87.927	1259	82	53	1	1215	1236	4	0.0	1419
fa915a67-76c5-4a2c-9bb9-79474e447602	NR_024842.1	87.838	1258	84	52	1	1215	1260	29	0.0	1415
fa915a67-76c5-4a2c-9bb9-79474e447602	NR_115241.1	87.838	1258	84	52	1	1215	1245	14	0.0	1415
fa915a67-76c5-4a2c-9bb9-79474e447602	NR_178515.1	87.609	1259	85	55	1	1215	1245	14	0.0	1395
fa915a67-76c5-4a2c-9bb9-79474e447602	NR_165737.1	87.371	1259	88	55	1	1215	1245	14	0.0	1378
2506b30f-ff79-4a6a-89e7-466e7bc5aea4	NR_114413.1	94.933	1263	48	12	1	1257	1268	16	0.0	1964
2506b30f-ff79-4a6a-89e7-466e7bc5aea4	NR_042927.1	94.900	1255	48	12	1	1249	1245	1	0.0	1949
2506b30f-ff79-4a6a-89e7-466e7bc5aea4	NR_115734.1	94.741	1255	50	12	1	1249	1246	2	0.0	1941
2506b30f-ff79-4a6a-89e7-466e7bc5aea4	NR_024842.1	94.537	1263	53	12	1	1257	1260	8	0.0	1940
2506b30f-ff79-4a6a-89e7-466e7bc5aea4	NR_115241.1	94.422	1255	54	12	1	1249	1245	1	0.0	1919
5c740344-9e85-461c-adb5-3edaf422e6f1	NR_041879.1	95.190	499	9	11	5	494	895	403	0.0	774
5c740344-9e85-461c-adb5-3edaf422e6f1	NR_115355.1	95.190	499	9	11	5	494	938	446	0.0	774
5c740344-9e85-461c-adb5-3edaf422e6f1	NR_119169.1	95.190	499	9	11	5	494	943	451	0.0	774
5c740344-9e85-461c-adb5-3edaf422e6f1	NR_179325.1	95.190	499	9	11	5	494	912	420	0.0	774
5c740344-9e85-461c-adb5-3edaf422e6f1	NR_163639.1	94.600	500	9	13	5	494	953	462	0.0	758
29c9c39d-cd99-45f6-b988-3cdd67360214	NR_042776.1	98.239	568	6	4	3	570	936	1499	0.0	990
29c9c39d-cd99-45f6-b988-3cdd67360214	NR_042777.1	98.239	568	6	4	3	570	935	1498	0.0	990
29c9c39d-cd99-45f6-b988-3cdd67360214	NR_042778.1	97.887	568	8	4	3	570	936	1499	0.0	979
29c9c39d-cd99-45f6-b988-3cdd67360214	NR_197695.1	97.711	568	9	4	3	570	935	1498	0.0	974
29c9c39d-cd99-45f6-b988-3cdd67360214	NR_118998.1	97.359	568	11	4	3	570	930	1493	0.0	963
c69c5176-b3c4-4125-98aa-44f3f25a3611	NR_042776.1	89.594	1182	56	51	6	1138	1180	17	0.0	1439
c69c5176-b3c4-4125-98aa-44f3f25a3611	NR_042778.1	89.594	1182	56	51	6	1138	1180	17	0.0	1439
c69c5176-b3c4-4125-98aa-44f3f25a3611	NR_042777.1	89.340	1182	58	52	6	1138	1179	17	0.0	1423
c69c5176-b3c4-4125-98aa-44f3f25a3611	NR_197695.1	89.171	1182	61	51	6	1138	1179	16	0.0	1411
c69c5176-b3c4-4125-98aa-44f3f25a3611	NR_118998.1	89.437	1155	62	45	6	1117	1174	37	0.0	1404
78e5bf68-0636-42b4-91ed-7195ccfdbd2d	NR_116168.1	92.480	984	42	28	1	967	982	14	0.0	1378
78e5bf68-0636-42b4-91ed-7195ccfdbd2d	NR_042878.1	92.111	976	45	28	1	959	961	1	0.0	1358
78e5bf68-0636-42b4-91ed-7195ccfdbd2d	NR_118762.1	90.061	986	65	29	1	969	984	15	0.0	1286
78e5bf68-0636-42b4-91ed-7195ccfdbd2d	NR_118143.1	90.491	978	59	30	1	959	963	1	0.0	1262
78e5bf68-0636-42b4-91ed-7195ccfdbd2d	NR_025423.1	90.214	981	62	31	1	962	966	1	0.0	1249
f9d7b6f7-9f65-4fa4-90d8-2bf95aad943c	NR_025445.1	87.531	802	68	28	1	783	700	1488	0.0	898
f9d7b6f7-9f65-4fa4-90d8-2bf95aad943c	NR_113798.1	87.298	803	67	30	1	782	693	1481	0.0	885
f9d7b6f7-9f65-4fa4-90d8-2bf95aad943c	NR_040926.1	87.205	805	64	34	2	783	688	1476	0.0	880
f9d7b6f7-9f65-4fa4-90d8-2bf95aad943c	NR_025946.1	86.957	805	68	32	1	783	717	1506	0.0	870
f9d7b6f7-9f65-4fa4-90d8-2bf95aad943c	NR_108864.1	86.957	805	68	32	1	783	710	1499	0.0	870
56bbba80-ca5d-47a4-b0f7-399239312368	NR_024842.1	96.667	360	8	4	1	358	1132	1489	5.90e-170	595
56bbba80-ca5d-47a4-b0f7-399239312368	NR_115735.1	96.657	359	8	4	1	357	1108	1464	2.12e-169	593
56bbba80-ca5d-47a4-b0f7-399239312368	NR_178262.1	96.399	361	8	5	1	358	1011	1369	2.75e-168	590
56bbba80-ca5d-47a4-b0f7-399239312368	NR_179215.1	96.399	361	8	5	1	358	1133	1491	2.75e-168	590
56bbba80-ca5d-47a4-b0f7-399239312368	NR_179720.1	96.399	361	8	5	1	358	1137	1495	2.75e-168	590
301376a3-adf9-4b3d-8d9f-93dbb535235c	NR_044873.1	92.963	540	24	11	3	533	908	1442	0.0	774
301376a3-adf9-4b3d-8d9f-93dbb535235c	NR_074568.1	91.822	538	32	10	3	533	918	1450	0.0	739
301376a3-adf9-4b3d-8d9f-93dbb535235c	NR_044712.2	91.636	538	33	10	3	533	927	1459	0.0	736
301376a3-adf9-4b3d-8d9f-93dbb535235c	NR_025310.1	90.758	541	34	13	3	533	898	1432	0.0	708
301376a3-adf9-4b3d-8d9f-93dbb535235c	NR_109752.1	90.741	540	36	11	3	533	929	1463	0.0	708
0a2158ec-2ddf-4414-88a2-269a059c425a	NR_117694.1	97.116	867	14	10	24	884	867	6	0.0	1452
0a2158ec-2ddf-4414-88a2-269a059c425a	NR_041989.1	98.188	828	9	5	24	848	825	1	0.0	1441
0a2158ec-2ddf-4414-88a2-269a059c425a	NR_117717.1	95.330	878	33	7	24	897	887	14	0.0	1387
0a2158ec-2ddf-4414-88a2-269a059c425a	NR_121688.1	95.330	878	34	6	24	897	887	13	0.0	1387
0a2158ec-2ddf-4414-88a2-269a059c425a	NR_117692.1	95.723	865	30	6	24	884	867	6	0.0	1386
a6cd7cc3-2adf-404f-af86-f72374da85d4	NR_025902.1	96.218	238	5	3	17	250	1210	1447	2.63e-107	387
a6cd7cc3-2adf-404f-af86-f72374da85d4	NR_040933.1	96.218	238	5	3	17	250	1254	1491	2.63e-107	387
a6cd7cc3-2adf-404f-af86-f72374da85d4	NR_117717.1	96.218	238	5	3	17	250	1252	1489	2.63e-107	387
a6cd7cc3-2adf-404f-af86-f72374da85d4	NR_121688.1	96.218	238	5	3	17	250	1252	1489	2.63e-107	387
a6cd7cc3-2adf-404f-af86-f72374da85d4	NR_117692.1	96.218	238	5	3	17	250	1232	1469	2.63e-107	387
4e6af966-485d-4d9e-a9cd-d7f9dc4f24a1	NR_117694.1	94.845	776	21	16	6	771	767	1	0.0	1194
4e6af966-485d-4d9e-a9cd-d7f9dc4f24a1	NR_117717.1	94.133	784	31	13	6	781	788	12	0.0	1179
4e6af966-485d-4d9e-a9cd-d7f9dc4f24a1	NR_121688.1	94.005	784	32	13	6	781	787	11	0.0	1173
4e6af966-485d-4d9e-a9cd-d7f9dc4f24a1	NR_041989.1	95.902	732	16	11	6	730	725	1	0.0	1173
4e6af966-485d-4d9e-a9cd-d7f9dc4f24a1	NR_117701.1	94.186	774	30	13	6	771	767	1	0.0	1166
9c094d0d-78c7-4c39-8389-6f99a5f46320	NR_025862.1	92.490	719	31	19	1	707	725	18	0.0	1014
9c094d0d-78c7-4c39-8389-6f99a5f46320	NR_028682.1	89.765	723	44	27	1	707	726	18	0.0	898
9c094d0d-78c7-4c39-8389-6f99a5f46320	NR_026454.1	88.655	714	50	26	1	695	702	1	0.0	841
9c094d0d-78c7-4c39-8389-6f99a5f46320	NR_042406.1	86.867	731	54	31	1	704	716	1	0.0	780
9c094d0d-78c7-4c39-8389-6f99a5f46320	NR_036922.1	86.395	735	56	34	1	707	727	9	0.0	763
7fdcd6a4-15d3-43db-863e-40d071c33723	NR_117694.1	93.787	1352	38	34	1	1316	1342	1	0.0	1989
7fdcd6a4-15d3-43db-863e-40d071c33723	NR_041989.1	94.419	1308	32	31	1	1275	1300	1	0.0	1973
7fdcd6a4-15d3-43db-863e-40d071c33723	NR_121687.1	92.999	1357	51	33	1	1322	1362	15	0.0	1940
7fdcd6a4-15d3-43db-863e-40d071c33723	NR_117717.1	92.915	1355	55	32	1	1322	1362	16	0.0	1932
7fdcd6a4-15d3-43db-863e-40d071c33723	NR_121688.1	92.847	1356	55	33	1	1322	1362	15	0.0	1929
56ad40a4-275a-4fa0-920f-de5ee12f8620	NR_026419.1	98.446	193	1	1	1	193	117	307	5.53e-93	339
56ad40a4-275a-4fa0-920f-de5ee12f8620	NR_133753.1	93.782	193	9	2	1	193	84	273	2.03e-77	287
56ad40a4-275a-4fa0-920f-de5ee12f8620	NR_025903.1	93.782	193	9	2	1	193	130	319	2.03e-77	287
56ad40a4-275a-4fa0-920f-de5ee12f8620	NR_133752.1	93.264	193	10	2	1	193	55	244	9.45e-76	281
56ad40a4-275a-4fa0-920f-de5ee12f8620	NR_025904.1	92.228	193	12	2	1	193	129	318	2.05e-72	270
30c792f8-0f57-49a5-9ff3-820fd2c9ece4	NR_042928.1	95.675	1341	28	22	1	1318	135	1468	0.0	2128
30c792f8-0f57-49a5-9ff3-820fd2c9ece4	NR_199547.1	95.967	1314	23	21	1	1291	115	1421	0.0	2106
30c792f8-0f57-49a5-9ff3-820fd2c9ece4	NR_117719.1	95.167	1345	36	21	1	1322	155	1493	0.0	2097
30c792f8-0f57-49a5-9ff3-820fd2c9ece4	NR_042927.1	95.078	1341	37	21	1	1318	137	1471	0.0	2084
30c792f8-0f57-49a5-9ff3-820fd2c9ece4	NR_115734.1	95.078	1341	37	21	1	1318	138	1472	0.0	2084
c9ef457d-e9ff-48bc-8404-1c4ab896abcf	NR_163639.1	95.288	382	12	5	1	378	1118	1497	1.34e-171	601
c9ef457d-e9ff-48bc-8404-1c4ab896abcf	NR_179325.1	95.288	382	12	5	1	378	1077	1456	1.34e-171	601
c9ef457d-e9ff-48bc-8404-1c4ab896abcf	NR_115355.1	95.026	382	13	5	1	378	1103	1482	6.23e-170	595
c9ef457d-e9ff-48bc-8404-1c4ab896abcf	NR_115354.1	94.764	382	14	5	1	378	1103	1482	2.90e-168	590
c9ef457d-e9ff-48bc-8404-1c4ab896abcf	NR_119169.1	94.503	382	15	5	1	378	1108	1487	3.75e-167	586
bd02c1fb-aaab-40d4-b710-9021ddc02630	NR_042776.1	95.824	1317	27	24	4	1301	195	1502	0.0	2102
bd02c1fb-aaab-40d4-b710-9021ddc02630	NR_042777.1	95.748	1317	27	25	4	1301	195	1501	0.0	2095
bd02c1fb-aaab-40d4-b710-9021ddc02630	NR_042778.1	95.520	1317	31	24	4	1301	195	1502	0.0	2080
bd02c1fb-aaab-40d4-b710-9021ddc02630	NR_197695.1	95.368	1317	33	23	4	1301	194	1501	0.0	2069
bd02c1fb-aaab-40d4-b710-9021ddc02630	NR_118998.1	94.989	1317	37	25	4	1301	190	1496	0.0	2039
732041a9-6cb7-4e57-816c-d8be1fca32aa	NR_028664.1	96.330	1444	31	20	1	1426	1455	16	0.0	2353
732041a9-6cb7-4e57-816c-d8be1fca32aa	NR_179383.1	96.330	1444	31	20	1	1426	1459	20	0.0	2353
732041a9-6cb7-4e57-816c-d8be1fca32aa	NR_028665.1	96.314	1438	31	20	7	1426	1443	10	0.0	2344
732041a9-6cb7-4e57-816c-d8be1fca32aa	NR_115240.1	96.379	1436	31	19	1	1419	1432	1	0.0	2344
732041a9-6cb7-4e57-816c-d8be1fca32aa	NR_199545.1	96.314	1438	31	20	7	1426	1446	13	0.0	2342
6638a40d-c79a-4d46-aee6-174d5810d61b	NR_116168.1	92.144	471	15	14	1	452	486	19	0.0	645
6638a40d-c79a-4d46-aee6-174d5810d61b	NR_042878.1	91.239	468	19	14	1	449	465	1	2.69e-179	627
6638a40d-c79a-4d46-aee6-174d5810d61b	NR_118762.1	88.960	471	30	14	1	452	489	22	1.64e-166	584
6638a40d-c79a-4d46-aee6-174d5810d61b	NR_025423.1	89.429	473	26	16	1	452	470	1	9.90e-164	575
6638a40d-c79a-4d46-aee6-174d5810d61b	NR_118143.1	88.936	470	28	16	1	449	467	1	2.77e-159	560
b2c1534f-1d3a-48b6-8e2e-bbc50515f104	NR_115355.1	96.711	304	9	1	1	304	1168	1470	8.96e-143	505
b2c1534f-1d3a-48b6-8e2e-bbc50515f104	NR_163639.1	96.711	304	9	1	1	304	1183	1485	8.96e-143	505
b2c1534f-1d3a-48b6-8e2e-bbc50515f104	NR_179325.1	96.711	304	9	1	1	304	1142	1444	8.96e-143	505
b2c1534f-1d3a-48b6-8e2e-bbc50515f104	NR_119169.1	96.382	304	10	1	1	304	1173	1475	4.17e-141	499
b2c1534f-1d3a-48b6-8e2e-bbc50515f104	NR_115354.1	96.053	304	11	1	1	304	1168	1470	1.94e-139	494
090a853a-155d-4c7b-8ce2-2fcd6e7f7b83	NR_115355.1	92.874	828	32	22	3	813	665	1482	0.0	1177
090a853a-155d-4c7b-8ce2-2fcd6e7f7b83	NR_179325.1	92.754	828	33	22	3	813	639	1456	0.0	1171
090a853a-155d-4c7b-8ce2-2fcd6e7f7b83	NR_119169.1	92.512	828	35	22	3	813	670	1487	0.0	1164
090a853a-155d-4c7b-8ce2-2fcd6e7f7b83	NR_163639.1	92.521	829	32	25	3	813	681	1497	0.0	1160
090a853a-155d-4c7b-8ce2-2fcd6e7f7b83	NR_115354.1	92.391	828	36	22	3	813	665	1482	0.0	1155
bf4b99d4-d214-4e4d-8225-6639232a9800	NR_044873.1	93.079	1286	44	31	1	1267	1261	2	0.0	1840
bf4b99d4-d214-4e4d-8225-6639232a9800	NR_074568.1	91.524	1286	63	32	1	1267	1271	13	0.0	1729
bf4b99d4-d214-4e4d-8225-6639232a9800	NR_044712.2	91.135	1286	68	32	1	1267	1280	22	0.0	1711
bf4b99d4-d214-4e4d-8225-6639232a9800	NR_109752.1	91.141	1253	70	30	30	1267	1249	23	0.0	1661
bf4b99d4-d214-4e4d-8225-6639232a9800	NR_025310.1	91.371	1240	66	30	30	1254	1218	5	0.0	1659
adcd2ca2-e328-4ccc-8115-b395f489d1d9	NR_042776.1	96.544	463	9	5	1	458	1043	1503	0.0	760
adcd2ca2-e328-4ccc-8115-b395f489d1d9	NR_042777.1	96.544	463	9	5	1	458	1042	1502	0.0	760
adcd2ca2-e328-4ccc-8115-b395f489d1d9	NR_042778.1	96.328	463	10	5	1	458	1043	1503	0.0	754
adcd2ca2-e328-4ccc-8115-b395f489d1d9	NR_118998.1	96.328	463	10	5	1	458	1037	1497	0.0	754
adcd2ca2-e328-4ccc-8115-b395f489d1d9	NR_197695.1	96.328	463	10	5	1	458	1042	1502	0.0	754
9fc51291-db7e-459b-8c6e-c2b00e9c7769	NR_115355.1	95.652	1311	38	14	3	1306	174	1472	0.0	2087
9fc51291-db7e-459b-8c6e-c2b00e9c7769	NR_179325.1	95.652	1311	38	14	3	1306	148	1446	0.0	2087
9fc51291-db7e-459b-8c6e-c2b00e9c7769	NR_119169.1	95.354	1313	42	14	1	1306	177	1477	0.0	2074
9fc51291-db7e-459b-8c6e-c2b00e9c7769	NR_163639.1	95.282	1314	37	20	1	1306	191	1487	0.0	2060
9fc51291-db7e-459b-8c6e-c2b00e9c7769	NR_113570.1	95.118	1311	45	14	3	1306	181	1479	0.0	2049
df28734c-e6d7-4239-a622-d6eb7e3002b4	NR_042776.1	95.564	1285	35	18	2	1274	1297	23	0.0	2037
df28734c-e6d7-4239-a622-d6eb7e3002b4	NR_042778.1	95.409	1285	37	18	2	1274	1297	23	0.0	2026
df28734c-e6d7-4239-a622-d6eb7e3002b4	NR_042777.1	95.331	1285	37	19	2	1274	1296	23	0.0	2019
df28734c-e6d7-4239-a622-d6eb7e3002b4	NR_197695.1	94.942	1285	43	18	2	1274	1296	22	0.0	1993
df28734c-e6d7-4239-a622-d6eb7e3002b4	NR_118998.1	94.630	1285	46	19	2	1274	1291	18	0.0	1971
f9348d3d-6750-4690-a937-58aa759ff3e8	NR_116168.1	98.556	1385	13	5	1	1378	1398	14	0.0	2440
f9348d3d-6750-4690-a937-58aa759ff3e8	NR_042878.1	98.311	1362	16	5	16	1370	1362	1	0.0	2392
f9348d3d-6750-4690-a937-58aa759ff3e8	NR_118762.1	96.756	1387	37	6	1	1380	1400	15	0.0	2346
f9348d3d-6750-4690-a937-58aa759ff3e8	NR_118143.1	96.481	1364	39	7	16	1370	1364	1	0.0	2246
f9348d3d-6750-4690-a937-58aa759ff3e8	NR_025423.1	95.589	1383	50	9	1	1373	1382	1	0.0	2206
f4477930-3847-4852-bd1d-983bb4b0b103	NR_044873.1	95.025	985	25	19	3	970	490	1467	0.0	1526
f4477930-3847-4852-bd1d-983bb4b0b103	NR_074568.1	93.915	986	37	20	3	973	501	1478	0.0	1467
f4477930-3847-4852-bd1d-983bb4b0b103	NR_025310.1	93.428	989	38	22	3	973	481	1460	0.0	1441
f4477930-3847-4852-bd1d-983bb4b0b103	NR_043968.1	93.414	987	40	22	3	973	459	1436	0.0	1439
f4477930-3847-4852-bd1d-983bb4b0b103	NR_109752.1	93.320	988	41	20	3	973	512	1491	0.0	1435
4676f2c1-cc81-4b30-b4b9-50c271e6439b	NR_117694.1	95.813	1409	31	22	24	1416	75	1471	0.0	2250
4676f2c1-cc81-4b30-b4b9-50c271e6439b	NR_117696.1	95.096	1407	45	18	24	1416	62	1458	0.0	2194
4676f2c1-cc81-4b30-b4b9-50c271e6439b	NR_117717.1	95.025	1407	45	19	24	1416	96	1491	0.0	2187
4676f2c1-cc81-4b30-b4b9-50c271e6439b	NR_041989.1	96.549	1333	23	17	24	1343	33	1355	0.0	2185
4676f2c1-cc81-4b30-b4b9-50c271e6439b	NR_121688.1	94.954	1407	47	17	24	1416	95	1491	0.0	2183
199ca040-cd56-4077-bf8d-27f483f94d5e	NR_042776.1	95.768	449	8	11	16	457	1060	1504	0.0	713
199ca040-cd56-4077-bf8d-27f483f94d5e	NR_042777.1	95.768	449	8	11	16	457	1059	1503	0.0	713
199ca040-cd56-4077-bf8d-27f483f94d5e	NR_197695.1	95.546	449	9	11	16	457	1059	1503	0.0	708
199ca040-cd56-4077-bf8d-27f483f94d5e	NR_042778.1	95.323	449	10	11	16	457	1060	1504	0.0	702
199ca040-cd56-4077-bf8d-27f483f94d5e	NR_118998.1	95.323	449	10	11	16	457	1054	1498	0.0	702
f6257636-1a78-4584-b604-b6e5fb196070	NR_042776.1	90.107	657	33	26	3	632	669	18	0.0	824
f6257636-1a78-4584-b604-b6e5fb196070	NR_042778.1	89.802	657	35	26	3	632	669	18	0.0	813
f6257636-1a78-4584-b604-b6e5fb196070	NR_042777.1	89.787	656	36	26	3	632	668	18	0.0	811
f6257636-1a78-4584-b604-b6e5fb196070	NR_197695.1	89.346	657	38	26	3	632	668	17	0.0	797
f6257636-1a78-4584-b604-b6e5fb196070	NR_118998.1	89.041	657	40	26	3	632	664	13	0.0	787
f27f19eb-1c7f-4651-ad08-b484155db27e	NR_042776.1	90.598	1287	71	38	1	1254	227	1496	0.0	1661
f27f19eb-1c7f-4651-ad08-b484155db27e	NR_042777.1	90.521	1287	71	39	1	1254	227	1495	0.0	1653
f27f19eb-1c7f-4651-ad08-b484155db27e	NR_042778.1	90.365	1287	74	37	1	1254	227	1496	0.0	1644
f27f19eb-1c7f-4651-ad08-b484155db27e	NR_197695.1	90.287	1287	75	37	1	1254	226	1495	0.0	1639
f27f19eb-1c7f-4651-ad08-b484155db27e	NR_118998.1	89.821	1287	80	37	1	1254	222	1490	0.0	1604
033a4251-9cd1-4bbe-96b7-20f65096a1dd	NR_117717.1	96.000	425	11	3	4	423	1069	1492	0.0	686
033a4251-9cd1-4bbe-96b7-20f65096a1dd	NR_121688.1	96.000	425	11	3	4	423	1069	1492	0.0	686
033a4251-9cd1-4bbe-96b7-20f65096a1dd	NR_159079.1	96.000	425	11	3	4	423	1045	1468	0.0	686
033a4251-9cd1-4bbe-96b7-20f65096a1dd	NR_117694.1	96.000	425	11	3	4	423	1049	1472	0.0	686
033a4251-9cd1-4bbe-96b7-20f65096a1dd	NR_117696.1	96.000	425	11	3	4	423	1036	1459	0.0	686
4c67eb5d-2462-4164-a136-4caf3b137819	NR_024659.1	92.857	98	2	4	1	97	1203	1296	1.06e-32	137
4c67eb5d-2462-4164-a136-4caf3b137819	NR_024842.1	92.857	98	2	4	1	97	1237	1330	1.06e-32	137
4c67eb5d-2462-4164-a136-4caf3b137819	NR_115241.1	92.857	98	2	4	1	97	1222	1315	1.06e-32	137
4c67eb5d-2462-4164-a136-4caf3b137819	NR_115735.1	92.857	98	2	4	1	97	1213	1306	1.06e-32	137
4c67eb5d-2462-4164-a136-4caf3b137819	NR_116211.1	92.857	98	2	4	1	97	1145	1238	1.06e-32	137
2c622228-fad2-4b96-96f5-541a5e634be4	NR_116168.1	97.007	802	14	6	1	799	696	1490	0.0	1339
2c622228-fad2-4b96-96f5-541a5e634be4	NR_118762.1	95.839	793	22	7	1	790	699	1483	0.0	1288
2c622228-fad2-4b96-96f5-541a5e634be4	NR_024897.1	94.534	805	28	11	1	799	695	1489	0.0	1229
2c622228-fad2-4b96-96f5-541a5e634be4	NR_025423.1	94.605	797	31	7	1	793	680	1468	0.0	1223
2c622228-fad2-4b96-96f5-541a5e634be4	NR_115546.2	94.271	803	34	8	1	799	705	1499	0.0	1218
79f58054-bf3c-4125-b2a1-3db574624eb5	NR_042776.1	96.390	554	12	7	1	553	952	1498	0.0	905
79f58054-bf3c-4125-b2a1-3db574624eb5	NR_042777.1	96.390	554	12	7	1	553	951	1497	0.0	905
79f58054-bf3c-4125-b2a1-3db574624eb5	NR_042778.1	96.029	554	14	7	1	553	952	1498	0.0	894
79f58054-bf3c-4125-b2a1-3db574624eb5	NR_197695.1	95.848	554	15	7	1	553	951	1497	0.0	889
79f58054-bf3c-4125-b2a1-3db574624eb5	NR_042052.1	95.487	554	17	7	1	553	850	1396	0.0	878
66582f13-2584-4d13-ac58-92e838647cdd	NR_042777.1	94.483	1015	35	18	1	1005	494	1497	0.0	1544
66582f13-2584-4d13-ac58-92e838647cdd	NR_042776.1	94.390	1016	35	19	1	1005	494	1498	0.0	1541
66582f13-2584-4d13-ac58-92e838647cdd	NR_042778.1	94.193	1016	37	19	1	1005	494	1498	0.0	1530
66582f13-2584-4d13-ac58-92e838647cdd	NR_197695.1	93.996	1016	39	19	1	1005	493	1497	0.0	1519
66582f13-2584-4d13-ac58-92e838647cdd	NR_118998.1	93.701	1016	41	20	1	1005	489	1492	0.0	1500
f67421c5-2fad-46f5-a11c-5af7ee379aea	NR_040821.1	98.261	345	2	3	1	341	1131	1475	1.20e-171	601
f67421c5-2fad-46f5-a11c-5af7ee379aea	NR_025148.1	98.261	345	2	3	1	341	1151	1495	1.20e-171	601
f67421c5-2fad-46f5-a11c-5af7ee379aea	NR_040820.1	98.261	345	2	3	1	341	1131	1475	1.20e-171	601
f67421c5-2fad-46f5-a11c-5af7ee379aea	NR_134818.1	98.261	345	2	3	1	341	1144	1488	1.20e-171	601
f67421c5-2fad-46f5-a11c-5af7ee379aea	NR_126177.1	98.261	345	2	3	1	341	1133	1477	1.20e-171	601
1a22572b-a506-4e96-b1d5-e2664964dac4	NR_042878.1	92.029	828	36	23	1	816	1326	517	0.0	1138
1a22572b-a506-4e96-b1d5-e2664964dac4	NR_116168.1	92.029	828	36	23	1	816	1347	538	0.0	1136
1a22572b-a506-4e96-b1d5-e2664964dac4	NR_118143.1	90.942	828	45	23	1	816	1328	519	0.0	1086
1a22572b-a506-4e96-b1d5-e2664964dac4	NR_118763.1	88.889	828	60	25	2	816	1345	537	0.0	994
1a22572b-a506-4e96-b1d5-e2664964dac4	NR_044753.1	87.937	829	65	25	2	816	1348	541	0.0	959
8f61e8bd-76ec-4d97-a85d-70e7a3ebbc25	NR_043332.1	98.028	355	5	2	6	358	1125	1479	4.54e-176	616
8f61e8bd-76ec-4d97-a85d-70e7a3ebbc25	NR_074980.1	98.028	355	5	2	6	358	1152	1506	4.54e-176	616
8f61e8bd-76ec-4d97-a85d-70e7a3ebbc25	NR_113031.1	98.028	355	5	2	6	358	1152	1506	4.54e-176	616
8f61e8bd-76ec-4d97-a85d-70e7a3ebbc25	NR_113570.1	98.563	348	3	2	6	351	1132	1479	1.63e-175	614
8f61e8bd-76ec-4d97-a85d-70e7a3ebbc25	NR_115355.1	97.465	355	7	2	6	358	1125	1479	9.84e-173	604
b040d36b-c7f7-4c3f-b728-c175cdabc577	NR_116168.1	94.118	272	7	6	1	264	1453	1183	7.81e-113	405
b040d36b-c7f7-4c3f-b728-c175cdabc577	NR_118762.1	94.118	272	7	6	1	264	1455	1185	7.81e-113	405
b040d36b-c7f7-4c3f-b728-c175cdabc577	NR_126284.1	92.279	272	12	6	1	264	1433	1163	1.70e-104	377
b040d36b-c7f7-4c3f-b728-c175cdabc577	NR_114764.1	91.912	272	13	5	1	264	1435	1165	7.92e-103	372
b040d36b-c7f7-4c3f-b728-c175cdabc577	NR_115157.1	91.912	272	13	6	1	264	1429	1159	7.92e-103	372
07403a26-566a-471c-8e90-c009f2968198	NR_041722.2	97.000	200	2	2	1	196	1315	1514	2.66e-91	333
07403a26-566a-471c-8e90-c009f2968198	NR_028665.1	97.000	200	2	2	1	196	1295	1494	2.66e-91	333
07403a26-566a-471c-8e90-c009f2968198	NR_028736.1	97.000	200	2	2	1	196	1304	1503	2.66e-91	333
07403a26-566a-471c-8e90-c009f2968198	NR_041721.1	97.000	200	2	2	1	196	1303	1502	2.66e-91	333
07403a26-566a-471c-8e90-c009f2968198	NR_112704.1	97.000	200	2	2	1	196	1199	1398	2.66e-91	333
44351547-b6aa-45a2-8fa0-d3b72e04b458	NR_025046.1	94.737	57	3	0	1	57	1422	1478	1.56e-18	89.8
44351547-b6aa-45a2-8fa0-d3b72e04b458	NR_043332.1	94.737	57	3	0	1	57	1426	1482	1.56e-18	89.8
44351547-b6aa-45a2-8fa0-d3b72e04b458	NR_074980.1	94.737	57	3	0	1	57	1453	1509	1.56e-18	89.8
44351547-b6aa-45a2-8fa0-d3b72e04b458	NR_113031.1	94.737	57	3	0	1	57	1453	1509	1.56e-18	89.8
44351547-b6aa-45a2-8fa0-d3b72e04b458	NR_113376.1	94.737	57	3	0	1	57	1453	1509	1.56e-18	89.8
3391c37b-eb79-417a-9089-f2b156f2322e	NR_024842.1	96.998	633	16	3	1	632	850	1480	0.0	1061
3391c37b-eb79-417a-9089-f2b156f2322e	NR_115735.1	96.998	633	16	3	1	632	826	1456	0.0	1061
3391c37b-eb79-417a-9089-f2b156f2322e	NR_028664.1	96.688	634	17	4	1	632	856	1487	0.0	1051
3391c37b-eb79-417a-9089-f2b156f2322e	NR_042927.1	96.688	634	17	4	1	632	835	1466	0.0	1051
3391c37b-eb79-417a-9089-f2b156f2322e	NR_115240.1	96.688	634	17	4	1	632	833	1464	0.0	1051
c98672f7-1929-428d-b6eb-ad4ca9268551	NR_042928.1	95.850	747	13	11	1	733	155	897	0.0	1192
c98672f7-1929-428d-b6eb-ad4ca9268551	NR_165747.1	95.850	747	13	11	1	733	155	897	0.0	1192
c98672f7-1929-428d-b6eb-ad4ca9268551	NR_199547.1	95.850	747	13	11	1	733	135	877	0.0	1192
c98672f7-1929-428d-b6eb-ad4ca9268551	NR_116206.1	95.716	747	14	11	1	733	80	822	0.0	1188
c98672f7-1929-428d-b6eb-ad4ca9268551	NR_112026.1	95.716	747	13	12	1	733	138	879	0.0	1186
298ad84f-c8bd-4c95-bb81-d7e33065dd04	NR_113124.1	93.562	730	25	15	2	715	1358	635	0.0	1068
298ad84f-c8bd-4c95-bb81-d7e33065dd04	NR_115327.1	93.562	730	25	15	2	715	1338	615	0.0	1068
298ad84f-c8bd-4c95-bb81-d7e33065dd04	NR_109628.1	93.562	730	25	15	2	715	1339	616	0.0	1068
298ad84f-c8bd-4c95-bb81-d7e33065dd04	NR_029148.1	93.562	730	24	16	2	715	1365	643	0.0	1066
298ad84f-c8bd-4c95-bb81-d7e33065dd04	NR_042843.1	93.288	730	27	15	2	715	1338	615	0.0	1057
99abef8f-0bb9-4c4b-8f59-17effb5a2128	NR_042776.1	95.251	358	9	6	1	356	375	24	2.15e-159	560
99abef8f-0bb9-4c4b-8f59-17effb5a2128	NR_042778.1	94.972	358	10	6	1	356	375	24	1.00e-157	555
99abef8f-0bb9-4c4b-8f59-17effb5a2128	NR_042777.1	94.693	358	11	6	1	356	375	24	4.66e-156	549
99abef8f-0bb9-4c4b-8f59-17effb5a2128	NR_118998.1	94.134	358	13	6	1	356	370	19	2.81e-153	540
99abef8f-0bb9-4c4b-8f59-17effb5a2128	NR_197695.1	93.855	358	14	6	1	356	374	23	4.69e-151	532
48ff5beb-af69-4a81-b159-6b7bf9271205	NR_179385.1	95.279	932	23	16	1	919	945	22	0.0	1458
48ff5beb-af69-4a81-b159-6b7bf9271205	NR_199545.1	95.279	932	23	16	1	919	941	18	0.0	1458
48ff5beb-af69-4a81-b159-6b7bf9271205	NR_028664.1	95.064	932	25	16	1	919	944	21	0.0	1447
48ff5beb-af69-4a81-b159-6b7bf9271205	NR_115240.1	95.048	929	25	16	1	916	921	1	0.0	1441
48ff5beb-af69-4a81-b159-6b7bf9271205	NR_179383.1	94.957	932	26	16	1	919	948	25	0.0	1441
3066a098-151b-4f2a-8491-ecb223e6f3db	NR_024842.1	97.272	843	14	7	1	839	655	1492	0.0	1421
3066a098-151b-4f2a-8491-ecb223e6f3db	NR_115735.1	97.259	839	14	7	1	835	631	1464	0.0	1413
3066a098-151b-4f2a-8491-ecb223e6f3db	NR_036936.1	97.013	837	15	8	1	832	640	1471	0.0	1399
3066a098-151b-4f2a-8491-ecb223e6f3db	NR_156072.1	96.797	843	18	7	1	839	660	1497	0.0	1399
3066a098-151b-4f2a-8491-ecb223e6f3db	NR_165737.1	97.013	837	15	8	1	832	640	1471	0.0	1399
d86912ca-aaeb-488d-b2ce-8211d10fe2b0	NR_041989.1	93.944	710	20	16	1	691	1118	413	0.0	1051
d86912ca-aaeb-488d-b2ce-8211d10fe2b0	NR_117694.1	93.803	710	21	16	1	691	1160	455	0.0	1046
d86912ca-aaeb-488d-b2ce-8211d10fe2b0	NR_113190.1	87.640	712	62	20	1	691	1185	479	0.0	804
d86912ca-aaeb-488d-b2ce-8211d10fe2b0	NR_148623.1	87.360	712	64	20	1	691	1144	438	0.0	793
d86912ca-aaeb-488d-b2ce-8211d10fe2b0	NR_181546.1	87.377	713	63	21	1	691	1186	479	0.0	793
0ac7303c-7663-4562-8b30-9a07bdf1c292	NR_074568.1	98.584	777	6	4	9	781	799	24	0.0	1369
0ac7303c-7663-4562-8b30-9a07bdf1c292	NR_044712.2	98.198	777	9	4	9	781	808	33	0.0	1358
0ac7303c-7663-4562-8b30-9a07bdf1c292	NR_024785.1	97.619	756	12	5	9	760	755	2	0.0	1291
0ac7303c-7663-4562-8b30-9a07bdf1c292	NR_044873.1	95.501	778	29	5	9	781	789	13	0.0	1238
0ac7303c-7663-4562-8b30-9a07bdf1c292	NR_179993.1	94.087	778	40	5	9	781	800	24	0.0	1177
7df78779-79e7-4392-a302-197e8d69eede	NR_115355.1	99.291	282	1	1	1	282	1202	1482	6.13e-144	508
7df78779-79e7-4392-a302-197e8d69eede	NR_163639.1	99.291	282	1	1	1	282	1217	1497	6.13e-144	508
7df78779-79e7-4392-a302-197e8d69eede	NR_179325.1	99.291	282	1	1	1	282	1176	1456	6.13e-144	508
7df78779-79e7-4392-a302-197e8d69eede	NR_119169.1	98.936	282	2	1	1	282	1207	1487	2.85e-142	503
7df78779-79e7-4392-a302-197e8d69eede	NR_115354.1	98.582	282	3	1	1	282	1202	1482	1.33e-140	497
cd7794ed-4c65-4f75-ba71-e2fdaff09ade	NR_117694.1	93.834	746	21	15	1	738	742	1470	0.0	1099
cd7794ed-4c65-4f75-ba71-e2fdaff09ade	NR_117692.1	93.700	746	22	15	1	738	742	1470	0.0	1094
cd7794ed-4c65-4f75-ba71-e2fdaff09ade	NR_025902.1	93.432	746	24	15	1	738	720	1448	0.0	1083
cd7794ed-4c65-4f75-ba71-e2fdaff09ade	NR_121687.1	93.298	746	25	15	1	738	762	1490	0.0	1077
cd7794ed-4c65-4f75-ba71-e2fdaff09ade	NR_159079.1	93.298	746	25	15	1	738	738	1466	0.0	1077
f2588925-2009-4f75-8e23-861b667b49f1	NR_024842.1	94.515	948	31	20	2	935	549	1489	0.0	1443
f2588925-2009-4f75-8e23-861b667b49f1	NR_115735.1	94.515	948	31	20	1	934	524	1464	0.0	1443
f2588925-2009-4f75-8e23-861b667b49f1	NR_036936.1	94.497	945	32	19	1	931	533	1471	0.0	1439
f2588925-2009-4f75-8e23-861b667b49f1	NR_165737.1	94.286	945	34	19	1	931	533	1471	0.0	1428
f2588925-2009-4f75-8e23-861b667b49f1	NR_115241.1	94.180	945	34	20	1	931	533	1470	0.0	1426
1ea568bb-8189-4d31-96a1-46c693f7b082	NR_042776.1	96.433	785	9	12	1	778	790	18	0.0	1277
1ea568bb-8189-4d31-96a1-46c693f7b082	NR_042777.1	96.301	784	11	12	1	778	789	18	0.0	1271
1ea568bb-8189-4d31-96a1-46c693f7b082	NR_042778.1	96.178	785	11	12	1	778	790	18	0.0	1266
1ea568bb-8189-4d31-96a1-46c693f7b082	NR_197695.1	95.796	785	14	12	1	778	789	17	0.0	1249
1ea568bb-8189-4d31-96a1-46c693f7b082	NR_118998.1	95.541	785	16	12	1	778	785	13	0.0	1240
e473d989-90b4-441e-89ab-c4c2c4f9536b	NR_026419.1	88.396	1241	48	53	26	1186	1225	1	0.0	1406
e473d989-90b4-441e-89ab-c4c2c4f9536b	NR_025903.1	87.270	1249	61	57	26	1193	1237	6	0.0	1336
e473d989-90b4-441e-89ab-c4c2c4f9536b	NR_025904.1	86.709	1249	68	58	26	1193	1236	5	0.0	1297
e473d989-90b4-441e-89ab-c4c2c4f9536b	NR_133753.1	87.169	1208	58	55	26	1153	1191	1	0.0	1282
e473d989-90b4-441e-89ab-c4c2c4f9536b	NR_133752.1	87.127	1173	59	55	26	1121	1162	5	0.0	1245
b614410d-e090-460b-bcdc-216792b4abab	NR_199547.1	97.658	854	6	6	1	840	41	894	0.0	1454
b614410d-e090-460b-bcdc-216792b4abab	NR_042928.1	97.424	854	8	6	1	840	61	914	0.0	1443
b614410d-e090-460b-bcdc-216792b4abab	NR_112026.1	97.190	854	9	7	1	840	44	896	0.0	1432
b614410d-e090-460b-bcdc-216792b4abab	NR_199541.1	97.069	853	11	6	2	840	40	892	0.0	1424
b614410d-e090-460b-bcdc-216792b4abab	NR_165747.1	96.952	853	12	6	2	840	62	914	0.0	1419
818022b1-2324-4f56-bb7c-309e3b2ed146	NR_042927.1	91.682	529	20	21	1	516	1200	683	0.0	712
818022b1-2324-4f56-bb7c-309e3b2ed146	NR_114413.1	91.682	529	20	21	1	516	1223	706	0.0	712
818022b1-2324-4f56-bb7c-309e3b2ed146	NR_115734.1	91.682	529	20	21	1	516	1201	684	0.0	712
818022b1-2324-4f56-bb7c-309e3b2ed146	NR_116210.1	91.682	529	20	21	1	516	1063	546	0.0	712
818022b1-2324-4f56-bb7c-309e3b2ed146	NR_179385.1	91.682	529	20	21	1	516	1222	705	0.0	712
6408f8f5-971e-4558-a0d8-588903cedf23	NR_102895.1	96.690	423	4	8	1	416	440	21	0.0	695
6408f8f5-971e-4558-a0d8-588903cedf23	NR_113113.1	96.454	423	5	8	1	416	420	1	0.0	689
6408f8f5-971e-4558-a0d8-588903cedf23	NR_042843.1	97.066	409	4	7	1	402	412	5	0.0	684
6408f8f5-971e-4558-a0d8-588903cedf23	NR_114305.1	95.508	423	9	8	1	416	432	13	0.0	667
6408f8f5-971e-4558-a0d8-588903cedf23	NR_116726.1	96.088	409	8	7	1	402	412	5	0.0	660
ee4d79ec-9f06-478d-be11-c1061f6617cb	NR_028664.1	96.128	1188	22	17	8	1187	328	1499	0.0	1917
ee4d79ec-9f06-478d-be11-c1061f6617cb	NR_117719.1	96.128	1188	22	17	8	1187	325	1496	0.0	1917
ee4d79ec-9f06-478d-be11-c1061f6617cb	NR_179383.1	96.044	1188	23	17	8	1187	332	1503	0.0	1912
ee4d79ec-9f06-478d-be11-c1061f6617cb	NR_175455.1	95.963	1189	23	18	8	1187	313	1485	0.0	1906
ee4d79ec-9f06-478d-be11-c1061f6617cb	NR_115240.1	96.105	1181	22	17	8	1180	305	1469	0.0	1905
06e4c7cd-58a3-47e7-88a4-c44a751040cd	NR_024842.1	95.261	823	29	10	1	818	824	7	0.0	1299
06e4c7cd-58a3-47e7-88a4-c44a751040cd	NR_115241.1	95.695	813	26	9	1	808	809	1	0.0	1299
06e4c7cd-58a3-47e7-88a4-c44a751040cd	NR_115735.1	95.636	802	25	10	1	796	800	3	0.0	1279
06e4c7cd-58a3-47e7-88a4-c44a751040cd	NR_178515.1	94.963	814	30	11	1	808	809	1	0.0	1266
06e4c7cd-58a3-47e7-88a4-c44a751040cd	NR_165737.1	94.717	814	32	11	1	808	809	1	0.0	1254
eddedec8-c251-4ea8-9ff5-9aef6d47f5a4	NR_102895.1	97.220	1223	13	12	1	1208	1239	23	0.0	2050
eddedec8-c251-4ea8-9ff5-9aef6d47f5a4	NR_113113.1	97.138	1223	14	12	1	1208	1219	3	0.0	2045
eddedec8-c251-4ea8-9ff5-9aef6d47f5a4	NR_042843.1	97.124	1217	14	12	1	1202	1211	1	0.0	2036
eddedec8-c251-4ea8-9ff5-9aef6d47f5a4	NR_114305.1	95.261	1224	35	14	1	1208	1231	15	0.0	1917
eddedec8-c251-4ea8-9ff5-9aef6d47f5a4	NR_109628.1	95.320	1218	36	12	1	1203	1212	1	0.0	1914
53a305bc-3c20-493d-a822-fe29e6493247	NR_119170.1	92.054	1271	57	38	1	1244	1254	1	0.0	1757
53a305bc-3c20-493d-a822-fe29e6493247	NR_115354.1	92.554	1249	51	36	1	1223	1249	17	0.0	1755
53a305bc-3c20-493d-a822-fe29e6493247	NR_163639.1	91.719	1280	56	44	4	1255	1261	4	0.0	1731
53a305bc-3c20-493d-a822-fe29e6493247	NR_115355.1	92.221	1247	53	38	4	1223	1246	17	0.0	1729
53a305bc-3c20-493d-a822-fe29e6493247	NR_119169.1	91.654	1270	58	39	4	1244	1251	1	0.0	1722
8e9d2a6d-021c-434d-a654-ff05ab1a007e	NR_179535.1	96.364	1100	18	20	1	1087	1353	263	0.0	1790
8e9d2a6d-021c-434d-a654-ff05ab1a007e	NR_041983.1	95.640	1101	27	19	1	1089	1318	227	0.0	1748
8e9d2a6d-021c-434d-a654-ff05ab1a007e	NR_114395.1	95.640	1101	27	19	1	1089	1350	259	0.0	1748
8e9d2a6d-021c-434d-a654-ff05ab1a007e	NR_119102.1	95.281	1102	30	20	1	1089	1320	228	0.0	1736
8e9d2a6d-021c-434d-a654-ff05ab1a007e	NR_179528.1	95.364	1100	29	20	1	1087	1335	245	0.0	1729
b80d2c0c-59fd-4e4c-96ec-88224f9f7c73	NR_165737.1	97.275	1468	24	13	1	1457	9	1471	0.0	2475
b80d2c0c-59fd-4e4c-96ec-88224f9f7c73	NR_042927.1	97.071	1468	27	13	1	1457	9	1471	0.0	2459
b80d2c0c-59fd-4e4c-96ec-88224f9f7c73	NR_115734.1	97.001	1467	28	13	2	1457	11	1472	0.0	2453
b80d2c0c-59fd-4e4c-96ec-88224f9f7c73	NR_024842.1	96.739	1472	31	12	1	1461	24	1489	0.0	2440
b80d2c0c-59fd-4e4c-96ec-88224f9f7c73	NR_115735.1	96.803	1470	29	13	3	1460	1	1464	0.0	2438
33187cc5-3f6b-4c6a-9ffc-f84151b6f65e	NR_028682.1	93.372	513	18	13	6	510	993	1497	0.0	745
33187cc5-3f6b-4c6a-9ffc-f84151b6f65e	NR_025396.1	92.188	512	27	10	6	512	964	1467	0.0	712
33187cc5-3f6b-4c6a-9ffc-f84151b6f65e	NR_113798.1	91.992	512	27	11	6	511	978	1481	0.0	706
33187cc5-3f6b-4c6a-9ffc-f84151b6f65e	NR_025435.1	91.634	514	27	13	6	512	990	1494	0.0	697
33187cc5-3f6b-4c6a-9ffc-f84151b6f65e	NR_180652.1	91.732	508	29	10	6	508	982	1481	0.0	693
f648bff4-5309-4830-8a0c-74a22ff54bd0	NR_025862.1	90.293	443	20	20	1	428	445	11	2.58e-159	560
f648bff4-5309-4830-8a0c-74a22ff54bd0	NR_028682.1	89.726	438	29	15	1	426	446	13	7.22e-155	545
f648bff4-5309-4830-8a0c-74a22ff54bd0	NR_026454.1	84.634	423	48	15	1	409	420	1	1.28e-112	405
f648bff4-5309-4830-8a0c-74a22ff54bd0	NR_025863.1	83.146	445	53	19	1	428	450	11	3.58e-108	390
f648bff4-5309-4830-8a0c-74a22ff54bd0	NR_180911.1	83.413	416	48	20	25	426	409	1	6.04e-101	366
bc59fca1-77b0-4330-8f2b-0afd74651aa1	NR_024842.1	95.000	160	5	2	1	160	50	206	7.95e-66	248
bc59fca1-77b0-4330-8f2b-0afd74651aa1	NR_115241.1	95.000	160	5	2	1	160	35	191	7.95e-66	248
bc59fca1-77b0-4330-8f2b-0afd74651aa1	NR_115735.1	94.410	161	5	3	1	160	25	182	1.03e-64	244
bc59fca1-77b0-4330-8f2b-0afd74651aa1	NR_165737.1	90.683	161	10	4	1	160	35	191	3.75e-54	209
bc59fca1-77b0-4330-8f2b-0afd74651aa1	NR_178515.1	90.244	164	11	4	1	163	35	194	3.75e-54	209
c6d22425-48ae-42fb-8739-202d397554c0	NR_024842.1	95.663	830	22	13	1	820	833	8	0.0	1325
c6d22425-48ae-42fb-8739-202d397554c0	NR_115241.1	95.864	822	20	13	1	812	818	1	0.0	1317
c6d22425-48ae-42fb-8739-202d397554c0	NR_115735.1	95.695	813	20	14	1	802	809	1	0.0	1293
c6d22425-48ae-42fb-8739-202d397554c0	NR_178515.1	95.140	823	24	15	1	812	818	1	0.0	1284
c6d22425-48ae-42fb-8739-202d397554c0	NR_165737.1	94.897	823	26	15	1	812	818	1	0.0	1273
b72ababa-81fb-45f8-b8ab-5c2dbbfe4be8	NR_044710.2	92.186	1075	62	18	21	1081	427	1493	0.0	1522
b72ababa-81fb-45f8-b8ab-5c2dbbfe4be8	NR_118906.1	91.721	1075	67	18	21	1082	427	1492	0.0	1507
b72ababa-81fb-45f8-b8ab-5c2dbbfe4be8	NR_118905.1	90.605	1075	79	18	21	1082	427	1492	0.0	1445
b72ababa-81fb-45f8-b8ab-5c2dbbfe4be8	NR_118918.1	91.080	1065	67	23	21	1069	241	1293	0.0	1439
b72ababa-81fb-45f8-b8ab-5c2dbbfe4be8	NR_044754.1	90.901	1077	77	15	21	1086	415	1481	0.0	1437
1ce5144d-f556-44f6-bf03-bb5d9b72af30	NR_115355.1	93.983	1396	46	31	1	1370	1384	1	0.0	2082
1ce5144d-f556-44f6-bf03-bb5d9b72af30	NR_163639.1	93.706	1414	44	38	1	1387	1399	4	0.0	2076
1ce5144d-f556-44f6-bf03-bb5d9b72af30	NR_119169.1	93.781	1399	49	31	1	1373	1389	3	0.0	2074
1ce5144d-f556-44f6-bf03-bb5d9b72af30	NR_179325.1	94.161	1370	44	30	1	1346	1358	1	0.0	2054
1ce5144d-f556-44f6-bf03-bb5d9b72af30	NR_074980.1	93.343	1412	55	32	1	1386	1411	13	0.0	2050
de1f9a4d-1051-4e61-8eff-1b7760157f5b	NR_179325.1	96.406	640	11	7	1	628	817	1456	0.0	1044
de1f9a4d-1051-4e61-8eff-1b7760157f5b	NR_115355.1	96.250	640	12	7	1	628	843	1482	0.0	1038
de1f9a4d-1051-4e61-8eff-1b7760157f5b	NR_163639.1	96.250	640	11	8	1	628	859	1497	0.0	1037
de1f9a4d-1051-4e61-8eff-1b7760157f5b	NR_115354.1	95.938	640	14	7	1	628	843	1482	0.0	1027
de1f9a4d-1051-4e61-8eff-1b7760157f5b	NR_119169.1	95.781	640	15	7	1	628	848	1487	0.0	1026
91fbd32b-8180-4398-9dbe-555d8e1a1c0c	NR_042776.1	97.538	853	10	8	1	844	649	1499	0.0	1448
91fbd32b-8180-4398-9dbe-555d8e1a1c0c	NR_042777.1	97.538	853	10	8	1	844	648	1498	0.0	1448
91fbd32b-8180-4398-9dbe-555d8e1a1c0c	NR_042778.1	97.304	853	12	8	1	844	649	1499	0.0	1437
91fbd32b-8180-4398-9dbe-555d8e1a1c0c	NR_197695.1	97.069	853	14	8	1	844	648	1498	0.0	1426
91fbd32b-8180-4398-9dbe-555d8e1a1c0c	NR_118998.1	96.717	853	16	9	1	844	644	1493	0.0	1410
f74a4e61-9d04-46e5-adf5-d891b78d1ab1	NR_042776.1	94.010	1035	31	23	17	1026	1058	30	0.0	1539
f74a4e61-9d04-46e5-adf5-d891b78d1ab1	NR_042777.1	93.907	1034	33	23	17	1026	1057	30	0.0	1533
f74a4e61-9d04-46e5-adf5-d891b78d1ab1	NR_042778.1	93.816	1035	33	23	17	1026	1058	30	0.0	1528
f74a4e61-9d04-46e5-adf5-d891b78d1ab1	NR_197695.1	93.430	1035	37	23	17	1026	1057	29	0.0	1506
f74a4e61-9d04-46e5-adf5-d891b78d1ab1	NR_118998.1	93.171	1025	39	23	17	1016	1052	34	0.0	1478
f9120945-791c-4168-b92f-0703d4dddd65	NR_115355.1	94.705	661	19	14	1	655	651	1	0.0	1016
f9120945-791c-4168-b92f-0703d4dddd65	NR_119169.1	94.428	664	21	14	1	658	656	3	0.0	1011
f9120945-791c-4168-b92f-0703d4dddd65	NR_163639.1	93.962	679	20	17	1	673	667	4	0.0	1007
f9120945-791c-4168-b92f-0703d4dddd65	NR_074980.1	93.491	676	26	15	1	670	678	15	0.0	989
f9120945-791c-4168-b92f-0703d4dddd65	NR_113031.1	93.491	676	26	15	1	670	678	15	0.0	989
19a9deaf-e3fa-4ab3-b2ab-db5348de9333	NR_042776.1	94.883	1153	22	32	1	1136	372	1504	0.0	1768
19a9deaf-e3fa-4ab3-b2ab-db5348de9333	NR_042777.1	94.796	1153	22	33	1	1136	372	1503	0.0	1762
19a9deaf-e3fa-4ab3-b2ab-db5348de9333	NR_042778.1	94.623	1153	25	32	1	1136	372	1504	0.0	1751
19a9deaf-e3fa-4ab3-b2ab-db5348de9333	NR_197695.1	94.536	1153	26	32	1	1136	371	1503	0.0	1746
19a9deaf-e3fa-4ab3-b2ab-db5348de9333	NR_118998.1	94.016	1153	31	33	1	1136	367	1498	0.0	1712
8e12c5ba-01ee-4086-9f43-f9f21dde69ea	NR_026419.1	94.323	458	12	13	1	449	460	8	0.0	689
8e12c5ba-01ee-4086-9f43-f9f21dde69ea	NR_025903.1	90.909	473	27	15	1	463	472	6	1.27e-177	621
8e12c5ba-01ee-4086-9f43-f9f21dde69ea	NR_133753.1	92.791	430	18	12	1	421	426	1	2.75e-174	610
8e12c5ba-01ee-4086-9f43-f9f21dde69ea	NR_025904.1	90.192	469	26	19	7	463	465	5	2.77e-169	593
8e12c5ba-01ee-4086-9f43-f9f21dde69ea	NR_133752.1	92.152	395	18	12	7	392	391	1	7.87e-155	545
00b65ce3-fc62-475f-9eb1-18e617546b73	NR_042776.1	97.186	533	9	3	2	533	551	24	0.0	896
00b65ce3-fc62-475f-9eb1-18e617546b73	NR_042778.1	96.811	533	11	3	2	533	551	24	0.0	885
00b65ce3-fc62-475f-9eb1-18e617546b73	NR_042777.1	96.623	533	11	4	2	533	550	24	0.0	878
00b65ce3-fc62-475f-9eb1-18e617546b73	NR_197695.1	96.435	533	13	3	2	533	550	23	0.0	874
00b65ce3-fc62-475f-9eb1-18e617546b73	NR_118998.1	96.060	533	15	3	2	533	546	19	0.0	865
120d2033-3ef6-4a78-957f-99e7c517d797	NR_115735.1	97.083	720	11	8	1	712	1232	515	0.0	1205
120d2033-3ef6-4a78-957f-99e7c517d797	NR_116211.1	97.083	720	11	8	1	712	1164	447	0.0	1205
120d2033-3ef6-4a78-957f-99e7c517d797	NR_178515.1	97.211	717	10	8	4	712	1238	524	0.0	1205
120d2033-3ef6-4a78-957f-99e7c517d797	NR_024842.1	96.944	720	12	8	1	712	1256	539	0.0	1201
120d2033-3ef6-4a78-957f-99e7c517d797	NR_109720.1	97.071	717	11	8	4	712	1232	518	0.0	1199
863674b1-06b2-47f1-a15e-239454eb89ec	NR_042927.1	95.053	1233	37	20	4	1219	246	1471	0.0	1917
863674b1-06b2-47f1-a15e-239454eb89ec	NR_115734.1	95.053	1233	37	20	4	1219	247	1472	0.0	1917
863674b1-06b2-47f1-a15e-239454eb89ec	NR_179540.1	94.988	1237	37	21	4	1223	264	1492	0.0	1917
863674b1-06b2-47f1-a15e-239454eb89ec	NR_042928.1	95.057	1234	34	23	4	1219	244	1468	0.0	1916
863674b1-06b2-47f1-a15e-239454eb89ec	NR_028664.1	94.907	1237	39	20	4	1223	267	1496	0.0	1914
5bf11c20-58de-4712-9851-61972a4ecaa2	NR_026419.1	94.184	1066	27	22	1	1049	214	1261	0.0	1592
5bf11c20-58de-4712-9851-61972a4ecaa2	NR_133753.1	93.715	1066	30	23	1	1048	180	1226	0.0	1563
5bf11c20-58de-4712-9851-61972a4ecaa2	NR_025903.1	93.715	1066	30	23	1	1048	226	1272	0.0	1563
5bf11c20-58de-4712-9851-61972a4ecaa2	NR_133752.1	93.621	1066	31	23	1	1048	151	1197	0.0	1557
5bf11c20-58de-4712-9851-61972a4ecaa2	NR_025904.1	93.527	1066	32	23	1	1048	225	1271	0.0	1552
ff55aade-1b8a-46f5-ab11-928c0765abc1	NR_026419.1	93.415	1473	54	30	1	1453	1450	1	0.0	2143
ff55aade-1b8a-46f5-ab11-928c0765abc1	NR_025903.1	92.620	1477	71	26	1	1460	1462	7	0.0	2089
ff55aade-1b8a-46f5-ab11-928c0765abc1	NR_133753.1	93.939	1386	58	19	1	1374	1416	45	0.0	2071
ff55aade-1b8a-46f5-ab11-928c0765abc1	NR_133752.1	93.867	1386	59	19	1	1374	1387	16	0.0	2065
ff55aade-1b8a-46f5-ab11-928c0765abc1	NR_025904.1	92.287	1478	74	27	1	1460	1461	6	0.0	2061
dde0a508-8a47-4ff5-a347-af9a2a8238b8	NR_133752.1	94.521	1022	35	17	1	1016	1311	305	0.0	1557
dde0a508-8a47-4ff5-a347-af9a2a8238b8	NR_133753.1	94.521	1022	35	17	1	1016	1340	334	0.0	1557
dde0a508-8a47-4ff5-a347-af9a2a8238b8	NR_025903.1	94.521	1022	35	17	1	1016	1386	380	0.0	1557
dde0a508-8a47-4ff5-a347-af9a2a8238b8	NR_025904.1	94.216	1020	42	12	1	1016	1385	379	0.0	1541
dde0a508-8a47-4ff5-a347-af9a2a8238b8	NR_026419.1	93.738	1022	43	16	1	1016	1374	368	0.0	1513
d1afded0-15f0-497f-9992-f296896d178f	NR_036936.1	96.344	465	6	8	3	458	750	1212	0.0	754
d1afded0-15f0-497f-9992-f296896d178f	NR_109720.1	96.344	465	6	8	3	458	744	1206	0.0	754
d1afded0-15f0-497f-9992-f296896d178f	NR_180875.1	96.344	465	6	8	3	458	729	1191	0.0	754
d1afded0-15f0-497f-9992-f296896d178f	NR_024842.1	96.129	465	7	8	3	458	765	1227	0.0	749
d1afded0-15f0-497f-9992-f296896d178f	NR_025453.1	96.129	465	7	7	3	458	750	1212	0.0	749
68f27c5a-329f-4145-8c45-f082072bf46e	NR_136788.1	92.292	480	20	14	4	469	520	44	0.0	665
68f27c5a-329f-4145-8c45-f082072bf46e	NR_113082.1	88.358	481	37	16	4	469	520	44	2.99e-159	560
68f27c5a-329f-4145-8c45-f082072bf46e	NR_026230.1	87.110	481	43	16	4	469	498	22	3.90e-153	540
68f27c5a-329f-4145-8c45-f082072bf46e	NR_074546.1	80.249	481	73	20	4	469	517	44	1.18e-93	342
68f27c5a-329f-4145-8c45-f082072bf46e	NR_112937.1	80.042	481	74	20	4	469	517	44	5.49e-92	337
72ca5ad3-b1ca-4af5-9067-d0adcfe34c8a	NR_179540.1	90.274	1059	59	34	15	1042	446	1491	0.0	1345
72ca5ad3-b1ca-4af5-9067-d0adcfe34c8a	NR_117719.1	90.179	1059	61	34	15	1042	446	1492	0.0	1339
72ca5ad3-b1ca-4af5-9067-d0adcfe34c8a	NR_028664.1	90.085	1059	62	34	15	1042	449	1495	0.0	1334
72ca5ad3-b1ca-4af5-9067-d0adcfe34c8a	NR_042928.1	90.152	1056	60	34	15	1039	426	1468	0.0	1334
72ca5ad3-b1ca-4af5-9067-d0adcfe34c8a	NR_179383.1	90.085	1059	62	34	15	1042	453	1499	0.0	1334
c9540b17-4bc6-41b5-92ec-73db92cc5324	NR_042776.1	97.198	1249	21	13	6	1243	257	1502	0.0	2100
c9540b17-4bc6-41b5-92ec-73db92cc5324	NR_042777.1	97.118	1249	21	14	6	1243	257	1501	0.0	2093
c9540b17-4bc6-41b5-92ec-73db92cc5324	NR_042778.1	96.878	1249	25	13	6	1243	257	1502	0.0	2078
c9540b17-4bc6-41b5-92ec-73db92cc5324	NR_197695.1	96.878	1249	25	13	6	1243	256	1501	0.0	2078
c9540b17-4bc6-41b5-92ec-73db92cc5324	NR_118998.1	96.237	1249	32	14	6	1243	252	1496	0.0	2032
8fc202de-c11e-4b8b-aba7-eb3985ba07b5	NR_133752.1	97.217	539	8	6	1	534	1002	466	0.0	905
8fc202de-c11e-4b8b-aba7-eb3985ba07b5	NR_133753.1	97.217	539	8	6	1	534	1031	495	0.0	905
8fc202de-c11e-4b8b-aba7-eb3985ba07b5	NR_025904.1	97.217	539	8	6	1	534	1076	540	0.0	905
8fc202de-c11e-4b8b-aba7-eb3985ba07b5	NR_026419.1	97.217	539	8	6	1	534	1065	529	0.0	905
8fc202de-c11e-4b8b-aba7-eb3985ba07b5	NR_025903.1	97.217	539	8	6	1	534	1077	541	0.0	905
3789b208-351d-46c3-8d49-f1656ac14a5e	NR_115355.1	93.622	831	31	20	11	830	827	8	0.0	1225
3789b208-351d-46c3-8d49-f1656ac14a5e	NR_119169.1	93.502	831	32	20	11	830	832	13	0.0	1219
3789b208-351d-46c3-8d49-f1656ac14a5e	NR_163639.1	93.269	832	29	24	11	830	843	27	0.0	1201
3789b208-351d-46c3-8d49-f1656ac14a5e	NR_119168.1	93.020	831	36	20	11	830	832	13	0.0	1194
3789b208-351d-46c3-8d49-f1656ac14a5e	NR_074980.1	92.900	831	37	20	11	830	854	35	0.0	1188
d6d5d490-b348-4233-a164-4b19f9ee4dbe	NR_117694.1	97.071	1400	19	15	4	1388	75	1467	0.0	2338
d6d5d490-b348-4233-a164-4b19f9ee4dbe	NR_121687.1	96.214	1400	31	15	4	1388	95	1487	0.0	2272
d6d5d490-b348-4233-a164-4b19f9ee4dbe	NR_117692.1	96.206	1397	37	10	4	1388	75	1467	0.0	2272
d6d5d490-b348-4233-a164-4b19f9ee4dbe	NR_117696.1	96.206	1397	37	11	4	1388	62	1454	0.0	2272
d6d5d490-b348-4233-a164-4b19f9ee4dbe	NR_041989.1	97.738	1326	15	9	4	1318	33	1354	0.0	2268
e530a646-451d-44f6-81b3-312c7aea3afc	NR_024842.1	95.556	1305	39	17	1	1289	190	1491	0.0	2073
e530a646-451d-44f6-81b3-312c7aea3afc	NR_115735.1	95.692	1300	37	17	1	1284	166	1462	0.0	2073
e530a646-451d-44f6-81b3-312c7aea3afc	NR_115241.1	95.458	1299	40	17	1	1283	175	1470	0.0	2060
e530a646-451d-44f6-81b3-312c7aea3afc	NR_165737.1	95.598	1295	38	17	5	1283	180	1471	0.0	2058
e530a646-451d-44f6-81b3-312c7aea3afc	NR_036936.1	95.367	1295	41	17	5	1283	180	1471	0.0	2041
0b5ad610-9be0-47e9-aaa2-91f4169511ca	NR_042776.1	95.594	1044	24	16	1	1026	84	1123	0.0	1653
0b5ad610-9be0-47e9-aaa2-91f4169511ca	NR_042778.1	95.402	1044	26	16	1	1026	84	1123	0.0	1642
0b5ad610-9be0-47e9-aaa2-91f4169511ca	NR_042777.1	95.307	1044	26	17	1	1026	84	1122	0.0	1635
0b5ad610-9be0-47e9-aaa2-91f4169511ca	NR_197695.1	95.019	1044	30	16	1	1026	83	1122	0.0	1620
0b5ad610-9be0-47e9-aaa2-91f4169511ca	NR_118998.1	94.540	1044	34	17	1	1026	79	1117	0.0	1592
c78484ed-434c-4538-8775-5096c0f5e77b	NR_024842.1	96.270	563	11	9	1	560	934	1489	0.0	915
c78484ed-434c-4538-8775-5096c0f5e77b	NR_115735.1	96.263	562	11	9	1	559	910	1464	0.0	913
c78484ed-434c-4538-8775-5096c0f5e77b	NR_028664.1	95.922	564	12	10	1	560	940	1496	0.0	904
c78484ed-434c-4538-8775-5096c0f5e77b	NR_152678.1	95.922	564	12	10	1	560	939	1495	0.0	904
c78484ed-434c-4538-8775-5096c0f5e77b	NR_179540.1	95.915	563	13	9	1	560	937	1492	0.0	904
66298688-a0a8-4cbc-9a5e-491c68c5aee0	NR_026419.1	95.296	659	20	10	6	656	656	1	0.0	1035
66298688-a0a8-4cbc-9a5e-491c68c5aee0	NR_025903.1	93.665	663	26	14	6	658	668	12	0.0	977
66298688-a0a8-4cbc-9a5e-491c68c5aee0	NR_025904.1	92.932	665	27	17	6	658	667	11	0.0	950
66298688-a0a8-4cbc-9a5e-491c68c5aee0	NR_133753.1	93.790	628	24	13	6	624	622	1	0.0	929
66298688-a0a8-4cbc-9a5e-491c68c5aee0	NR_036920.1	91.239	662	41	15	6	658	661	8	0.0	885
0ddc04a5-f3a0-4b99-be1d-a41c5b51e693	NR_042928.1	92.259	1111	48	31	7	1097	1093	1	0.0	1541
0ddc04a5-f3a0-4b99-be1d-a41c5b51e693	NR_199547.1	92.950	1078	41	28	7	1064	1073	11	0.0	1537
0ddc04a5-f3a0-4b99-be1d-a41c5b51e693	NR_112026.1	92.606	1082	40	33	7	1067	1075	13	0.0	1519
0ddc04a5-f3a0-4b99-be1d-a41c5b51e693	NR_117719.1	91.518	1120	57	31	7	1106	1113	12	0.0	1507
0ddc04a5-f3a0-4b99-be1d-a41c5b51e693	NR_028664.1	91.429	1120	58	32	7	1106	1116	15	0.0	1502
e69b49b1-d82a-4738-b504-4b4129ecb6c6	NR_199545.1	97.797	227	3	2	6	232	239	15	1.89e-108	390
e69b49b1-d82a-4738-b504-4b4129ecb6c6	NR_179385.1	97.357	227	4	2	6	232	243	19	8.77e-107	385
e69b49b1-d82a-4738-b504-4b4129ecb6c6	NR_165741.1	96.916	227	5	2	6	232	228	4	4.08e-105	379
e69b49b1-d82a-4738-b504-4b4129ecb6c6	NR_179383.1	96.491	228	4	3	6	232	246	22	1.90e-103	374
e69b49b1-d82a-4738-b504-4b4129ecb6c6	NR_115560.1	95.690	232	6	3	6	236	239	11	2.46e-102	370
2fe5771b-7f9c-4ebe-891b-9c9a90819153	NR_044153.1	92.323	508	22	15	13	511	983	1482	0.0	706
2fe5771b-7f9c-4ebe-891b-9c9a90819153	NR_115354.1	92.126	508	23	15	13	511	983	1482	0.0	702
2fe5771b-7f9c-4ebe-891b-9c9a90819153	NR_179325.1	92.126	508	23	15	13	511	957	1456	0.0	701
2fe5771b-7f9c-4ebe-891b-9c9a90819153	NR_163639.1	91.929	508	24	15	13	511	998	1497	0.0	695
2fe5771b-7f9c-4ebe-891b-9c9a90819153	NR_074980.1	91.732	508	25	15	13	511	1010	1509	0.0	689
a5958050-4567-4192-ab0d-aebfb9f3c4c3	NR_024842.1	93.284	268	12	6	6	269	274	9	2.18e-108	390
a5958050-4567-4192-ab0d-aebfb9f3c4c3	NR_115241.1	92.830	265	12	7	3	262	263	1	1.70e-104	377
a5958050-4567-4192-ab0d-aebfb9f3c4c3	NR_115735.1	92.188	256	12	8	3	252	254	1	7.94e-98	355
a5958050-4567-4192-ab0d-aebfb9f3c4c3	NR_117425.1	89.963	269	18	7	3	265	266	1	8.00e-93	339
a5958050-4567-4192-ab0d-aebfb9f3c4c3	NR_165737.1	90.226	266	17	9	3	262	263	1	8.00e-93	339
f0da8213-a2bb-41a6-a873-4ec402a26d59	NR_042776.1	94.433	988	26	22	1	974	59	1031	0.0	1493
f0da8213-a2bb-41a6-a873-4ec402a26d59	NR_042778.1	94.231	988	28	22	1	974	59	1031	0.0	1482
f0da8213-a2bb-41a6-a873-4ec402a26d59	NR_042777.1	94.130	988	28	23	1	974	59	1030	0.0	1476
f0da8213-a2bb-41a6-a873-4ec402a26d59	NR_197695.1	93.826	988	32	23	1	974	58	1030	0.0	1459
f0da8213-a2bb-41a6-a873-4ec402a26d59	NR_118998.1	93.623	988	33	22	1	974	54	1025	0.0	1450
df456c1b-7a8e-4cd4-b074-99cf0f9bd5a0	NR_043459.1	92.698	630	19	18	1	615	1450	833	0.0	883
df456c1b-7a8e-4cd4-b074-99cf0f9bd5a0	NR_117694.1	92.698	630	19	18	1	615	1426	809	0.0	883
df456c1b-7a8e-4cd4-b074-99cf0f9bd5a0	NR_025892.1	92.063	630	23	18	1	615	1451	834	0.0	867
df456c1b-7a8e-4cd4-b074-99cf0f9bd5a0	NR_159156.1	92.222	630	21	19	1	615	1426	810	0.0	867
df456c1b-7a8e-4cd4-b074-99cf0f9bd5a0	NR_116766.1	92.076	631	20	21	1	615	1426	810	0.0	861
d10157f9-8ad0-4523-a542-a3111ccfd00f	NR_116168.1	94.874	1190	31	27	1	1170	1194	15	0.0	1832
d10157f9-8ad0-4523-a542-a3111ccfd00f	NR_042878.1	94.590	1183	34	27	1	1163	1173	1	0.0	1814
d10157f9-8ad0-4523-a542-a3111ccfd00f	NR_118762.1	93.025	1190	52	28	1	1170	1196	18	0.0	1746
d10157f9-8ad0-4523-a542-a3111ccfd00f	NR_118143.1	92.821	1184	55	28	1	1163	1175	1	0.0	1690
d10157f9-8ad0-4523-a542-a3111ccfd00f	NR_025423.1	92.249	1187	62	28	1	1166	1178	1	0.0	1655
89c89474-8b28-4321-9c80-e9a7326059df	NR_024842.1	96.567	903	20	11	19	912	589	1489	0.0	1485
89c89474-8b28-4321-9c80-e9a7326059df	NR_115735.1	96.563	902	20	11	19	911	565	1464	0.0	1483
89c89474-8b28-4321-9c80-e9a7326059df	NR_036936.1	96.556	900	19	12	19	908	574	1471	0.0	1480
89c89474-8b28-4321-9c80-e9a7326059df	NR_156072.1	96.235	903	23	11	19	912	594	1494	0.0	1469
89c89474-8b28-4321-9c80-e9a7326059df	NR_165737.1	96.333	900	21	12	19	908	574	1471	0.0	1469
eec97cf9-248e-49a1-9208-7e981b863403	NR_025862.1	94.600	463	16	9	1	458	12	470	0.0	713
eec97cf9-248e-49a1-9208-7e981b863403	NR_028682.1	93.305	463	21	8	2	458	13	471	0.0	675
eec97cf9-248e-49a1-9208-7e981b863403	NR_026454.1	88.444	450	38	12	20	458	1	447	2.17e-150	531
eec97cf9-248e-49a1-9208-7e981b863403	NR_114779.2	86.404	456	46	13	2	444	13	465	1.71e-136	484
eec97cf9-248e-49a1-9208-7e981b863403	NR_180911.1	85.653	467	51	15	2	458	1	461	2.86e-134	477
2c6b722d-f8eb-4066-89ae-72d5f57d4207	NR_028682.1	95.941	271	5	6	1	268	1295	1028	1.00e-121	435
2c6b722d-f8eb-4066-89ae-72d5f57d4207	NR_025862.1	95.203	271	7	6	1	268	1294	1027	6.04e-119	425
2c6b722d-f8eb-4066-89ae-72d5f57d4207	NR_042500.1	94.834	271	8	6	1	268	1225	958	1.01e-116	418
2c6b722d-f8eb-4066-89ae-72d5f57d4207	NR_026454.1	94.465	271	9	6	1	268	1271	1004	4.70e-115	412
2c6b722d-f8eb-4066-89ae-72d5f57d4207	NR_116890.1	93.407	273	12	5	1	270	1283	1014	3.66e-111	399
aab743d9-22f2-43f6-a584-e36c163980f8	NR_042776.1	96.471	680	14	7	1	675	836	162	0.0	1114
aab743d9-22f2-43f6-a584-e36c163980f8	NR_042778.1	96.176	680	16	7	1	675	836	162	0.0	1103
aab743d9-22f2-43f6-a584-e36c163980f8	NR_042777.1	96.029	680	16	8	1	675	835	162	0.0	1096
aab743d9-22f2-43f6-a584-e36c163980f8	NR_197695.1	95.882	680	18	7	1	675	835	161	0.0	1092
aab743d9-22f2-43f6-a584-e36c163980f8	NR_118998.1	95.735	680	19	7	1	675	831	157	0.0	1086
674d1297-338d-4478-ad09-2ac182ce9ea4	NR_044873.1	97.489	438	7	4	1	435	1029	1465	0.0	745
674d1297-338d-4478-ad09-2ac182ce9ea4	NR_178796.1	96.599	441	12	3	1	439	1037	1476	0.0	728
674d1297-338d-4478-ad09-2ac182ce9ea4	NR_178939.1	96.599	441	12	3	1	439	1038	1477	0.0	728
674d1297-338d-4478-ad09-2ac182ce9ea4	NR_074568.1	96.372	441	12	4	1	439	1039	1477	0.0	723
674d1297-338d-4478-ad09-2ac182ce9ea4	NR_117033.1	96.154	442	13	4	1	439	973	1413	0.0	719
fbef101a-0a06-409a-a4f9-9babb3c5f793	NR_163639.1	95.822	1125	27	19	7	1120	1119	4	0.0	1799
fbef101a-0a06-409a-a4f9-9babb3c5f793	NR_115355.1	95.942	1109	29	15	7	1104	1104	1	0.0	1788
fbef101a-0a06-409a-a4f9-9babb3c5f793	NR_119169.1	95.781	1114	31	15	7	1109	1109	1	0.0	1788
fbef101a-0a06-409a-a4f9-9babb3c5f793	NR_074980.1	95.285	1124	37	15	7	1119	1131	13	0.0	1768
fbef101a-0a06-409a-a4f9-9babb3c5f793	NR_113031.1	95.285	1124	37	15	7	1119	1131	13	0.0	1768
3c05116f-d60f-4816-8c05-f94f4bf20b1a	NR_115355.1	91.692	325	15	8	1	323	1168	1482	2.62e-123	440
3c05116f-d60f-4816-8c05-f94f4bf20b1a	NR_163639.1	91.692	325	15	8	1	323	1183	1497	2.62e-123	440
3c05116f-d60f-4816-8c05-f94f4bf20b1a	NR_179325.1	91.692	325	15	8	1	323	1142	1456	2.62e-123	440
3c05116f-d60f-4816-8c05-f94f4bf20b1a	NR_119169.1	91.385	325	16	8	1	323	1173	1487	1.22e-121	435
3c05116f-d60f-4816-8c05-f94f4bf20b1a	NR_115354.1	91.077	325	17	8	1	323	1168	1482	5.66e-120	429
9208a3db-f394-4bdb-b33d-30981c8e5770	NR_025842.1	86.490	718	68	25	1	706	775	1475	0.0	761
9208a3db-f394-4bdb-b33d-30981c8e5770	NR_112635.1	86.471	717	68	25	1	705	778	1477	0.0	760
9208a3db-f394-4bdb-b33d-30981c8e5770	NR_044546.1	86.212	718	71	26	1	706	796	1497	0.0	752
9208a3db-f394-4bdb-b33d-30981c8e5770	NR_144713.1	86.269	721	63	32	1	706	798	1497	0.0	750
9208a3db-f394-4bdb-b33d-30981c8e5770	NR_184608.1	85.836	706	74	22	1	696	816	1505	0.0	726
c5f927eb-aebe-410d-95d2-95e9eefb3539	NR_115355.1	95.570	1219	29	22	6	1211	1209	3	0.0	1932
c5f927eb-aebe-410d-95d2-95e9eefb3539	NR_163639.1	95.142	1235	30	28	6	1226	1224	6	0.0	1921
c5f927eb-aebe-410d-95d2-95e9eefb3539	NR_119169.1	95.324	1219	32	22	6	1211	1214	8	0.0	1919
c5f927eb-aebe-410d-95d2-95e9eefb3539	NR_074980.1	94.737	1235	39	23	6	1226	1236	14	0.0	1897
c5f927eb-aebe-410d-95d2-95e9eefb3539	NR_113031.1	94.737	1235	39	23	6	1226	1236	14	0.0	1897
9d6edb72-f0a4-4f78-8931-85584e44aa06	NR_116206.1	96.126	697	13	11	1	688	1272	581	0.0	1127
9d6edb72-f0a4-4f78-8931-85584e44aa06	NR_042928.1	96.126	697	13	11	1	688	1347	656	0.0	1125
9d6edb72-f0a4-4f78-8931-85584e44aa06	NR_179540.1	96.126	697	13	11	1	688	1367	676	0.0	1125
9d6edb72-f0a4-4f78-8931-85584e44aa06	NR_028665.1	95.983	697	14	11	1	688	1364	673	0.0	1120
9d6edb72-f0a4-4f78-8931-85584e44aa06	NR_115239.1	95.983	697	14	11	1	688	1347	656	0.0	1120
b86045d9-e879-48ea-913c-b4b67ccb451c	NR_042927.1	96.531	663	13	7	10	669	816	1471	0.0	1088
b86045d9-e879-48ea-913c-b4b67ccb451c	NR_115734.1	96.531	663	13	7	10	669	817	1472	0.0	1088
b86045d9-e879-48ea-913c-b4b67ccb451c	NR_179540.1	96.536	664	12	8	10	670	834	1489	0.0	1088
b86045d9-e879-48ea-913c-b4b67ccb451c	NR_042928.1	96.531	663	12	8	10	669	814	1468	0.0	1086
b86045d9-e879-48ea-913c-b4b67ccb451c	NR_028664.1	96.386	664	14	7	10	670	837	1493	0.0	1085
f14a6b04-fbe9-4442-a224-7ae89429683e	NR_117719.1	93.764	914	45	10	1	907	1002	94	0.0	1362
f14a6b04-fbe9-4442-a224-7ae89429683e	NR_199541.1	93.764	914	45	10	1	907	960	52	0.0	1362
f14a6b04-fbe9-4442-a224-7ae89429683e	NR_114172.1	93.654	914	46	10	1	907	982	74	0.0	1356
f14a6b04-fbe9-4442-a224-7ae89429683e	NR_165747.1	93.654	914	46	10	1	907	982	74	0.0	1356
f14a6b04-fbe9-4442-a224-7ae89429683e	NR_180629.1	93.654	914	46	10	1	907	964	56	0.0	1356
2a0f0f81-388e-4baa-9d20-6d595db8d801	NR_042928.1	91.576	736	31	24	1	722	719	1	0.0	987
2a0f0f81-388e-4baa-9d20-6d595db8d801	NR_112026.1	92.057	705	27	22	1	691	702	13	0.0	965
2a0f0f81-388e-4baa-9d20-6d595db8d801	NR_199547.1	92.000	700	28	22	1	686	699	14	0.0	957
2a0f0f81-388e-4baa-9d20-6d595db8d801	NR_114413.1	90.135	740	42	25	1	725	744	21	0.0	933
2a0f0f81-388e-4baa-9d20-6d595db8d801	NR_042927.1	90.095	737	42	25	1	722	721	1	0.0	928
f295353e-3143-4694-b880-c3df97294eb4	NR_115355.1	89.000	700	45	27	1	673	791	1485	0.0	837
f295353e-3143-4694-b880-c3df97294eb4	NR_179325.1	89.000	700	45	27	1	673	765	1459	0.0	837
f295353e-3143-4694-b880-c3df97294eb4	NR_163639.1	88.984	699	45	28	1	673	808	1500	0.0	835
f295353e-3143-4694-b880-c3df97294eb4	NR_119169.1	88.714	700	47	27	1	673	796	1490	0.0	830
f295353e-3143-4694-b880-c3df97294eb4	NR_115354.1	88.588	701	46	29	1	673	791	1485	0.0	822
cd6276e9-d852-4091-8a6e-b5ad04828284	NR_042776.1	92.443	569	26	15	1	558	486	1048	0.0	797
cd6276e9-d852-4091-8a6e-b5ad04828284	NR_042778.1	92.443	569	26	15	1	558	486	1048	0.0	797
cd6276e9-d852-4091-8a6e-b5ad04828284	NR_042777.1	92.267	569	26	16	1	558	486	1047	0.0	791
cd6276e9-d852-4091-8a6e-b5ad04828284	NR_197695.1	92.091	569	28	15	1	558	485	1047	0.0	785
cd6276e9-d852-4091-8a6e-b5ad04828284	NR_118998.1	91.740	569	29	16	1	558	481	1042	0.0	774
c958d99a-9937-4937-b136-f8930c5858ef	NR_117717.1	92.091	569	18	18	1	548	1481	919	0.0	776
c958d99a-9937-4937-b136-f8930c5858ef	NR_117696.1	92.091	569	18	18	1	548	1448	886	0.0	776
c958d99a-9937-4937-b136-f8930c5858ef	NR_104947.1	92.714	549	16	15	20	548	1416	872	0.0	771
c958d99a-9937-4937-b136-f8930c5858ef	NR_117694.1	91.916	569	19	19	1	548	1461	899	0.0	771
c958d99a-9937-4937-b136-f8930c5858ef	NR_025892.1	91.564	569	21	19	1	548	1486	924	0.0	765
0fec03a2-6e3f-4f6f-a86f-b6abf4b69457	NR_117694.1	90.747	897	47	30	1	874	586	1469	0.0	1164
0fec03a2-6e3f-4f6f-a86f-b6abf4b69457	NR_121687.1	90.524	897	49	30	1	874	606	1489	0.0	1153
0fec03a2-6e3f-4f6f-a86f-b6abf4b69457	NR_117692.1	90.412	897	50	30	1	874	586	1469	0.0	1147
0fec03a2-6e3f-4f6f-a86f-b6abf4b69457	NR_025902.1	90.190	897	52	30	1	874	564	1447	0.0	1136
0fec03a2-6e3f-4f6f-a86f-b6abf4b69457	NR_025892.1	90.101	889	52	30	1	866	611	1486	0.0	1131
dc9399af-8712-4c15-b723-dcce0738569e	NR_042776.1	97.078	753	9	9	1	748	759	1503	0.0	1256
dc9399af-8712-4c15-b723-dcce0738569e	NR_042777.1	97.078	753	9	9	1	748	758	1502	0.0	1256
dc9399af-8712-4c15-b723-dcce0738569e	NR_042778.1	96.813	753	11	9	1	748	759	1503	0.0	1245
dc9399af-8712-4c15-b723-dcce0738569e	NR_197695.1	96.547	753	13	9	1	748	758	1502	0.0	1234
dc9399af-8712-4c15-b723-dcce0738569e	NR_118998.1	96.149	753	15	10	1	748	754	1497	0.0	1218
10e74ebd-81e0-4e16-88fc-08e65bad715d	NR_179540.1	87.924	1416	108	47	1	1387	1394	13	0.0	1609
10e74ebd-81e0-4e16-88fc-08e65bad715d	NR_179385.1	87.853	1416	109	47	1	1387	1398	17	0.0	1604
10e74ebd-81e0-4e16-88fc-08e65bad715d	NR_042928.1	87.926	1408	107	47	1	1379	1374	1	0.0	1600
10e74ebd-81e0-4e16-88fc-08e65bad715d	NR_114413.1	87.588	1418	111	49	1	1387	1399	16	0.0	1583
10e74ebd-81e0-4e16-88fc-08e65bad715d	NR_116206.1	91.441	1180	58	33	1	1154	1299	137	0.0	1583
e3d7efed-d31a-4724-bad2-1452eb6f660d	NR_024842.1	92.908	1114	55	23	4	1105	1109	8	0.0	1602
e3d7efed-d31a-4724-bad2-1452eb6f660d	NR_115241.1	92.948	1106	54	23	4	1097	1094	1	0.0	1591
e3d7efed-d31a-4724-bad2-1452eb6f660d	NR_178515.1	92.690	1108	53	27	4	1097	1094	1	0.0	1572
e3d7efed-d31a-4724-bad2-1452eb6f660d	NR_115735.1	92.890	1097	53	24	4	1087	1085	1	0.0	1570
e3d7efed-d31a-4724-bad2-1452eb6f660d	NR_165737.1	92.419	1108	56	27	4	1097	1094	1	0.0	1555
b186ed2a-9e83-448c-8b02-7eda6fb51f78	NR_042776.1	95.937	1206	26	17	1	1192	304	1500	0.0	1934
b186ed2a-9e83-448c-8b02-7eda6fb51f78	NR_042777.1	95.854	1206	26	18	1	1192	304	1499	0.0	1929
b186ed2a-9e83-448c-8b02-7eda6fb51f78	NR_042778.1	95.688	1206	29	17	1	1192	304	1500	0.0	1917
b186ed2a-9e83-448c-8b02-7eda6fb51f78	NR_197695.1	95.605	1206	30	17	1	1192	303	1499	0.0	1912
b186ed2a-9e83-448c-8b02-7eda6fb51f78	NR_118998.1	95.108	1206	35	18	1	1192	299	1494	0.0	1879
80cba461-253a-4f02-ba71-64443b7c9ec1	NR_109720.1	96.849	1206	25	11	1	1196	1205	3	0.0	2004
80cba461-253a-4f02-ba71-64443b7c9ec1	NR_036936.1	96.352	1206	31	11	1	1196	1211	9	0.0	1973
80cba461-253a-4f02-ba71-64443b7c9ec1	NR_178515.1	96.186	1206	33	10	1	1196	1211	9	0.0	1960
80cba461-253a-4f02-ba71-64443b7c9ec1	NR_165737.1	96.103	1206	34	10	1	1196	1211	9	0.0	1954
80cba461-253a-4f02-ba71-64443b7c9ec1	NR_042928.1	95.771	1206	36	13	1	1196	1209	9	0.0	1930
49a06ee0-06e9-40e6-813e-b665d9ccef3f	NR_026419.1	97.384	344	5	4	11	350	344	1	4.55e-166	582
49a06ee0-06e9-40e6-813e-b665d9ccef3f	NR_025903.1	94.302	351	14	6	11	356	356	7	4.65e-151	532
49a06ee0-06e9-40e6-813e-b665d9ccef3f	NR_025904.1	94.017	351	15	6	11	356	355	6	2.16e-149	527
49a06ee0-06e9-40e6-813e-b665d9ccef3f	NR_133753.1	94.534	311	12	5	11	317	310	1	7.95e-134	475
49a06ee0-06e9-40e6-813e-b665d9ccef3f	NR_036920.1	90.598	351	24	9	11	356	349	3	2.88e-128	457
13351148-b4e4-46bc-9e9b-6ba8b04cace6	NR_136788.1	95.883	753	12	8	1	741	758	13	0.0	1201
13351148-b4e4-46bc-9e9b-6ba8b04cace6	NR_113082.1	92.971	754	32	10	1	741	758	13	0.0	1079
13351148-b4e4-46bc-9e9b-6ba8b04cace6	NR_026230.1	91.667	744	41	10	1	731	736	1	0.0	1029
13351148-b4e4-46bc-9e9b-6ba8b04cace6	NR_152035.1	88.193	703	65	13	46	741	705	14	0.0	822
13351148-b4e4-46bc-9e9b-6ba8b04cace6	NR_113088.1	87.767	703	68	12	46	741	692	1	0.0	806
898d6eb7-44b8-42a4-9ed9-af907d3efa80	NR_115735.1	89.885	959	42	39	1	916	447	1393	0.0	1182
898d6eb7-44b8-42a4-9ed9-af907d3efa80	NR_116211.1	89.885	959	42	39	1	916	379	1325	0.0	1182
898d6eb7-44b8-42a4-9ed9-af907d3efa80	NR_178515.1	89.885	959	42	39	1	916	456	1402	0.0	1182
898d6eb7-44b8-42a4-9ed9-af907d3efa80	NR_024842.1	89.781	959	43	39	1	916	471	1417	0.0	1179
898d6eb7-44b8-42a4-9ed9-af907d3efa80	NR_115241.1	89.677	959	44	39	1	916	456	1402	0.0	1175
26b82194-e2c7-447c-a9c0-1e4e4fc4fabf	NR_115735.1	98.093	1206	13	9	1	1196	256	1461	0.0	2091
26b82194-e2c7-447c-a9c0-1e4e4fc4fabf	NR_024842.1	97.934	1210	15	9	1	1200	280	1489	0.0	2089
26b82194-e2c7-447c-a9c0-1e4e4fc4fabf	NR_165737.1	97.929	1207	14	10	1	1196	265	1471	0.0	2080
26b82194-e2c7-447c-a9c0-1e4e4fc4fabf	NR_115241.1	97.844	1206	16	9	1	1196	265	1470	0.0	2078
26b82194-e2c7-447c-a9c0-1e4e4fc4fabf	NR_036936.1	97.680	1207	17	10	1	1196	265	1471	0.0	2063
7894cc67-b3b1-440b-9c0a-44f1345465f2	NR_028664.1	94.725	1289	22	37	1	1250	215	1496	0.0	1962
7894cc67-b3b1-440b-9c0a-44f1345465f2	NR_179383.1	94.647	1289	23	37	1	1250	219	1500	0.0	1956
7894cc67-b3b1-440b-9c0a-44f1345465f2	NR_115240.1	94.708	1285	22	37	1	1246	192	1469	0.0	1954
7894cc67-b3b1-440b-9c0a-44f1345465f2	NR_199545.1	94.647	1289	22	38	1	1250	212	1492	0.0	1954
7894cc67-b3b1-440b-9c0a-44f1345465f2	NR_042927.1	94.630	1285	23	37	1	1246	194	1471	0.0	1949
b28f8b70-92a5-4307-b974-0a4bcce43439	NR_026419.1	97.032	1112	22	11	10	1115	1223	117	0.0	1860
b28f8b70-92a5-4307-b974-0a4bcce43439	NR_133753.1	95.950	1111	35	10	10	1115	1189	84	0.0	1794
b28f8b70-92a5-4307-b974-0a4bcce43439	NR_025903.1	95.950	1111	35	10	10	1115	1235	130	0.0	1794
b28f8b70-92a5-4307-b974-0a4bcce43439	NR_133752.1	95.680	1111	38	10	10	1115	1160	55	0.0	1777
b28f8b70-92a5-4307-b974-0a4bcce43439	NR_025904.1	95.238	1113	39	13	10	1115	1234	129	0.0	1749
aa0e1f76-b10b-48c5-9b18-f78ac2371be4	NR_042776.1	95.254	590	15	9	1	585	599	18	0.0	922
aa0e1f76-b10b-48c5-9b18-f78ac2371be4	NR_042778.1	94.915	590	17	9	1	585	599	18	0.0	911
aa0e1f76-b10b-48c5-9b18-f78ac2371be4	NR_042777.1	94.746	590	17	9	1	585	598	18	0.0	905
aa0e1f76-b10b-48c5-9b18-f78ac2371be4	NR_197695.1	94.407	590	20	9	1	585	598	17	0.0	894
aa0e1f76-b10b-48c5-9b18-f78ac2371be4	NR_118998.1	94.237	590	21	9	1	585	594	13	0.0	891
8d601157-89a9-4f02-9f31-b0f7b66b9fcc	NR_042776.1	93.488	645	20	17	20	650	863	1499	0.0	939
8d601157-89a9-4f02-9f31-b0f7b66b9fcc	NR_042777.1	93.488	645	20	17	20	650	862	1498	0.0	939
8d601157-89a9-4f02-9f31-b0f7b66b9fcc	NR_042778.1	93.178	645	22	17	20	650	863	1499	0.0	928
8d601157-89a9-4f02-9f31-b0f7b66b9fcc	NR_197695.1	93.023	645	23	17	20	650	862	1498	0.0	922
8d601157-89a9-4f02-9f31-b0f7b66b9fcc	NR_118998.1	92.857	644	25	17	20	650	858	1493	0.0	915
d2e1d4c6-c161-4754-8b4c-9fcf1232434e	NR_117694.1	94.368	1456	46	32	1	1432	1444	1	0.0	2202
d2e1d4c6-c161-4754-8b4c-9fcf1232434e	NR_025892.1	93.269	1456	61	33	1	1432	1469	27	0.0	2135
d2e1d4c6-c161-4754-8b4c-9fcf1232434e	NR_117717.1	93.540	1455	59	31	1	1432	1464	22	0.0	2134
d2e1d4c6-c161-4754-8b4c-9fcf1232434e	NR_117696.1	93.754	1441	57	29	1	1419	1431	2	0.0	2132
d2e1d4c6-c161-4754-8b4c-9fcf1232434e	NR_117692.1	93.471	1455	61	29	1	1432	1444	1	0.0	2130
9f3e66ac-b509-4483-b9cf-bb803c241bab	NR_042776.1	96.567	466	7	7	1	462	1042	1502	0.0	763
9f3e66ac-b509-4483-b9cf-bb803c241bab	NR_042777.1	96.567	466	7	7	1	462	1041	1501	0.0	763
9f3e66ac-b509-4483-b9cf-bb803c241bab	NR_042778.1	96.137	466	9	7	1	462	1042	1502	0.0	752
9f3e66ac-b509-4483-b9cf-bb803c241bab	NR_118998.1	96.137	466	9	7	1	462	1036	1496	0.0	752
9f3e66ac-b509-4483-b9cf-bb803c241bab	NR_197695.1	96.137	466	9	7	1	462	1041	1501	0.0	752
22a399f4-f10d-49a1-8071-048c18b97756	NR_181987.1	94.788	307	9	6	1	303	193	496	8.57e-133	472
22a399f4-f10d-49a1-8071-048c18b97756	NR_117425.1	94.481	308	8	8	1	303	189	492	3.99e-131	466
22a399f4-f10d-49a1-8071-048c18b97756	NR_028833.1	94.444	306	10	6	2	303	214	516	1.43e-130	464
22a399f4-f10d-49a1-8071-048c18b97756	NR_178515.1	94.463	307	8	8	2	303	187	489	1.43e-130	464
22a399f4-f10d-49a1-8071-048c18b97756	NR_042051.1	94.426	305	10	6	3	303	140	441	5.16e-130	462
