7a246e8f-bf0d-4120-8b8b-436b4f1de6af	NR_024842.1	97.493	359	4	5	4	359	1133	1489	7.58e-174	608
7a246e8f-bf0d-4120-8b8b-436b4f1de6af	NR_115735.1	97.486	358	4	5	4	358	1109	1464	2.73e-173	606
7a246e8f-bf0d-4120-8b8b-436b4f1de6af	NR_178262.1	97.222	360	4	5	4	359	1012	1369	9.81e-173	604
7a246e8f-bf0d-4120-8b8b-436b4f1de6af	NR_179215.1	97.222	360	4	5	4	359	1134	1491	9.81e-173	604
7a246e8f-bf0d-4120-8b8b-436b4f1de6af	NR_179720.1	96.970	363	5	5	1	359	1135	1495	9.81e-173	604
a19106f8-fa13-4c35-8b0e-34c4c66b9c17	NR_179540.1	94.961	635	18	14	1	628	865	1492	0.0	983
a19106f8-fa13-4c35-8b0e-34c4c66b9c17	NR_028664.1	94.803	635	20	11	1	628	868	1496	0.0	977
a19106f8-fa13-4c35-8b0e-34c4c66b9c17	NR_117719.1	94.803	635	20	11	1	628	865	1493	0.0	977
a19106f8-fa13-4c35-8b0e-34c4c66b9c17	NR_179383.1	94.803	635	20	11	1	628	872	1500	0.0	977
a19106f8-fa13-4c35-8b0e-34c4c66b9c17	NR_042927.1	94.929	631	19	11	1	624	847	1471	0.0	976
2b62f836-a38f-45a2-98f4-9b69e24b802a	NR_042776.1	94.027	904	31	19	1	892	1136	244	0.0	1349
2b62f836-a38f-45a2-98f4-9b69e24b802a	NR_042777.1	93.916	904	31	20	1	892	1135	244	0.0	1343
2b62f836-a38f-45a2-98f4-9b69e24b802a	NR_042778.1	93.916	904	32	19	1	892	1136	244	0.0	1343
2b62f836-a38f-45a2-98f4-9b69e24b802a	NR_197695.1	93.916	904	32	19	1	892	1135	243	0.0	1343
2b62f836-a38f-45a2-98f4-9b69e24b802a	NR_118998.1	93.142	904	38	19	1	892	1130	239	0.0	1304
92e41327-656f-4e43-b6d4-07743aad0d81	NR_042776.1	97.577	454	7	4	1	451	1042	1494	0.0	774
92e41327-656f-4e43-b6d4-07743aad0d81	NR_042777.1	97.577	454	7	4	1	451	1041	1493	0.0	774
92e41327-656f-4e43-b6d4-07743aad0d81	NR_042778.1	97.137	454	9	4	1	451	1042	1494	0.0	763
92e41327-656f-4e43-b6d4-07743aad0d81	NR_118998.1	97.137	454	9	4	1	451	1036	1488	0.0	763
92e41327-656f-4e43-b6d4-07743aad0d81	NR_197695.1	97.137	454	9	4	1	451	1041	1493	0.0	763
2c8090c9-6a02-4181-a7f6-d27d29f64725	NR_119170.1	96.040	404	7	7	1	395	407	4	0.0	649
2c8090c9-6a02-4181-a7f6-d27d29f64725	NR_115354.1	96.020	402	7	7	1	393	402	1	0.0	645
2c8090c9-6a02-4181-a7f6-d27d29f64725	NR_119168.1	95.074	406	11	7	1	397	407	2	1.85e-180	630
2c8090c9-6a02-4181-a7f6-d27d29f64725	NR_119169.1	94.828	406	12	7	1	397	407	2	2.40e-179	627
2c8090c9-6a02-4181-a7f6-d27d29f64725	NR_074980.1	94.828	406	12	7	1	397	429	24	8.62e-179	625
6016409f-753b-4032-b9ce-0792ecbb7d2b	NR_042776.1	97.985	397	2	4	11	405	275	667	0.0	684
6016409f-753b-4032-b9ce-0792ecbb7d2b	NR_197695.1	97.985	397	2	4	11	405	274	666	0.0	684
6016409f-753b-4032-b9ce-0792ecbb7d2b	NR_042778.1	97.277	404	4	5	5	405	268	667	0.0	678
6016409f-753b-4032-b9ce-0792ecbb7d2b	NR_042777.1	97.733	397	2	5	11	405	275	666	0.0	676
6016409f-753b-4032-b9ce-0792ecbb7d2b	NR_118998.1	97.229	397	5	4	11	405	270	662	0.0	667
1bc9f7e9-71a6-4b2e-b817-12e305983a9b	NR_042928.1	93.904	1099	42	19	1	1082	1116	26	0.0	1635
1bc9f7e9-71a6-4b2e-b817-12e305983a9b	NR_112026.1	93.796	1096	42	20	4	1082	1095	9	0.0	1626
1bc9f7e9-71a6-4b2e-b817-12e305983a9b	NR_199541.1	93.722	1099	43	20	1	1082	1094	5	0.0	1624
1bc9f7e9-71a6-4b2e-b817-12e305983a9b	NR_199547.1	93.716	1098	41	22	4	1082	1093	5	0.0	1620
1bc9f7e9-71a6-4b2e-b817-12e305983a9b	NR_165747.1	93.642	1101	40	24	4	1082	1118	26	0.0	1618
61fa6bf0-d8c1-4348-8670-ba25e4e5576d	NR_028664.1	93.664	363	19	4	18	377	377	16	2.95e-153	540
61fa6bf0-d8c1-4348-8670-ba25e4e5576d	NR_179383.1	93.664	363	19	4	18	377	381	20	2.95e-153	540
61fa6bf0-d8c1-4348-8670-ba25e4e5576d	NR_179385.1	92.800	375	23	4	6	377	390	17	2.95e-153	540
61fa6bf0-d8c1-4348-8670-ba25e4e5576d	NR_199545.1	93.388	363	20	4	18	377	374	13	1.37e-151	534
61fa6bf0-d8c1-4348-8670-ba25e4e5576d	NR_028665.1	93.113	363	21	4	18	377	371	10	1.78e-150	531
476e511e-5fc9-4e74-918f-c031a87843d1	NR_163639.1	94.460	1444	30	42	4	1411	1433	4	0.0	2178
476e511e-5fc9-4e74-918f-c031a87843d1	NR_115355.1	94.674	1427	30	37	4	1393	1418	1	0.0	2176
476e511e-5fc9-4e74-918f-c031a87843d1	NR_119169.1	94.410	1431	34	37	4	1397	1423	2	0.0	2165
476e511e-5fc9-4e74-918f-c031a87843d1	NR_074980.1	93.772	1445	40	38	4	1410	1445	13	0.0	2124
476e511e-5fc9-4e74-918f-c031a87843d1	NR_113031.1	93.772	1445	40	38	4	1410	1445	13	0.0	2124
f51ca9e0-16f9-41b9-bcc6-022abed2b51f	NR_117694.1	96.851	794	11	12	1	785	679	1467	0.0	1315
f51ca9e0-16f9-41b9-bcc6-022abed2b51f	NR_121687.1	96.599	794	13	12	1	785	699	1487	0.0	1304
f51ca9e0-16f9-41b9-bcc6-022abed2b51f	NR_117692.1	96.599	794	13	12	1	785	679	1467	0.0	1304
f51ca9e0-16f9-41b9-bcc6-022abed2b51f	NR_025892.1	96.574	788	13	12	1	779	704	1486	0.0	1299
f51ca9e0-16f9-41b9-bcc6-022abed2b51f	NR_025902.1	96.348	794	15	12	1	785	657	1445	0.0	1293
f7a7945a-99e5-4a6a-9263-5d81b5647457	NR_102895.1	93.579	1495	48	41	1	1475	1487	21	0.0	2185
f7a7945a-99e5-4a6a-9263-5d81b5647457	NR_113113.1	93.512	1495	49	41	1	1475	1467	1	0.0	2180
f7a7945a-99e5-4a6a-9263-5d81b5647457	NR_042843.1	93.540	1486	49	40	1	1466	1459	1	0.0	2170
f7a7945a-99e5-4a6a-9263-5d81b5647457	NR_114305.1	92.518	1497	60	46	1	1475	1479	13	0.0	2097
f7a7945a-99e5-4a6a-9263-5d81b5647457	NR_109628.1	92.478	1489	61	42	1	1467	1460	1	0.0	2082
31c9dad9-a415-464b-bd6c-90049055c1f8	NR_036936.1	92.812	793	44	9	3	792	689	1471	0.0	1136
31c9dad9-a415-464b-bd6c-90049055c1f8	NR_024842.1	92.588	796	47	8	3	796	704	1489	0.0	1133
31c9dad9-a415-464b-bd6c-90049055c1f8	NR_179540.1	92.588	796	47	8	3	796	707	1492	0.0	1133
31c9dad9-a415-464b-bd6c-90049055c1f8	NR_117719.1	92.472	797	47	9	3	796	707	1493	0.0	1127
31c9dad9-a415-464b-bd6c-90049055c1f8	NR_028664.1	92.346	797	48	9	3	796	710	1496	0.0	1122
5a700d08-e393-4c5b-bfb9-c47f376c98b3	NR_116168.1	97.069	580	12	5	4	581	595	19	0.0	972
5a700d08-e393-4c5b-bfb9-c47f376c98b3	NR_042878.1	96.534	577	15	5	4	578	574	1	0.0	959
5a700d08-e393-4c5b-bfb9-c47f376c98b3	NR_118762.1	94.483	580	27	5	4	581	598	22	0.0	909
5a700d08-e393-4c5b-bfb9-c47f376c98b3	NR_025423.1	94.158	582	27	7	4	581	579	1	0.0	880
5a700d08-e393-4c5b-bfb9-c47f376c98b3	NR_118143.1	93.782	579	29	7	4	578	576	1	0.0	865
736320a3-9469-4fdf-8bde-4682ccdbcc52	NR_025903.1	93.467	597	20	17	1	588	592	6	0.0	869
736320a3-9469-4fdf-8bde-4682ccdbcc52	NR_133753.1	93.455	550	20	15	1	541	546	4	0.0	802
736320a3-9469-4fdf-8bde-4682ccdbcc52	NR_026419.1	91.186	590	32	18	1	580	580	1	0.0	784
736320a3-9469-4fdf-8bde-4682ccdbcc52	NR_025904.1	90.651	599	33	21	1	588	591	5	0.0	774
736320a3-9469-4fdf-8bde-4682ccdbcc52	NR_133752.1	92.912	522	21	15	1	513	517	3	0.0	745
57c7919c-66c0-4b7d-a05d-cdc646edfd1c	NR_026419.1	94.440	1403	46	26	1	1381	1393	1	0.0	2130
57c7919c-66c0-4b7d-a05d-cdc646edfd1c	NR_025903.1	93.096	1405	64	24	1	1383	1405	12	0.0	2026
57c7919c-66c0-4b7d-a05d-cdc646edfd1c	NR_025904.1	92.674	1406	68	26	1	1383	1404	11	0.0	1993
57c7919c-66c0-4b7d-a05d-cdc646edfd1c	NR_133753.1	93.207	1369	61	23	1	1347	1359	1	0.0	1984
57c7919c-66c0-4b7d-a05d-cdc646edfd1c	NR_133752.1	93.204	1339	60	22	1	1317	1330	1	0.0	1940
88347bb5-49de-4040-9490-ff0aff2bedf1	NR_024842.1	90.652	353	18	11	15	354	1143	1493	1.02e-127	455
88347bb5-49de-4040-9490-ff0aff2bedf1	NR_178262.1	90.395	354	18	12	15	354	1022	1373	1.32e-126	451
88347bb5-49de-4040-9490-ff0aff2bedf1	NR_179215.1	90.395	354	18	12	15	354	1144	1495	1.32e-126	451
88347bb5-49de-4040-9490-ff0aff2bedf1	NR_179720.1	90.395	354	18	12	15	354	1148	1499	1.32e-126	451
88347bb5-49de-4040-9490-ff0aff2bedf1	NR_028666.1	90.113	354	19	12	15	354	1152	1503	6.16e-125	446
982d54d8-09d7-48d7-8353-6cc0c7ae5db2	NR_115355.1	94.656	524	21	6	1	520	966	1486	0.0	806
982d54d8-09d7-48d7-8353-6cc0c7ae5db2	NR_163639.1	94.466	524	22	6	1	520	981	1501	0.0	800
982d54d8-09d7-48d7-8353-6cc0c7ae5db2	NR_179325.1	94.275	524	23	6	1	520	940	1460	0.0	795
982d54d8-09d7-48d7-8353-6cc0c7ae5db2	NR_119169.1	94.084	524	24	6	1	520	971	1491	0.0	793
982d54d8-09d7-48d7-8353-6cc0c7ae5db2	NR_115354.1	93.893	524	25	6	1	520	966	1486	0.0	785
21e970dc-2541-4a70-9874-2d8d2470f25f	NR_042776.1	93.918	1447	44	37	6	1420	62	1496	0.0	2145
21e970dc-2541-4a70-9874-2d8d2470f25f	NR_042777.1	93.711	1447	46	37	6	1420	62	1495	0.0	2126
21e970dc-2541-4a70-9874-2d8d2470f25f	NR_042778.1	93.638	1446	50	35	6	1420	62	1496	0.0	2122
21e970dc-2541-4a70-9874-2d8d2470f25f	NR_197695.1	93.435	1447	51	36	6	1420	61	1495	0.0	2106
21e970dc-2541-4a70-9874-2d8d2470f25f	NR_118998.1	93.223	1446	55	35	6	1420	57	1490	0.0	2089
a971a94e-5223-4c70-b2c3-3098d5069f03	NR_042928.1	96.652	448	6	6	1	440	447	1	0.0	736
a971a94e-5223-4c70-b2c3-3098d5069f03	NR_165747.1	95.536	448	11	6	1	440	447	1	0.0	708
a971a94e-5223-4c70-b2c3-3098d5069f03	NR_112026.1	96.520	431	6	6	1	423	430	1	0.0	704
a971a94e-5223-4c70-b2c3-3098d5069f03	NR_117719.1	94.900	451	14	6	1	443	467	18	0.0	697
a971a94e-5223-4c70-b2c3-3098d5069f03	NR_036936.1	94.878	449	14	5	1	440	449	1	0.0	695
dd57e1ff-2b4b-4267-afa8-be8fd2356dfa	NR_178262.1	96.935	261	3	4	2	258	1110	1369	3.45e-121	433
dd57e1ff-2b4b-4267-afa8-be8fd2356dfa	NR_179215.1	96.935	261	3	4	2	258	1232	1491	3.45e-121	433
dd57e1ff-2b4b-4267-afa8-be8fd2356dfa	NR_024842.1	96.538	260	5	3	2	258	1231	1489	1.61e-119	427
dd57e1ff-2b4b-4267-afa8-be8fd2356dfa	NR_028666.1	96.552	261	4	4	2	258	1240	1499	1.61e-119	427
dd57e1ff-2b4b-4267-afa8-be8fd2356dfa	NR_028833.1	96.552	261	4	4	2	258	1243	1502	1.61e-119	427
f08d4391-5f55-471f-af22-9071e5d0f374	NR_113121.1	96.296	891	22	9	1	885	592	1477	0.0	1452
f08d4391-5f55-471f-af22-9071e5d0f374	NR_026417.1	95.847	891	23	12	1	882	569	1454	0.0	1428
f08d4391-5f55-471f-af22-9071e5d0f374	NR_112878.1	93.939	891	43	9	1	885	592	1477	0.0	1336
f08d4391-5f55-471f-af22-9071e5d0f374	NR_113107.1	93.154	891	50	9	1	885	480	1365	0.0	1297
f08d4391-5f55-471f-af22-9071e5d0f374	NR_113106.1	92.929	891	52	9	1	885	594	1479	0.0	1290
df8e2590-0ae0-4fe8-b41a-37f00e5cdde2	NR_042776.1	96.852	953	20	7	1	944	969	18	0.0	1585
df8e2590-0ae0-4fe8-b41a-37f00e5cdde2	NR_042778.1	96.642	953	22	7	1	944	969	18	0.0	1574
df8e2590-0ae0-4fe8-b41a-37f00e5cdde2	NR_042777.1	96.537	953	22	8	1	944	968	18	0.0	1567
df8e2590-0ae0-4fe8-b41a-37f00e5cdde2	NR_197695.1	96.327	953	25	7	1	944	968	17	0.0	1557
df8e2590-0ae0-4fe8-b41a-37f00e5cdde2	NR_118998.1	95.908	953	28	8	1	944	963	13	0.0	1535
411fdb1e-1e7d-453a-8638-d23712844014	NR_136788.1	99.565	230	0	1	1	230	242	14	8.49e-117	418
411fdb1e-1e7d-453a-8638-d23712844014	NR_113082.1	96.957	230	6	1	1	230	242	14	8.61e-107	385
411fdb1e-1e7d-453a-8638-d23712844014	NR_026230.1	92.760	221	15	1	1	221	220	1	8.79e-92	335
411fdb1e-1e7d-453a-8638-d23712844014	NR_074234.1	88.841	233	19	7	1	230	249	21	4.18e-75	279
411fdb1e-1e7d-453a-8638-d23712844014	NR_113086.1	88.841	233	19	7	1	230	242	14	4.18e-75	279
979f469c-f99f-4d5f-b2c9-ecfad0fb6c3f	NR_115355.1	97.152	597	11	6	1	594	791	1384	0.0	1003
979f469c-f99f-4d5f-b2c9-ecfad0fb6c3f	NR_179325.1	97.152	597	11	6	1	594	765	1358	0.0	1003
979f469c-f99f-4d5f-b2c9-ecfad0fb6c3f	NR_041879.1	96.990	598	11	7	1	594	748	1342	0.0	998
979f469c-f99f-4d5f-b2c9-ecfad0fb6c3f	NR_163639.1	96.985	597	10	8	1	594	808	1399	0.0	996
979f469c-f99f-4d5f-b2c9-ecfad0fb6c3f	NR_119169.1	96.650	597	14	6	1	594	796	1389	0.0	990
d7426589-5ebc-4199-afdf-10483c920dfe	NR_115735.1	91.285	1377	65	44	4	1345	108	1464	0.0	1827
d7426589-5ebc-4199-afdf-10483c920dfe	NR_024842.1	91.147	1378	67	44	4	1346	132	1489	0.0	1821
d7426589-5ebc-4199-afdf-10483c920dfe	NR_115241.1	91.121	1374	67	44	4	1342	117	1470	0.0	1814
d7426589-5ebc-4199-afdf-10483c920dfe	NR_165737.1	90.902	1374	71	43	4	1342	117	1471	0.0	1796
d7426589-5ebc-4199-afdf-10483c920dfe	NR_116211.1	91.826	1309	56	41	4	1280	40	1329	0.0	1777
2fa28514-b8e0-44f3-8a39-27d248988aa1	NR_042776.1	92.308	871	23	30	1	834	1443	580	0.0	1197
2fa28514-b8e0-44f3-8a39-27d248988aa1	NR_042777.1	92.308	871	23	30	1	834	1442	579	0.0	1197
2fa28514-b8e0-44f3-8a39-27d248988aa1	NR_042778.1	92.193	871	24	30	1	834	1443	580	0.0	1192
2fa28514-b8e0-44f3-8a39-27d248988aa1	NR_197695.1	91.963	871	26	30	1	834	1442	579	0.0	1181
2fa28514-b8e0-44f3-8a39-27d248988aa1	NR_118998.1	91.839	870	28	30	1	834	1437	575	0.0	1173
0a434eee-70b6-4be8-bb02-5daa06e3bd28	NR_042776.1	97.796	499	9	2	1	497	521	23	0.0	859
0a434eee-70b6-4be8-bb02-5daa06e3bd28	NR_197695.1	97.796	499	9	1	1	497	520	22	0.0	859
0a434eee-70b6-4be8-bb02-5daa06e3bd28	NR_042777.1	97.595	499	9	3	1	497	520	23	0.0	852
0a434eee-70b6-4be8-bb02-5daa06e3bd28	NR_042778.1	97.395	499	11	2	1	497	521	23	0.0	848
0a434eee-70b6-4be8-bb02-5daa06e3bd28	NR_118998.1	96.393	499	16	2	1	497	516	18	0.0	822
be6e149f-c7aa-4287-80ca-f5abbc795d06	NR_163639.1	94.885	391	13	6	1	386	392	4	1.05e-172	604
be6e149f-c7aa-4287-80ca-f5abbc795d06	NR_074980.1	94.118	391	16	6	1	385	402	13	1.06e-167	588
be6e149f-c7aa-4287-80ca-f5abbc795d06	NR_113031.1	94.118	391	16	6	1	385	402	13	1.06e-167	588
be6e149f-c7aa-4287-80ca-f5abbc795d06	NR_119169.1	94.226	381	15	6	1	375	380	1	2.30e-164	577
be6e149f-c7aa-4287-80ca-f5abbc795d06	NR_119170.1	94.226	381	15	6	1	375	380	1	2.30e-164	577
539dacdf-dbd1-4f63-98be-2e8e3965a02b	NR_024842.1	98.473	131	0	2	15	143	1359	1489	2.51e-60	230
539dacdf-dbd1-4f63-98be-2e8e3965a02b	NR_041706.1	98.473	131	0	2	15	143	1354	1484	2.51e-60	230
539dacdf-dbd1-4f63-98be-2e8e3965a02b	NR_042052.1	98.473	131	0	2	15	143	1267	1397	2.51e-60	230
539dacdf-dbd1-4f63-98be-2e8e3965a02b	NR_025036.1	98.473	131	0	2	15	143	1363	1493	2.51e-60	230
539dacdf-dbd1-4f63-98be-2e8e3965a02b	NR_025625.1	98.473	131	0	2	15	143	1353	1483	2.51e-60	230
47c85915-2d85-403b-b81a-ee1cd3b35013	NR_036936.1	96.944	1276	19	16	1	1259	199	1471	0.0	2122
47c85915-2d85-403b-b81a-ee1cd3b35013	NR_109720.1	97.082	1268	17	16	1	1251	193	1457	0.0	2119
47c85915-2d85-403b-b81a-ee1cd3b35013	NR_115735.1	96.932	1271	19	16	9	1262	197	1464	0.0	2113
47c85915-2d85-403b-b81a-ee1cd3b35013	NR_024842.1	96.711	1277	22	16	9	1268	221	1494	0.0	2111
47c85915-2d85-403b-b81a-ee1cd3b35013	NR_165737.1	96.708	1276	22	16	1	1259	199	1471	0.0	2106
7a8772a4-5951-4872-8f6a-a3ef3c185acb	NR_024842.1	93.395	863	30	23	1	846	861	9	0.0	1256
7a8772a4-5951-4872-8f6a-a3ef3c185acb	NR_115241.1	93.575	856	28	23	1	839	846	1	0.0	1251
7a8772a4-5951-4872-8f6a-a3ef3c185acb	NR_115735.1	93.388	847	28	24	1	829	837	1	0.0	1229
7a8772a4-5951-4872-8f6a-a3ef3c185acb	NR_178515.1	93.116	857	30	25	1	839	846	1	0.0	1229
7a8772a4-5951-4872-8f6a-a3ef3c185acb	NR_165737.1	92.882	857	32	25	1	839	846	1	0.0	1218
c4419843-3840-4729-97c8-7698f2f34480	NR_028664.1	96.456	790	14	13	12	795	715	1496	0.0	1291
c4419843-3840-4729-97c8-7698f2f34480	NR_117719.1	96.456	790	14	13	12	795	712	1493	0.0	1291
c4419843-3840-4729-97c8-7698f2f34480	NR_175455.1	96.456	790	15	12	12	795	700	1482	0.0	1291
c4419843-3840-4729-97c8-7698f2f34480	NR_115240.1	96.903	775	11	12	12	780	692	1459	0.0	1286
c4419843-3840-4729-97c8-7698f2f34480	NR_179383.1	96.329	790	15	13	12	795	719	1500	0.0	1286
4b1cbd72-6ee2-4213-9e2b-fa93b5b03634	NR_115355.1	94.199	1086	38	18	1	1072	159	1233	0.0	1635
4b1cbd72-6ee2-4213-9e2b-fa93b5b03634	NR_074980.1	94.199	1086	38	18	1	1072	186	1260	0.0	1633
4b1cbd72-6ee2-4213-9e2b-fa93b5b03634	NR_113031.1	94.199	1086	38	18	1	1072	186	1260	0.0	1633
4b1cbd72-6ee2-4213-9e2b-fa93b5b03634	NR_179325.1	94.199	1086	38	18	1	1072	133	1207	0.0	1633
4b1cbd72-6ee2-4213-9e2b-fa93b5b03634	NR_041879.1	94.112	1087	38	19	1	1072	116	1191	0.0	1629
7ec20e51-039d-4aab-b8b4-d4cb754220fb	NR_043332.1	91.163	215	10	6	5	212	1273	1485	2.94e-76	283
7ec20e51-039d-4aab-b8b4-d4cb754220fb	NR_074980.1	91.163	215	10	6	5	212	1300	1512	2.94e-76	283
7ec20e51-039d-4aab-b8b4-d4cb754220fb	NR_113031.1	91.163	215	10	6	5	212	1300	1512	2.94e-76	283
7ec20e51-039d-4aab-b8b4-d4cb754220fb	NR_115354.1	91.163	215	10	6	5	212	1273	1485	2.94e-76	283
7ec20e51-039d-4aab-b8b4-d4cb754220fb	NR_115355.1	91.163	215	10	6	5	212	1273	1485	2.94e-76	283
4f220c4f-ca0a-4156-8c44-4834585bdc5f	NR_119168.1	96.682	211	3	4	7	215	9	217	1.04e-95	348
4f220c4f-ca0a-4156-8c44-4834585bdc5f	NR_163639.1	96.682	211	3	4	7	215	23	231	1.04e-95	348
4f220c4f-ca0a-4156-8c44-4834585bdc5f	NR_119169.1	96.209	211	4	4	7	215	9	217	1.34e-94	344
4f220c4f-ca0a-4156-8c44-4834585bdc5f	NR_043332.1	96.209	211	4	4	7	215	4	212	4.83e-94	342
4f220c4f-ca0a-4156-8c44-4834585bdc5f	NR_074980.1	96.209	211	4	4	7	215	31	239	4.83e-94	342
2282f6b1-6711-4042-9734-d0b2f05625a1	NR_024842.1	95.595	908	28	8	10	906	913	7	0.0	1448
2282f6b1-6711-4042-9734-d0b2f05625a1	NR_115241.1	95.773	899	26	8	10	897	898	1	0.0	1439
2282f6b1-6711-4042-9734-d0b2f05625a1	NR_178515.1	95.333	900	28	10	10	897	898	1	0.0	1417
2282f6b1-6711-4042-9734-d0b2f05625a1	NR_115735.1	95.618	890	26	9	10	887	889	1	0.0	1415
2282f6b1-6711-4042-9734-d0b2f05625a1	NR_165737.1	95.111	900	30	10	10	897	898	1	0.0	1406
06637df9-e9e2-4636-8768-d98f69b71cce	NR_042776.1	97.595	998	15	7	6	999	510	1502	0.0	1701
06637df9-e9e2-4636-8768-d98f69b71cce	NR_042777.1	97.595	998	15	7	6	999	509	1501	0.0	1701
06637df9-e9e2-4636-8768-d98f69b71cce	NR_042778.1	97.395	998	17	7	6	999	510	1502	0.0	1690
06637df9-e9e2-4636-8768-d98f69b71cce	NR_197695.1	97.194	998	19	7	6	999	509	1501	0.0	1679
06637df9-e9e2-4636-8768-d98f69b71cce	NR_118998.1	96.894	998	21	8	6	999	505	1496	0.0	1663
ff2655b0-eb3d-4a4a-a467-93901b421e0a	NR_152678.1	95.312	704	23	9	1	698	796	1495	0.0	1109
ff2655b0-eb3d-4a4a-a467-93901b421e0a	NR_036936.1	95.429	700	22	9	1	694	776	1471	0.0	1107
ff2655b0-eb3d-4a4a-a467-93901b421e0a	NR_199956.1	95.170	704	24	9	1	698	796	1495	0.0	1103
ff2655b0-eb3d-4a4a-a467-93901b421e0a	NR_024842.1	95.170	704	23	10	1	698	791	1489	0.0	1101
ff2655b0-eb3d-4a4a-a467-93901b421e0a	NR_165737.1	95.286	700	23	9	1	694	776	1471	0.0	1101
a062d71f-ca53-4c81-b4fe-e3dcf941c57c	NR_156072.1	88.879	1151	72	45	15	1125	360	1494	0.0	1365
a062d71f-ca53-4c81-b4fe-e3dcf941c57c	NR_115735.1	88.850	1148	76	42	15	1124	331	1464	0.0	1363
a062d71f-ca53-4c81-b4fe-e3dcf941c57c	NR_024842.1	88.773	1149	77	42	15	1125	355	1489	0.0	1362
a062d71f-ca53-4c81-b4fe-e3dcf941c57c	NR_179385.1	88.077	1149	85	42	15	1125	362	1496	0.0	1315
a062d71f-ca53-4c81-b4fe-e3dcf941c57c	NR_199545.1	88.077	1149	85	42	15	1125	358	1492	0.0	1315
5ef7318b-0038-444e-b2d5-30acebf60ab1	NR_179385.1	95.964	669	14	10	1	661	836	1499	0.0	1074
5ef7318b-0038-444e-b2d5-30acebf60ab1	NR_199545.1	95.964	669	14	10	1	661	832	1495	0.0	1074
5ef7318b-0038-444e-b2d5-30acebf60ab1	NR_028665.1	95.815	669	15	10	1	661	829	1492	0.0	1068
5ef7318b-0038-444e-b2d5-30acebf60ab1	NR_028664.1	95.672	670	15	11	1	661	835	1499	0.0	1064
5ef7318b-0038-444e-b2d5-30acebf60ab1	NR_156072.1	96.600	647	12	7	22	661	854	1497	0.0	1064
53f1f349-93e7-4353-b43a-a7dfd57b1904	NR_028665.1	89.634	820	48	31	2	796	1226	419	0.0	1009
53f1f349-93e7-4353-b43a-a7dfd57b1904	NR_115239.1	89.634	820	48	31	2	796	1209	402	0.0	1009
53f1f349-93e7-4353-b43a-a7dfd57b1904	NR_117496.1	89.634	820	48	31	2	796	1209	402	0.0	1009
53f1f349-93e7-4353-b43a-a7dfd57b1904	NR_179540.1	89.634	820	48	32	2	796	1229	422	0.0	1009
53f1f349-93e7-4353-b43a-a7dfd57b1904	NR_112026.1	89.512	820	48	33	2	796	1191	385	0.0	1005
3c080b5e-0c19-4a95-be5a-48a208c0b1fa	NR_117719.1	96.108	668	12	12	1	660	832	1493	0.0	1077
3c080b5e-0c19-4a95-be5a-48a208c0b1fa	NR_028664.1	95.958	668	13	12	1	660	835	1496	0.0	1072
3c080b5e-0c19-4a95-be5a-48a208c0b1fa	NR_179383.1	95.958	668	13	12	1	660	839	1500	0.0	1072
3c080b5e-0c19-4a95-be5a-48a208c0b1fa	NR_042927.1	96.084	664	12	12	1	656	814	1471	0.0	1070
3c080b5e-0c19-4a95-be5a-48a208c0b1fa	NR_115734.1	96.084	664	12	12	1	656	815	1472	0.0	1070
170efaee-ba76-4e74-9b95-a5a5c9d128b1	NR_074980.1	96.154	1092	24	14	4	1080	1101	13	0.0	1768
170efaee-ba76-4e74-9b95-a5a5c9d128b1	NR_113031.1	96.154	1092	24	14	4	1080	1101	13	0.0	1768
170efaee-ba76-4e74-9b95-a5a5c9d128b1	NR_119169.1	96.396	1082	21	14	4	1070	1079	1	0.0	1768
170efaee-ba76-4e74-9b95-a5a5c9d128b1	NR_115355.1	96.472	1077	20	14	4	1065	1074	1	0.0	1764
170efaee-ba76-4e74-9b95-a5a5c9d128b1	NR_163639.1	95.978	1094	20	20	4	1081	1089	4	0.0	1755
fceb800a-6366-417d-a324-98e00f205099	NR_025892.1	91.324	438	21	15	23	446	450	16	9.53e-169	592
fceb800a-6366-417d-a324-98e00f205099	NR_117694.1	92.272	427	16	15	23	435	424	1	3.43e-168	590
fceb800a-6366-417d-a324-98e00f205099	NR_121687.1	90.455	440	21	18	23	446	444	10	2.69e-159	560
fceb800a-6366-417d-a324-98e00f205099	NR_104830.1	90.000	440	24	17	23	446	439	4	1.62e-156	551
fceb800a-6366-417d-a324-98e00f205099	NR_041989.1	92.060	403	15	15	1	390	404	6	1.62e-156	551
e9ee3c3d-c505-49d3-a9bc-a92eeaf30d50	NR_116168.1	93.536	263	9	7	1	256	1231	1492	9.68e-107	385
e9ee3c3d-c505-49d3-a9bc-a92eeaf30d50	NR_118762.1	93.651	252	8	7	1	245	1233	1483	2.71e-102	370
e9ee3c3d-c505-49d3-a9bc-a92eeaf30d50	NR_025359.1	92.015	263	13	8	1	256	1234	1495	4.53e-100	363
e9ee3c3d-c505-49d3-a9bc-a92eeaf30d50	NR_024897.1	91.635	263	14	7	1	256	1230	1491	2.11e-98	357
e9ee3c3d-c505-49d3-a9bc-a92eeaf30d50	NR_027217.1	91.635	263	14	8	1	256	1213	1474	2.11e-98	357
fd232ff6-aa0a-4ba0-8284-605042ff51fb	NR_042928.1	91.740	1356	65	38	1	1335	124	1453	0.0	1840
fd232ff6-aa0a-4ba0-8284-605042ff51fb	NR_199547.1	91.958	1343	62	38	1	1322	104	1421	0.0	1840
fd232ff6-aa0a-4ba0-8284-605042ff51fb	NR_199541.1	91.747	1345	64	39	1	1323	102	1421	0.0	1825
fd232ff6-aa0a-4ba0-8284-605042ff51fb	NR_117719.1	91.224	1356	73	38	1	1335	144	1474	0.0	1803
fd232ff6-aa0a-4ba0-8284-605042ff51fb	NR_175455.1	91.150	1356	74	38	1	1335	132	1462	0.0	1797
b16708ea-6cfb-4c30-acc9-6544f424f53c	NR_115355.1	94.654	636	20	12	1	628	1272	643	0.0	974
b16708ea-6cfb-4c30-acc9-6544f424f53c	NR_179325.1	94.654	636	20	12	1	628	1246	617	0.0	974
b16708ea-6cfb-4c30-acc9-6544f424f53c	NR_041879.1	94.505	637	20	13	1	628	1230	600	0.0	968
b16708ea-6cfb-4c30-acc9-6544f424f53c	NR_119169.1	94.340	636	22	12	1	628	1277	648	0.0	966
b16708ea-6cfb-4c30-acc9-6544f424f53c	NR_163639.1	94.349	637	19	15	1	628	1287	659	0.0	961
530d5c36-31c7-4483-9ee4-9a644cc5e080	NR_116168.1	95.726	234	6	3	2	234	244	14	1.90e-103	374
530d5c36-31c7-4483-9ee4-9a644cc5e080	NR_118762.1	94.068	236	10	3	2	236	247	15	4.11e-100	363
530d5c36-31c7-4483-9ee4-9a644cc5e080	NR_042878.1	94.690	226	8	3	2	226	223	1	6.88e-98	355
530d5c36-31c7-4483-9ee4-9a644cc5e080	NR_025423.1	92.208	231	12	6	2	229	228	1	6.98e-88	322
530d5c36-31c7-4483-9ee4-9a644cc5e080	NR_118749.1	91.176	238	15	6	2	236	251	17	9.02e-87	318
85eb4e9c-ba51-44ff-9d9e-da61f41c948a	NR_043332.1	92.982	171	7	4	1	167	1313	1482	1.09e-64	244
85eb4e9c-ba51-44ff-9d9e-da61f41c948a	NR_074980.1	92.982	171	7	4	1	167	1340	1509	1.09e-64	244
85eb4e9c-ba51-44ff-9d9e-da61f41c948a	NR_113031.1	92.982	171	7	4	1	167	1340	1509	1.09e-64	244
85eb4e9c-ba51-44ff-9d9e-da61f41c948a	NR_115354.1	92.982	171	7	4	1	167	1313	1482	1.09e-64	244
85eb4e9c-ba51-44ff-9d9e-da61f41c948a	NR_115355.1	92.982	171	7	4	1	167	1313	1482	1.09e-64	244
15649569-4c6f-4acd-898e-c44ca4ca8a7a	NR_163639.1	93.750	256	6	8	5	251	1356	1102	5.68e-104	375
15649569-4c6f-4acd-898e-c44ca4ca8a7a	NR_179325.1	93.750	256	6	8	5	251	1315	1061	5.68e-104	375
15649569-4c6f-4acd-898e-c44ca4ca8a7a	NR_115355.1	93.359	256	7	8	5	251	1341	1087	2.64e-102	370
15649569-4c6f-4acd-898e-c44ca4ca8a7a	NR_041880.1	92.969	256	8	8	5	251	1297	1043	1.23e-100	364
15649569-4c6f-4acd-898e-c44ca4ca8a7a	NR_041879.1	92.996	257	7	8	5	251	1299	1044	1.23e-100	364
45616e7f-e560-4ce3-8a78-00a91b24681e	NR_121687.1	92.969	128	5	4	25	149	651	525	2.05e-46	183
45616e7f-e560-4ce3-8a78-00a91b24681e	NR_041989.1	92.969	128	5	4	25	149	589	463	2.05e-46	183
45616e7f-e560-4ce3-8a78-00a91b24681e	NR_117694.1	92.969	128	5	4	25	149	631	505	2.05e-46	183
45616e7f-e560-4ce3-8a78-00a91b24681e	NR_025902.1	94.215	121	3	4	32	149	602	483	7.37e-46	182
45616e7f-e560-4ce3-8a78-00a91b24681e	NR_028900.1	94.215	121	3	4	32	149	582	463	7.37e-46	182
335d7e17-28ef-498a-af22-31a644f29f52	NR_043332.1	94.737	266	6	7	1	263	1466	1206	2.11e-113	407
335d7e17-28ef-498a-af22-31a644f29f52	NR_074980.1	94.737	266	6	7	1	263	1493	1233	2.11e-113	407
335d7e17-28ef-498a-af22-31a644f29f52	NR_113031.1	94.737	266	6	7	1	263	1493	1233	2.11e-113	407
335d7e17-28ef-498a-af22-31a644f29f52	NR_113570.1	94.737	266	6	7	1	263	1473	1213	2.11e-113	407
335d7e17-28ef-498a-af22-31a644f29f52	NR_119168.1	93.985	266	8	7	1	263	1471	1211	3.53e-111	399
20c0c37a-2c0e-47ce-83e6-7eb0fd10e210	NR_163639.1	94.737	133	4	3	1	132	133	3	1.35e-52	204
20c0c37a-2c0e-47ce-83e6-7eb0fd10e210	NR_074980.1	94.656	131	4	3	1	130	141	13	1.75e-51	200
20c0c37a-2c0e-47ce-83e6-7eb0fd10e210	NR_113031.1	94.656	131	4	3	1	130	141	13	1.75e-51	200
20c0c37a-2c0e-47ce-83e6-7eb0fd10e210	NR_113376.1	93.130	131	6	3	1	130	141	13	3.78e-48	189
20c0c37a-2c0e-47ce-83e6-7eb0fd10e210	NR_119168.1	94.215	121	4	3	1	120	119	1	6.32e-46	182
4204783e-9916-4d09-a259-4f0e3fa82a0e	NR_163639.1	97.906	191	4	0	1	191	194	4	9.20e-91	331
4204783e-9916-4d09-a259-4f0e3fa82a0e	NR_074980.1	97.368	190	5	0	1	190	202	13	1.54e-88	324
4204783e-9916-4d09-a259-4f0e3fa82a0e	NR_113031.1	97.368	190	5	0	1	190	202	13	1.54e-88	324
4204783e-9916-4d09-a259-4f0e3fa82a0e	NR_119168.1	97.778	180	4	0	1	180	180	1	1.20e-84	311
4204783e-9916-4d09-a259-4f0e3fa82a0e	NR_119169.1	97.222	180	5	0	1	180	180	1	1.55e-83	307
d4c3bccc-bbbd-4d3a-b984-0a04e7e85250	NR_036920.1	96.154	130	1	2	1	127	1422	1294	2.95e-54	209
d4c3bccc-bbbd-4d3a-b984-0a04e7e85250	NR_133752.1	96.154	130	1	2	1	127	1354	1226	2.95e-54	209
d4c3bccc-bbbd-4d3a-b984-0a04e7e85250	NR_133753.1	96.154	130	1	2	1	127	1383	1255	2.95e-54	209
d4c3bccc-bbbd-4d3a-b984-0a04e7e85250	NR_025904.1	96.154	130	1	2	1	127	1428	1300	2.95e-54	209
d4c3bccc-bbbd-4d3a-b984-0a04e7e85250	NR_026419.1	96.154	130	1	2	1	127	1417	1289	2.95e-54	209
9d17292b-a661-427d-82ff-8a9028c4f821	NR_024842.1	99.259	135	1	0	1	135	1408	1274	8.24e-65	244
9d17292b-a661-427d-82ff-8a9028c4f821	NR_036936.1	99.259	135	1	0	1	135	1393	1259	8.24e-65	244
9d17292b-a661-427d-82ff-8a9028c4f821	NR_025453.1	99.259	135	1	0	1	135	1393	1259	8.24e-65	244
9d17292b-a661-427d-82ff-8a9028c4f821	NR_028664.1	99.259	135	1	0	1	135	1414	1280	8.24e-65	244
9d17292b-a661-427d-82ff-8a9028c4f821	NR_028665.1	99.259	135	1	0	1	135	1408	1274	8.24e-65	244
5564f7ca-7b16-43fc-917b-dc3e3bde678c	NR_133753.1	97.222	288	4	4	1	285	671	385	1.03e-136	484
5564f7ca-7b16-43fc-917b-dc3e3bde678c	NR_025903.1	97.222	288	4	4	1	285	717	431	1.03e-136	484
5564f7ca-7b16-43fc-917b-dc3e3bde678c	NR_133752.1	96.528	288	6	4	1	285	642	356	2.24e-133	473
5564f7ca-7b16-43fc-917b-dc3e3bde678c	NR_026419.1	96.528	288	6	4	1	285	705	419	2.24e-133	473
5564f7ca-7b16-43fc-917b-dc3e3bde678c	NR_026469.1	95.833	288	8	4	1	285	707	421	4.84e-130	462
ff433c1a-7905-41e6-b4d0-8480245b1bec	NR_044091.1	97.312	186	3	2	1	184	84	269	8.88e-86	315
ff433c1a-7905-41e6-b4d0-8480245b1bec	NR_041880.1	96.791	187	3	3	1	184	125	311	4.13e-84	309
ff433c1a-7905-41e6-b4d0-8480245b1bec	NR_041879.1	96.774	186	4	2	1	184	127	312	4.13e-84	309
ff433c1a-7905-41e6-b4d0-8480245b1bec	NR_113570.1	96.774	186	4	2	1	184	177	362	4.13e-84	309
ff433c1a-7905-41e6-b4d0-8480245b1bec	NR_115354.1	96.791	187	3	3	1	184	169	355	4.13e-84	309
92c49da4-963e-4d83-8298-b7765573a0be	NR_042776.1	97.600	125	1	2	1	124	1258	1135	2.14e-55	213
92c49da4-963e-4d83-8298-b7765573a0be	NR_042777.1	97.600	125	1	2	1	124	1257	1134	2.14e-55	213
92c49da4-963e-4d83-8298-b7765573a0be	NR_042778.1	97.600	125	1	2	1	124	1258	1135	2.14e-55	213
92c49da4-963e-4d83-8298-b7765573a0be	NR_041781.1	97.600	125	1	2	1	124	1242	1119	2.14e-55	213
92c49da4-963e-4d83-8298-b7765573a0be	NR_112026.1	97.600	125	1	2	1	124	1213	1090	2.14e-55	213
e2bdde16-11c3-43c4-af9b-338ccd1dd9dc	NR_112026.1	96.375	331	8	4	2	329	1274	945	7.04e-154	542
e2bdde16-11c3-43c4-af9b-338ccd1dd9dc	NR_179540.1	96.375	331	8	4	2	329	1312	983	7.04e-154	542
e2bdde16-11c3-43c4-af9b-338ccd1dd9dc	NR_116206.1	96.073	331	9	4	2	329	1217	888	9.10e-153	538
e2bdde16-11c3-43c4-af9b-338ccd1dd9dc	NR_028665.1	96.073	331	9	4	2	329	1309	980	3.27e-152	536
e2bdde16-11c3-43c4-af9b-338ccd1dd9dc	NR_042927.1	96.073	331	9	4	2	329	1294	965	3.27e-152	536
9e39bd16-1d1c-4e0e-b2bc-c741575d2eca	NR_025144.1	97.674	43	1	0	1	43	1410	1368	2.23e-14	75.0
9e39bd16-1d1c-4e0e-b2bc-c741575d2eca	NR_025891.1	97.674	43	1	0	1	43	1434	1392	2.23e-14	75.0
9e39bd16-1d1c-4e0e-b2bc-c741575d2eca	NR_025892.1	97.674	43	1	0	1	43	1433	1391	2.23e-14	75.0
9e39bd16-1d1c-4e0e-b2bc-c741575d2eca	NR_025894.1	97.674	43	1	0	1	43	1435	1393	2.23e-14	75.0
9e39bd16-1d1c-4e0e-b2bc-c741575d2eca	NR_025902.1	97.674	43	1	0	1	43	1386	1344	2.23e-14	75.0
4cb386a9-148e-4d06-8fcd-55e895d0ddde	NR_136788.1	89.535	258	14	10	1	250	1487	1235	1.24e-85	315
4cb386a9-148e-4d06-8fcd-55e895d0ddde	NR_026230.1	87.451	255	19	10	1	247	1465	1216	1.26e-75	281
4cb386a9-148e-4d06-8fcd-55e895d0ddde	NR_041464.1	86.275	255	22	11	1	247	1488	1239	1.27e-70	265
4cb386a9-148e-4d06-8fcd-55e895d0ddde	NR_041343.1	85.882	255	23	11	1	247	1488	1239	5.91e-69	259
4cb386a9-148e-4d06-8fcd-55e895d0ddde	NR_117913.1	85.659	258	24	11	1	250	1476	1224	5.91e-69	259
8fa31939-508a-46fb-a8c4-fb31473a0643	NR_042878.1	97.283	184	2	3	1	181	1359	1176	4.03e-84	309
8fa31939-508a-46fb-a8c4-fb31473a0643	NR_116168.1	97.283	184	2	3	1	181	1380	1197	4.03e-84	309
8fa31939-508a-46fb-a8c4-fb31473a0643	NR_118762.1	97.283	184	2	3	1	181	1382	1199	4.03e-84	309
8fa31939-508a-46fb-a8c4-fb31473a0643	NR_126284.1	95.109	184	6	3	1	181	1360	1177	1.89e-77	287
8fa31939-508a-46fb-a8c4-fb31473a0643	NR_178299.1	95.109	184	6	3	1	181	1362	1179	1.89e-77	287
27ed72e7-d0e4-494c-be1a-0f63c31626a3	NR_165737.1	94.595	185	7	3	1	183	184	1	2.63e-76	283
27ed72e7-d0e4-494c-be1a-0f63c31626a3	NR_178515.1	94.595	185	7	3	1	183	184	1	2.63e-76	283
27ed72e7-d0e4-494c-be1a-0f63c31626a3	NR_148589.1	98.089	157	1	2	28	183	156	1	5.69e-73	272
27ed72e7-d0e4-494c-be1a-0f63c31626a3	NR_199974.1	96.914	162	3	2	26	186	185	25	2.05e-72	270
27ed72e7-d0e4-494c-be1a-0f63c31626a3	NR_114413.1	94.286	175	8	2	13	186	194	21	2.65e-71	267
a79b8d3a-0482-4881-a65a-c733c1840529	NR_024897.1	97.516	161	2	2	1	159	1287	1447	1.26e-73	274
a79b8d3a-0482-4881-a65a-c733c1840529	NR_115136.1	97.516	161	2	2	1	159	1273	1433	1.26e-73	274
a79b8d3a-0482-4881-a65a-c733c1840529	NR_115137.1	97.516	161	2	2	1	159	1273	1433	1.26e-73	274
a79b8d3a-0482-4881-a65a-c733c1840529	NR_116168.1	97.516	161	2	2	1	159	1288	1448	1.26e-73	274
a79b8d3a-0482-4881-a65a-c733c1840529	NR_118762.1	97.516	161	2	2	1	159	1290	1450	1.26e-73	274
b981db23-9310-42ed-8128-8b1aff7c358a	NR_040821.1	99.145	234	2	0	1	234	1242	1475	6.69e-118	422
b981db23-9310-42ed-8128-8b1aff7c358a	NR_025148.1	99.145	234	2	0	1	234	1262	1495	6.69e-118	422
b981db23-9310-42ed-8128-8b1aff7c358a	NR_040820.1	99.145	234	2	0	1	234	1242	1475	6.69e-118	422
b981db23-9310-42ed-8128-8b1aff7c358a	NR_134818.1	99.145	234	2	0	1	234	1255	1488	6.69e-118	422
b981db23-9310-42ed-8128-8b1aff7c358a	NR_126177.1	99.145	234	2	0	1	234	1244	1477	6.69e-118	422
302c0280-fc96-4aae-866a-a56c72de5bd2	NR_025902.1	92.150	293	14	8	1	291	1160	1445	8.53e-113	405
302c0280-fc96-4aae-866a-a56c72de5bd2	NR_040933.1	92.150	293	14	8	1	291	1204	1489	8.53e-113	405
302c0280-fc96-4aae-866a-a56c72de5bd2	NR_117717.1	92.150	293	14	8	1	291	1202	1487	8.53e-113	405
302c0280-fc96-4aae-866a-a56c72de5bd2	NR_121688.1	92.150	293	14	8	1	291	1202	1487	8.53e-113	405
302c0280-fc96-4aae-866a-a56c72de5bd2	NR_117692.1	92.150	293	14	8	1	291	1182	1467	8.53e-113	405
7e6210a1-316a-48a5-aa14-6974dfa18eeb	NR_041880.1	98.824	170	1	1	1	169	1144	975	6.57e-82	302
7e6210a1-316a-48a5-aa14-6974dfa18eeb	NR_113570.1	98.824	170	1	1	1	169	1195	1026	6.57e-82	302
7e6210a1-316a-48a5-aa14-6974dfa18eeb	NR_115354.1	98.824	170	1	1	1	169	1188	1019	6.57e-82	302
7e6210a1-316a-48a5-aa14-6974dfa18eeb	NR_163639.1	98.824	170	1	1	1	169	1203	1034	6.57e-82	302
7e6210a1-316a-48a5-aa14-6974dfa18eeb	NR_179325.1	98.824	170	1	1	1	169	1162	993	6.57e-82	302
8e277dae-d38d-45a3-8516-959324784141	NR_041879.1	95.536	112	2	3	5	114	1299	1189	2.65e-44	176
8e277dae-d38d-45a3-8516-959324784141	NR_115355.1	95.536	112	2	3	5	114	1341	1231	2.65e-44	176
8e277dae-d38d-45a3-8516-959324784141	NR_119169.1	95.536	112	2	3	5	114	1346	1236	2.65e-44	176
8e277dae-d38d-45a3-8516-959324784141	NR_163639.1	95.536	112	2	3	5	114	1356	1246	2.65e-44	176
8e277dae-d38d-45a3-8516-959324784141	NR_179325.1	95.536	112	2	3	5	114	1315	1205	2.65e-44	176
4e1304ef-055e-4a8f-8926-c186f3ee8004	NR_024659.1	89.506	162	11	6	1	157	999	1159	2.27e-51	200
4e1304ef-055e-4a8f-8926-c186f3ee8004	NR_026471.1	89.506	162	11	6	1	157	1028	1188	2.27e-51	200
4e1304ef-055e-4a8f-8926-c186f3ee8004	NR_036918.1	89.506	162	11	6	1	157	1035	1195	2.27e-51	200
4e1304ef-055e-4a8f-8926-c186f3ee8004	NR_042776.1	89.506	162	11	6	1	157	1043	1203	2.27e-51	200
4e1304ef-055e-4a8f-8926-c186f3ee8004	NR_042777.1	89.506	162	11	6	1	157	1042	1202	2.27e-51	200
e11c371a-5153-4c9d-8775-3bca120fe2be	NR_025892.1	96.667	90	2	1	1	90	1217	1129	4.00e-36	148
e11c371a-5153-4c9d-8775-3bca120fe2be	NR_041821.1	96.667	90	2	1	1	90	1193	1105	4.00e-36	148
e11c371a-5153-4c9d-8775-3bca120fe2be	NR_043458.1	96.667	90	2	1	1	90	1213	1125	4.00e-36	148
e11c371a-5153-4c9d-8775-3bca120fe2be	NR_040931.1	96.667	90	2	1	1	90	1202	1114	4.00e-36	148
e11c371a-5153-4c9d-8775-3bca120fe2be	NR_104947.1	96.667	90	2	1	1	90	1165	1077	4.00e-36	148
b68e7b66-8072-4e55-a2e6-7a88516e39da	NR_025036.1	95.385	130	3	3	7	133	1350	1479	1.57e-52	204
b68e7b66-8072-4e55-a2e6-7a88516e39da	NR_042928.1	95.385	130	3	3	7	133	1329	1458	1.57e-52	204
b68e7b66-8072-4e55-a2e6-7a88516e39da	NR_044912.1	95.385	130	3	3	7	133	1286	1415	1.57e-52	204
b68e7b66-8072-4e55-a2e6-7a88516e39da	NR_115730.1	95.385	130	3	3	7	133	1311	1440	1.57e-52	204
b68e7b66-8072-4e55-a2e6-7a88516e39da	NR_134817.1	95.385	130	3	3	7	133	1344	1473	1.57e-52	204
61b16293-c670-4104-9ab5-8ec5751f9a3b	NR_118998.1	94.012	167	5	5	4	165	185	19	2.38e-66	250
61b16293-c670-4104-9ab5-8ec5751f9a3b	NR_042776.1	94.012	167	5	5	4	165	190	24	8.57e-66	248
61b16293-c670-4104-9ab5-8ec5751f9a3b	NR_042778.1	94.012	167	5	5	4	165	190	24	8.57e-66	248
61b16293-c670-4104-9ab5-8ec5751f9a3b	NR_118234.1	93.064	173	6	6	7	175	178	8	8.57e-66	248
61b16293-c670-4104-9ab5-8ec5751f9a3b	NR_024841.1	93.865	163	6	4	7	165	175	13	3.99e-64	243
eb62b1ad-1622-4f40-a420-dc4e26ce83fd	NR_024842.1	98.473	131	2	0	1	131	1408	1278	6.42e-61	231
eb62b1ad-1622-4f40-a420-dc4e26ce83fd	NR_036936.1	98.473	131	2	0	1	131	1393	1263	6.42e-61	231
eb62b1ad-1622-4f40-a420-dc4e26ce83fd	NR_025453.1	98.473	131	2	0	1	131	1393	1263	6.42e-61	231
eb62b1ad-1622-4f40-a420-dc4e26ce83fd	NR_028664.1	98.473	131	2	0	1	131	1414	1284	6.42e-61	231
eb62b1ad-1622-4f40-a420-dc4e26ce83fd	NR_028665.1	98.473	131	2	0	1	131	1408	1278	6.42e-61	231
d237bd60-3a39-4ad2-80ff-61c54b63e7cc	NR_042776.1	99.281	139	0	1	1	138	156	18	1.83e-66	250
d237bd60-3a39-4ad2-80ff-61c54b63e7cc	NR_042777.1	99.281	139	0	1	1	138	156	18	1.83e-66	250
d237bd60-3a39-4ad2-80ff-61c54b63e7cc	NR_042778.1	99.281	139	0	1	1	138	156	18	1.83e-66	250
d237bd60-3a39-4ad2-80ff-61c54b63e7cc	NR_118234.1	98.582	141	1	1	1	140	148	8	6.60e-66	248
d237bd60-3a39-4ad2-80ff-61c54b63e7cc	NR_024841.1	98.561	139	1	1	1	138	145	7	8.53e-65	244
0ae553e7-9e0c-4433-814d-82759f92ef2d	NR_118234.1	100.000	111	0	0	1	111	119	9	3.10e-53	206
0ae553e7-9e0c-4433-814d-82759f92ef2d	NR_024841.1	100.000	110	0	0	1	110	116	7	1.11e-52	204
0ae553e7-9e0c-4433-814d-82759f92ef2d	NR_042776.1	100.000	110	0	0	1	110	127	18	1.11e-52	204
0ae553e7-9e0c-4433-814d-82759f92ef2d	NR_042777.1	100.000	110	0	0	1	110	127	18	1.11e-52	204
0ae553e7-9e0c-4433-814d-82759f92ef2d	NR_042778.1	100.000	110	0	0	1	110	127	18	1.11e-52	204
e9f77569-dba3-4b86-be5d-3ca930b1e233	NR_113082.1	97.351	151	3	1	7	156	165	15	4.62e-68	255
e9f77569-dba3-4b86-be5d-3ca930b1e233	NR_136788.1	97.351	151	3	1	7	156	165	15	4.62e-68	255
e9f77569-dba3-4b86-be5d-3ca930b1e233	NR_152035.1	96.026	151	5	1	7	156	166	16	9.99e-65	244
e9f77569-dba3-4b86-be5d-3ca930b1e233	NR_074234.1	94.040	151	8	1	7	156	172	22	1.01e-59	228
e9f77569-dba3-4b86-be5d-3ca930b1e233	NR_113086.1	94.040	151	8	1	7	156	165	15	1.01e-59	228
d06de1d6-22b0-43a9-8128-e578049d42f3	NR_074980.1	94.805	77	2	2	1	75	90	14	2.54e-27	119
d06de1d6-22b0-43a9-8128-e578049d42f3	NR_113031.1	94.805	77	2	2	1	75	90	14	2.54e-27	119
d06de1d6-22b0-43a9-8128-e578049d42f3	NR_163639.1	94.805	77	2	2	1	75	82	6	2.54e-27	119
d06de1d6-22b0-43a9-8128-e578049d42f3	NR_113376.1	93.506	77	3	2	1	75	90	14	1.18e-25	113
d06de1d6-22b0-43a9-8128-e578049d42f3	NR_117759.1	96.923	65	1	1	1	64	66	2	5.49e-24	108
49077e00-ba36-467a-95d7-64e66e1106c9	NR_044873.1	97.318	261	4	3	6	264	1208	1467	2.11e-123	440
49077e00-ba36-467a-95d7-64e66e1106c9	NR_178796.1	96.183	262	8	2	6	266	1216	1476	1.64e-119	427
49077e00-ba36-467a-95d7-64e66e1106c9	NR_178939.1	96.183	262	8	2	6	266	1217	1477	1.64e-119	427
49077e00-ba36-467a-95d7-64e66e1106c9	NR_074568.1	96.183	262	7	3	6	266	1218	1477	5.90e-119	425
49077e00-ba36-467a-95d7-64e66e1106c9	NR_028925.1	95.817	263	8	3	6	266	1211	1472	7.63e-118	422
b764aab4-36ee-40b2-9986-774980d4c8c4	NR_037101.1	96.610	118	2	2	1	116	1362	1479	7.16e-50	195
b764aab4-36ee-40b2-9986-774980d4c8c4	NR_040821.1	96.610	118	2	2	1	116	1362	1479	7.16e-50	195
b764aab4-36ee-40b2-9986-774980d4c8c4	NR_025148.1	96.610	118	2	2	1	116	1382	1499	7.16e-50	195
b764aab4-36ee-40b2-9986-774980d4c8c4	NR_028664.1	96.610	118	2	2	1	116	1383	1500	7.16e-50	195
b764aab4-36ee-40b2-9986-774980d4c8c4	NR_028666.1	96.610	118	2	2	1	116	1386	1503	7.16e-50	195
9be3c76a-52dc-491b-873a-c5529b439bef	NR_025435.1	96.842	190	1	2	1	185	1308	1497	3.23e-85	313
9be3c76a-52dc-491b-873a-c5529b439bef	NR_041706.1	96.296	189	3	1	1	185	1299	1487	1.50e-83	307
9be3c76a-52dc-491b-873a-c5529b439bef	NR_025625.1	96.296	189	3	1	1	185	1298	1486	1.50e-83	307
9be3c76a-52dc-491b-873a-c5529b439bef	NR_028705.1	96.296	189	3	1	1	185	1302	1490	1.50e-83	307
9be3c76a-52dc-491b-873a-c5529b439bef	NR_036921.1	96.296	189	3	1	1	185	1301	1489	1.50e-83	307
e86beaa1-d2fc-46f0-9bd3-7b50660359aa	NR_044873.1	97.758	223	5	0	1	223	236	14	8.57e-107	385
e86beaa1-d2fc-46f0-9bd3-7b50660359aa	NR_074568.1	97.309	223	6	0	1	223	247	25	3.99e-105	379
e86beaa1-d2fc-46f0-9bd3-7b50660359aa	NR_044712.2	96.861	223	7	0	1	223	256	34	5.16e-104	375
e86beaa1-d2fc-46f0-9bd3-7b50660359aa	NR_024785.1	95.122	205	9	1	1	205	204	1	6.81e-88	322
e86beaa1-d2fc-46f0-9bd3-7b50660359aa	NR_025310.1	92.377	223	17	0	1	223	227	5	8.81e-87	318
60195813-1691-4fc4-b98a-51ed41549474	NR_025862.1	95.238	252	7	5	24	273	259	11	1.32e-110	398
60195813-1691-4fc4-b98a-51ed41549474	NR_028682.1	92.969	256	14	4	17	271	265	13	2.87e-102	370
60195813-1691-4fc4-b98a-51ed41549474	NR_025863.1	84.706	255	28	11	26	273	261	11	5.05e-65	246
60195813-1691-4fc4-b98a-51ed41549474	NR_026454.1	84.298	242	30	8	17	253	239	1	5.08e-60	230
60195813-1691-4fc4-b98a-51ed41549474	NR_114313.1	82.692	260	29	14	21	273	251	1	3.96e-56	217
93f5acf7-f0e4-4ba2-b2c9-c8c8a2f3af6c	NR_044873.1	94.585	277	5	9	4	272	445	171	2.81e-117	420
93f5acf7-f0e4-4ba2-b2c9-c8c8a2f3af6c	NR_074568.1	92.193	269	9	10	13	272	447	182	2.87e-102	370
93f5acf7-f0e4-4ba2-b2c9-c8c8a2f3af6c	NR_024785.1	91.822	269	9	11	13	272	403	139	4.80e-100	363
93f5acf7-f0e4-4ba2-b2c9-c8c8a2f3af6c	NR_044712.2	91.450	269	11	9	13	272	456	191	4.80e-100	363
93f5acf7-f0e4-4ba2-b2c9-c8c8a2f3af6c	NR_025310.1	91.418	268	13	8	13	272	427	162	6.22e-99	359
d16f046d-6747-4330-9e1c-d4824fe7b2e6	NR_178262.1	97.796	363	4	4	1	361	1008	1368	2.75e-178	623
d16f046d-6747-4330-9e1c-d4824fe7b2e6	NR_179215.1	97.796	363	4	4	1	361	1130	1490	2.75e-178	623
d16f046d-6747-4330-9e1c-d4824fe7b2e6	NR_024842.1	97.790	362	5	3	1	361	1129	1488	9.88e-178	621
d16f046d-6747-4330-9e1c-d4824fe7b2e6	NR_115735.1	97.790	362	5	3	1	361	1105	1464	9.88e-178	621
d16f046d-6747-4330-9e1c-d4824fe7b2e6	NR_028666.1	97.521	363	5	4	1	361	1138	1498	1.28e-176	617
67d892c5-645a-4398-81ff-60bc5a4d14a5	NR_042878.1	97.902	143	3	0	4	146	561	419	6.99e-66	248
67d892c5-645a-4398-81ff-60bc5a4d14a5	NR_116168.1	97.902	143	3	0	4	146	582	440	6.99e-66	248
67d892c5-645a-4398-81ff-60bc5a4d14a5	NR_118762.1	97.902	143	3	0	4	146	585	443	6.99e-66	248
67d892c5-645a-4398-81ff-60bc5a4d14a5	NR_025423.1	97.203	143	4	0	4	146	566	424	3.25e-64	243
67d892c5-645a-4398-81ff-60bc5a4d14a5	NR_118143.1	96.503	143	5	0	4	146	563	421	4.21e-63	239
60e0abc2-6a28-4eed-86c2-caadfe86c3d5	NR_026419.1	96.457	254	2	4	1	247	254	1	4.36e-115	412
60e0abc2-6a28-4eed-86c2-caadfe86c3d5	NR_025903.1	92.607	257	11	6	1	250	266	11	4.46e-100	363
60e0abc2-6a28-4eed-86c2-caadfe86c3d5	NR_025904.1	92.520	254	11	6	4	250	262	10	2.07e-98	357
60e0abc2-6a28-4eed-86c2-caadfe86c3d5	NR_036920.1	89.844	256	18	8	1	250	260	7	7.57e-88	322
60e0abc2-6a28-4eed-86c2-caadfe86c3d5	NR_133753.1	92.308	221	9	6	1	214	220	1	2.12e-83	307
a458f777-5bd2-4911-8aa3-62e38009e206	NR_025423.1	100.000	56	0	0	1	56	720	665	4.78e-23	104
a458f777-5bd2-4911-8aa3-62e38009e206	NR_036870.1	100.000	56	0	0	1	56	712	657	4.78e-23	104
a458f777-5bd2-4911-8aa3-62e38009e206	NR_041837.1	100.000	56	0	0	1	56	715	660	4.78e-23	104
a458f777-5bd2-4911-8aa3-62e38009e206	NR_025724.1	100.000	56	0	0	1	56	686	631	4.78e-23	104
a458f777-5bd2-4911-8aa3-62e38009e206	NR_025937.1	100.000	56	0	0	1	56	743	688	4.78e-23	104
8d78ce95-398f-4d8e-8e41-987a4518024e	NR_041722.2	92.045	176	10	3	1	176	1338	1509	1.14e-64	244
8d78ce95-398f-4d8e-8e41-987a4518024e	NR_028665.1	92.045	176	10	3	1	176	1318	1489	1.14e-64	244
8d78ce95-398f-4d8e-8e41-987a4518024e	NR_028736.1	92.045	176	10	3	1	176	1327	1498	1.14e-64	244
8d78ce95-398f-4d8e-8e41-987a4518024e	NR_029025.1	92.090	177	9	3	1	176	1293	1465	1.14e-64	244
8d78ce95-398f-4d8e-8e41-987a4518024e	NR_041721.1	92.045	176	10	3	1	176	1326	1497	1.14e-64	244
688d6b62-57e2-4510-ba74-e10c943dd28e	NR_119169.1	89.369	1110	53	57	1	1066	1091	3	0.0	1339
688d6b62-57e2-4510-ba74-e10c943dd28e	NR_115355.1	89.341	1107	53	57	1	1063	1086	1	0.0	1334
688d6b62-57e2-4510-ba74-e10c943dd28e	NR_074980.1	89.047	1123	58	56	1	1079	1113	12	0.0	1332
688d6b62-57e2-4510-ba74-e10c943dd28e	NR_113031.1	89.047	1123	58	56	1	1079	1113	12	0.0	1332
688d6b62-57e2-4510-ba74-e10c943dd28e	NR_119168.1	89.099	1110	56	57	1	1066	1091	3	0.0	1323
2d8bd23a-c804-4868-8cc1-df71b0947141	NR_119169.1	95.028	704	20	12	2	694	700	1	0.0	1096
2d8bd23a-c804-4868-8cc1-df71b0947141	NR_163639.1	94.818	714	17	16	2	703	711	6	0.0	1096
2d8bd23a-c804-4868-8cc1-df71b0947141	NR_115355.1	95.265	697	18	12	2	687	695	3	0.0	1094
2d8bd23a-c804-4868-8cc1-df71b0947141	NR_074980.1	94.398	714	23	13	2	703	722	14	0.0	1081
2d8bd23a-c804-4868-8cc1-df71b0947141	NR_113031.1	94.398	714	23	13	2	703	722	14	0.0	1081
40776160-ea81-4fca-833e-0143790dcd2a	NR_025289.1	91.125	969	44	37	1	944	484	1435	0.0	1277
40776160-ea81-4fca-833e-0143790dcd2a	NR_118780.1	90.947	972	46	37	1	946	489	1444	0.0	1269
40776160-ea81-4fca-833e-0143790dcd2a	NR_144737.1	86.858	974	80	43	1	946	510	1463	0.0	1046
40776160-ea81-4fca-833e-0143790dcd2a	NR_144749.1	86.550	974	83	43	1	946	509	1462	0.0	1029
40776160-ea81-4fca-833e-0143790dcd2a	NR_133037.1	86.448	974	82	43	1	946	511	1462	0.0	1022
abc9baea-0970-4f97-8f94-5bb347c676ad	NR_119169.1	96.882	930	12	14	1	924	919	1	0.0	1544
abc9baea-0970-4f97-8f94-5bb347c676ad	NR_115355.1	96.865	925	12	14	1	919	914	1	0.0	1535
abc9baea-0970-4f97-8f94-5bb347c676ad	NR_074980.1	96.578	935	15	14	1	929	941	18	0.0	1533
abc9baea-0970-4f97-8f94-5bb347c676ad	NR_113031.1	96.578	935	15	14	1	929	941	18	0.0	1533
abc9baea-0970-4f97-8f94-5bb347c676ad	NR_163639.1	96.581	936	10	19	1	929	930	10	0.0	1531
2c07e2b8-de97-44a8-8728-3b47b37b8da8	NR_165747.1	96.331	954	23	9	1	949	947	1	0.0	1557
2c07e2b8-de97-44a8-8728-3b47b37b8da8	NR_042928.1	96.226	954	24	9	1	949	947	1	0.0	1552
2c07e2b8-de97-44a8-8728-3b47b37b8da8	NR_199545.1	95.946	962	27	9	1	957	967	13	0.0	1550
2c07e2b8-de97-44a8-8728-3b47b37b8da8	NR_028664.1	95.842	962	28	9	1	957	970	16	0.0	1544
2c07e2b8-de97-44a8-8728-3b47b37b8da8	NR_117719.1	95.842	962	28	9	1	957	967	13	0.0	1544
2c935b4c-2a95-4e8c-9a86-249a7d3bd93f	NR_115355.1	97.086	858	12	12	1	850	630	1482	0.0	1434
2c935b4c-2a95-4e8c-9a86-249a7d3bd93f	NR_179325.1	97.090	859	10	11	1	850	604	1456	0.0	1434
2c935b4c-2a95-4e8c-9a86-249a7d3bd93f	NR_119169.1	96.853	858	14	12	1	850	635	1487	0.0	1426
2c935b4c-2a95-4e8c-9a86-249a7d3bd93f	NR_163639.1	96.857	859	11	14	1	850	646	1497	0.0	1423
2c935b4c-2a95-4e8c-9a86-249a7d3bd93f	NR_115354.1	96.725	855	13	11	5	850	634	1482	0.0	1410
9a267de1-0794-4f63-af52-d223cef67be4	NR_042928.1	94.397	1410	34	32	22	1402	75	1468	0.0	2124
9a267de1-0794-4f63-af52-d223cef67be4	NR_199547.1	94.597	1388	31	31	5	1364	37	1408	0.0	2108
9a267de1-0794-4f63-af52-d223cef67be4	NR_117719.1	93.869	1419	41	33	22	1410	95	1497	0.0	2097
9a267de1-0794-4f63-af52-d223cef67be4	NR_175455.1	93.732	1420	42	34	22	1410	83	1486	0.0	2085
9a267de1-0794-4f63-af52-d223cef67be4	NR_179540.1	93.658	1419	43	34	22	1410	95	1496	0.0	2078
22d9ccea-30e7-43f4-ae17-80091cae4dcb	NR_028682.1	96.667	180	5	1	9	187	1280	1459	9.11e-81	298
22d9ccea-30e7-43f4-ae17-80091cae4dcb	NR_025435.1	96.133	181	5	2	9	187	1277	1457	1.18e-79	294
22d9ccea-30e7-43f4-ae17-80091cae4dcb	NR_117521.1	96.133	181	4	3	9	187	1239	1418	4.24e-79	292
22d9ccea-30e7-43f4-ae17-80091cae4dcb	NR_024817.1	95.556	180	7	1	9	187	1263	1442	1.97e-77	287
22d9ccea-30e7-43f4-ae17-80091cae4dcb	NR_180652.1	95.556	180	7	1	9	187	1269	1448	1.97e-77	287
752ff0e7-dfa5-49bb-9c82-e724be2cad94	NR_042776.1	96.803	1001	17	12	1	996	1008	18	0.0	1657
752ff0e7-dfa5-49bb-9c82-e724be2cad94	NR_042778.1	96.603	1001	19	12	1	996	1008	18	0.0	1646
752ff0e7-dfa5-49bb-9c82-e724be2cad94	NR_042777.1	96.503	1001	19	13	1	996	1007	18	0.0	1640
752ff0e7-dfa5-49bb-9c82-e724be2cad94	NR_197695.1	96.204	1001	23	12	1	996	1007	17	0.0	1624
752ff0e7-dfa5-49bb-9c82-e724be2cad94	NR_118998.1	95.704	1001	27	12	1	996	1002	13	0.0	1598
d457b2aa-f9a4-41f9-898c-12272b6d625d	NR_036936.1	90.613	1321	62	49	23	1309	179	1471	0.0	1696
d457b2aa-f9a4-41f9-898c-12272b6d625d	NR_165737.1	90.462	1321	64	49	23	1309	179	1471	0.0	1685
d457b2aa-f9a4-41f9-898c-12272b6d625d	NR_115735.1	90.393	1322	66	48	23	1311	170	1463	0.0	1681
d457b2aa-f9a4-41f9-898c-12272b6d625d	NR_024842.1	90.242	1322	68	48	23	1311	194	1487	0.0	1674
d457b2aa-f9a4-41f9-898c-12272b6d625d	NR_109720.1	90.189	1325	68	49	11	1301	161	1457	0.0	1670
f30e0f02-9e79-4139-a1cb-ed2f0b3965dc	NR_044873.1	91.872	1095	41	32	1	1060	1082	1	0.0	1485
f30e0f02-9e79-4139-a1cb-ed2f0b3965dc	NR_074568.1	90.320	1095	57	33	1	1060	1092	12	0.0	1389
f30e0f02-9e79-4139-a1cb-ed2f0b3965dc	NR_044712.2	90.046	1095	60	33	1	1060	1101	21	0.0	1380
f30e0f02-9e79-4139-a1cb-ed2f0b3965dc	NR_109752.1	89.608	1097	64	36	1	1061	1103	21	0.0	1349
f30e0f02-9e79-4139-a1cb-ed2f0b3965dc	NR_025310.1	89.595	1086	64	36	1	1051	1072	1	0.0	1334
69af6a9f-c891-414e-96c5-3f9f67590f6a	NR_044873.1	95.813	621	16	9	1	615	656	40	0.0	994
69af6a9f-c891-414e-96c5-3f9f67590f6a	NR_074568.1	93.076	621	32	10	1	615	666	51	0.0	898
69af6a9f-c891-414e-96c5-3f9f67590f6a	NR_044712.2	92.754	621	34	10	1	615	675	60	0.0	893
69af6a9f-c891-414e-96c5-3f9f67590f6a	NR_024785.1	92.915	621	31	12	1	615	622	9	0.0	891
69af6a9f-c891-414e-96c5-3f9f67590f6a	NR_178360.1	92.765	622	33	11	1	615	633	17	0.0	889
1d72e970-6764-45fa-87be-5b1e7e114ece	NR_179540.1	95.135	1110	24	18	1	1090	396	1495	0.0	1724
1d72e970-6764-45fa-87be-5b1e7e114ece	NR_042927.1	95.104	1103	25	17	1	1083	378	1471	0.0	1711
1d72e970-6764-45fa-87be-5b1e7e114ece	NR_115734.1	95.104	1103	25	17	1	1083	379	1472	0.0	1711
1d72e970-6764-45fa-87be-5b1e7e114ece	NR_179385.1	94.865	1110	27	18	1	1090	400	1499	0.0	1707
1d72e970-6764-45fa-87be-5b1e7e114ece	NR_042928.1	95.014	1103	25	18	1	1083	376	1468	0.0	1705
50020c1b-a695-4749-8c69-04fcd256f444	NR_026419.1	86.621	882	51	54	1	827	618	1487	0.0	913
50020c1b-a695-4749-8c69-04fcd256f444	NR_025904.1	85.714	882	58	56	1	827	629	1497	0.0	869
50020c1b-a695-4749-8c69-04fcd256f444	NR_025903.1	85.714	882	58	54	1	827	630	1498	0.0	869
50020c1b-a695-4749-8c69-04fcd256f444	NR_133752.1	85.380	855	58	53	1	800	555	1397	0.0	824
50020c1b-a695-4749-8c69-04fcd256f444	NR_133753.1	85.380	855	58	53	1	800	584	1426	0.0	824
a8a7a138-9a7e-439a-b8b5-8494550b8a8c	NR_028664.1	97.455	393	3	4	6	392	1446	1055	0.0	664
a8a7a138-9a7e-439a-b8b5-8494550b8a8c	NR_114172.1	97.455	393	3	4	6	392	1423	1032	0.0	664
a8a7a138-9a7e-439a-b8b5-8494550b8a8c	NR_115240.1	97.455	393	3	4	6	392	1423	1032	0.0	664
a8a7a138-9a7e-439a-b8b5-8494550b8a8c	NR_115732.1	97.455	393	3	4	6	392	1425	1034	0.0	664
a8a7a138-9a7e-439a-b8b5-8494550b8a8c	NR_118234.1	97.455	393	3	4	6	392	1442	1051	0.0	664
3e254450-8c71-4ffb-a260-c85f3d440141	NR_041879.1	96.574	788	12	7	7	781	987	202	0.0	1291
3e254450-8c71-4ffb-a260-c85f3d440141	NR_115355.1	96.574	788	12	7	7	781	1030	245	0.0	1291
3e254450-8c71-4ffb-a260-c85f3d440141	NR_119169.1	96.447	788	13	7	7	781	1035	250	0.0	1288
3e254450-8c71-4ffb-a260-c85f3d440141	NR_179325.1	96.447	788	13	7	7	781	1004	219	0.0	1286
3e254450-8c71-4ffb-a260-c85f3d440141	NR_113570.1	96.066	788	16	7	7	781	1037	252	0.0	1269
9e4b3b89-4080-4aec-92fc-ecb1e53ed811	NR_116168.1	97.173	849	14	7	10	849	866	19	0.0	1426
9e4b3b89-4080-4aec-92fc-ecb1e53ed811	NR_042878.1	96.809	846	17	7	10	846	845	1	0.0	1415
9e4b3b89-4080-4aec-92fc-ecb1e53ed811	NR_118762.1	95.053	849	32	8	10	849	869	22	0.0	1356
9e4b3b89-4080-4aec-92fc-ecb1e53ed811	NR_118143.1	94.458	848	35	9	10	846	847	1	0.0	1297
9e4b3b89-4080-4aec-92fc-ecb1e53ed811	NR_025423.1	94.007	851	39	9	10	849	850	1	0.0	1279
df0194e4-0546-4210-a512-1bd1834d29f5	NR_163639.1	92.803	1181	36	40	1	1149	1167	4	0.0	1664
df0194e4-0546-4210-a512-1bd1834d29f5	NR_115355.1	92.882	1166	36	37	1	1133	1152	1	0.0	1653
df0194e4-0546-4210-a512-1bd1834d29f5	NR_119169.1	92.656	1171	39	37	1	1138	1157	1	0.0	1650
df0194e4-0546-4210-a512-1bd1834d29f5	NR_074980.1	92.379	1181	43	37	1	1148	1179	13	0.0	1639
df0194e4-0546-4210-a512-1bd1834d29f5	NR_113031.1	92.379	1181	43	37	1	1148	1179	13	0.0	1639
088b7e51-aa96-4f23-bd23-d118554a684e	NR_136788.1	94.726	474	14	7	1	466	1374	904	0.0	726
088b7e51-aa96-4f23-bd23-d118554a684e	NR_026230.1	91.561	474	29	7	1	466	1352	882	0.0	647
088b7e51-aa96-4f23-bd23-d118554a684e	NR_113082.1	91.368	475	28	9	1	466	1374	904	0.0	638
088b7e51-aa96-4f23-bd23-d118554a684e	NR_044491.1	85.595	479	53	12	1	466	1369	894	1.35e-137	488
088b7e51-aa96-4f23-bd23-d118554a684e	NR_113228.1	85.595	479	53	12	1	466	1381	906	1.35e-137	488
85802df7-170b-4580-a8da-4ca6863ae9e0	NR_025862.1	93.303	881	29	26	13	878	182	1047	0.0	1279
85802df7-170b-4580-a8da-4ca6863ae9e0	NR_026454.1	91.676	889	44	26	7	878	149	1024	0.0	1205
85802df7-170b-4580-a8da-4ca6863ae9e0	NR_028682.1	91.389	871	46	25	16	871	185	1041	0.0	1166
85802df7-170b-4580-a8da-4ca6863ae9e0	NR_042406.1	91.786	840	42	23	53	878	212	1038	0.0	1144
85802df7-170b-4580-a8da-4ca6863ae9e0	NR_180652.1	91.786	840	42	23	53	878	211	1037	0.0	1144
0a548035-1b8a-4e71-b76c-3d85e9f80e06	NR_024842.1	97.172	495	8	5	1	489	995	1489	0.0	832
0a548035-1b8a-4e71-b76c-3d85e9f80e06	NR_115735.1	97.166	494	8	5	1	488	971	1464	0.0	830
0a548035-1b8a-4e71-b76c-3d85e9f80e06	NR_179540.1	96.970	495	9	5	1	489	998	1492	0.0	826
0a548035-1b8a-4e71-b76c-3d85e9f80e06	NR_036936.1	97.137	489	8	5	1	483	980	1468	0.0	821
0a548035-1b8a-4e71-b76c-3d85e9f80e06	NR_028664.1	96.774	496	9	6	1	489	1001	1496	0.0	821
00ef92c4-c5ba-41e1-89bc-00b7d3a69f03	NR_103943.1	96.491	114	2	2	6	118	131	19	1.22e-47	187
00ef92c4-c5ba-41e1-89bc-00b7d3a69f03	NR_109720.1	99.020	102	1	0	3	104	102	1	1.58e-46	183
00ef92c4-c5ba-41e1-89bc-00b7d3a69f03	NR_115560.1	94.958	119	2	4	3	120	126	11	1.58e-46	183
00ef92c4-c5ba-41e1-89bc-00b7d3a69f03	NR_117425.1	96.429	112	3	1	3	114	111	1	1.58e-46	183
00ef92c4-c5ba-41e1-89bc-00b7d3a69f03	NR_036936.1	98.077	104	2	0	3	106	108	5	5.69e-46	182
d087e4c8-768b-4447-9f57-52928988339c	NR_028736.1	93.069	202	5	8	6	198	431	230	2.63e-77	287
d087e4c8-768b-4447-9f57-52928988339c	NR_042776.1	93.069	202	5	8	6	198	432	231	2.63e-77	287
d087e4c8-768b-4447-9f57-52928988339c	NR_042777.1	93.069	202	5	8	6	198	432	231	2.63e-77	287
d087e4c8-768b-4447-9f57-52928988339c	NR_197695.1	93.069	202	5	8	6	198	431	230	2.63e-77	287
d087e4c8-768b-4447-9f57-52928988339c	NR_028833.1	92.574	202	6	8	6	198	434	233	1.22e-75	281
34df33e5-1a8e-4a46-8c28-ecb204904501	NR_109720.1	95.804	143	3	2	7	146	143	1	9.11e-60	228
34df33e5-1a8e-4a46-8c28-ecb204904501	NR_036936.1	95.139	144	4	2	7	147	149	6	1.18e-58	224
34df33e5-1a8e-4a46-8c28-ecb204904501	NR_113561.1	93.750	144	6	2	7	147	169	26	2.55e-55	213
34df33e5-1a8e-4a46-8c28-ecb204904501	NR_117425.1	93.750	144	6	2	7	147	152	9	2.55e-55	213
34df33e5-1a8e-4a46-8c28-ecb204904501	NR_199545.1	92.763	152	4	6	1	147	175	26	2.55e-55	213
4d0028c1-7929-4c1a-a900-58beb484ccf1	NR_024842.1	99.231	130	1	0	7	136	1360	1489	5.14e-62	235
4d0028c1-7929-4c1a-a900-58beb484ccf1	NR_041706.1	99.231	130	1	0	7	136	1355	1484	5.14e-62	235
4d0028c1-7929-4c1a-a900-58beb484ccf1	NR_042052.1	99.231	130	1	0	7	136	1268	1397	5.14e-62	235
4d0028c1-7929-4c1a-a900-58beb484ccf1	NR_025625.1	99.231	130	1	0	7	136	1354	1483	5.14e-62	235
4d0028c1-7929-4c1a-a900-58beb484ccf1	NR_028705.1	99.231	130	1	0	7	136	1358	1487	5.14e-62	235
022e1df2-cba3-445a-9997-d2f4bed8ad42	NR_042776.1	92.903	155	5	4	1	152	175	24	1.63e-57	220
022e1df2-cba3-445a-9997-d2f4bed8ad42	NR_042777.1	92.903	155	5	4	1	152	175	24	1.63e-57	220
022e1df2-cba3-445a-9997-d2f4bed8ad42	NR_042778.1	92.903	155	5	4	1	152	175	24	1.63e-57	220
022e1df2-cba3-445a-9997-d2f4bed8ad42	NR_024841.1	92.258	155	6	4	1	152	164	13	7.60e-56	215
022e1df2-cba3-445a-9997-d2f4bed8ad42	NR_041781.1	92.258	155	6	5	1	152	159	8	7.60e-56	215
4c040811-690f-4b2f-92d5-b373efe55426	NR_043332.1	94.828	116	0	1	18	127	1367	1482	2.94e-44	176
4c040811-690f-4b2f-92d5-b373efe55426	NR_074980.1	94.828	116	0	1	18	127	1394	1509	2.94e-44	176
4c040811-690f-4b2f-92d5-b373efe55426	NR_113031.1	94.828	116	0	1	18	127	1394	1509	2.94e-44	176
4c040811-690f-4b2f-92d5-b373efe55426	NR_115354.1	94.828	116	0	1	18	127	1367	1482	2.94e-44	176
4c040811-690f-4b2f-92d5-b373efe55426	NR_115355.1	94.828	116	0	1	18	127	1367	1482	2.94e-44	176
809c925a-74e6-4a54-a8d0-6fdcc4c5652f	NR_042927.1	98.919	185	1	1	1	184	202	386	3.15e-90	329
809c925a-74e6-4a54-a8d0-6fdcc4c5652f	NR_042928.1	98.919	185	1	1	1	184	200	384	3.15e-90	329
809c925a-74e6-4a54-a8d0-6fdcc4c5652f	NR_112026.1	98.919	185	1	1	1	184	183	367	3.15e-90	329
809c925a-74e6-4a54-a8d0-6fdcc4c5652f	NR_114413.1	98.919	185	1	1	1	184	225	409	3.15e-90	329
809c925a-74e6-4a54-a8d0-6fdcc4c5652f	NR_115734.1	98.919	185	1	1	1	184	203	387	3.15e-90	329
1a898fb3-274b-43be-9d40-06ef315a6df3	NR_024842.1	100.000	68	0	0	1	68	1481	1414	1.27e-29	126
1a898fb3-274b-43be-9d40-06ef315a6df3	NR_041706.1	100.000	68	0	0	1	68	1476	1409	1.27e-29	126
1a898fb3-274b-43be-9d40-06ef315a6df3	NR_042052.1	100.000	68	0	0	1	68	1389	1322	1.27e-29	126
1a898fb3-274b-43be-9d40-06ef315a6df3	NR_025625.1	100.000	68	0	0	1	68	1475	1408	1.27e-29	126
1a898fb3-274b-43be-9d40-06ef315a6df3	NR_028705.1	100.000	68	0	0	1	68	1479	1412	1.27e-29	126
54c1b112-2686-4fcf-afc0-92426aabaccd	NR_040821.1	92.500	240	13	5	1	238	1237	1473	7.22e-93	339
54c1b112-2686-4fcf-afc0-92426aabaccd	NR_025148.1	92.500	240	13	5	1	238	1257	1493	7.22e-93	339
54c1b112-2686-4fcf-afc0-92426aabaccd	NR_040820.1	92.500	240	13	5	1	238	1237	1473	7.22e-93	339
54c1b112-2686-4fcf-afc0-92426aabaccd	NR_134818.1	92.500	240	13	5	1	238	1250	1486	7.22e-93	339
54c1b112-2686-4fcf-afc0-92426aabaccd	NR_126177.1	92.500	240	13	5	1	238	1239	1475	7.22e-93	339
63062cde-c56a-46dd-a8c4-4b56821215f1	NR_040821.1	91.416	233	9	8	2	224	1244	1475	5.25e-84	309
63062cde-c56a-46dd-a8c4-4b56821215f1	NR_025148.1	91.416	233	9	8	2	224	1264	1495	5.25e-84	309
63062cde-c56a-46dd-a8c4-4b56821215f1	NR_037101.1	90.987	233	10	8	2	224	1244	1475	2.44e-82	303
63062cde-c56a-46dd-a8c4-4b56821215f1	NR_024842.1	90.987	233	9	8	2	224	1259	1489	2.44e-82	303
63062cde-c56a-46dd-a8c4-4b56821215f1	NR_042052.1	90.987	233	9	8	2	224	1167	1397	2.44e-82	303
d6b6c9a7-f334-4f75-a57e-0e3b946c5372	NR_024659.1	96.296	108	2	1	12	119	1330	1225	2.65e-44	176
d6b6c9a7-f334-4f75-a57e-0e3b946c5372	NR_024842.1	93.443	122	3	2	1	119	1378	1259	2.65e-44	176
d6b6c9a7-f334-4f75-a57e-0e3b946c5372	NR_036936.1	93.443	122	3	2	1	119	1363	1244	2.65e-44	176
d6b6c9a7-f334-4f75-a57e-0e3b946c5372	NR_025453.1	93.443	122	3	2	1	119	1363	1244	2.65e-44	176
d6b6c9a7-f334-4f75-a57e-0e3b946c5372	NR_028664.1	93.443	122	3	2	1	119	1384	1265	2.65e-44	176
3ba777f7-1126-43ff-8338-c7623d1e20de	NR_028682.1	94.465	271	8	6	4	268	1228	1497	1.69e-114	411
3ba777f7-1126-43ff-8338-c7623d1e20de	NR_024817.1	93.333	270	14	3	4	270	1211	1479	1.31e-110	398
3ba777f7-1126-43ff-8338-c7623d1e20de	NR_025435.1	93.382	272	11	6	4	270	1225	1494	4.72e-110	396
3ba777f7-1126-43ff-8338-c7623d1e20de	NR_025396.1	92.963	270	15	3	4	270	1199	1467	2.20e-108	390
3ba777f7-1126-43ff-8338-c7623d1e20de	NR_042357.1	92.593	270	16	3	4	270	1196	1464	1.02e-106	385
7fb6ffe9-1378-4247-9448-ddb1ca85889c	NR_116168.1	94.141	256	10	4	1	252	1456	1202	9.43e-107	385
7fb6ffe9-1378-4247-9448-ddb1ca85889c	NR_118762.1	94.141	256	10	4	1	252	1458	1204	9.43e-107	385
7fb6ffe9-1378-4247-9448-ddb1ca85889c	NR_126284.1	92.188	256	15	4	1	252	1436	1182	2.06e-98	357
7fb6ffe9-1378-4247-9448-ddb1ca85889c	NR_115157.1	91.797	256	16	4	1	252	1432	1178	9.57e-97	351
7fb6ffe9-1378-4247-9448-ddb1ca85889c	NR_118655.1	91.406	256	17	4	1	252	1460	1206	1.24e-95	348
b8fc2888-394b-455e-b3ae-49ddc930c8f4	NR_025902.1	94.977	219	6	4	42	257	1229	1445	7.74e-93	339
b8fc2888-394b-455e-b3ae-49ddc930c8f4	NR_040933.1	94.977	219	6	4	42	257	1273	1489	7.74e-93	339
b8fc2888-394b-455e-b3ae-49ddc930c8f4	NR_117717.1	94.977	219	6	4	42	257	1271	1487	7.74e-93	339
b8fc2888-394b-455e-b3ae-49ddc930c8f4	NR_121688.1	94.977	219	6	4	42	257	1271	1487	7.74e-93	339
b8fc2888-394b-455e-b3ae-49ddc930c8f4	NR_117692.1	94.977	219	6	4	42	257	1251	1467	7.74e-93	339
f29665e6-e628-42b6-bec6-91e9c6e164e1	NR_024842.1	92.857	224	10	4	1	219	230	8	2.34e-87	320
f29665e6-e628-42b6-bec6-91e9c6e164e1	NR_115241.1	92.593	216	10	4	1	211	215	1	6.56e-83	305
f29665e6-e628-42b6-bec6-91e9c6e164e1	NR_115735.1	92.271	207	10	4	1	202	206	1	6.61e-78	289
f29665e6-e628-42b6-bec6-91e9c6e164e1	NR_114413.1	88.496	226	16	7	1	219	238	16	1.11e-70	265
f29665e6-e628-42b6-bec6-91e9c6e164e1	NR_117425.1	88.128	219	20	4	1	214	218	1	6.70e-68	255
d5adba58-53ed-44c0-b90a-28aeff69b5e4	NR_197695.1	97.656	128	0	3	1	125	1371	1498	1.70e-56	217
d5adba58-53ed-44c0-b90a-28aeff69b5e4	NR_037101.1	96.899	129	0	3	1	125	1347	1475	2.20e-55	213
d5adba58-53ed-44c0-b90a-28aeff69b5e4	NR_040821.1	96.899	129	0	3	1	125	1347	1475	2.20e-55	213
d5adba58-53ed-44c0-b90a-28aeff69b5e4	NR_024634.1	96.899	129	0	4	1	125	1358	1486	2.20e-55	213
d5adba58-53ed-44c0-b90a-28aeff69b5e4	NR_025148.1	96.899	129	0	3	1	125	1367	1495	2.20e-55	213
19830cda-bc7f-49e9-bf21-4774a96b9967	NR_042776.1	96.761	247	6	2	3	248	278	33	1.54e-114	411
19830cda-bc7f-49e9-bf21-4774a96b9967	NR_042778.1	96.356	247	7	2	3	248	278	33	7.18e-113	405
19830cda-bc7f-49e9-bf21-4774a96b9967	NR_042777.1	95.951	247	8	2	3	248	278	33	3.34e-111	399
19830cda-bc7f-49e9-bf21-4774a96b9967	NR_118998.1	95.510	245	9	2	3	246	273	30	5.59e-109	392
19830cda-bc7f-49e9-bf21-4774a96b9967	NR_197695.1	95.142	247	10	2	3	248	277	32	7.23e-108	388
de419e0a-562e-41cc-9c15-cdb19d56d139	NR_041880.1	97.576	165	2	2	1	165	1165	1003	7.95e-76	281
de419e0a-562e-41cc-9c15-cdb19d56d139	NR_113570.1	97.576	165	2	2	1	165	1216	1054	7.95e-76	281
de419e0a-562e-41cc-9c15-cdb19d56d139	NR_115354.1	97.576	165	2	2	1	165	1209	1047	7.95e-76	281
de419e0a-562e-41cc-9c15-cdb19d56d139	NR_163639.1	97.576	165	2	2	1	165	1224	1062	7.95e-76	281
de419e0a-562e-41cc-9c15-cdb19d56d139	NR_179325.1	97.576	165	2	2	1	165	1183	1021	7.95e-76	281
416d1e6a-b871-4fd6-96d6-694f3a66bd61	NR_163639.1	98.990	99	0	1	5	103	1	98	2.30e-44	176
416d1e6a-b871-4fd6-96d6-694f3a66bd61	NR_074980.1	98.947	95	0	1	9	103	13	106	3.84e-42	169
416d1e6a-b871-4fd6-96d6-694f3a66bd61	NR_113031.1	98.947	95	0	1	9	103	13	106	3.84e-42	169
416d1e6a-b871-4fd6-96d6-694f3a66bd61	NR_113376.1	97.895	95	1	1	9	103	13	106	1.79e-40	163
416d1e6a-b871-4fd6-96d6-694f3a66bd61	NR_119168.1	98.824	85	0	1	19	103	1	84	1.39e-36	150
76a3a7c5-8934-4f29-9392-f904a8c68a06	NR_024842.1	92.268	194	11	4	9	198	201	8	5.92e-73	272
76a3a7c5-8934-4f29-9392-f904a8c68a06	NR_115241.1	92.473	186	11	3	9	191	186	1	3.56e-70	263
76a3a7c5-8934-4f29-9392-f904a8c68a06	NR_114413.1	89.691	194	16	4	9	198	209	16	1.29e-64	244
76a3a7c5-8934-4f29-9392-f904a8c68a06	NR_115735.1	91.525	177	11	4	9	181	177	1	1.67e-63	241
76a3a7c5-8934-4f29-9392-f904a8c68a06	NR_165737.1	90.374	187	13	5	9	191	186	1	1.67e-63	241
5f3310be-a6ae-439e-8442-e71df791040e	NR_025862.1	94.253	174	6	1	4	177	180	11	2.40e-71	267
5f3310be-a6ae-439e-8442-e71df791040e	NR_028682.1	94.767	172	4	2	5	175	180	13	3.10e-70	263
5f3310be-a6ae-439e-8442-e71df791040e	NR_025863.1	86.705	173	15	6	9	177	179	11	6.90e-47	185
5f3310be-a6ae-439e-8442-e71df791040e	NR_112661.1	86.207	174	18	4	5	177	170	2	2.48e-46	183
5f3310be-a6ae-439e-8442-e71df791040e	NR_026454.1	87.582	153	14	5	5	154	154	4	5.37e-43	172
2683a650-180d-464b-aed4-16d3d3334dfa	NR_163639.1	91.250	160	5	6	9	160	162	4	3.67e-54	209
2683a650-180d-464b-aed4-16d3d3334dfa	NR_074980.1	91.195	159	5	6	9	159	170	13	1.32e-53	207
2683a650-180d-464b-aed4-16d3d3334dfa	NR_113031.1	91.195	159	5	6	9	159	170	13	1.32e-53	207
2683a650-180d-464b-aed4-16d3d3334dfa	NR_119168.1	90.604	149	5	6	9	149	148	1	4.78e-48	189
2683a650-180d-464b-aed4-16d3d3334dfa	NR_119169.1	90.604	149	5	6	9	149	148	1	4.78e-48	189
46c39c2b-b4e4-401b-a76b-701597ebb53e	NR_043332.1	98.958	96	0	1	1	95	1390	1485	9.30e-43	171
46c39c2b-b4e4-401b-a76b-701597ebb53e	NR_074980.1	98.958	96	0	1	1	95	1417	1512	9.30e-43	171
46c39c2b-b4e4-401b-a76b-701597ebb53e	NR_113031.1	98.958	96	0	1	1	95	1417	1512	9.30e-43	171
46c39c2b-b4e4-401b-a76b-701597ebb53e	NR_115354.1	98.958	96	0	1	1	95	1390	1485	9.30e-43	171
46c39c2b-b4e4-401b-a76b-701597ebb53e	NR_115355.1	98.958	96	0	1	1	95	1390	1485	9.30e-43	171
69f8ecfe-b385-4ea0-8f45-a07582c5487c	NR_074980.1	98.667	150	1	1	1	150	163	15	7.22e-71	265
69f8ecfe-b385-4ea0-8f45-a07582c5487c	NR_113031.1	98.667	150	1	1	1	150	163	15	7.22e-71	265
69f8ecfe-b385-4ea0-8f45-a07582c5487c	NR_163639.1	98.667	150	1	1	1	150	155	7	7.22e-71	265
69f8ecfe-b385-4ea0-8f45-a07582c5487c	NR_119168.1	98.592	142	1	1	1	142	141	1	2.02e-66	250
69f8ecfe-b385-4ea0-8f45-a07582c5487c	NR_119169.1	98.592	142	1	1	1	142	141	1	2.02e-66	250
7fa34d68-d179-408e-9f7a-ea85b946560d	NR_036936.1	95.273	275	10	3	1	273	1195	1468	3.68e-121	433
7fa34d68-d179-408e-9f7a-ea85b946560d	NR_025453.1	95.273	275	10	3	1	273	1195	1468	3.68e-121	433
7fa34d68-d179-408e-9f7a-ea85b946560d	NR_028666.1	95.273	275	10	3	1	273	1219	1492	3.68e-121	433
7fa34d68-d179-408e-9f7a-ea85b946560d	NR_028833.1	95.273	275	10	3	1	273	1222	1495	3.68e-121	433
7fa34d68-d179-408e-9f7a-ea85b946560d	NR_029052.1	95.273	275	10	3	1	273	1183	1456	3.68e-121	433
32a8cdf6-005f-4a38-ac38-661b0c7cbe66	NR_024842.1	86.517	267	16	11	1	249	274	10	5.97e-74	276
32a8cdf6-005f-4a38-ac38-661b0c7cbe66	NR_115241.1	86.538	260	16	10	1	242	259	1	1.00e-71	268
32a8cdf6-005f-4a38-ac38-661b0c7cbe66	NR_115735.1	85.657	251	16	11	1	232	250	1	4.68e-65	246
32a8cdf6-005f-4a38-ac38-661b0c7cbe66	NR_165737.1	83.588	262	20	13	1	242	259	1	2.19e-58	224
32a8cdf6-005f-4a38-ac38-661b0c7cbe66	NR_117425.1	82.239	259	27	9	4	244	259	2	7.95e-53	206
7e1ad94b-c924-4669-9ff9-0a36e76b080e	NR_025903.1	94.882	254	3	10	1	247	1245	1495	7.32e-108	388
7e1ad94b-c924-4669-9ff9-0a36e76b080e	NR_025904.1	93.701	254	6	10	1	247	1244	1494	7.37e-103	372
7e1ad94b-c924-4669-9ff9-0a36e76b080e	NR_026419.1	95.690	232	6	4	20	247	1253	1484	2.65e-102	370
7e1ad94b-c924-4669-9ff9-0a36e76b080e	NR_133752.1	95.652	230	2	8	1	224	1170	1397	4.44e-100	363
7e1ad94b-c924-4669-9ff9-0a36e76b080e	NR_133753.1	95.652	230	2	8	1	224	1199	1426	4.44e-100	363
7fb823de-3ffe-4b25-be9c-fe31efbf29ff	NR_037101.1	92.958	71	2	3	1	68	1467	1397	7.69e-22	100
7fb823de-3ffe-4b25-be9c-fe31efbf29ff	NR_036936.1	92.958	71	2	3	1	68	1467	1397	7.69e-22	100
7fb823de-3ffe-4b25-be9c-fe31efbf29ff	NR_040821.1	92.958	71	2	3	1	68	1467	1397	7.69e-22	100
7fb823de-3ffe-4b25-be9c-fe31efbf29ff	NR_025729.1	92.958	71	2	3	1	68	1485	1415	7.69e-22	100
7fb823de-3ffe-4b25-be9c-fe31efbf29ff	NR_026368.1	92.958	71	2	3	1	68	1469	1399	7.69e-22	100
fc96cfe6-ddec-4679-81ef-238dc0f81d8b	NR_028682.1	92.090	177	7	6	1	170	1434	1258	3.88e-64	243
fc96cfe6-ddec-4679-81ef-238dc0f81d8b	NR_179652.1	91.429	175	8	5	3	170	1435	1261	2.34e-61	233
fc96cfe6-ddec-4679-81ef-238dc0f81d8b	NR_025211.1	91.379	174	8	5	3	169	1422	1249	8.40e-61	231
fc96cfe6-ddec-4679-81ef-238dc0f81d8b	NR_104715.1	91.379	174	8	5	3	169	1421	1248	8.40e-61	231
fc96cfe6-ddec-4679-81ef-238dc0f81d8b	NR_025435.1	92.216	167	6	6	3	162	1429	1263	3.02e-60	230
ebd71cce-2ec4-4d6c-bcba-557742d4d3c8	NR_024842.1	90.780	141	8	4	1	139	146	9	1.92e-46	183
ebd71cce-2ec4-4d6c-bcba-557742d4d3c8	NR_114413.1	90.780	141	8	4	1	139	154	17	1.92e-46	183
ebd71cce-2ec4-4d6c-bcba-557742d4d3c8	NR_199956.1	90.780	141	8	4	1	139	151	14	1.92e-46	183
ebd71cce-2ec4-4d6c-bcba-557742d4d3c8	NR_199974.1	90.780	141	8	4	1	139	158	21	1.92e-46	183
ebd71cce-2ec4-4d6c-bcba-557742d4d3c8	NR_148589.1	91.791	134	6	4	1	132	131	1	6.90e-46	182
8ed4df64-7735-4a2d-ad46-16b8d713b919	NR_199545.1	98.824	170	0	2	1	170	186	19	6.44e-82	302
8ed4df64-7735-4a2d-ad46-16b8d713b919	NR_179385.1	98.235	170	1	2	1	170	190	23	3.00e-80	296
8ed4df64-7735-4a2d-ad46-16b8d713b919	NR_165741.1	97.647	170	2	2	1	170	175	8	1.39e-78	291
8ed4df64-7735-4a2d-ad46-16b8d713b919	NR_179383.1	97.661	171	0	3	1	170	193	26	1.39e-78	291
8ed4df64-7735-4a2d-ad46-16b8d713b919	NR_024841.1	100.000	156	0	0	15	170	168	13	5.02e-78	289
dd2fc0a9-871d-4d6c-a269-62c7cac9d8e8	NR_044682.2	93.798	129	7	1	1	128	146	18	2.84e-49	193
dd2fc0a9-871d-4d6c-a269-62c7cac9d8e8	NR_025073.1	93.023	129	8	1	1	128	143	15	3.68e-48	189
dd2fc0a9-871d-4d6c-a269-62c7cac9d8e8	NR_118756.1	93.023	129	8	1	1	128	145	17	3.68e-48	189
dd2fc0a9-871d-4d6c-a269-62c7cac9d8e8	NR_104930.1	93.651	126	7	1	1	125	126	1	1.32e-47	187
dd2fc0a9-871d-4d6c-a269-62c7cac9d8e8	NR_156993.1	93.023	129	8	1	1	128	135	7	1.32e-47	187
777c7683-253d-4a07-93a6-ffa960d54dfd	NR_042776.1	98.913	184	1	1	1	183	1436	1253	1.16e-89	327
777c7683-253d-4a07-93a6-ffa960d54dfd	NR_042777.1	98.913	184	1	1	1	183	1435	1252	1.16e-89	327
777c7683-253d-4a07-93a6-ffa960d54dfd	NR_042778.1	98.370	184	2	1	1	183	1436	1253	5.40e-88	322
777c7683-253d-4a07-93a6-ffa960d54dfd	NR_118998.1	98.370	184	2	1	1	183	1430	1247	5.40e-88	322
777c7683-253d-4a07-93a6-ffa960d54dfd	NR_181981.1	98.370	184	2	1	1	183	1426	1243	5.40e-88	322
f059c337-f566-4270-8041-01ab1daa20fb	NR_024842.1	95.588	136	2	4	1	133	1408	1274	6.35e-56	215
f059c337-f566-4270-8041-01ab1daa20fb	NR_036936.1	95.588	136	2	4	1	133	1393	1259	6.35e-56	215
f059c337-f566-4270-8041-01ab1daa20fb	NR_025453.1	95.588	136	2	4	1	133	1393	1259	6.35e-56	215
f059c337-f566-4270-8041-01ab1daa20fb	NR_028664.1	95.588	136	2	4	1	133	1414	1280	6.35e-56	215
f059c337-f566-4270-8041-01ab1daa20fb	NR_028665.1	95.588	136	2	4	1	133	1408	1274	6.35e-56	215
43d7951c-407e-429b-b24d-94584b0d7ea1	NR_044873.1	93.452	168	7	3	1	164	1083	916	2.88e-65	246
43d7951c-407e-429b-b24d-94584b0d7ea1	NR_074568.1	91.667	168	10	3	1	164	1093	926	2.90e-60	230
43d7951c-407e-429b-b24d-94584b0d7ea1	NR_109752.1	91.667	168	10	3	1	164	1104	937	2.90e-60	230
43d7951c-407e-429b-b24d-94584b0d7ea1	NR_044712.2	91.667	168	10	3	1	164	1102	935	2.90e-60	230
43d7951c-407e-429b-b24d-94584b0d7ea1	NR_178360.1	91.667	168	10	3	1	164	1060	893	2.90e-60	230
a1a581c1-6273-4aac-8db3-01352e8a699d	NR_025289.1	100.000	65	0	0	2	66	1222	1158	5.78e-28	121
a1a581c1-6273-4aac-8db3-01352e8a699d	NR_118780.1	100.000	65	0	0	2	66	1229	1165	5.78e-28	121
a1a581c1-6273-4aac-8db3-01352e8a699d	NR_117025.1	96.923	65	2	0	2	66	1337	1273	1.25e-24	110
a1a581c1-6273-4aac-8db3-01352e8a699d	NR_178620.1	96.825	63	2	0	4	66	1210	1148	1.62e-23	106
a1a581c1-6273-4aac-8db3-01352e8a699d	NR_043639.1	95.385	65	3	0	2	66	1365	1301	5.82e-23	104
d5d24831-c0cc-4ed9-9024-b150f02c2702	NR_115241.1	97.398	269	4	3	4	271	719	453	7.67e-128	455
d5d24831-c0cc-4ed9-9024-b150f02c2702	NR_115735.1	97.398	269	4	3	4	271	710	444	7.67e-128	455
d5d24831-c0cc-4ed9-9024-b150f02c2702	NR_116211.1	97.398	269	4	3	4	271	642	376	7.67e-128	455
d5d24831-c0cc-4ed9-9024-b150f02c2702	NR_024842.1	97.026	269	5	3	4	271	734	468	9.93e-127	451
d5d24831-c0cc-4ed9-9024-b150f02c2702	NR_036936.1	97.037	270	3	5	4	271	719	453	3.57e-126	449
3c9790db-e3c1-4830-ae2f-849e21e66653	NR_024659.1	96.923	65	2	0	1	65	1230	1166	1.28e-24	110
3c9790db-e3c1-4830-ae2f-849e21e66653	NR_024842.1	96.923	65	2	0	1	65	1264	1200	1.28e-24	110
3c9790db-e3c1-4830-ae2f-849e21e66653	NR_115241.1	96.923	65	2	0	1	65	1249	1185	1.28e-24	110
3c9790db-e3c1-4830-ae2f-849e21e66653	NR_115735.1	96.923	65	2	0	1	65	1240	1176	1.28e-24	110
3c9790db-e3c1-4830-ae2f-849e21e66653	NR_116211.1	96.923	65	2	0	1	65	1172	1108	1.28e-24	110
1890349b-ab05-43d8-af38-8b1be6ed2b1f	NR_042776.1	98.855	262	2	1	1	262	279	19	3.45e-131	466
1890349b-ab05-43d8-af38-8b1be6ed2b1f	NR_042778.1	98.473	262	3	1	1	262	279	19	1.60e-129	460
1890349b-ab05-43d8-af38-8b1be6ed2b1f	NR_042777.1	98.092	262	4	1	1	262	279	19	7.46e-128	455
1890349b-ab05-43d8-af38-8b1be6ed2b1f	NR_118998.1	97.328	262	6	1	1	262	274	14	4.49e-125	446
1890349b-ab05-43d8-af38-8b1be6ed2b1f	NR_197695.1	96.947	262	7	1	1	262	278	18	7.51e-123	438
72c8f9b0-2231-4da4-8a9c-a70dac800a22	NR_040933.1	82.875	327	14	21	52	341	1364	1043	1.09e-67	255
72c8f9b0-2231-4da4-8a9c-a70dac800a22	NR_104830.1	82.569	327	15	21	52	341	1357	1036	5.07e-66	250
72c8f9b0-2231-4da4-8a9c-a70dac800a22	NR_028899.1	82.263	327	16	21	52	341	1300	979	2.36e-64	244
72c8f9b0-2231-4da4-8a9c-a70dac800a22	NR_025893.1	81.651	327	18	21	52	341	1366	1045	5.11e-61	233
72c8f9b0-2231-4da4-8a9c-a70dac800a22	NR_104944.1	81.651	327	18	21	52	341	1303	982	5.11e-61	233
e2b391ff-18d5-46d0-bdb0-850e615e0621	NR_028665.1	92.021	188	10	4	1	186	1037	853	4.45e-69	259
e2b391ff-18d5-46d0-bdb0-850e615e0621	NR_112026.1	92.021	188	10	4	1	186	1002	818	4.45e-69	259
e2b391ff-18d5-46d0-bdb0-850e615e0621	NR_115239.1	92.021	188	10	4	1	186	1020	836	4.45e-69	259
e2b391ff-18d5-46d0-bdb0-850e615e0621	NR_116213.1	92.021	188	10	4	1	186	945	761	4.45e-69	259
e2b391ff-18d5-46d0-bdb0-850e615e0621	NR_117496.1	92.021	188	10	4	1	186	1020	836	4.45e-69	259
c13ef3bf-6c83-439d-8d99-ffb6014e042c	NR_024659.1	98.765	243	1	2	1	241	560	802	1.14e-120	431
c13ef3bf-6c83-439d-8d99-ffb6014e042c	NR_028664.1	98.765	243	1	2	1	241	600	842	1.14e-120	431
c13ef3bf-6c83-439d-8d99-ffb6014e042c	NR_042927.1	98.765	243	1	2	1	241	579	821	1.14e-120	431
c13ef3bf-6c83-439d-8d99-ffb6014e042c	NR_042928.1	98.765	243	1	2	1	241	577	819	1.14e-120	431
c13ef3bf-6c83-439d-8d99-ffb6014e042c	NR_114413.1	98.765	243	1	2	1	241	602	844	1.14e-120	431
6b8cee10-8bee-4f48-b8bf-21dc2e80364a	NR_025892.1	90.119	253	3	20	1	236	1414	1167	5.43e-84	309
6b8cee10-8bee-4f48-b8bf-21dc2e80364a	NR_028900.1	90.119	253	3	20	1	236	1347	1100	5.43e-84	309
6b8cee10-8bee-4f48-b8bf-21dc2e80364a	NR_040933.1	90.119	253	3	20	1	236	1411	1164	5.43e-84	309
6b8cee10-8bee-4f48-b8bf-21dc2e80364a	NR_041988.1	90.119	253	3	20	1	236	1347	1100	5.43e-84	309
6b8cee10-8bee-4f48-b8bf-21dc2e80364a	NR_104830.1	90.119	253	3	20	1	236	1404	1157	5.43e-84	309
01ea330a-f549-4b14-b8f6-b8dbcb9693d6	NR_042776.1	98.333	120	2	0	1	120	137	18	7.40e-55	211
01ea330a-f549-4b14-b8f6-b8dbcb9693d6	NR_042777.1	98.333	120	2	0	1	120	137	18	7.40e-55	211
01ea330a-f549-4b14-b8f6-b8dbcb9693d6	NR_042778.1	98.333	120	2	0	1	120	137	18	7.40e-55	211
01ea330a-f549-4b14-b8f6-b8dbcb9693d6	NR_118234.1	98.305	118	2	0	4	121	126	9	9.57e-54	207
01ea330a-f549-4b14-b8f6-b8dbcb9693d6	NR_024841.1	98.291	117	2	0	4	120	123	7	3.44e-53	206
911db163-4d26-4fca-9fa3-9200f1fcdac8	NR_042776.1	95.429	175	4	4	1	174	194	23	4.03e-74	276
911db163-4d26-4fca-9fa3-9200f1fcdac8	NR_042778.1	95.429	175	4	4	1	174	194	23	4.03e-74	276
911db163-4d26-4fca-9fa3-9200f1fcdac8	NR_118998.1	94.286	175	6	4	1	174	189	18	2.43e-71	267
911db163-4d26-4fca-9fa3-9200f1fcdac8	NR_042777.1	94.286	175	6	4	1	174	194	23	8.73e-71	265
911db163-4d26-4fca-9fa3-9200f1fcdac8	NR_197695.1	93.714	175	7	4	1	174	193	22	4.06e-69	259
122e3cb5-5bc7-4325-b686-1db79ec3e900	NR_026454.1	95.588	272	6	6	1	269	466	734	1.28e-120	431
122e3cb5-5bc7-4325-b686-1db79ec3e900	NR_025862.1	95.221	272	7	6	1	269	489	757	1.66e-119	427
122e3cb5-5bc7-4325-b686-1db79ec3e900	NR_026467.1	95.221	272	7	6	1	269	471	739	5.97e-119	425
122e3cb5-5bc7-4325-b686-1db79ec3e900	NR_180652.1	95.221	272	7	6	1	269	479	747	5.97e-119	425
122e3cb5-5bc7-4325-b686-1db79ec3e900	NR_041706.1	94.853	272	8	6	1	269	478	746	2.78e-117	420
d1393843-bed9-4dbc-b8b8-b6f1bab4966c	NR_024841.1	91.626	203	7	8	8	202	1202	1002	6.12e-73	272
d1393843-bed9-4dbc-b8b8-b6f1bab4966c	NR_036936.1	91.262	206	8	8	8	205	1188	985	6.12e-73	272
d1393843-bed9-4dbc-b8b8-b6f1bab4966c	NR_028665.1	91.626	203	7	8	8	202	1203	1003	6.12e-73	272
d1393843-bed9-4dbc-b8b8-b6f1bab4966c	NR_042927.1	91.626	203	7	8	8	202	1188	988	6.12e-73	272
d1393843-bed9-4dbc-b8b8-b6f1bab4966c	NR_112026.1	91.626	203	7	8	8	202	1168	968	6.12e-73	272
a9d2a25f-85bc-4f03-8c30-b7c86e2110ab	NR_025689.1	87.407	135	13	3	3	137	1358	1488	5.18e-37	152
a9d2a25f-85bc-4f03-8c30-b7c86e2110ab	NR_119263.1	86.957	138	14	3	1	137	1365	1499	5.18e-37	152
a9d2a25f-85bc-4f03-8c30-b7c86e2110ab	NR_042773.1	86.232	138	15	3	1	137	1368	1502	2.41e-35	147
a9d2a25f-85bc-4f03-8c30-b7c86e2110ab	NR_042357.1	86.667	135	14	3	3	137	1338	1468	2.41e-35	147
a9d2a25f-85bc-4f03-8c30-b7c86e2110ab	NR_157692.1	86.667	135	14	3	3	137	1377	1507	2.41e-35	147
a3145f6d-179a-4490-8923-e6c81740455a	NR_044091.1	97.835	231	2	3	1	229	1166	937	3.92e-110	396
a3145f6d-179a-4490-8923-e6c81740455a	NR_113570.1	96.970	231	3	4	1	229	1258	1030	8.48e-107	385
a3145f6d-179a-4490-8923-e6c81740455a	NR_041880.1	96.930	228	3	4	4	229	1204	979	3.95e-105	379
a3145f6d-179a-4490-8923-e6c81740455a	NR_042940.1	96.930	228	4	3	4	229	1161	935	3.95e-105	379
a3145f6d-179a-4490-8923-e6c81740455a	NR_043332.1	96.537	231	4	4	1	229	1251	1023	3.95e-105	379
64893a4d-6084-4fef-852f-13f09e0b3379	NR_199547.1	92.547	161	4	5	2	156	17	175	1.27e-58	224
64893a4d-6084-4fef-852f-13f09e0b3379	NR_109720.1	90.062	161	8	5	2	156	33	191	5.97e-52	202
64893a4d-6084-4fef-852f-13f09e0b3379	NR_042928.1	90.062	161	6	8	2	156	39	195	2.15e-51	200
64893a4d-6084-4fef-852f-13f09e0b3379	NR_112026.1	90.062	161	6	8	2	156	22	178	2.15e-51	200
64893a4d-6084-4fef-852f-13f09e0b3379	NR_114537.1	91.275	149	5	5	2	145	26	171	2.78e-50	196
3eebcba8-d1c6-4acb-b69c-6c769f765bd0	NR_042776.1	99.107	112	1	0	1	112	85	196	4.05e-52	202
3eebcba8-d1c6-4acb-b69c-6c769f765bd0	NR_042778.1	99.107	112	1	0	1	112	85	196	4.05e-52	202
3eebcba8-d1c6-4acb-b69c-6c769f765bd0	NR_118998.1	98.214	112	2	0	1	112	80	191	5.24e-51	198
3eebcba8-d1c6-4acb-b69c-6c769f765bd0	NR_042777.1	97.321	112	3	0	1	112	85	196	8.77e-49	191
3eebcba8-d1c6-4acb-b69c-6c769f765bd0	NR_197695.1	97.321	112	3	0	1	112	84	195	8.77e-49	191
e992fe18-bfcb-444d-8170-4e17e92f8d4f	NR_041933.1	95.706	163	2	5	4	162	1329	1490	1.30e-68	257
e992fe18-bfcb-444d-8170-4e17e92f8d4f	NR_179278.1	95.679	162	3	4	4	162	1322	1482	1.30e-68	257
e992fe18-bfcb-444d-8170-4e17e92f8d4f	NR_029025.1	94.611	167	3	5	1	162	1304	1469	1.68e-67	254
e992fe18-bfcb-444d-8170-4e17e92f8d4f	NR_042215.1	94.611	167	3	5	1	162	1306	1471	1.68e-67	254
e992fe18-bfcb-444d-8170-4e17e92f8d4f	NR_113934.1	96.203	158	1	5	4	157	1329	1485	1.68e-67	254
398a3f62-1a77-4e78-97b7-e3b6911c10d8	NR_042776.1	93.555	1443	41	40	1	1415	1438	20	0.0	2102
398a3f62-1a77-4e78-97b7-e3b6911c10d8	NR_042778.1	93.481	1442	44	38	1	1415	1438	20	0.0	2097
398a3f62-1a77-4e78-97b7-e3b6911c10d8	NR_042777.1	93.347	1443	43	40	1	1415	1437	20	0.0	2084
398a3f62-1a77-4e78-97b7-e3b6911c10d8	NR_197695.1	93.001	1443	49	40	1	1415	1437	19	0.0	2058
398a3f62-1a77-4e78-97b7-e3b6911c10d8	NR_118998.1	92.926	1442	51	39	1	1415	1432	15	0.0	2052
fe52a943-ec61-4b58-befb-b353be08727b	NR_115241.1	97.135	384	7	3	1	380	789	406	0.0	645
fe52a943-ec61-4b58-befb-b353be08727b	NR_115735.1	97.135	384	7	3	1	380	780	397	0.0	645
fe52a943-ec61-4b58-befb-b353be08727b	NR_116211.1	97.135	384	7	3	1	380	712	329	0.0	645
fe52a943-ec61-4b58-befb-b353be08727b	NR_024842.1	96.875	384	8	3	1	380	804	421	0.0	641
fe52a943-ec61-4b58-befb-b353be08727b	NR_036936.1	96.875	384	8	3	1	380	789	406	0.0	640
35b116db-aa37-4913-b78f-b003d7f42a49	NR_041879.1	97.153	281	3	4	1	276	685	405	2.82e-132	470
35b116db-aa37-4913-b78f-b003d7f42a49	NR_115355.1	97.153	281	3	4	1	276	728	448	2.82e-132	470
35b116db-aa37-4913-b78f-b003d7f42a49	NR_119169.1	97.153	281	3	4	1	276	733	453	2.82e-132	470
35b116db-aa37-4913-b78f-b003d7f42a49	NR_163639.1	97.153	281	3	4	1	276	744	464	2.82e-132	470
35b116db-aa37-4913-b78f-b003d7f42a49	NR_179325.1	97.153	281	3	4	1	276	702	422	2.82e-132	470
02b50824-b835-47f4-943d-97c9c884ce61	NR_028664.1	98.509	939	4	10	4	936	180	1114	0.0	1648
02b50824-b835-47f4-943d-97c9c884ce61	NR_115240.1	98.509	939	4	10	4	936	157	1091	0.0	1648
02b50824-b835-47f4-943d-97c9c884ce61	NR_115732.1	98.509	939	4	10	4	936	159	1093	0.0	1648
02b50824-b835-47f4-943d-97c9c884ce61	NR_116207.1	98.509	939	4	10	4	936	22	956	0.0	1648
02b50824-b835-47f4-943d-97c9c884ce61	NR_199545.1	98.509	939	4	10	4	936	177	1111	0.0	1648
950f3b54-3f63-4909-8ecb-2e5fab951c5e	NR_074980.1	95.075	1137	40	14	8	1130	1147	13	0.0	1775
950f3b54-3f63-4909-8ecb-2e5fab951c5e	NR_113031.1	95.075	1137	40	14	8	1130	1147	13	0.0	1775
950f3b54-3f63-4909-8ecb-2e5fab951c5e	NR_119168.1	95.111	1125	39	14	8	1118	1125	3	0.0	1764
950f3b54-3f63-4909-8ecb-2e5fab951c5e	NR_043332.1	95.098	1122	39	14	8	1115	1120	1	0.0	1759
950f3b54-3f63-4909-8ecb-2e5fab951c5e	NR_115355.1	95.098	1122	39	14	8	1115	1120	1	0.0	1757
6f63b833-dce1-42be-98ec-894883e3b1a4	NR_028664.1	91.257	366	18	11	18	378	1140	1496	3.90e-137	486
6f63b833-dce1-42be-98ec-894883e3b1a4	NR_028666.1	91.257	366	18	11	18	378	1143	1499	3.90e-137	486
6f63b833-dce1-42be-98ec-894883e3b1a4	NR_028833.1	91.257	366	18	11	18	378	1146	1502	3.90e-137	486
6f63b833-dce1-42be-98ec-894883e3b1a4	NR_029052.1	91.257	366	18	11	18	378	1107	1463	3.90e-137	486
6f63b833-dce1-42be-98ec-894883e3b1a4	NR_036918.1	91.257	366	18	11	18	378	1136	1492	3.90e-137	486
ae7eb703-7819-4922-852a-dcc037eaf931	NR_042776.1	95.923	1447	30	21	12	1436	63	1502	0.0	2318
ae7eb703-7819-4922-852a-dcc037eaf931	NR_042777.1	95.715	1447	32	22	12	1436	63	1501	0.0	2302
ae7eb703-7819-4922-852a-dcc037eaf931	NR_042778.1	95.646	1447	34	21	12	1436	63	1502	0.0	2296
ae7eb703-7819-4922-852a-dcc037eaf931	NR_197695.1	95.301	1447	39	21	12	1436	62	1501	0.0	2268
ae7eb703-7819-4922-852a-dcc037eaf931	NR_118998.1	95.228	1446	41	22	12	1436	58	1496	0.0	2263
0abd4b83-a57f-4bcf-9733-08a67cf5a64b	NR_044873.1	96.409	1114	28	10	1	1107	1110	2	0.0	1825
0abd4b83-a57f-4bcf-9733-08a67cf5a64b	NR_074568.1	94.883	1114	44	10	1	1107	1120	13	0.0	1729
0abd4b83-a57f-4bcf-9733-08a67cf5a64b	NR_044712.2	94.524	1114	48	10	1	1107	1129	22	0.0	1714
0abd4b83-a57f-4bcf-9733-08a67cf5a64b	NR_109752.1	93.632	1115	57	11	1	1107	1131	23	0.0	1653
0abd4b83-a57f-4bcf-9733-08a67cf5a64b	NR_179993.1	93.375	1117	60	11	1	1109	1121	11	0.0	1640
70aca554-3263-4918-bb8a-3cda54a25c49	NR_025903.1	89.558	996	74	25	108	1083	991	6	0.0	1236
70aca554-3263-4918-bb8a-3cda54a25c49	NR_133753.1	89.608	943	73	20	108	1035	945	13	0.0	1175
70aca554-3263-4918-bb8a-3cda54a25c49	NR_026419.1	88.271	989	86	24	108	1076	979	1	0.0	1157
70aca554-3263-4918-bb8a-3cda54a25c49	NR_133752.1	89.610	924	72	20	108	1017	916	3	0.0	1153
70aca554-3263-4918-bb8a-3cda54a25c49	NR_025904.1	87.876	998	87	28	108	1083	990	5	0.0	1142
fe18a58b-f0d2-44e8-b0fc-fcfcef689b97	NR_125570.1	95.110	1227	37	21	1	1219	184	1395	0.0	1912
fe18a58b-f0d2-44e8-b0fc-fcfcef689b97	NR_029097.1	96.062	1168	28	16	1	1161	202	1358	0.0	1886
fe18a58b-f0d2-44e8-b0fc-fcfcef689b97	NR_125571.1	94.377	1227	45	22	1	1219	226	1436	0.0	1862
fe18a58b-f0d2-44e8-b0fc-fcfcef689b97	NR_113410.1	88.449	1238	106	29	1	1219	168	1387	0.0	1459
fe18a58b-f0d2-44e8-b0fc-fcfcef689b97	NR_156077.1	89.331	1181	97	25	1	1168	247	1411	0.0	1456
738b8f35-c827-4575-a283-96e6ad337e7d	NR_024842.1	96.218	661	11	11	6	654	835	1493	0.0	1070
738b8f35-c827-4575-a283-96e6ad337e7d	NR_115735.1	96.341	656	10	11	6	649	811	1464	0.0	1066
738b8f35-c827-4575-a283-96e6ad337e7d	NR_036936.1	96.177	654	10	12	6	646	820	1471	0.0	1055
738b8f35-c827-4575-a283-96e6ad337e7d	NR_115241.1	96.018	653	12	11	6	646	820	1470	0.0	1053
738b8f35-c827-4575-a283-96e6ad337e7d	NR_117719.1	95.619	662	14	12	6	654	838	1497	0.0	1048
922dde18-1273-4052-af85-9ab297ddc58c	NR_136788.1	94.286	560	19	13	1	552	920	1474	0.0	845
922dde18-1273-4052-af85-9ab297ddc58c	NR_026230.1	90.893	560	38	13	1	552	898	1452	0.0	743
922dde18-1273-4052-af85-9ab297ddc58c	NR_113082.1	91.078	538	34	14	1	530	920	1451	0.0	715
922dde18-1273-4052-af85-9ab297ddc58c	NR_136443.1	88.095	546	52	12	1	538	882	1422	0.0	636
922dde18-1273-4052-af85-9ab297ddc58c	NR_152035.1	87.011	562	56	16	1	552	923	1477	1.98e-176	617
b2b27df0-7609-4591-9e4f-db261aea7d70	NR_024842.1	95.830	1151	27	15	1	1134	348	1494	0.0	1842
b2b27df0-7609-4591-9e4f-db261aea7d70	NR_115735.1	95.983	1145	25	15	1	1128	324	1464	0.0	1840
b2b27df0-7609-4591-9e4f-db261aea7d70	NR_036936.1	95.888	1143	25	16	1	1125	333	1471	0.0	1831
b2b27df0-7609-4591-9e4f-db261aea7d70	NR_165737.1	95.888	1143	25	16	1	1125	333	1471	0.0	1831
b2b27df0-7609-4591-9e4f-db261aea7d70	NR_115241.1	95.709	1142	28	15	1	1125	333	1470	0.0	1821
e5ab6e57-da27-468d-a9fa-7668f4b64729	NR_115355.1	92.451	1232	50	32	1	1209	1212	1	0.0	1724
e5ab6e57-da27-468d-a9fa-7668f4b64729	NR_119169.1	92.308	1235	52	32	1	1212	1217	3	0.0	1722
e5ab6e57-da27-468d-a9fa-7668f4b64729	NR_163639.1	92.160	1250	49	39	1	1227	1227	4	0.0	1720
e5ab6e57-da27-468d-a9fa-7668f4b64729	NR_074980.1	91.914	1249	56	34	1	1226	1239	13	0.0	1705
e5ab6e57-da27-468d-a9fa-7668f4b64729	NR_113031.1	91.914	1249	56	34	1	1226	1239	13	0.0	1705
69dfed7f-a341-4ff4-ab4f-27a3f7f32c29	NR_044873.1	96.963	1284	18	14	1	1265	184	1465	0.0	2135
69dfed7f-a341-4ff4-ab4f-27a3f7f32c29	NR_074568.1	95.476	1282	38	14	1	1265	195	1473	0.0	2028
69dfed7f-a341-4ff4-ab4f-27a3f7f32c29	NR_044712.2	95.055	1274	43	14	2	1258	205	1475	0.0	1995
69dfed7f-a341-4ff4-ab4f-27a3f7f32c29	NR_025310.1	94.864	1285	42	18	1	1265	175	1455	0.0	1986
69dfed7f-a341-4ff4-ab4f-27a3f7f32c29	NR_043968.1	94.856	1283	44	16	1	1265	153	1431	0.0	1984
499f6617-1ed8-4edf-a81a-a6601d5d7ac1	NR_041989.1	96.456	649	7	13	1	635	691	45	0.0	1057
499f6617-1ed8-4edf-a81a-a6601d5d7ac1	NR_117694.1	95.392	651	10	16	1	635	733	87	0.0	1018
499f6617-1ed8-4edf-a81a-a6601d5d7ac1	NR_117717.1	94.761	649	18	14	1	635	754	108	0.0	996
499f6617-1ed8-4edf-a81a-a6601d5d7ac1	NR_117696.1	94.761	649	18	14	1	635	720	74	0.0	996
499f6617-1ed8-4edf-a81a-a6601d5d7ac1	NR_117701.1	94.761	649	18	14	1	635	733	87	0.0	996
56148b81-7f7b-4380-a54f-cd28fe5a3f76	NR_026419.1	93.651	1260	41	30	1	1242	1243	5	0.0	1847
56148b81-7f7b-4380-a54f-cd28fe5a3f76	NR_025903.1	92.930	1273	50	30	1	1256	1255	6	0.0	1816
56148b81-7f7b-4380-a54f-cd28fe5a3f76	NR_133753.1	93.822	1214	45	22	1	1201	1209	13	0.0	1799
56148b81-7f7b-4380-a54f-cd28fe5a3f76	NR_025904.1	92.633	1276	48	36	1	1256	1254	5	0.0	1794
56148b81-7f7b-4380-a54f-cd28fe5a3f76	NR_133752.1	93.734	1197	46	21	1	1185	1180	1	0.0	1768
a680f536-0578-46a4-9e60-83b701bf8797	NR_042928.1	93.921	987	29	21	15	979	978	1	0.0	1461
a680f536-0578-46a4-9e60-83b701bf8797	NR_165747.1	93.414	987	34	22	15	979	978	1	0.0	1434
a680f536-0578-46a4-9e60-83b701bf8797	NR_112026.1	93.711	970	29	21	15	962	960	1	0.0	1426
a680f536-0578-46a4-9e60-83b701bf8797	NR_199545.1	93.065	995	38	21	15	987	998	13	0.0	1426
a680f536-0578-46a4-9e60-83b701bf8797	NR_117719.1	92.965	995	39	22	15	987	998	13	0.0	1421
2de7e805-c251-461c-987e-c7f1b90df147	NR_115355.1	96.053	1216	33	15	1	1205	1212	1	0.0	1969
2de7e805-c251-461c-987e-c7f1b90df147	NR_119169.1	95.741	1221	37	15	1	1210	1217	1	0.0	1960
2de7e805-c251-461c-987e-c7f1b90df147	NR_163639.1	95.528	1230	35	20	1	1218	1227	6	0.0	1949
2de7e805-c251-461c-987e-c7f1b90df147	NR_113570.1	95.503	1223	39	16	1	1211	1219	1	0.0	1940
2de7e805-c251-461c-987e-c7f1b90df147	NR_074980.1	95.285	1230	42	16	1	1218	1239	14	0.0	1936
711eb625-9b9b-4bb3-b396-0f33d197425a	NR_024842.1	92.601	892	36	23	1	870	606	1489	0.0	1254
711eb625-9b9b-4bb3-b396-0f33d197425a	NR_115735.1	92.593	891	36	23	1	869	582	1464	0.0	1253
711eb625-9b9b-4bb3-b396-0f33d197425a	NR_156072.1	92.265	892	39	23	1	870	611	1494	0.0	1238
711eb625-9b9b-4bb3-b396-0f33d197425a	NR_115241.1	92.230	888	39	23	1	866	591	1470	0.0	1236
711eb625-9b9b-4bb3-b396-0f33d197425a	NR_165737.1	92.238	889	38	24	1	866	591	1471	0.0	1230
6dc54dfb-724b-4f30-a79d-c24079d944f7	NR_115355.1	95.238	1260	25	23	22	1256	1252	3	0.0	1965
6dc54dfb-724b-4f30-a79d-c24079d944f7	NR_119169.1	95.000	1260	28	23	22	1256	1257	8	0.0	1953
6dc54dfb-724b-4f30-a79d-c24079d944f7	NR_163639.1	94.683	1279	25	31	22	1273	1267	5	0.0	1945
6dc54dfb-724b-4f30-a79d-c24079d944f7	NR_074980.1	94.580	1273	32	25	28	1274	1273	12	0.0	1934
6dc54dfb-724b-4f30-a79d-c24079d944f7	NR_113031.1	94.580	1273	32	25	28	1274	1273	12	0.0	1934
fdd8baed-10e5-4253-8532-75f9e05fb00c	NR_042776.1	97.500	160	2	2	1	160	175	18	4.68e-73	272
fdd8baed-10e5-4253-8532-75f9e05fb00c	NR_042777.1	97.500	160	2	2	1	160	175	18	4.68e-73	272
fdd8baed-10e5-4253-8532-75f9e05fb00c	NR_042778.1	97.500	160	2	2	1	160	175	18	4.68e-73	272
fdd8baed-10e5-4253-8532-75f9e05fb00c	NR_118234.1	96.914	162	3	2	1	162	167	8	1.68e-72	270
fdd8baed-10e5-4253-8532-75f9e05fb00c	NR_024841.1	96.875	160	3	2	1	160	164	7	2.18e-71	267
ccc2a5b4-04b4-4f73-a631-f19f27c3987a	NR_024842.1	96.416	1423	29	16	1	1404	1428	9	0.0	2329
ccc2a5b4-04b4-4f73-a631-f19f27c3987a	NR_115735.1	96.795	1404	26	15	1	1388	1404	4	0.0	2326
ccc2a5b4-04b4-4f73-a631-f19f27c3987a	NR_115241.1	96.721	1403	28	14	1	1388	1413	14	0.0	2324
ccc2a5b4-04b4-4f73-a631-f19f27c3987a	NR_178515.1	96.220	1402	33	16	3	1388	1411	14	0.0	2278
ccc2a5b4-04b4-4f73-a631-f19f27c3987a	NR_165737.1	96.011	1404	36	16	1	1388	1413	14	0.0	2265
f89e79c5-a9d7-493d-a7aa-82a641ae2d7d	NR_026419.1	97.929	1352	15	11	1	1342	1349	1	0.0	2329
f89e79c5-a9d7-493d-a7aa-82a641ae2d7d	NR_025903.1	96.397	1360	34	13	1	1349	1361	6	0.0	2226
f89e79c5-a9d7-493d-a7aa-82a641ae2d7d	NR_025904.1	95.815	1362	38	16	1	1349	1360	5	0.0	2182
f89e79c5-a9d7-493d-a7aa-82a641ae2d7d	NR_133753.1	96.664	1319	30	12	1	1309	1315	1	0.0	2180
f89e79c5-a9d7-493d-a7aa-82a641ae2d7d	NR_133752.1	96.357	1290	33	12	1	1280	1286	1	0.0	2109
b419f27e-2e20-44bd-9dc3-fd30d3840a29	NR_026419.1	94.573	737	21	16	2	722	754	1487	0.0	1122
b419f27e-2e20-44bd-9dc3-fd30d3840a29	NR_025904.1	93.360	738	27	18	2	722	765	1497	0.0	1072
b419f27e-2e20-44bd-9dc3-fd30d3840a29	NR_025903.1	93.360	738	27	18	2	722	766	1498	0.0	1072
b419f27e-2e20-44bd-9dc3-fd30d3840a29	NR_133752.1	93.249	711	27	17	2	695	691	1397	0.0	1027
b419f27e-2e20-44bd-9dc3-fd30d3840a29	NR_133753.1	93.249	711	27	17	2	695	720	1426	0.0	1027
708e78e2-fc45-4525-85dc-65960e9dfee8	NR_041989.1	90.250	759	24	38	1	720	752	5	0.0	946
708e78e2-fc45-4525-85dc-65960e9dfee8	NR_117717.1	88.600	807	40	40	1	765	815	19	0.0	933
708e78e2-fc45-4525-85dc-65960e9dfee8	NR_121688.1	88.476	807	41	39	1	765	814	18	0.0	928
708e78e2-fc45-4525-85dc-65960e9dfee8	NR_117701.1	88.557	804	40	40	1	762	794	1	0.0	928
708e78e2-fc45-4525-85dc-65960e9dfee8	NR_117692.1	88.433	804	41	38	1	762	794	1	0.0	922
e3020ab2-456b-49f4-8f3e-3d9a1d3411e3	NR_115735.1	91.875	1317	60	42	1	1290	1449	153	0.0	1796
e3020ab2-456b-49f4-8f3e-3d9a1d3411e3	NR_024842.1	91.724	1317	62	42	1	1290	1473	177	0.0	1788
e3020ab2-456b-49f4-8f3e-3d9a1d3411e3	NR_115241.1	91.641	1316	65	40	1	1290	1458	162	0.0	1784
e3020ab2-456b-49f4-8f3e-3d9a1d3411e3	NR_165737.1	91.275	1318	65	44	1	1289	1459	163	0.0	1751
e3020ab2-456b-49f4-8f3e-3d9a1d3411e3	NR_036936.1	91.192	1317	66	43	1	1288	1459	164	0.0	1744
cd06fd4e-3f40-475a-bb78-0f04b08b8af4	NR_044873.1	93.213	722	22	21	1	709	1246	539	0.0	1037
cd06fd4e-3f40-475a-bb78-0f04b08b8af4	NR_074568.1	92.393	723	25	23	1	709	1256	550	0.0	1003
cd06fd4e-3f40-475a-bb78-0f04b08b8af4	NR_044712.2	92.116	723	27	23	1	709	1265	559	0.0	996
cd06fd4e-3f40-475a-bb78-0f04b08b8af4	NR_043968.1	91.690	722	32	22	1	709	1214	508	0.0	976
cd06fd4e-3f40-475a-bb78-0f04b08b8af4	NR_109752.1	91.540	721	35	20	1	709	1267	561	0.0	970
0f46a867-cbd6-4861-9b92-acfee0766ed5	NR_025903.1	92.874	435	13	11	1	420	437	6	5.34e-176	616
0f46a867-cbd6-4861-9b92-acfee0766ed5	NR_133753.1	93.490	384	13	9	1	374	391	10	2.54e-159	560
0f46a867-cbd6-4861-9b92-acfee0766ed5	NR_026419.1	90.867	427	21	11	1	411	425	1	3.28e-158	556
0f46a867-cbd6-4861-9b92-acfee0766ed5	NR_025904.1	90.367	436	22	13	1	420	436	5	1.18e-157	555
0f46a867-cbd6-4861-9b92-acfee0766ed5	NR_133752.1	93.370	362	12	9	1	352	362	3	9.25e-149	525
3e2478d7-ccb7-4b5e-ab12-2f4b8bc49cd6	NR_042776.1	97.163	282	4	4	1	280	27	306	2.20e-133	473
3e2478d7-ccb7-4b5e-ab12-2f4b8bc49cd6	NR_042778.1	96.809	282	5	4	1	280	27	306	1.02e-131	468
3e2478d7-ccb7-4b5e-ab12-2f4b8bc49cd6	NR_042777.1	96.454	282	6	4	1	280	27	306	4.77e-130	462
3e2478d7-ccb7-4b5e-ab12-2f4b8bc49cd6	NR_118998.1	96.099	282	7	4	1	280	22	301	6.17e-129	459
3e2478d7-ccb7-4b5e-ab12-2f4b8bc49cd6	NR_197695.1	95.390	282	9	4	1	280	26	305	4.80e-125	446
720448f1-7d31-4ff3-954f-2e66bf07be19	NR_163639.1	91.832	906	41	27	1	894	888	4	0.0	1232
720448f1-7d31-4ff3-954f-2e66bf07be19	NR_119169.1	91.946	894	44	23	1	883	877	1	0.0	1230
720448f1-7d31-4ff3-954f-2e66bf07be19	NR_115355.1	92.072	883	45	21	1	875	872	7	0.0	1223
720448f1-7d31-4ff3-954f-2e66bf07be19	NR_074980.1	91.482	904	49	23	1	893	899	13	0.0	1218
720448f1-7d31-4ff3-954f-2e66bf07be19	NR_113031.1	91.482	904	49	23	1	893	899	13	0.0	1218
e84950c4-768b-4ccf-8018-52d71b3c7e82	NR_042776.1	97.403	462	6	5	1	460	1042	1499	0.0	782
e84950c4-768b-4ccf-8018-52d71b3c7e82	NR_042777.1	97.403	462	6	5	1	460	1041	1498	0.0	782
e84950c4-768b-4ccf-8018-52d71b3c7e82	NR_042052.1	97.186	462	7	5	1	460	940	1397	0.0	776
e84950c4-768b-4ccf-8018-52d71b3c7e82	NR_114642.1	97.186	462	7	5	1	460	999	1456	0.0	776
e84950c4-768b-4ccf-8018-52d71b3c7e82	NR_042778.1	96.970	462	8	5	1	460	1042	1499	0.0	771
425ca115-53a6-4e45-8c3d-378088dc5fd6	NR_125571.1	96.689	1027	14	17	2	1017	419	1436	0.0	1690
425ca115-53a6-4e45-8c3d-378088dc5fd6	NR_125570.1	95.720	1028	23	18	2	1017	377	1395	0.0	1635
425ca115-53a6-4e45-8c3d-378088dc5fd6	NR_029097.1	95.956	989	19	17	2	979	395	1373	0.0	1585
425ca115-53a6-4e45-8c3d-378088dc5fd6	NR_028726.1	89.347	1042	77	27	2	1022	452	1480	0.0	1279
425ca115-53a6-4e45-8c3d-378088dc5fd6	NR_025127.1	90.545	973	70	20	4	965	454	1415	0.0	1267
fc62e14b-8d02-441d-91eb-6abbab20c8c5	NR_134817.1	90.722	1218	87	22	1	1206	287	1490	0.0	1600
fc62e14b-8d02-441d-91eb-6abbab20c8c5	NR_134818.1	90.476	1218	91	21	1	1206	287	1491	0.0	1583
fc62e14b-8d02-441d-91eb-6abbab20c8c5	NR_025729.1	90.402	1219	90	22	1	1206	292	1496	0.0	1578
fc62e14b-8d02-441d-91eb-6abbab20c8c5	NR_199974.1	90.410	1220	88	23	1	1206	301	1505	0.0	1578
fc62e14b-8d02-441d-91eb-6abbab20c8c5	NR_179333.1	89.934	1212	90	28	1	1197	289	1483	0.0	1533
6b4fccb7-f39c-4fe6-a878-3524ead3fae7	NR_042928.1	96.575	730	10	13	1	724	721	1	0.0	1195
6b4fccb7-f39c-4fe6-a878-3524ead3fae7	NR_199547.1	97.030	707	8	11	1	702	701	3	0.0	1177
6b4fccb7-f39c-4fe6-a878-3524ead3fae7	NR_165747.1	96.027	730	14	13	1	724	721	1	0.0	1173
6b4fccb7-f39c-4fe6-a878-3524ead3fae7	NR_112026.1	96.634	713	10	12	1	708	704	1	0.0	1171
6b4fccb7-f39c-4fe6-a878-3524ead3fae7	NR_109720.1	96.245	719	16	9	5	719	712	1	0.0	1168
3d3cf5c9-5d36-4aa7-be63-2f0f179515db	NR_024842.1	90.278	792	43	25	3	770	713	1494	0.0	1005
3d3cf5c9-5d36-4aa7-be63-2f0f179515db	NR_115735.1	90.980	765	38	23	3	746	689	1443	0.0	1002
3d3cf5c9-5d36-4aa7-be63-2f0f179515db	NR_109720.1	90.719	765	41	23	3	746	692	1447	0.0	992
3d3cf5c9-5d36-4aa7-be63-2f0f179515db	NR_115241.1	90.826	763	39	23	3	744	698	1450	0.0	992
3d3cf5c9-5d36-4aa7-be63-2f0f179515db	NR_165737.1	90.719	765	41	24	3	746	698	1453	0.0	992
cb8cd67e-df2e-47b8-9f31-15064dc1456a	NR_028664.1	97.214	646	11	5	1	644	856	1496	0.0	1086
cb8cd67e-df2e-47b8-9f31-15064dc1456a	NR_179383.1	97.214	646	11	5	1	644	860	1500	0.0	1086
cb8cd67e-df2e-47b8-9f31-15064dc1456a	NR_042927.1	97.352	642	10	5	1	640	835	1471	0.0	1085
cb8cd67e-df2e-47b8-9f31-15064dc1456a	NR_115734.1	97.352	642	10	5	1	640	836	1472	0.0	1085
cb8cd67e-df2e-47b8-9f31-15064dc1456a	NR_117719.1	97.348	641	10	5	6	644	858	1493	0.0	1083
bdf9d625-4ed3-466f-ad62-ab3f524f96c9	NR_042776.1	97.525	606	10	3	1	604	620	18	0.0	1031
bdf9d625-4ed3-466f-ad62-ab3f524f96c9	NR_042778.1	97.195	606	12	3	1	604	620	18	0.0	1020
bdf9d625-4ed3-466f-ad62-ab3f524f96c9	NR_042777.1	97.030	606	12	4	1	604	619	18	0.0	1014
bdf9d625-4ed3-466f-ad62-ab3f524f96c9	NR_197695.1	96.700	606	15	3	1	604	619	17	0.0	1003
bdf9d625-4ed3-466f-ad62-ab3f524f96c9	NR_118998.1	96.370	606	17	3	1	604	615	13	0.0	994
55cc7f3b-bc5c-4641-a98c-a138478e52d9	NR_179540.1	96.729	642	14	6	1	640	856	1492	0.0	1062
55cc7f3b-bc5c-4641-a98c-a138478e52d9	NR_042928.1	96.541	636	15	6	3	636	838	1468	0.0	1046
55cc7f3b-bc5c-4641-a98c-a138478e52d9	NR_117719.1	95.956	643	18	7	1	640	856	1493	0.0	1037
55cc7f3b-bc5c-4641-a98c-a138478e52d9	NR_028665.1	95.950	642	19	6	1	640	853	1489	0.0	1035
55cc7f3b-bc5c-4641-a98c-a138478e52d9	NR_028664.1	95.944	641	18	7	3	640	861	1496	0.0	1033
6a9cb587-3d7f-43b5-93c0-181f5cd60005	NR_115560.1	97.484	159	2	2	5	163	168	12	1.68e-72	270
6a9cb587-3d7f-43b5-93c0-181f5cd60005	NR_113561.1	97.468	158	4	0	5	162	170	13	1.68e-72	270
6a9cb587-3d7f-43b5-93c0-181f5cd60005	NR_028664.1	97.468	158	2	2	5	162	171	16	6.06e-72	268
6a9cb587-3d7f-43b5-93c0-181f5cd60005	NR_179385.1	97.468	158	2	2	5	162	172	17	6.06e-72	268
6a9cb587-3d7f-43b5-93c0-181f5cd60005	NR_199545.1	97.468	158	2	2	5	162	168	13	6.06e-72	268
c03281eb-b5ed-4766-8680-80ebedd3e466	NR_041880.1	96.535	202	2	5	1	197	1172	971	3.44e-90	329
c03281eb-b5ed-4766-8680-80ebedd3e466	NR_113570.1	96.535	202	2	5	1	197	1223	1022	3.44e-90	329
c03281eb-b5ed-4766-8680-80ebedd3e466	NR_115354.1	96.535	202	2	5	1	197	1216	1015	3.44e-90	329
c03281eb-b5ed-4766-8680-80ebedd3e466	NR_163639.1	96.535	202	2	5	1	197	1231	1030	3.44e-90	329
c03281eb-b5ed-4766-8680-80ebedd3e466	NR_179325.1	96.535	202	2	5	1	197	1190	989	3.44e-90	329
6b341a0c-86d0-4099-ba97-1fa11a509401	NR_044873.1	96.224	1377	23	25	1	1358	1368	2	0.0	2228
6b341a0c-86d0-4099-ba97-1fa11a509401	NR_074568.1	94.771	1377	42	26	1	1358	1378	13	0.0	2117
6b341a0c-86d0-4099-ba97-1fa11a509401	NR_044712.2	94.408	1377	47	26	1	1358	1387	22	0.0	2098
6b341a0c-86d0-4099-ba97-1fa11a509401	NR_025310.1	94.015	1370	51	27	1	1351	1358	1	0.0	2047
6b341a0c-86d0-4099-ba97-1fa11a509401	NR_109752.1	93.832	1378	54	27	1	1358	1389	23	0.0	2045
526a1aca-d09a-423f-831f-1f9c0050a9f8	NR_115355.1	96.988	332	5	5	1	329	925	1254	3.26e-157	553
526a1aca-d09a-423f-831f-1f9c0050a9f8	NR_041879.1	96.697	333	5	6	1	329	882	1212	4.22e-156	549
526a1aca-d09a-423f-831f-1f9c0050a9f8	NR_163639.1	96.687	332	6	5	1	329	940	1269	1.52e-155	547
526a1aca-d09a-423f-831f-1f9c0050a9f8	NR_179325.1	96.687	332	6	5	1	329	899	1228	1.52e-155	547
526a1aca-d09a-423f-831f-1f9c0050a9f8	NR_119169.1	96.386	332	7	5	1	329	930	1259	5.46e-155	545
2126738d-89d2-4b2b-8211-5fcc058f7a98	NR_042776.1	95.222	293	7	4	5	290	1212	1504	2.30e-128	457
2126738d-89d2-4b2b-8211-5fcc058f7a98	NR_042777.1	95.222	293	7	4	5	290	1211	1503	2.30e-128	457
2126738d-89d2-4b2b-8211-5fcc058f7a98	NR_042052.1	94.539	293	9	4	5	290	1110	1402	4.99e-125	446
2126738d-89d2-4b2b-8211-5fcc058f7a98	NR_042778.1	94.539	293	9	4	5	290	1212	1504	4.99e-125	446
2126738d-89d2-4b2b-8211-5fcc058f7a98	NR_114642.1	94.539	293	9	4	5	290	1169	1461	4.99e-125	446
1ba27b89-763b-4b79-b652-8b4470d488de	NR_136788.1	86.860	586	34	30	23	574	597	21	7.49e-176	616
1ba27b89-763b-4b79-b652-8b4470d488de	NR_113082.1	84.497	587	46	31	23	574	597	21	1.67e-152	538
1ba27b89-763b-4b79-b652-8b4470d488de	NR_026230.1	83.077	585	54	32	23	572	575	1	1.69e-142	505
1ba27b89-763b-4b79-b652-8b4470d488de	NR_074234.1	80.035	571	64	34	41	574	585	28	3.85e-104	377
1ba27b89-763b-4b79-b652-8b4470d488de	NR_113086.1	80.035	571	64	34	41	574	578	21	3.85e-104	377
0d4917d4-343a-48d5-bac8-a4f2db5428f8	NR_163639.1	93.125	640	15	21	1	623	631	4	0.0	911
0d4917d4-343a-48d5-bac8-a4f2db5428f8	NR_119169.1	93.323	629	16	19	1	612	620	1	0.0	909
0d4917d4-343a-48d5-bac8-a4f2db5428f8	NR_074980.1	92.958	639	19	19	1	622	642	13	0.0	907
0d4917d4-343a-48d5-bac8-a4f2db5428f8	NR_113031.1	92.958	639	19	19	1	622	642	13	0.0	907
0d4917d4-343a-48d5-bac8-a4f2db5428f8	NR_115355.1	93.429	624	15	19	1	607	615	1	0.0	905
aaa3b571-3114-4fa8-95ab-70721f7b60cc	NR_042776.1	96.639	1339	24	19	1	1329	171	1498	0.0	2204
aaa3b571-3114-4fa8-95ab-70721f7b60cc	NR_042777.1	96.415	1339	26	20	1	1329	171	1497	0.0	2187
aaa3b571-3114-4fa8-95ab-70721f7b60cc	NR_042778.1	96.341	1339	28	19	1	1329	171	1498	0.0	2182
aaa3b571-3114-4fa8-95ab-70721f7b60cc	NR_197695.1	96.117	1339	31	19	1	1329	170	1497	0.0	2165
aaa3b571-3114-4fa8-95ab-70721f7b60cc	NR_118998.1	95.740	1338	37	19	1	1329	166	1492	0.0	2137
1567047e-2930-4b4b-b48d-6e1f04961dd2	NR_163639.1	98.673	603	1	6	1	602	601	5	0.0	1062
1567047e-2930-4b4b-b48d-6e1f04961dd2	NR_074980.1	98.507	603	5	3	1	602	612	13	0.0	1061
1567047e-2930-4b4b-b48d-6e1f04961dd2	NR_113031.1	98.507	603	5	3	1	602	612	13	0.0	1061
1567047e-2930-4b4b-b48d-6e1f04961dd2	NR_119169.1	98.820	593	3	3	1	592	590	1	0.0	1057
1567047e-2930-4b4b-b48d-6e1f04961dd2	NR_115355.1	98.810	588	3	3	1	587	585	1	0.0	1048
7f25f158-2497-4c0b-aaeb-451d492035a1	NR_119169.1	93.504	1016	35	19	1	995	1006	1	0.0	1485
7f25f158-2497-4c0b-aaeb-451d492035a1	NR_115355.1	93.571	1011	34	19	1	990	1001	1	0.0	1482
7f25f158-2497-4c0b-aaeb-451d492035a1	NR_074980.1	93.080	1026	40	20	1	1005	1028	13	0.0	1472
7f25f158-2497-4c0b-aaeb-451d492035a1	NR_113031.1	93.080	1026	40	20	1	1005	1028	13	0.0	1472
7f25f158-2497-4c0b-aaeb-451d492035a1	NR_163639.1	93.093	1028	34	25	1	1006	1016	4	0.0	1471
2f444926-06f7-41ac-b471-846a67fab1af	NR_074980.1	94.362	674	20	12	1	666	672	9	0.0	1018
2f444926-06f7-41ac-b471-846a67fab1af	NR_113031.1	94.362	674	20	12	1	666	672	9	0.0	1018
2f444926-06f7-41ac-b471-846a67fab1af	NR_119168.1	94.545	660	19	11	1	653	650	1	0.0	1003
2f444926-06f7-41ac-b471-846a67fab1af	NR_113570.1	94.109	662	21	12	1	654	652	1	0.0	990
2f444926-06f7-41ac-b471-846a67fab1af	NR_117759.1	94.225	658	21	11	1	651	648	1	0.0	990
146004a6-ac6a-47c7-9df9-7eee0e4e2d54	NR_026419.1	96.465	594	11	8	6	590	1291	699	0.0	972
146004a6-ac6a-47c7-9df9-7eee0e4e2d54	NR_133752.1	95.623	594	16	8	6	590	1228	636	0.0	944
146004a6-ac6a-47c7-9df9-7eee0e4e2d54	NR_133753.1	95.623	594	16	8	6	590	1257	665	0.0	944
146004a6-ac6a-47c7-9df9-7eee0e4e2d54	NR_025903.1	95.623	594	16	8	6	590	1303	711	0.0	944
146004a6-ac6a-47c7-9df9-7eee0e4e2d54	NR_025904.1	95.455	594	17	8	6	590	1302	710	0.0	939
879b0d3d-2d73-4dca-8a40-cd4aa0e4fc50	NR_042928.1	97.447	235	4	2	1	235	233	1	3.27e-111	399
879b0d3d-2d73-4dca-8a40-cd4aa0e4fc50	NR_109720.1	97.380	229	6	0	1	229	229	1	1.97e-108	390
879b0d3d-2d73-4dca-8a40-cd4aa0e4fc50	NR_165747.1	96.170	235	7	2	1	235	233	1	3.29e-106	383
879b0d3d-2d73-4dca-8a40-cd4aa0e4fc50	NR_028664.1	95.062	243	10	2	1	243	256	16	1.18e-105	381
879b0d3d-2d73-4dca-8a40-cd4aa0e4fc50	NR_115560.1	95.062	243	10	2	2	244	252	12	1.18e-105	381
8cc891a7-d8a6-45a0-8218-38fa496f0a65	NR_026419.1	95.142	844	20	14	1	826	843	3	0.0	1312
8cc891a7-d8a6-45a0-8218-38fa496f0a65	NR_025903.1	93.443	854	32	16	1	836	855	8	0.0	1245
8cc891a7-d8a6-45a0-8218-38fa496f0a65	NR_025904.1	92.649	857	33	20	1	836	854	7	0.0	1206
8cc891a7-d8a6-45a0-8218-38fa496f0a65	NR_133753.1	93.604	813	30	16	1	795	809	1	0.0	1194
8cc891a7-d8a6-45a0-8218-38fa496f0a65	NR_036920.1	91.803	854	43	21	1	836	848	4	0.0	1164
5370a146-fe75-4aa4-8afb-88cf091dc833	NR_041880.1	92.655	177	6	5	1	171	943	768	8.57e-66	248
5370a146-fe75-4aa4-8afb-88cf091dc833	NR_025762.1	92.655	177	6	5	1	171	965	790	8.57e-66	248
5370a146-fe75-4aa4-8afb-88cf091dc833	NR_041879.1	92.655	177	6	5	1	171	944	769	8.57e-66	248
5370a146-fe75-4aa4-8afb-88cf091dc833	NR_042940.1	92.655	177	6	5	1	171	899	724	8.57e-66	248
5370a146-fe75-4aa4-8afb-88cf091dc833	NR_043332.1	92.655	177	6	5	1	171	987	812	8.57e-66	248
92977bd4-55f5-4a2b-98f2-dc33dda4d595	NR_029097.1	96.243	346	6	6	1	341	780	1123	2.03e-159	560
92977bd4-55f5-4a2b-98f2-dc33dda4d595	NR_125570.1	95.665	346	8	6	1	341	762	1105	4.40e-156	549
92977bd4-55f5-4a2b-98f2-dc33dda4d595	NR_125571.1	95.376	346	9	6	1	341	804	1147	2.05e-154	544
92977bd4-55f5-4a2b-98f2-dc33dda4d595	NR_042008.1	91.040	346	25	6	1	341	830	1174	5.90e-130	462
92977bd4-55f5-4a2b-98f2-dc33dda4d595	NR_144735.1	91.092	348	21	10	1	341	839	1183	5.90e-130	462
c456bb5d-529a-4dbe-96b7-045bd856a594	NR_117425.1	92.308	1131	54	28	4	1110	1122	1	0.0	1576
c456bb5d-529a-4dbe-96b7-045bd856a594	NR_024842.1	91.975	1134	58	28	4	1113	1134	10	0.0	1563
c456bb5d-529a-4dbe-96b7-045bd856a594	NR_115241.1	92.021	1128	57	28	4	1107	1119	1	0.0	1557
c456bb5d-529a-4dbe-96b7-045bd856a594	NR_115735.1	92.211	1117	54	28	4	1095	1110	2	0.0	1550
c456bb5d-529a-4dbe-96b7-045bd856a594	NR_178515.1	91.940	1129	56	30	4	1107	1119	1	0.0	1548
8ba990ca-e422-48c5-8c22-f7dc489762de	NR_042776.1	95.628	1235	29	15	1	1220	261	1485	0.0	1958
8ba990ca-e422-48c5-8c22-f7dc489762de	NR_042777.1	95.547	1235	29	16	1	1220	261	1484	0.0	1953
8ba990ca-e422-48c5-8c22-f7dc489762de	NR_042778.1	95.304	1235	33	15	1	1220	261	1485	0.0	1936
8ba990ca-e422-48c5-8c22-f7dc489762de	NR_197695.1	95.304	1235	33	15	1	1220	260	1484	0.0	1936
8ba990ca-e422-48c5-8c22-f7dc489762de	NR_118998.1	94.737	1235	39	16	1	1220	256	1479	0.0	1897
51a96c5e-6d00-4fb1-b42b-387fd5448cf0	NR_044873.1	95.039	383	9	9	1	377	1087	1465	2.25e-169	593
51a96c5e-6d00-4fb1-b42b-387fd5448cf0	NR_178796.1	94.241	382	13	8	1	377	1095	1472	8.17e-164	575
51a96c5e-6d00-4fb1-b42b-387fd5448cf0	NR_178939.1	94.241	382	13	8	1	377	1096	1473	8.17e-164	575
51a96c5e-6d00-4fb1-b42b-387fd5448cf0	NR_074568.1	93.979	382	13	9	1	377	1097	1473	3.80e-162	569
51a96c5e-6d00-4fb1-b42b-387fd5448cf0	NR_028925.1	93.473	383	15	9	1	377	1090	1468	2.29e-159	560
5bc67841-5439-4357-9412-d89869af8986	NR_199545.1	95.158	1136	28	22	4	1122	1137	12	0.0	1768
5bc67841-5439-4357-9412-d89869af8986	NR_179385.1	94.982	1136	30	22	4	1122	1141	16	0.0	1757
5bc67841-5439-4357-9412-d89869af8986	NR_179383.1	94.811	1137	30	23	4	1122	1144	19	0.0	1746
5bc67841-5439-4357-9412-d89869af8986	NR_028664.1	94.723	1137	31	23	4	1122	1140	15	0.0	1740
5bc67841-5439-4357-9412-d89869af8986	NR_165741.1	94.630	1136	34	22	4	1122	1126	1	0.0	1735
b1e74f56-3a3a-4e1f-819f-a020fb15de2a	NR_028664.1	97.028	572	9	6	1	567	931	1499	0.0	955
b1e74f56-3a3a-4e1f-819f-a020fb15de2a	NR_117719.1	96.853	572	10	6	1	567	928	1496	0.0	950
b1e74f56-3a3a-4e1f-819f-a020fb15de2a	NR_179383.1	96.853	572	10	6	1	567	935	1503	0.0	950
b1e74f56-3a3a-4e1f-819f-a020fb15de2a	NR_024842.1	96.853	572	9	7	1	567	925	1492	0.0	948
b1e74f56-3a3a-4e1f-819f-a020fb15de2a	NR_165737.1	97.168	565	8	6	1	560	910	1471	0.0	948
a4f34df2-78d5-4416-b475-2c17e96515fb	NR_026419.1	95.900	1000	25	14	35	1026	473	1464	0.0	1605
a4f34df2-78d5-4416-b475-2c17e96515fb	NR_133752.1	95.080	996	33	13	35	1022	410	1397	0.0	1554
a4f34df2-78d5-4416-b475-2c17e96515fb	NR_133753.1	95.080	996	33	13	35	1022	439	1426	0.0	1554
a4f34df2-78d5-4416-b475-2c17e96515fb	NR_025904.1	95.000	1000	33	14	35	1026	484	1474	0.0	1554
a4f34df2-78d5-4416-b475-2c17e96515fb	NR_025903.1	95.000	1000	33	14	35	1026	485	1475	0.0	1554
5036a7c9-3aa6-4c4a-b1bf-93ef9a79d2ea	NR_042776.1	98.416	505	3	4	7	508	1501	999	0.0	883
5036a7c9-3aa6-4c4a-b1bf-93ef9a79d2ea	NR_042777.1	98.416	505	3	4	7	508	1500	998	0.0	883
5036a7c9-3aa6-4c4a-b1bf-93ef9a79d2ea	NR_042778.1	98.020	505	5	4	7	508	1501	999	0.0	872
5036a7c9-3aa6-4c4a-b1bf-93ef9a79d2ea	NR_118998.1	97.822	505	6	4	7	508	1495	993	0.0	867
5036a7c9-3aa6-4c4a-b1bf-93ef9a79d2ea	NR_197695.1	97.822	505	6	4	7	508	1500	998	0.0	867
430e2509-83cb-4443-a8ee-eaba5ea62670	NR_042928.1	96.938	1339	9	25	1	1332	155	1468	0.0	2217
430e2509-83cb-4443-a8ee-eaba5ea62670	NR_117719.1	96.577	1344	15	24	3	1339	177	1496	0.0	2198
430e2509-83cb-4443-a8ee-eaba5ea62670	NR_175455.1	96.562	1338	14	25	10	1339	172	1485	0.0	2187
430e2509-83cb-4443-a8ee-eaba5ea62670	NR_179540.1	96.498	1342	13	27	6	1339	180	1495	0.0	2187
430e2509-83cb-4443-a8ee-eaba5ea62670	NR_199547.1	97.104	1312	6	25	1	1305	135	1421	0.0	2183
03a594fd-f6e5-424e-a467-a124d593dd58	NR_117163.1	86.684	383	37	10	3	375	852	1230	6.76e-115	412
03a594fd-f6e5-424e-a467-a124d593dd58	NR_117164.1	86.684	383	37	10	3	375	883	1261	6.76e-115	412
03a594fd-f6e5-424e-a467-a124d593dd58	NR_117165.1	86.684	383	37	10	3	375	883	1261	6.76e-115	412
03a594fd-f6e5-424e-a467-a124d593dd58	NR_117162.1	86.387	382	40	8	3	375	879	1257	3.14e-113	407
03a594fd-f6e5-424e-a467-a124d593dd58	NR_115886.1	86.141	368	34	10	3	361	705	1064	1.91e-105	381
0eda7a47-6568-48ea-bf29-729163f649fc	NR_028682.1	97.059	476	6	7	1	470	1412	939	0.0	795
0eda7a47-6568-48ea-bf29-729163f649fc	NR_025862.1	97.028	471	6	7	6	470	1406	938	0.0	787
0eda7a47-6568-48ea-bf29-729163f649fc	NR_026454.1	96.391	471	9	7	6	470	1383	915	0.0	769
0eda7a47-6568-48ea-bf29-729163f649fc	NR_113770.1	95.168	476	15	7	1	470	1391	918	0.0	747
0eda7a47-6568-48ea-bf29-729163f649fc	NR_025396.1	95.168	476	15	7	1	470	1383	910	0.0	745
a04d7cc4-62a7-499a-806a-39801f531e70	NR_113570.1	93.527	448	14	12	3	443	797	1236	0.0	652
a04d7cc4-62a7-499a-806a-39801f531e70	NR_179325.1	93.541	449	12	14	3	443	764	1203	0.0	652
a04d7cc4-62a7-499a-806a-39801f531e70	NR_041880.1	93.318	449	13	14	3	443	746	1185	0.0	647
a04d7cc4-62a7-499a-806a-39801f531e70	NR_025762.1	93.304	448	15	12	3	443	768	1207	0.0	647
a04d7cc4-62a7-499a-806a-39801f531e70	NR_115355.1	93.304	448	15	12	3	443	790	1229	0.0	647
7e60add3-20ba-4826-8d35-abb802fd02bc	NR_116168.1	93.573	529	15	16	1	517	535	14	0.0	771
7e60add3-20ba-4826-8d35-abb802fd02bc	NR_042878.1	93.090	521	17	16	1	509	514	1	0.0	754
7e60add3-20ba-4826-8d35-abb802fd02bc	NR_118762.1	91.714	531	25	16	1	519	538	15	0.0	737
7e60add3-20ba-4826-8d35-abb802fd02bc	NR_025423.1	91.255	526	25	18	1	512	519	1	0.0	697
7e60add3-20ba-4826-8d35-abb802fd02bc	NR_118143.1	90.192	520	30	18	4	509	513	1	0.0	660
e2f0109c-e49b-48f6-9251-d2cd9c11c32f	NR_024842.1	96.542	723	19	6	1	720	727	8	0.0	1195
e2f0109c-e49b-48f6-9251-d2cd9c11c32f	NR_115241.1	96.783	715	17	6	1	712	712	1	0.0	1188
e2f0109c-e49b-48f6-9251-d2cd9c11c32f	NR_178515.1	96.508	716	17	8	1	712	712	1	0.0	1177
e2f0109c-e49b-48f6-9251-d2cd9c11c32f	NR_165737.1	96.364	715	20	6	1	712	712	1	0.0	1171
e2f0109c-e49b-48f6-9251-d2cd9c11c32f	NR_115735.1	96.601	706	17	7	1	702	703	1	0.0	1164
4be8b006-5d89-423e-af34-714290a8ecfe	NR_042776.1	96.721	1342	17	19	1	1328	171	1499	0.0	2209
4be8b006-5d89-423e-af34-714290a8ecfe	NR_042778.1	96.572	1342	19	19	1	1328	171	1499	0.0	2198
4be8b006-5d89-423e-af34-714290a8ecfe	NR_042777.1	96.498	1342	19	20	1	1328	171	1498	0.0	2193
4be8b006-5d89-423e-af34-714290a8ecfe	NR_118998.1	96.122	1341	26	19	1	1328	166	1493	0.0	2165
4be8b006-5d89-423e-af34-714290a8ecfe	NR_197695.1	96.125	1342	25	19	1	1328	170	1498	0.0	2165
7e329944-ad62-4164-9e7e-752c53511bd9	NR_028664.1	97.034	1416	21	16	1	1402	85	1493	0.0	2362
7e329944-ad62-4164-9e7e-752c53511bd9	NR_042928.1	97.030	1414	22	15	1	1401	62	1468	0.0	2361
7e329944-ad62-4164-9e7e-752c53511bd9	NR_115240.1	97.032	1415	21	16	1	1401	62	1469	0.0	2361
7e329944-ad62-4164-9e7e-752c53511bd9	NR_117719.1	96.963	1416	22	16	1	1402	82	1490	0.0	2357
7e329944-ad62-4164-9e7e-752c53511bd9	NR_042927.1	96.957	1413	22	15	3	1401	66	1471	0.0	2351
4e4c0238-4833-4e1e-b631-68be0e9452c6	NR_179325.1	98.255	1318	11	8	1	1312	145	1456	0.0	2296
4e4c0238-4833-4e1e-b631-68be0e9452c6	NR_115355.1	98.103	1318	13	8	1	1312	171	1482	0.0	2287
4e4c0238-4833-4e1e-b631-68be0e9452c6	NR_119169.1	97.876	1318	16	8	1	1312	176	1487	0.0	2274
4e4c0238-4833-4e1e-b631-68be0e9452c6	NR_163639.1	97.801	1319	11	14	1	1312	190	1497	0.0	2259
4e4c0238-4833-4e1e-b631-68be0e9452c6	NR_074980.1	97.644	1316	19	8	3	1312	200	1509	0.0	2248
b673305d-926f-4a4c-86a1-809c4fcda9a3	NR_042776.1	95.538	381	7	10	1	373	397	19	1.33e-171	601
b673305d-926f-4a4c-86a1-809c4fcda9a3	NR_042778.1	95.276	381	8	10	1	373	397	19	6.16e-170	595
b673305d-926f-4a4c-86a1-809c4fcda9a3	NR_042777.1	95.013	381	9	10	1	373	397	19	2.87e-168	590
b673305d-926f-4a4c-86a1-809c4fcda9a3	NR_118998.1	94.488	381	11	10	1	373	392	14	1.73e-165	580
b673305d-926f-4a4c-86a1-809c4fcda9a3	NR_197695.1	94.226	381	12	10	1	373	396	18	2.89e-163	573
487f5f7a-39a1-4b7a-87d4-0ccdb083251f	NR_113570.1	93.596	406	11	10	4	399	1253	853	8.61e-169	592
487f5f7a-39a1-4b7a-87d4-0ccdb083251f	NR_115355.1	93.399	409	12	10	1	399	1249	846	8.61e-169	592
487f5f7a-39a1-4b7a-87d4-0ccdb083251f	NR_163639.1	93.399	409	11	11	1	399	1264	862	8.61e-169	592
487f5f7a-39a1-4b7a-87d4-0ccdb083251f	NR_179325.1	93.399	409	12	10	1	399	1223	820	8.61e-169	592
487f5f7a-39a1-4b7a-87d4-0ccdb083251f	NR_041879.1	93.171	410	12	10	1	399	1207	803	1.11e-167	588
2fd04108-fb50-4e87-b675-b9bbb4dbd51f	NR_024842.1	95.771	1466	34	23	11	1457	1463	7	0.0	2342
2fd04108-fb50-4e87-b675-b9bbb4dbd51f	NR_115241.1	95.745	1457	34	23	11	1448	1448	1	0.0	2326
2fd04108-fb50-4e87-b675-b9bbb4dbd51f	NR_115735.1	95.787	1448	32	24	11	1438	1439	1	0.0	2309
2fd04108-fb50-4e87-b675-b9bbb4dbd51f	NR_165737.1	95.339	1459	37	26	11	1448	1449	1	0.0	2289
2fd04108-fb50-4e87-b675-b9bbb4dbd51f	NR_178515.1	95.567	1421	33	25	48	1448	1411	1	0.0	2248
5451830a-b178-4b44-8de2-457cdd137dcf	NR_163639.1	95.991	449	8	8	1	442	1055	1500	0.0	721
5451830a-b178-4b44-8de2-457cdd137dcf	NR_179325.1	95.991	449	8	8	1	442	1014	1459	0.0	721
5451830a-b178-4b44-8de2-457cdd137dcf	NR_115355.1	95.768	449	9	8	1	442	1040	1485	0.0	715
5451830a-b178-4b44-8de2-457cdd137dcf	NR_115354.1	95.546	449	10	8	1	442	1040	1485	0.0	710
5451830a-b178-4b44-8de2-457cdd137dcf	NR_119169.1	95.100	449	12	8	1	442	1045	1490	0.0	702
bb49933e-68e1-4808-b182-b88506faec3e	NR_042776.1	96.129	465	8	6	1	458	1510	1049	0.0	750
bb49933e-68e1-4808-b182-b88506faec3e	NR_042777.1	96.129	465	8	6	1	458	1509	1048	0.0	750
bb49933e-68e1-4808-b182-b88506faec3e	NR_042778.1	95.699	465	10	6	1	458	1510	1049	0.0	739
bb49933e-68e1-4808-b182-b88506faec3e	NR_118998.1	95.699	465	10	6	1	458	1504	1043	0.0	739
bb49933e-68e1-4808-b182-b88506faec3e	NR_197695.1	95.699	465	10	6	1	458	1509	1048	0.0	739
5ee52b81-4951-4302-b211-af918ce1b502	NR_115355.1	96.207	1081	23	15	1	1068	1082	7	0.0	1757
5ee52b81-4951-4302-b211-af918ce1b502	NR_119169.1	96.207	1081	23	15	1	1068	1087	12	0.0	1757
5ee52b81-4951-4302-b211-af918ce1b502	NR_163639.1	95.475	1105	22	23	1	1088	1097	4	0.0	1738
5ee52b81-4951-4302-b211-af918ce1b502	NR_074980.1	95.286	1103	30	17	1	1087	1109	13	0.0	1729
5ee52b81-4951-4302-b211-af918ce1b502	NR_113031.1	95.286	1103	30	17	1	1087	1109	13	0.0	1729
2aaf288d-6bec-4743-a1df-3064c7ba81fb	NR_024842.1	97.710	1310	22	7	5	1309	186	1492	0.0	2250
2aaf288d-6bec-4743-a1df-3064c7ba81fb	NR_115735.1	97.856	1306	20	7	5	1305	162	1464	0.0	2250
2aaf288d-6bec-4743-a1df-3064c7ba81fb	NR_115241.1	97.621	1303	23	7	5	1302	171	1470	0.0	2233
2aaf288d-6bec-4743-a1df-3064c7ba81fb	NR_165737.1	97.610	1297	22	8	12	1302	178	1471	0.0	2215
2aaf288d-6bec-4743-a1df-3064c7ba81fb	NR_036936.1	97.456	1297	24	8	12	1302	178	1471	0.0	2204
f01ae5f6-8c64-4fb1-bad3-4ea2f65c4ee9	NR_044873.1	94.901	1471	35	28	1	1437	1466	2	0.0	2265
f01ae5f6-8c64-4fb1-bad3-4ea2f65c4ee9	NR_074568.1	93.401	1470	56	29	1	1437	1474	13	0.0	2139
f01ae5f6-8c64-4fb1-bad3-4ea2f65c4ee9	NR_044712.2	92.886	1462	63	29	9	1437	1475	22	0.0	2097
f01ae5f6-8c64-4fb1-bad3-4ea2f65c4ee9	NR_109752.1	92.323	1472	71	30	1	1437	1487	23	0.0	2054
f01ae5f6-8c64-4fb1-bad3-4ea2f65c4ee9	NR_025310.1	92.418	1464	69	30	1	1430	1456	1	0.0	2050
8b4ff481-839f-4559-a8fb-0f27039b6cf5	NR_042776.1	95.883	923	23	12	1	912	84	1002	0.0	1480
8b4ff481-839f-4559-a8fb-0f27039b6cf5	NR_042778.1	95.666	923	25	12	1	912	84	1002	0.0	1469
8b4ff481-839f-4559-a8fb-0f27039b6cf5	NR_042777.1	95.558	923	25	13	1	912	84	1001	0.0	1463
8b4ff481-839f-4559-a8fb-0f27039b6cf5	NR_197695.1	95.233	923	29	12	1	912	83	1001	0.0	1447
8b4ff481-839f-4559-a8fb-0f27039b6cf5	NR_118998.1	95.011	922	32	12	1	912	79	996	0.0	1437
cc56471c-b689-4016-b7be-aae78c8a4586	NR_026419.1	95.103	878	27	12	9	873	610	1484	0.0	1369
cc56471c-b689-4016-b7be-aae78c8a4586	NR_025904.1	94.077	878	35	12	9	873	621	1494	0.0	1317
cc56471c-b689-4016-b7be-aae78c8a4586	NR_025903.1	94.077	878	35	12	9	873	622	1495	0.0	1317
cc56471c-b689-4016-b7be-aae78c8a4586	NR_133752.1	94.438	845	32	11	9	840	547	1389	0.0	1286
cc56471c-b689-4016-b7be-aae78c8a4586	NR_133753.1	94.438	845	32	11	9	840	576	1418	0.0	1286
923bf16a-fba1-467c-9e54-8fee595126cb	NR_028664.1	94.118	1037	36	23	5	1028	1040	16	0.0	1554
923bf16a-fba1-467c-9e54-8fee595126cb	NR_165747.1	94.169	1029	37	21	5	1020	1019	1	0.0	1546
923bf16a-fba1-467c-9e54-8fee595126cb	NR_165744.1	93.931	1038	38	23	5	1029	1026	1	0.0	1544
923bf16a-fba1-467c-9e54-8fee595126cb	NR_179383.1	93.925	1037	38	23	5	1028	1044	20	0.0	1543
923bf16a-fba1-467c-9e54-8fee595126cb	NR_115240.1	94.072	1029	36	23	5	1020	1017	1	0.0	1539
9000a41c-ca19-4c7b-96f4-d5186a7d0a15	NR_117694.1	88.918	758	45	27	4	745	735	1	0.0	898
9000a41c-ca19-4c7b-96f4-d5186a7d0a15	NR_117717.1	88.406	759	53	24	4	748	756	19	0.0	881
9000a41c-ca19-4c7b-96f4-d5186a7d0a15	NR_121688.1	88.274	759	54	24	4	748	755	18	0.0	876
9000a41c-ca19-4c7b-96f4-d5186a7d0a15	NR_041989.1	89.621	713	40	22	4	702	693	1	0.0	876
9000a41c-ca19-4c7b-96f4-d5186a7d0a15	NR_117701.1	88.360	756	53	24	4	745	735	1	0.0	876
f14547b2-5f5a-4386-8c3d-7beda66a1b5b	NR_116168.1	96.596	470	8	7	20	487	1024	1487	0.0	773
f14547b2-5f5a-4386-8c3d-7beda66a1b5b	NR_118762.1	96.121	464	10	7	20	481	1026	1483	0.0	754
f14547b2-5f5a-4386-8c3d-7beda66a1b5b	NR_180040.1	94.268	471	17	9	20	487	1030	1493	0.0	712
f14547b2-5f5a-4386-8c3d-7beda66a1b5b	NR_181946.1	94.268	471	17	9	20	487	1009	1472	0.0	712
f14547b2-5f5a-4386-8c3d-7beda66a1b5b	NR_025423.1	94.243	469	15	10	20	484	1008	1468	0.0	706
db68eaed-652d-446a-b3e6-6fc772a8aa10	NR_042776.1	96.797	843	12	11	17	853	666	1499	0.0	1393
db68eaed-652d-446a-b3e6-6fc772a8aa10	NR_042777.1	96.797	843	12	11	17	853	665	1498	0.0	1393
db68eaed-652d-446a-b3e6-6fc772a8aa10	NR_042778.1	96.560	843	14	11	17	853	666	1499	0.0	1382
db68eaed-652d-446a-b3e6-6fc772a8aa10	NR_197695.1	96.323	843	16	11	17	853	665	1498	0.0	1371
db68eaed-652d-446a-b3e6-6fc772a8aa10	NR_118998.1	96.200	842	18	10	17	853	661	1493	0.0	1365
4d8e6bbd-d204-4855-9758-dbd84f1a5d0f	NR_163639.1	91.847	1435	72	36	3	1408	1422	4	0.0	1960
4d8e6bbd-d204-4855-9758-dbd84f1a5d0f	NR_074980.1	91.766	1433	79	31	3	1407	1434	13	0.0	1956
4d8e6bbd-d204-4855-9758-dbd84f1a5d0f	NR_113031.1	91.766	1433	79	31	3	1407	1434	13	0.0	1956
4d8e6bbd-d204-4855-9758-dbd84f1a5d0f	NR_115355.1	91.961	1418	75	30	3	1392	1407	1	0.0	1954
4d8e6bbd-d204-4855-9758-dbd84f1a5d0f	NR_119169.1	91.778	1423	78	30	3	1397	1412	1	0.0	1951
1ceedcfc-9f98-4b1f-9111-cdbc15b972d6	NR_117694.1	94.646	1270	37	26	179	1435	216	1467	0.0	1940
1ceedcfc-9f98-4b1f-9111-cdbc15b972d6	NR_117696.1	94.563	1269	40	25	179	1435	203	1454	0.0	1934
1ceedcfc-9f98-4b1f-9111-cdbc15b972d6	NR_117717.1	94.484	1269	40	26	179	1435	237	1487	0.0	1929
1ceedcfc-9f98-4b1f-9111-cdbc15b972d6	NR_117692.1	94.405	1269	42	25	179	1435	216	1467	0.0	1923
1ceedcfc-9f98-4b1f-9111-cdbc15b972d6	NR_117701.1	94.405	1269	42	25	179	1435	216	1467	0.0	1923
0c1ed04e-10a8-4fd1-9aa4-4ef890964e3d	NR_199547.1	94.636	839	32	11	1	833	25	856	0.0	1288
0c1ed04e-10a8-4fd1-9aa4-4ef890964e3d	NR_042928.1	94.258	836	34	12	4	833	49	876	0.0	1266
0c1ed04e-10a8-4fd1-9aa4-4ef890964e3d	NR_109720.1	93.921	839	38	11	1	833	41	872	0.0	1254
0c1ed04e-10a8-4fd1-9aa4-4ef890964e3d	NR_112026.1	94.019	836	35	13	4	833	32	858	0.0	1254
0c1ed04e-10a8-4fd1-9aa4-4ef890964e3d	NR_165747.1	93.780	836	38	12	4	833	49	876	0.0	1243
d18f0dc1-96ac-4e3f-a64b-346c6c5ae22a	NR_136788.1	96.012	1354	25	26	5	1344	143	1481	0.0	2174
d18f0dc1-96ac-4e3f-a64b-346c6c5ae22a	NR_026230.1	92.915	1355	65	27	5	1344	121	1459	0.0	1951
d18f0dc1-96ac-4e3f-a64b-346c6c5ae22a	NR_113082.1	93.213	1326	57	30	5	1314	143	1451	0.0	1919
d18f0dc1-96ac-4e3f-a64b-346c6c5ae22a	NR_136443.1	89.403	1274	92	38	79	1331	178	1429	0.0	1565
d18f0dc1-96ac-4e3f-a64b-346c6c5ae22a	NR_199471.1	85.513	1277	147	36	86	1344	225	1481	0.0	1299
a0541974-4e65-4277-9ca8-01f4410f78ad	NR_042776.1	97.483	437	5	4	24	454	1061	1497	0.0	741
a0541974-4e65-4277-9ca8-01f4410f78ad	NR_042777.1	97.483	437	5	4	24	454	1060	1496	0.0	741
a0541974-4e65-4277-9ca8-01f4410f78ad	NR_197695.1	97.254	437	6	4	24	454	1060	1496	0.0	736
a0541974-4e65-4277-9ca8-01f4410f78ad	NR_042778.1	97.025	437	7	4	24	454	1061	1497	0.0	730
a0541974-4e65-4277-9ca8-01f4410f78ad	NR_118998.1	97.025	437	7	4	24	454	1055	1491	0.0	730
3c858bab-b198-4445-a60f-29080658f24b	NR_042928.1	93.220	1416	53	37	1	1381	61	1468	0.0	2043
3c858bab-b198-4445-a60f-29080658f24b	NR_199547.1	93.593	1389	47	36	1	1355	41	1421	0.0	2034
3c858bab-b198-4445-a60f-29080658f24b	NR_117719.1	92.817	1420	58	38	2	1385	82	1493	0.0	2017
3c858bab-b198-4445-a60f-29080658f24b	NR_028664.1	92.676	1420	60	38	2	1385	85	1496	0.0	2006
3c858bab-b198-4445-a60f-29080658f24b	NR_179540.1	92.681	1421	57	41	2	1385	82	1492	0.0	2004
418ca1bf-cf61-405b-8b2b-0d908bbc9e36	NR_044929.2	86.597	1246	122	34	3	1233	222	1437	0.0	1352
418ca1bf-cf61-405b-8b2b-0d908bbc9e36	NR_029106.1	85.795	1239	142	27	6	1233	271	1486	0.0	1282
418ca1bf-cf61-405b-8b2b-0d908bbc9e36	NR_075019.1	85.806	1240	141	28	6	1233	295	1511	0.0	1282
418ca1bf-cf61-405b-8b2b-0d908bbc9e36	NR_113639.1	85.795	1239	141	28	6	1232	274	1489	0.0	1280
418ca1bf-cf61-405b-8b2b-0d908bbc9e36	NR_115131.1	85.726	1240	141	29	6	1233	289	1504	0.0	1277
65c1a957-416b-4769-a458-ff9ca439cd70	NR_114413.1	95.157	702	25	9	3	699	713	16	0.0	1099
65c1a957-416b-4769-a458-ff9ca439cd70	NR_178515.1	95.389	694	23	9	3	691	690	1	0.0	1096
65c1a957-416b-4769-a458-ff9ca439cd70	NR_117719.1	94.864	701	27	9	3	699	708	13	0.0	1086
65c1a957-416b-4769-a458-ff9ca439cd70	NR_042927.1	95.101	694	25	9	3	691	690	1	0.0	1085
65c1a957-416b-4769-a458-ff9ca439cd70	NR_165737.1	95.101	694	25	9	3	691	690	1	0.0	1085
