cae70ca1-228f-4f98-8e11-fc203c1d9dc4	NR_042776.1	97.698	1173	20	6	16	1182	1189	18	0.0	2010
cae70ca1-228f-4f98-8e11-fc203c1d9dc4	NR_042778.1	97.528	1173	22	6	16	1182	1189	18	0.0	1999
cae70ca1-228f-4f98-8e11-fc203c1d9dc4	NR_042777.1	97.442	1173	22	7	16	1182	1188	18	0.0	1993
cae70ca1-228f-4f98-8e11-fc203c1d9dc4	NR_197695.1	97.101	1173	27	6	16	1182	1188	17	0.0	1971
cae70ca1-228f-4f98-8e11-fc203c1d9dc4	NR_118998.1	96.675	1173	31	7	16	1182	1183	13	0.0	1945
3f367efa-1031-404c-af2a-39e53ad84dc4	NR_026419.1	92.352	876	47	18	1	860	1366	495	0.0	1229
3f367efa-1031-404c-af2a-39e53ad84dc4	NR_026419.1	81.982	222	24	13	890	1101	434	219	1.28e-42	174
3f367efa-1031-404c-af2a-39e53ad84dc4	NR_025904.1	91.667	876	53	19	1	860	1377	506	0.0	1195
3f367efa-1031-404c-af2a-39e53ad84dc4	NR_025904.1	76.862	376	55	27	890	1242	445	79	2.13e-45	183
3f367efa-1031-404c-af2a-39e53ad84dc4	NR_133752.1	91.553	876	54	18	1	860	1303	432	0.0	1190
3f367efa-1031-404c-af2a-39e53ad84dc4	NR_133752.1	81.982	222	24	13	890	1101	371	156	1.28e-42	174
3f367efa-1031-404c-af2a-39e53ad84dc4	NR_133753.1	91.553	876	54	18	1	860	1332	461	0.0	1190
3f367efa-1031-404c-af2a-39e53ad84dc4	NR_133753.1	81.982	222	24	13	890	1101	400	185	1.28e-42	174
3f367efa-1031-404c-af2a-39e53ad84dc4	NR_025903.1	91.553	876	54	18	1	860	1378	507	0.0	1190
3f367efa-1031-404c-af2a-39e53ad84dc4	NR_025903.1	81.982	222	24	13	890	1101	446	231	1.28e-42	174
5cfa5029-3448-4ae3-9b54-4e61a8d46e34	NR_163639.1	96.116	1416	19	32	1	1392	1408	5	0.0	2278
5cfa5029-3448-4ae3-9b54-4e61a8d46e34	NR_115355.1	96.286	1400	22	26	1	1377	1393	1	0.0	2274
5cfa5029-3448-4ae3-9b54-4e61a8d46e34	NR_119169.1	96.085	1405	25	26	1	1382	1398	1	0.0	2270
5cfa5029-3448-4ae3-9b54-4e61a8d46e34	NR_074980.1	95.618	1415	32	27	1	1392	1420	13	0.0	2242
5cfa5029-3448-4ae3-9b54-4e61a8d46e34	NR_113031.1	95.618	1415	32	27	1	1392	1420	13	0.0	2242
43d18e79-d967-4c2d-93e3-f24d9470d79e	NR_044873.1	94.540	1447	39	32	5	1431	1428	2	0.0	2198
43d18e79-d967-4c2d-93e3-f24d9470d79e	NR_074568.1	93.319	1437	56	32	14	1431	1428	13	0.0	2085
43d18e79-d967-4c2d-93e3-f24d9470d79e	NR_044712.2	92.971	1437	61	32	14	1431	1437	22	0.0	2067
43d18e79-d967-4c2d-93e3-f24d9470d79e	NR_109752.1	92.334	1448	69	33	5	1431	1449	23	0.0	2021
43d18e79-d967-4c2d-93e3-f24d9470d79e	NR_025310.1	92.361	1440	67	34	5	1423	1418	1	0.0	2010
37bfb8a6-5d33-43a2-8f4e-587742fd0d87	NR_199541.1	98.655	446	4	2	10	454	808	1252	0.0	789
37bfb8a6-5d33-43a2-8f4e-587742fd0d87	NR_178515.1	98.430	446	5	2	10	454	832	1276	0.0	784
37bfb8a6-5d33-43a2-8f4e-587742fd0d87	NR_180625.1	98.430	446	5	2	10	454	812	1256	0.0	784
37bfb8a6-5d33-43a2-8f4e-587742fd0d87	NR_024842.1	98.206	446	6	2	10	454	847	1291	0.0	778
37bfb8a6-5d33-43a2-8f4e-587742fd0d87	NR_036936.1	98.206	446	6	2	10	454	832	1276	0.0	778
c7218962-915a-40f1-a0b6-e058ccf70704	NR_163639.1	98.677	378	4	1	9	386	1121	1497	0.0	669
c7218962-915a-40f1-a0b6-e058ccf70704	NR_179325.1	98.677	378	4	1	9	386	1080	1456	0.0	669
c7218962-915a-40f1-a0b6-e058ccf70704	NR_115355.1	98.413	378	5	1	9	386	1106	1482	0.0	664
c7218962-915a-40f1-a0b6-e058ccf70704	NR_115354.1	98.148	378	6	1	9	386	1106	1482	0.0	658
c7218962-915a-40f1-a0b6-e058ccf70704	NR_119169.1	97.884	378	7	1	9	386	1111	1487	0.0	654
e0fd7170-e588-4d5b-a97b-504e4de0c0b0	NR_041989.1	95.755	424	10	8	1	418	599	178	0.0	676
e0fd7170-e588-4d5b-a97b-504e4de0c0b0	NR_117717.1	95.283	424	12	8	1	418	662	241	0.0	665
e0fd7170-e588-4d5b-a97b-504e4de0c0b0	NR_117696.1	95.283	424	12	8	1	418	628	207	0.0	665
e0fd7170-e588-4d5b-a97b-504e4de0c0b0	NR_117701.1	95.283	424	12	8	1	418	641	220	0.0	665
e0fd7170-e588-4d5b-a97b-504e4de0c0b0	NR_104947.1	95.047	424	13	8	1	418	614	193	0.0	660
c6e05f94-687e-40dd-964d-703dbbe6d700	NR_024842.1	98.470	719	10	1	1	719	772	1489	0.0	1266
c6e05f94-687e-40dd-964d-703dbbe6d700	NR_115735.1	98.468	718	10	1	1	718	748	1464	0.0	1264
c6e05f94-687e-40dd-964d-703dbbe6d700	NR_036936.1	98.184	716	11	2	1	715	757	1471	0.0	1249
c6e05f94-687e-40dd-964d-703dbbe6d700	NR_165737.1	98.184	716	11	2	1	715	757	1471	0.0	1249
c6e05f94-687e-40dd-964d-703dbbe6d700	NR_115241.1	98.042	715	13	1	1	715	757	1470	0.0	1247
e4676891-999b-4fc3-82f7-b7e9eda8e469	NR_024842.1	97.088	1408	23	14	1	1394	1411	8	0.0	2361
e4676891-999b-4fc3-82f7-b7e9eda8e469	NR_115241.1	97.071	1400	23	15	1	1386	1396	1	0.0	2346
e4676891-999b-4fc3-82f7-b7e9eda8e469	NR_115735.1	97.124	1391	21	16	1	1376	1387	1	0.0	2329
e4676891-999b-4fc3-82f7-b7e9eda8e469	NR_178515.1	96.645	1401	27	17	1	1386	1396	1	0.0	2309
e4676891-999b-4fc3-82f7-b7e9eda8e469	NR_165737.1	96.431	1401	30	17	1	1386	1396	1	0.0	2292
211b0d67-c062-4b77-a1a0-0675e74b383a	NR_125571.1	93.191	705	23	17	1	694	746	1436	0.0	1013
211b0d67-c062-4b77-a1a0-0675e74b383a	NR_125570.1	93.059	706	23	18	1	694	704	1395	0.0	1009
211b0d67-c062-4b77-a1a0-0675e74b383a	NR_029097.1	93.253	667	20	17	1	656	722	1374	0.0	959
211b0d67-c062-4b77-a1a0-0675e74b383a	NR_042008.1	88.873	719	47	25	1	701	772	1475	0.0	854
211b0d67-c062-4b77-a1a0-0675e74b383a	NR_074809.1	88.734	719	48	25	1	701	782	1485	0.0	848
4793b6a2-89a8-4c00-a8ea-524c7b899340	NR_024842.1	90.574	1411	69	49	1	1370	1395	8	0.0	1812
4793b6a2-89a8-4c00-a8ea-524c7b899340	NR_115241.1	90.520	1403	69	49	1	1362	1380	1	0.0	1797
4793b6a2-89a8-4c00-a8ea-524c7b899340	NR_178515.1	90.520	1403	69	49	1	1362	1380	1	0.0	1796
4793b6a2-89a8-4c00-a8ea-524c7b899340	NR_115735.1	90.524	1393	70	47	1	1353	1371	1	0.0	1784
4793b6a2-89a8-4c00-a8ea-524c7b899340	NR_165737.1	90.306	1403	72	49	1	1362	1380	1	0.0	1779
25f5378f-666f-4cda-ba92-f15c71f178cd	NR_042928.1	96.230	504	10	6	1	500	499	1	0.0	817
25f5378f-666f-4cda-ba92-f15c71f178cd	NR_109720.1	96.177	497	13	3	1	493	495	1	0.0	808
25f5378f-666f-4cda-ba92-f15c71f178cd	NR_199547.1	96.875	480	8	4	1	476	479	3	0.0	797
25f5378f-666f-4cda-ba92-f15c71f178cd	NR_036936.1	95.391	499	17	3	1	495	501	5	0.0	791
25f5378f-666f-4cda-ba92-f15c71f178cd	NR_112026.1	96.296	486	10	5	1	482	482	1	0.0	791
11e7c9b5-db0a-444f-90f3-e4d2a805809e	NR_113377.1	89.670	455	24	18	1	443	1068	1511	9.60e-159	558
11e7c9b5-db0a-444f-90f3-e4d2a805809e	NR_114538.1	89.670	455	24	18	1	443	1045	1488	9.60e-159	558
11e7c9b5-db0a-444f-90f3-e4d2a805809e	NR_025046.1	89.231	455	26	18	1	443	1037	1480	2.08e-155	547
11e7c9b5-db0a-444f-90f3-e4d2a805809e	NR_113376.1	89.231	455	26	18	1	443	1068	1511	2.08e-155	547
11e7c9b5-db0a-444f-90f3-e4d2a805809e	NR_179592.1	89.087	449	26	18	1	437	1046	1483	1.25e-152	538
82354409-3fbb-4e26-bba1-74c000759ccb	NR_116168.1	96.721	610	13	5	1	606	627	21	0.0	1009
82354409-3fbb-4e26-bba1-74c000759ccb	NR_042878.1	96.223	609	16	5	1	605	606	1	0.0	1000
82354409-3fbb-4e26-bba1-74c000759ccb	NR_118762.1	94.590	610	26	5	1	606	630	24	0.0	957
82354409-3fbb-4e26-bba1-74c000759ccb	NR_025423.1	93.954	612	28	7	1	606	611	3	0.0	917
82354409-3fbb-4e26-bba1-74c000759ccb	NR_118143.1	93.126	611	33	7	1	605	608	1	0.0	889
ad22d4c4-2d09-43db-ac79-347f1b6e0e27	NR_044873.1	93.760	1250	43	26	110	1333	1243	3	0.0	1844
ad22d4c4-2d09-43db-ac79-347f1b6e0e27	NR_044873.1	93.636	110	2	3	1	106	1384	1276	3.55e-38	159
ad22d4c4-2d09-43db-ac79-347f1b6e0e27	NR_074568.1	92.320	1250	60	27	110	1333	1253	14	0.0	1744
ad22d4c4-2d09-43db-ac79-347f1b6e0e27	NR_074568.1	93.636	110	2	3	1	106	1394	1286	3.55e-38	159
ad22d4c4-2d09-43db-ac79-347f1b6e0e27	NR_044712.2	91.920	1250	65	27	110	1333	1262	23	0.0	1725
ad22d4c4-2d09-43db-ac79-347f1b6e0e27	NR_044712.2	93.636	110	2	3	1	106	1403	1295	3.55e-38	159
ad22d4c4-2d09-43db-ac79-347f1b6e0e27	NR_109752.1	91.527	1251	69	28	110	1333	1264	24	0.0	1688
ad22d4c4-2d09-43db-ac79-347f1b6e0e27	NR_109752.1	93.636	110	2	3	1	106	1405	1297	3.55e-38	159
ad22d4c4-2d09-43db-ac79-347f1b6e0e27	NR_025310.1	91.687	1239	66	28	110	1321	1233	5	0.0	1683
ad22d4c4-2d09-43db-ac79-347f1b6e0e27	NR_025310.1	93.636	110	2	3	1	106	1374	1266	3.55e-38	159
cbc7fd0e-e8a2-4c82-af92-130e6b0c086a	NR_199541.1	94.150	735	25	16	18	735	42	775	0.0	1103
cbc7fd0e-e8a2-4c82-af92-130e6b0c086a	NR_042927.1	92.971	754	31	19	1	735	49	799	0.0	1079
cbc7fd0e-e8a2-4c82-af92-130e6b0c086a	NR_042928.1	93.597	734	29	16	19	735	65	797	0.0	1079
cbc7fd0e-e8a2-4c82-af92-130e6b0c086a	NR_114413.1	92.971	754	31	19	1	735	72	822	0.0	1079
cbc7fd0e-e8a2-4c82-af92-130e6b0c086a	NR_115734.1	92.971	754	31	19	1	735	50	800	0.0	1079
e7022560-37cc-4062-a5a0-55c7cdbee3d1	NR_133752.1	89.548	354	24	11	1	345	1166	817	3.63e-122	436
e7022560-37cc-4062-a5a0-55c7cdbee3d1	NR_133753.1	89.548	354	24	11	1	345	1195	846	3.63e-122	436
e7022560-37cc-4062-a5a0-55c7cdbee3d1	NR_025904.1	89.548	354	24	11	1	345	1240	891	3.63e-122	436
e7022560-37cc-4062-a5a0-55c7cdbee3d1	NR_026419.1	89.548	354	24	12	1	345	1229	880	3.63e-122	436
e7022560-37cc-4062-a5a0-55c7cdbee3d1	NR_025903.1	89.548	354	24	11	1	345	1241	892	3.63e-122	436
ca4f4167-9040-4b87-8050-b3f6e0dd0bc0	NR_133752.1	96.319	326	5	6	1	320	1294	970	5.32e-150	529
ca4f4167-9040-4b87-8050-b3f6e0dd0bc0	NR_133753.1	96.319	326	5	6	1	320	1323	999	5.32e-150	529
ca4f4167-9040-4b87-8050-b3f6e0dd0bc0	NR_025903.1	96.319	326	5	6	1	320	1369	1045	5.32e-150	529
ca4f4167-9040-4b87-8050-b3f6e0dd0bc0	NR_025904.1	95.399	326	8	6	1	320	1368	1044	5.36e-145	512
ca4f4167-9040-4b87-8050-b3f6e0dd0bc0	NR_026419.1	94.172	326	12	6	1	320	1357	1033	2.51e-138	490
563839c8-d4c4-4d18-a34e-4e243df0ead9	NR_024842.1	94.884	1036	41	12	1	1031	1036	8	0.0	1613
563839c8-d4c4-4d18-a34e-4e243df0ead9	NR_115241.1	94.844	1028	41	12	1	1023	1021	1	0.0	1598
563839c8-d4c4-4d18-a34e-4e243df0ead9	NR_178515.1	94.849	1029	39	14	1	1023	1021	1	0.0	1594
563839c8-d4c4-4d18-a34e-4e243df0ead9	NR_165737.1	94.655	1029	41	14	1	1023	1021	1	0.0	1583
563839c8-d4c4-4d18-a34e-4e243df0ead9	NR_115735.1	94.897	1019	39	13	1	1013	1012	1	0.0	1581
152dd000-bb81-495c-9344-950138cb7d0e	NR_042843.1	86.622	299	23	13	1	289	825	534	1.50e-85	315
152dd000-bb81-495c-9344-950138cb7d0e	NR_102895.1	86.622	299	23	13	1	289	853	562	1.50e-85	315
152dd000-bb81-495c-9344-950138cb7d0e	NR_113113.1	86.622	299	23	13	1	289	833	542	1.50e-85	315
152dd000-bb81-495c-9344-950138cb7d0e	NR_114305.1	85.953	299	25	13	1	289	845	554	3.24e-82	303
152dd000-bb81-495c-9344-950138cb7d0e	NR_116726.1	85.953	299	25	13	1	289	825	534	3.24e-82	303
13314427-f953-482b-ac26-44bf2ea99c13	NR_025863.1	93.750	368	12	7	1	358	377	11	5.96e-155	545
13314427-f953-482b-ac26-44bf2ea99c13	NR_025862.1	84.367	371	36	18	1	358	372	11	1.80e-95	348
13314427-f953-482b-ac26-44bf2ea99c13	NR_173518.1	82.880	368	47	10	1	358	372	11	5.09e-86	316
13314427-f953-482b-ac26-44bf2ea99c13	NR_042093.1	82.527	372	42	17	1	356	377	13	1.10e-82	305
13314427-f953-482b-ac26-44bf2ea99c13	NR_026487.1	83.483	333	39	15	1	324	345	20	1.42e-81	302
daf27e74-38c1-4b46-ba84-d4fc57d37b61	NR_042776.1	95.036	685	16	12	8	677	712	31	0.0	1061
daf27e74-38c1-4b46-ba84-d4fc57d37b61	NR_042777.1	94.883	684	18	11	8	677	711	31	0.0	1053
daf27e74-38c1-4b46-ba84-d4fc57d37b61	NR_042778.1	94.745	685	18	12	8	677	712	31	0.0	1050
daf27e74-38c1-4b46-ba84-d4fc57d37b61	NR_197695.1	94.307	685	21	12	8	677	711	30	0.0	1033
daf27e74-38c1-4b46-ba84-d4fc57d37b61	NR_118998.1	94.015	685	23	12	8	677	707	26	0.0	1024
2aa51c23-7aa9-419c-a6f2-d827d218b1b7	NR_042776.1	94.681	1034	31	21	10	1028	1042	18	0.0	1583
2aa51c23-7aa9-419c-a6f2-d827d218b1b7	NR_042778.1	94.487	1034	33	21	10	1028	1042	18	0.0	1572
2aa51c23-7aa9-419c-a6f2-d827d218b1b7	NR_042777.1	94.391	1034	33	22	10	1028	1041	18	0.0	1565
2aa51c23-7aa9-419c-a6f2-d827d218b1b7	NR_197695.1	94.494	1017	33	20	26	1028	1024	17	0.0	1546
2aa51c23-7aa9-419c-a6f2-d827d218b1b7	NR_118998.1	94.008	1018	37	21	25	1028	1020	13	0.0	1522
f55ad933-3c50-43ec-a4ae-80f1feca9e2f	NR_136788.1	94.671	1032	33	20	3	1019	1037	13	0.0	1581
f55ad933-3c50-43ec-a4ae-80f1feca9e2f	NR_113082.1	93.552	977	45	16	54	1019	982	13	0.0	1439
f55ad933-3c50-43ec-a4ae-80f1feca9e2f	NR_026230.1	92.443	966	57	15	54	1009	960	1	0.0	1386
f55ad933-3c50-43ec-a4ae-80f1feca9e2f	NR_113134.1	84.852	977	121	21	57	1019	976	13	0.0	959
f55ad933-3c50-43ec-a4ae-80f1feca9e2f	NR_178264.1	84.647	977	123	21	57	1019	976	13	0.0	948
63281236-6f69-4418-aa62-d1299a6f23f8	NR_024842.1	98.193	166	1	2	10	175	171	8	5.08e-78	289
63281236-6f69-4418-aa62-d1299a6f23f8	NR_115241.1	98.726	157	1	1	10	166	156	1	1.10e-74	278
63281236-6f69-4418-aa62-d1299a6f23f8	NR_114413.1	96.951	164	3	2	12	175	177	16	1.42e-73	274
63281236-6f69-4418-aa62-d1299a6f23f8	NR_199956.1	96.951	164	3	2	12	175	174	13	1.42e-73	274
63281236-6f69-4418-aa62-d1299a6f23f8	NR_199974.1	96.951	164	3	2	12	175	181	20	1.42e-73	274
8fceb853-b939-4ac3-86ee-34f9d4b1bcae	NR_117719.1	95.272	1269	31	23	1	1248	236	1496	0.0	1984
8fceb853-b939-4ac3-86ee-34f9d4b1bcae	NR_179383.1	95.272	1269	31	23	1	1248	243	1503	0.0	1984
8fceb853-b939-4ac3-86ee-34f9d4b1bcae	NR_179540.1	95.276	1270	28	26	1	1248	236	1495	0.0	1984
8fceb853-b939-4ac3-86ee-34f9d4b1bcae	NR_175455.1	95.197	1270	31	24	1	1248	224	1485	0.0	1980
8fceb853-b939-4ac3-86ee-34f9d4b1bcae	NR_042928.1	95.329	1263	27	26	1	1241	216	1468	0.0	1977
793444ae-5fe5-4c03-a10b-c831b5df478c	NR_112026.1	94.850	466	12	10	1	462	1257	800	0.0	717
793444ae-5fe5-4c03-a10b-c831b5df478c	NR_179540.1	94.850	466	12	10	1	462	1295	838	0.0	717
793444ae-5fe5-4c03-a10b-c831b5df478c	NR_199547.1	94.635	466	13	10	1	462	1255	798	0.0	712
793444ae-5fe5-4c03-a10b-c831b5df478c	NR_116206.1	94.421	466	14	10	1	462	1200	743	0.0	708
793444ae-5fe5-4c03-a10b-c831b5df478c	NR_028665.1	94.421	466	14	10	1	462	1292	835	0.0	706
6dd36b06-0ba2-40de-bce0-aca64d80704e	NR_042878.1	90.667	375	15	13	1	359	966	596	4.84e-136	483
6dd36b06-0ba2-40de-bce0-aca64d80704e	NR_116168.1	90.667	375	15	13	1	359	987	617	1.74e-135	481
6dd36b06-0ba2-40de-bce0-aca64d80704e	NR_118143.1	90.400	375	16	13	1	359	968	598	8.09e-134	475
6dd36b06-0ba2-40de-bce0-aca64d80704e	NR_042871.1	90.133	375	17	13	1	359	968	598	3.77e-132	470
6dd36b06-0ba2-40de-bce0-aca64d80704e	NR_118142.1	90.133	375	17	13	1	359	966	596	3.77e-132	470
0cb6bc92-982a-47f8-bf44-bcbe38fd26c3	NR_026419.1	96.809	1316	29	10	1	1307	173	1484	0.0	2185
0cb6bc92-982a-47f8-bf44-bcbe38fd26c3	NR_025903.1	95.948	1308	40	10	7	1307	194	1495	0.0	2109
0cb6bc92-982a-47f8-bf44-bcbe38fd26c3	NR_133753.1	95.950	1284	40	9	7	1283	148	1426	0.0	2073
0cb6bc92-982a-47f8-bf44-bcbe38fd26c3	NR_025904.1	95.344	1310	44	13	7	1307	193	1494	0.0	2065
0cb6bc92-982a-47f8-bf44-bcbe38fd26c3	NR_133752.1	95.717	1284	43	9	7	1283	119	1397	0.0	2056
a7f4a6d3-9cec-44d2-b029-1e48024f1505	NR_024842.1	93.026	889	42	16	1	875	607	1489	0.0	1280
a7f4a6d3-9cec-44d2-b029-1e48024f1505	NR_115735.1	93.018	888	42	16	1	874	583	1464	0.0	1279
a7f4a6d3-9cec-44d2-b029-1e48024f1505	NR_165737.1	93.002	886	41	17	1	871	592	1471	0.0	1273
a7f4a6d3-9cec-44d2-b029-1e48024f1505	NR_156072.1	92.801	889	44	16	1	875	612	1494	0.0	1269
a7f4a6d3-9cec-44d2-b029-1e48024f1505	NR_036936.1	92.889	886	42	17	1	871	592	1471	0.0	1267
9bdbc36a-4ada-4a1c-84fa-df3d73c00ea8	NR_024842.1	94.822	309	13	3	1	308	314	8	1.46e-135	481
9bdbc36a-4ada-4a1c-84fa-df3d73c00ea8	NR_115241.1	95.017	301	12	3	1	300	299	1	3.17e-132	470
9bdbc36a-4ada-4a1c-84fa-df3d73c00ea8	NR_115735.1	94.521	292	12	4	1	290	290	1	1.49e-125	448
9bdbc36a-4ada-4a1c-84fa-df3d73c00ea8	NR_165737.1	93.377	302	15	5	1	300	299	1	6.91e-124	442
9bdbc36a-4ada-4a1c-84fa-df3d73c00ea8	NR_178515.1	93.377	302	15	5	1	300	299	1	6.91e-124	442
3c58a09a-2edc-4b8c-abe9-1b4f7336bffd	NR_042776.1	95.556	1440	43	19	1	1428	73	1503	0.0	2285
3c58a09a-2edc-4b8c-abe9-1b4f7336bffd	NR_042778.1	95.559	1441	41	21	1	1428	73	1503	0.0	2285
3c58a09a-2edc-4b8c-abe9-1b4f7336bffd	NR_042777.1	95.347	1440	45	20	1	1428	73	1502	0.0	2268
3c58a09a-2edc-4b8c-abe9-1b4f7336bffd	NR_197695.1	95.208	1440	48	19	1	1428	72	1502	0.0	2257
3c58a09a-2edc-4b8c-abe9-1b4f7336bffd	NR_118998.1	95.069	1440	49	20	1	1428	68	1497	0.0	2248
6a9a702c-5d39-4f67-b67e-c2e0bf5935a7	NR_117717.1	97.183	568	10	2	4	571	931	1492	0.0	955
6a9a702c-5d39-4f67-b67e-c2e0bf5935a7	NR_117696.1	97.183	568	10	2	4	571	898	1459	0.0	955
6a9a702c-5d39-4f67-b67e-c2e0bf5935a7	NR_025902.1	97.007	568	11	4	4	571	889	1450	0.0	950
6a9a702c-5d39-4f67-b67e-c2e0bf5935a7	NR_159079.1	97.007	568	11	2	4	571	907	1468	0.0	950
6a9a702c-5d39-4f67-b67e-c2e0bf5935a7	NR_117692.1	97.007	568	11	4	4	571	911	1472	0.0	950
df661dd2-82d8-48ef-bfed-02cc6afd826f	NR_117694.1	96.992	1197	22	12	1	1190	1194	5	0.0	1999
df661dd2-82d8-48ef-bfed-02cc6afd826f	NR_041989.1	97.582	1158	16	10	1	1152	1152	1	0.0	1973
df661dd2-82d8-48ef-bfed-02cc6afd826f	NR_121687.1	95.739	1197	37	12	1	1190	1214	25	0.0	1916
df661dd2-82d8-48ef-bfed-02cc6afd826f	NR_025892.1	95.322	1197	41	13	1	1190	1219	31	0.0	1912
df661dd2-82d8-48ef-bfed-02cc6afd826f	NR_117692.1	95.652	1196	40	10	1	1190	1194	5	0.0	1910
a79508af-cb0f-41e4-a891-8c44d9a87f7d	NR_115355.1	89.150	1106	63	50	1	1060	1315	221	0.0	1325
a79508af-cb0f-41e4-a891-8c44d9a87f7d	NR_179325.1	89.150	1106	63	50	1	1060	1289	195	0.0	1325
a79508af-cb0f-41e4-a891-8c44d9a87f7d	NR_041879.1	89.070	1107	63	51	1	1060	1273	178	0.0	1321
a79508af-cb0f-41e4-a891-8c44d9a87f7d	NR_119169.1	88.879	1106	66	50	1	1060	1320	226	0.0	1314
a79508af-cb0f-41e4-a891-8c44d9a87f7d	NR_163639.1	88.939	1103	67	49	1	1060	1330	240	0.0	1310
9afcf3e2-4ffc-4f7c-8711-37ce0f4ad59b	NR_115355.1	97.474	871	11	6	1	860	612	1482	0.0	1476
9afcf3e2-4ffc-4f7c-8711-37ce0f4ad59b	NR_179325.1	97.474	871	11	6	1	860	586	1456	0.0	1476
9afcf3e2-4ffc-4f7c-8711-37ce0f4ad59b	NR_163639.1	97.248	872	10	9	1	860	628	1497	0.0	1465
9afcf3e2-4ffc-4f7c-8711-37ce0f4ad59b	NR_115354.1	97.130	871	14	6	1	860	612	1482	0.0	1461
9afcf3e2-4ffc-4f7c-8711-37ce0f4ad59b	NR_119169.1	97.130	871	14	7	1	860	617	1487	0.0	1461
98a14c1c-e8f9-4e96-b92f-e229e07b20eb	NR_028664.1	96.053	608	17	7	1	603	619	14	0.0	983
98a14c1c-e8f9-4e96-b92f-e229e07b20eb	NR_179383.1	96.053	608	17	7	1	603	623	18	0.0	983
98a14c1c-e8f9-4e96-b92f-e229e07b20eb	NR_199545.1	95.888	608	18	7	1	603	616	11	0.0	977
98a14c1c-e8f9-4e96-b92f-e229e07b20eb	NR_028665.1	95.724	608	19	7	1	603	613	8	0.0	974
98a14c1c-e8f9-4e96-b92f-e229e07b20eb	NR_179385.1	95.724	608	19	7	1	603	620	15	0.0	972
f66fad9e-f10c-4c33-8e4d-ad14802a3c48	NR_119168.1	95.336	536	13	11	1	528	535	4	0.0	841
f66fad9e-f10c-4c33-8e4d-ad14802a3c48	NR_119169.1	95.149	536	14	11	1	528	535	4	0.0	839
f66fad9e-f10c-4c33-8e4d-ad14802a3c48	NR_163639.1	95.327	535	12	11	1	528	546	18	0.0	837
f66fad9e-f10c-4c33-8e4d-ad14802a3c48	NR_074980.1	95.149	536	14	11	1	528	557	26	0.0	835
f66fad9e-f10c-4c33-8e4d-ad14802a3c48	NR_113031.1	95.149	536	14	11	1	528	557	26	0.0	835
787e3e5a-9144-4427-a33b-cda67d69f64e	NR_028664.1	96.837	411	10	3	1	409	402	811	0.0	684
787e3e5a-9144-4427-a33b-cda67d69f64e	NR_042927.1	96.837	411	10	3	1	409	381	790	0.0	684
787e3e5a-9144-4427-a33b-cda67d69f64e	NR_042928.1	96.837	411	10	3	1	409	379	788	0.0	684
787e3e5a-9144-4427-a33b-cda67d69f64e	NR_114413.1	96.837	411	10	3	1	409	404	813	0.0	684
787e3e5a-9144-4427-a33b-cda67d69f64e	NR_115240.1	96.837	411	10	3	1	409	379	788	0.0	684
50c539a2-2014-4561-a716-6658fbf5b59c	NR_115355.1	94.225	329	13	5	1	327	1158	1482	1.56e-140	497
50c539a2-2014-4561-a716-6658fbf5b59c	NR_163639.1	94.225	329	13	5	1	327	1173	1497	1.56e-140	497
50c539a2-2014-4561-a716-6658fbf5b59c	NR_179325.1	94.225	329	13	5	1	327	1132	1456	1.56e-140	497
50c539a2-2014-4561-a716-6658fbf5b59c	NR_119169.1	93.921	329	14	5	1	327	1163	1487	7.24e-139	492
50c539a2-2014-4561-a716-6658fbf5b59c	NR_115354.1	93.617	329	15	5	1	327	1158	1482	3.37e-137	486
9fb37c2d-0d32-4575-a093-c106293cfefc	NR_044873.1	91.617	1336	44	45	1	1285	1323	5	0.0	1784
9fb37c2d-0d32-4575-a093-c106293cfefc	NR_044894.1	88.595	1324	85	44	1	1277	1309	5	0.0	1548
9fb37c2d-0d32-4575-a093-c106293cfefc	NR_026451.1	88.200	1322	86	49	1	1271	1303	1	0.0	1513
9fb37c2d-0d32-4575-a093-c106293cfefc	NR_137239.1	87.988	1332	95	45	1	1285	1329	16	0.0	1513
9fb37c2d-0d32-4575-a093-c106293cfefc	NR_116649.1	88.075	1325	89	47	1	1277	1328	25	0.0	1507
6fded84b-d9f6-4e64-9809-f3747f9eb268	NR_115355.1	95.499	911	19	18	2	895	580	1485	0.0	1435
6fded84b-d9f6-4e64-9809-f3747f9eb268	NR_179325.1	95.499	911	19	18	2	895	554	1459	0.0	1435
6fded84b-d9f6-4e64-9809-f3747f9eb268	NR_119169.1	95.170	911	22	18	2	895	585	1490	0.0	1423
6fded84b-d9f6-4e64-9809-f3747f9eb268	NR_163639.1	95.285	912	18	21	2	895	596	1500	0.0	1423
6fded84b-d9f6-4e64-9809-f3747f9eb268	NR_115354.1	95.039	907	24	19	5	895	584	1485	0.0	1408
2137a86b-f05f-40b8-95e2-6a7f1514715c	NR_199547.1	94.612	761	10	14	1	739	796	45	0.0	1149
2137a86b-f05f-40b8-95e2-6a7f1514715c	NR_042928.1	94.488	762	11	14	1	740	816	64	0.0	1146
2137a86b-f05f-40b8-95e2-6a7f1514715c	NR_112026.1	94.226	762	12	15	1	740	798	47	0.0	1136
2137a86b-f05f-40b8-95e2-6a7f1514715c	NR_199541.1	93.955	761	15	14	1	739	794	43	0.0	1122
2137a86b-f05f-40b8-95e2-6a7f1514715c	NR_116206.1	94.267	750	12	14	1	728	741	1	0.0	1120
5dcb63e7-828b-414a-ab5f-d561aa40afbf	NR_042776.1	94.819	386	8	10	1	382	280	657	8.09e-169	592
5dcb63e7-828b-414a-ab5f-d561aa40afbf	NR_197695.1	94.819	386	8	10	1	382	279	656	8.09e-169	592
5dcb63e7-828b-414a-ab5f-d561aa40afbf	NR_042778.1	94.560	386	9	9	1	382	280	657	3.76e-167	586
5dcb63e7-828b-414a-ab5f-d561aa40afbf	NR_042777.1	94.560	386	8	10	1	382	280	656	1.35e-166	584
5dcb63e7-828b-414a-ab5f-d561aa40afbf	NR_118998.1	94.041	386	11	9	1	382	275	652	8.15e-164	575
d2ef42d1-8c3d-4cba-b11b-39cbbb261c44	NR_165747.1	94.759	477	15	7	1	469	475	1	0.0	734
d2ef42d1-8c3d-4cba-b11b-39cbbb261c44	NR_042928.1	94.549	477	16	7	1	469	475	1	0.0	728
d2ef42d1-8c3d-4cba-b11b-39cbbb261c44	NR_199545.1	94.021	485	19	7	1	477	495	13	0.0	726
d2ef42d1-8c3d-4cba-b11b-39cbbb261c44	NR_028664.1	93.814	485	20	7	1	477	498	16	0.0	721
d2ef42d1-8c3d-4cba-b11b-39cbbb261c44	NR_165744.1	93.621	486	21	7	1	478	484	1	0.0	717
a9b602bc-3d2b-4b6d-9705-92f467c8dd42	NR_117694.1	93.020	745	29	19	1	734	733	1	0.0	1066
a9b602bc-3d2b-4b6d-9705-92f467c8dd42	NR_041989.1	94.151	701	22	15	1	692	691	1	0.0	1050
a9b602bc-3d2b-4b6d-9705-92f467c8dd42	NR_117717.1	92.339	744	36	15	1	734	754	22	0.0	1038
a9b602bc-3d2b-4b6d-9705-92f467c8dd42	NR_117701.1	92.339	744	36	15	1	734	733	1	0.0	1038
a9b602bc-3d2b-4b6d-9705-92f467c8dd42	NR_121688.1	92.204	744	37	15	1	734	753	21	0.0	1033
213236f8-2526-450e-9a89-c527068a3a14	NR_024842.1	97.156	844	11	9	1	836	655	1493	0.0	1413
213236f8-2526-450e-9a89-c527068a3a14	NR_036936.1	97.372	837	8	10	1	828	640	1471	0.0	1411
213236f8-2526-450e-9a89-c527068a3a14	NR_115735.1	97.259	839	10	9	1	831	631	1464	0.0	1410
213236f8-2526-450e-9a89-c527068a3a14	NR_165737.1	97.133	837	10	10	1	828	640	1471	0.0	1400
213236f8-2526-450e-9a89-c527068a3a14	NR_156072.1	96.801	844	14	9	1	836	660	1498	0.0	1397
10a04997-0d4b-445f-a2b9-a8224b37b701	NR_163639.1	95.964	669	14	9	1	658	834	1500	0.0	1074
10a04997-0d4b-445f-a2b9-a8224b37b701	NR_115355.1	95.821	670	14	10	1	658	818	1485	0.0	1070
10a04997-0d4b-445f-a2b9-a8224b37b701	NR_179325.1	95.821	670	14	10	1	658	792	1459	0.0	1070
10a04997-0d4b-445f-a2b9-a8224b37b701	NR_119169.1	95.373	670	17	10	1	658	823	1490	0.0	1057
10a04997-0d4b-445f-a2b9-a8224b37b701	NR_115354.1	95.373	670	17	10	1	658	818	1485	0.0	1053
910fe82c-21f5-46ae-abe7-a1a8b923e610	NR_136788.1	92.617	298	7	9	10	295	540	834	1.42e-115	414
910fe82c-21f5-46ae-abe7-a1a8b923e610	NR_113082.1	91.611	298	10	8	10	295	540	834	1.43e-110	398
910fe82c-21f5-46ae-abe7-a1a8b923e610	NR_026230.1	91.275	298	11	8	10	295	518	812	1.85e-109	394
910fe82c-21f5-46ae-abe7-a1a8b923e610	NR_136443.1	86.913	298	24	7	10	295	502	796	3.19e-87	320
910fe82c-21f5-46ae-abe7-a1a8b923e610	NR_040839.1	85.570	298	28	9	10	295	540	834	1.49e-80	298
f30777d7-fe21-4ec2-9876-cf93187efbce	NR_026419.1	92.659	613	14	25	6	598	602	1	0.0	854
f30777d7-fe21-4ec2-9876-cf93187efbce	NR_025903.1	90.792	619	25	26	6	604	614	8	0.0	798
f30777d7-fe21-4ec2-9876-cf93187efbce	NR_025904.1	90.032	622	24	29	6	604	613	7	0.0	771
f30777d7-fe21-4ec2-9876-cf93187efbce	NR_133753.1	91.274	573	21	25	6	558	568	5	0.0	754
f30777d7-fe21-4ec2-9876-cf93187efbce	NR_133752.1	90.693	548	22	25	6	533	539	1	0.0	702
57b99f74-7c8b-4bfb-aa49-b38e4dc2ef75	NR_163639.1	95.855	193	4	4	4	196	191	3	4.41e-84	309
57b99f74-7c8b-4bfb-aa49-b38e4dc2ef75	NR_074980.1	95.789	190	4	4	5	194	198	13	2.05e-82	303
57b99f74-7c8b-4bfb-aa49-b38e4dc2ef75	NR_113031.1	95.789	190	4	4	5	194	198	13	2.05e-82	303
57b99f74-7c8b-4bfb-aa49-b38e4dc2ef75	NR_119169.1	95.580	181	4	4	4	184	177	1	5.75e-78	289
57b99f74-7c8b-4bfb-aa49-b38e4dc2ef75	NR_119170.1	96.067	178	3	4	7	184	174	1	5.75e-78	289
ba1b80c6-9a0b-4821-8a82-a585a29e2b84	NR_044873.1	83.410	217	15	17	10	209	214	2	1.09e-45	182
ba1b80c6-9a0b-4821-8a82-a585a29e2b84	NR_102516.1	80.000	105	11	7	114	209	116	13	8.86e-12	69.4
ba1b80c6-9a0b-4821-8a82-a585a29e2b84	NR_122090.1	80.000	105	11	7	114	209	116	13	8.86e-12	69.4
ba1b80c6-9a0b-4821-8a82-a585a29e2b84	NR_148617.1	80.000	105	11	7	114	209	116	13	8.86e-12	69.4
ba1b80c6-9a0b-4821-8a82-a585a29e2b84	NR_026105.1	82.500	80	11	3	114	190	87	8	3.19e-11	67.6
34c069ab-53aa-4500-9fd5-31e7e7c1602b	NR_042776.1	92.500	160	7	4	1	155	177	18	1.27e-58	224
34c069ab-53aa-4500-9fd5-31e7e7c1602b	NR_042777.1	92.500	160	7	4	1	155	177	18	1.27e-58	224
34c069ab-53aa-4500-9fd5-31e7e7c1602b	NR_042778.1	92.500	160	7	4	1	155	177	18	1.27e-58	224
34c069ab-53aa-4500-9fd5-31e7e7c1602b	NR_197695.1	92.547	161	5	5	1	155	176	17	1.27e-58	224
34c069ab-53aa-4500-9fd5-31e7e7c1602b	NR_118234.1	91.975	162	8	4	1	157	169	8	4.58e-58	222
f94342ed-9ebb-4eb6-a16d-32f9e9b9174f	NR_025689.1	94.574	129	4	3	12	138	1362	1489	2.42e-50	196
f94342ed-9ebb-4eb6-a16d-32f9e9b9174f	NR_036860.1	94.574	129	4	3	12	138	1364	1491	2.42e-50	196
f94342ed-9ebb-4eb6-a16d-32f9e9b9174f	NR_024842.1	93.798	129	5	3	12	138	1367	1494	1.13e-48	191
f94342ed-9ebb-4eb6-a16d-32f9e9b9174f	NR_041706.1	93.798	129	5	3	12	138	1362	1489	1.13e-48	191
f94342ed-9ebb-4eb6-a16d-32f9e9b9174f	NR_042052.1	93.798	129	5	3	12	138	1275	1402	1.13e-48	191
adb0ccc5-226b-4432-aad1-9520cf674963	NR_044873.1	91.558	154	5	8	1	151	171	23	5.02e-53	206
adb0ccc5-226b-4432-aad1-9520cf674963	NR_074568.1	90.909	154	6	7	1	151	182	34	2.34e-51	200
adb0ccc5-226b-4432-aad1-9520cf674963	NR_044712.2	90.909	154	6	7	1	151	191	43	2.34e-51	200
adb0ccc5-226b-4432-aad1-9520cf674963	NR_024785.1	90.071	141	8	6	3	142	137	2	1.10e-44	178
adb0ccc5-226b-4432-aad1-9520cf674963	NR_044894.1	89.116	147	8	7	8	151	155	14	3.94e-44	176
d09a0754-d078-44cd-872d-fd537a049ca4	NR_024842.1	99.231	130	0	1	1	129	1360	1489	1.80e-61	233
d09a0754-d078-44cd-872d-fd537a049ca4	NR_041706.1	99.231	130	0	1	1	129	1355	1484	1.80e-61	233
d09a0754-d078-44cd-872d-fd537a049ca4	NR_042052.1	99.231	130	0	1	1	129	1268	1397	1.80e-61	233
d09a0754-d078-44cd-872d-fd537a049ca4	NR_025625.1	99.231	130	0	1	1	129	1354	1483	1.80e-61	233
d09a0754-d078-44cd-872d-fd537a049ca4	NR_028705.1	99.231	130	0	1	1	129	1358	1487	1.80e-61	233
585a5d6f-e81a-4c18-bb6a-5f65ccad953e	NR_042776.1	97.143	140	1	3	1	137	175	36	2.07e-61	233
585a5d6f-e81a-4c18-bb6a-5f65ccad953e	NR_042777.1	97.143	140	1	3	1	137	175	36	2.07e-61	233
585a5d6f-e81a-4c18-bb6a-5f65ccad953e	NR_042778.1	97.143	140	1	3	1	137	175	36	2.07e-61	233
585a5d6f-e81a-4c18-bb6a-5f65ccad953e	NR_118998.1	96.429	140	2	3	1	137	170	31	2.67e-60	230
585a5d6f-e81a-4c18-bb6a-5f65ccad953e	NR_024841.1	96.429	140	2	3	1	137	164	25	9.62e-60	228
c50135d7-9429-4575-9af3-b5cff2fa97f8	NR_025902.1	89.032	155	11	6	1	152	1294	1445	1.67e-47	187
c50135d7-9429-4575-9af3-b5cff2fa97f8	NR_028844.1	89.032	155	11	6	1	152	1325	1476	1.67e-47	187
c50135d7-9429-4575-9af3-b5cff2fa97f8	NR_040933.1	89.032	155	11	6	1	152	1338	1489	1.67e-47	187
c50135d7-9429-4575-9af3-b5cff2fa97f8	NR_117717.1	89.032	155	11	6	1	152	1336	1487	1.67e-47	187
c50135d7-9429-4575-9af3-b5cff2fa97f8	NR_121688.1	89.032	155	11	6	1	152	1336	1487	1.67e-47	187
89160db6-9e12-43a4-8fc4-63c8bd5750ad	NR_041589.1	95.238	105	3	2	3	105	1339	1443	4.97e-41	165
89160db6-9e12-43a4-8fc4-63c8bd5750ad	NR_025595.1	95.192	104	3	2	4	105	1339	1442	1.79e-40	163
89160db6-9e12-43a4-8fc4-63c8bd5750ad	NR_028873.1	95.192	104	3	2	4	105	1375	1478	1.79e-40	163
89160db6-9e12-43a4-8fc4-63c8bd5750ad	NR_028952.1	95.192	104	3	2	4	105	1352	1455	1.79e-40	163
89160db6-9e12-43a4-8fc4-63c8bd5750ad	NR_041521.1	95.192	104	3	2	4	105	1338	1441	1.79e-40	163
960bbbeb-ab2a-41f0-9623-e5143868675a	NR_042928.1	97.266	256	4	3	1	256	254	2	1.30e-120	431
960bbbeb-ab2a-41f0-9623-e5143868675a	NR_109720.1	97.211	251	6	1	1	251	250	1	2.18e-118	424
960bbbeb-ab2a-41f0-9623-e5143868675a	NR_036936.1	95.669	254	10	1	1	254	256	4	6.10e-114	409
960bbbeb-ab2a-41f0-9623-e5143868675a	NR_199547.1	98.291	234	2	2	1	234	234	3	6.10e-114	409
960bbbeb-ab2a-41f0-9623-e5143868675a	NR_165747.1	95.312	256	9	3	1	256	254	2	2.84e-112	403
9b3c3f44-a523-4214-ba4d-fcbe5bc48eff	NR_042928.1	97.647	255	2	4	6	260	251	1	9.96e-122	435
9b3c3f44-a523-4214-ba4d-fcbe5bc48eff	NR_109720.1	97.984	248	4	1	6	253	247	1	4.63e-120	429
9b3c3f44-a523-4214-ba4d-fcbe5bc48eff	NR_199547.1	99.134	231	0	2	6	236	231	3	1.30e-115	414
9b3c3f44-a523-4214-ba4d-fcbe5bc48eff	NR_036936.1	96.400	250	8	1	6	255	253	5	4.67e-115	412
9b3c3f44-a523-4214-ba4d-fcbe5bc48eff	NR_112026.1	97.890	237	2	3	6	242	234	1	2.17e-113	407
f319c071-5841-41d3-890c-7c2195f368f6	NR_024842.1	95.753	259	7	4	1	257	1237	1493	1.23e-115	414
f319c071-5841-41d3-890c-7c2195f368f6	NR_178262.1	95.385	260	7	4	1	257	1116	1373	5.72e-114	409
f319c071-5841-41d3-890c-7c2195f368f6	NR_179215.1	95.385	260	7	4	1	257	1238	1495	5.72e-114	409
f319c071-5841-41d3-890c-7c2195f368f6	NR_179720.1	95.385	260	7	4	1	257	1242	1499	5.72e-114	409
f319c071-5841-41d3-890c-7c2195f368f6	NR_181481.1	95.385	260	7	5	1	257	1250	1507	5.72e-114	409
35f8b71c-8351-4d5f-a24e-79f4b4e359ad	NR_041879.1	93.296	179	6	5	2	174	714	536	3.96e-69	259
35f8b71c-8351-4d5f-a24e-79f4b4e359ad	NR_115355.1	93.296	179	6	5	2	174	757	579	3.96e-69	259
35f8b71c-8351-4d5f-a24e-79f4b4e359ad	NR_119169.1	93.296	179	6	5	2	174	762	584	3.96e-69	259
35f8b71c-8351-4d5f-a24e-79f4b4e359ad	NR_179325.1	93.296	179	6	5	2	174	731	553	3.96e-69	259
35f8b71c-8351-4d5f-a24e-79f4b4e359ad	NR_025762.1	92.778	180	7	4	2	175	735	556	5.12e-68	255
4ee12897-d0ee-4067-8c7f-104ddefcc012	NR_024842.1	92.373	236	13	4	1	236	1459	1229	1.16e-90	331
4ee12897-d0ee-4067-8c7f-104ddefcc012	NR_115241.1	92.373	236	13	4	1	236	1444	1214	1.16e-90	331
4ee12897-d0ee-4067-8c7f-104ddefcc012	NR_115735.1	92.373	236	13	4	1	236	1435	1205	1.16e-90	331
4ee12897-d0ee-4067-8c7f-104ddefcc012	NR_117425.1	91.983	237	13	5	1	236	1448	1217	1.50e-89	327
4ee12897-d0ee-4067-8c7f-104ddefcc012	NR_178262.1	91.983	237	13	5	1	236	1339	1108	1.50e-89	327
4bc7e023-4ebc-47d8-9a47-bf97f75e6eb5	NR_043332.1	97.987	149	2	1	1	149	1340	1487	1.20e-68	257
4bc7e023-4ebc-47d8-9a47-bf97f75e6eb5	NR_074980.1	97.987	149	2	1	1	149	1367	1514	1.20e-68	257
4bc7e023-4ebc-47d8-9a47-bf97f75e6eb5	NR_113031.1	97.987	149	2	1	1	149	1367	1514	1.20e-68	257
4bc7e023-4ebc-47d8-9a47-bf97f75e6eb5	NR_115354.1	97.987	149	2	1	1	149	1340	1487	1.20e-68	257
4bc7e023-4ebc-47d8-9a47-bf97f75e6eb5	NR_115355.1	97.987	149	2	1	1	149	1340	1487	1.20e-68	257
b8c81f17-70d5-4129-be8f-9e119ee00698	NR_028666.1	95.677	347	10	4	1	344	1155	1499	3.43e-157	553
b8c81f17-70d5-4129-be8f-9e119ee00698	NR_028833.1	95.677	347	10	4	1	344	1158	1502	3.43e-157	553
b8c81f17-70d5-4129-be8f-9e119ee00698	NR_029052.1	95.677	347	10	4	1	344	1119	1463	3.43e-157	553
b8c81f17-70d5-4129-be8f-9e119ee00698	NR_036918.1	95.677	347	10	4	1	344	1148	1492	3.43e-157	553
b8c81f17-70d5-4129-be8f-9e119ee00698	NR_042771.1	95.677	347	10	4	1	344	1149	1493	3.43e-157	553
8a086200-c2c0-4e33-b269-6e4119ed1afa	NR_074980.1	99.415	171	0	1	17	186	180	10	4.16e-84	309
8a086200-c2c0-4e33-b269-6e4119ed1afa	NR_113031.1	99.415	171	0	1	17	186	180	10	4.16e-84	309
8a086200-c2c0-4e33-b269-6e4119ed1afa	NR_163639.1	99.405	168	0	1	17	183	172	5	1.93e-82	303
8a086200-c2c0-4e33-b269-6e4119ed1afa	NR_119170.1	98.171	164	1	2	12	173	164	1	1.95e-77	287
8a086200-c2c0-4e33-b269-6e4119ed1afa	NR_119168.1	99.367	158	0	1	17	173	158	1	7.00e-77	285
3fd13c5c-cd68-4594-9714-095f009592bd	NR_042776.1	94.764	191	8	2	11	200	555	744	3.53e-80	296
3fd13c5c-cd68-4594-9714-095f009592bd	NR_042777.1	94.764	191	8	2	11	200	554	743	3.53e-80	296
3fd13c5c-cd68-4594-9714-095f009592bd	NR_042778.1	94.764	191	8	2	11	200	555	744	3.53e-80	296
3fd13c5c-cd68-4594-9714-095f009592bd	NR_118998.1	94.764	191	8	2	11	200	550	739	3.53e-80	296
3fd13c5c-cd68-4594-9714-095f009592bd	NR_117974.1	94.764	191	8	2	11	200	498	687	3.53e-80	296
435ce73f-9524-4b60-812a-9bb6ff55e85d	NR_042776.1	97.093	172	1	2	1	169	186	16	1.79e-77	287
435ce73f-9524-4b60-812a-9bb6ff55e85d	NR_042778.1	97.093	172	1	2	1	169	186	16	1.79e-77	287
435ce73f-9524-4b60-812a-9bb6ff55e85d	NR_042777.1	97.041	169	1	2	4	169	183	16	8.34e-76	281
435ce73f-9524-4b60-812a-9bb6ff55e85d	NR_197695.1	96.491	171	2	2	2	169	184	15	3.00e-75	279
435ce73f-9524-4b60-812a-9bb6ff55e85d	NR_118998.1	95.930	172	3	2	1	169	181	11	1.08e-74	278
ad358a0b-3ad4-43d4-9290-c335374501d5	NR_042776.1	93.103	261	12	6	1	256	1485	1226	1.63e-104	377
ad358a0b-3ad4-43d4-9290-c335374501d5	NR_042777.1	93.103	261	12	6	1	256	1484	1225	1.63e-104	377
ad358a0b-3ad4-43d4-9290-c335374501d5	NR_042052.1	92.337	261	14	6	1	256	1383	1124	3.54e-101	366
ad358a0b-3ad4-43d4-9290-c335374501d5	NR_042778.1	92.337	261	14	6	1	256	1485	1226	3.54e-101	366
ad358a0b-3ad4-43d4-9290-c335374501d5	NR_113594.1	92.337	261	14	6	1	256	1460	1201	3.54e-101	366
e0abc60e-5b29-4c51-972f-3061261030ea	NR_043332.1	98.718	156	2	0	1	156	1331	1486	9.56e-75	278
e0abc60e-5b29-4c51-972f-3061261030ea	NR_074980.1	98.718	156	2	0	1	156	1358	1513	9.56e-75	278
e0abc60e-5b29-4c51-972f-3061261030ea	NR_113031.1	98.718	156	2	0	1	156	1358	1513	9.56e-75	278
e0abc60e-5b29-4c51-972f-3061261030ea	NR_115354.1	98.718	156	2	0	1	156	1331	1486	9.56e-75	278
e0abc60e-5b29-4c51-972f-3061261030ea	NR_115355.1	98.718	156	2	0	1	156	1331	1486	9.56e-75	278
e3d4c237-aafe-4eeb-95ff-186cac51e8d6	NR_024842.1	96.377	138	1	3	12	148	1355	1489	1.24e-58	224
e3d4c237-aafe-4eeb-95ff-186cac51e8d6	NR_041706.1	96.377	138	1	3	12	148	1350	1484	1.24e-58	224
e3d4c237-aafe-4eeb-95ff-186cac51e8d6	NR_042052.1	96.377	138	1	3	12	148	1263	1397	1.24e-58	224
e3d4c237-aafe-4eeb-95ff-186cac51e8d6	NR_025689.1	96.377	138	1	3	12	148	1350	1484	1.24e-58	224
e3d4c237-aafe-4eeb-95ff-186cac51e8d6	NR_025036.1	96.377	138	1	3	12	148	1359	1493	1.24e-58	224
c79fcd73-3254-4a85-94e6-6cc5f3878257	NR_025036.1	100.000	131	0	0	1	131	1363	1493	3.02e-64	243
c79fcd73-3254-4a85-94e6-6cc5f3878257	NR_044912.1	100.000	131	0	0	1	131	1299	1429	3.02e-64	243
c79fcd73-3254-4a85-94e6-6cc5f3878257	NR_134817.1	100.000	131	0	0	1	131	1357	1487	3.02e-64	243
c79fcd73-3254-4a85-94e6-6cc5f3878257	NR_179540.1	100.000	131	0	0	1	131	1362	1492	3.02e-64	243
c79fcd73-3254-4a85-94e6-6cc5f3878257	NR_024842.1	99.237	131	1	0	1	131	1359	1489	1.40e-62	237
71862c77-a9e8-4452-82e3-613081ce93a7	NR_026419.1	100.000	92	0	0	1	92	210	119	8.92e-43	171
71862c77-a9e8-4452-82e3-613081ce93a7	NR_133753.1	91.209	91	7	1	1	91	176	87	2.53e-28	122
71862c77-a9e8-4452-82e3-613081ce93a7	NR_025903.1	91.209	91	7	1	1	91	222	133	2.53e-28	122
71862c77-a9e8-4452-82e3-613081ce93a7	NR_133752.1	90.110	91	8	1	1	91	147	58	1.18e-26	117
71862c77-a9e8-4452-82e3-613081ce93a7	NR_025904.1	89.011	91	9	1	1	91	221	132	5.48e-25	111
50385504-c2cb-46ea-9e3c-ae2c8d4a79cc	NR_025902.1	96.429	280	4	5	2	276	1167	1445	2.19e-128	457
50385504-c2cb-46ea-9e3c-ae2c8d4a79cc	NR_040933.1	96.429	280	4	5	2	276	1211	1489	2.19e-128	457
50385504-c2cb-46ea-9e3c-ae2c8d4a79cc	NR_117717.1	96.429	280	4	5	2	276	1209	1487	2.19e-128	457
50385504-c2cb-46ea-9e3c-ae2c8d4a79cc	NR_121688.1	96.429	280	4	5	2	276	1209	1487	2.19e-128	457
50385504-c2cb-46ea-9e3c-ae2c8d4a79cc	NR_117692.1	96.429	280	4	5	2	276	1189	1467	2.19e-128	457
14b7b0e5-6af7-4dc9-925e-35dfe3cf1547	NR_112026.1	94.969	159	3	5	1	156	1072	1228	9.70e-65	244
14b7b0e5-6af7-4dc9-925e-35dfe3cf1547	NR_115802.1	94.969	159	3	5	1	156	1092	1248	9.70e-65	244
14b7b0e5-6af7-4dc9-925e-35dfe3cf1547	NR_134818.1	94.969	159	3	5	1	156	1105	1261	9.70e-65	244
14b7b0e5-6af7-4dc9-925e-35dfe3cf1547	NR_044189.1	94.969	159	3	5	1	156	1068	1224	9.70e-65	244
14b7b0e5-6af7-4dc9-925e-35dfe3cf1547	NR_179540.1	94.969	159	3	5	1	156	1110	1266	9.70e-65	244
9c8b7180-f421-4755-901e-ee594be7925d	NR_042776.1	91.667	132	5	3	1	132	143	18	8.33e-45	178
9c8b7180-f421-4755-901e-ee594be7925d	NR_042777.1	91.667	132	5	3	1	132	143	18	8.33e-45	178
9c8b7180-f421-4755-901e-ee594be7925d	NR_042778.1	91.667	132	5	3	1	132	143	18	8.33e-45	178
9c8b7180-f421-4755-901e-ee594be7925d	NR_197695.1	91.667	132	5	3	1	132	142	17	8.33e-45	178
9c8b7180-f421-4755-901e-ee594be7925d	NR_118234.1	90.977	133	6	3	1	133	135	9	1.08e-43	174
27cd6e3a-bc42-4b5f-bc6e-8cbc7e3136e2	NR_037101.1	95.714	140	3	3	1	138	1337	1475	4.03e-58	222
27cd6e3a-bc42-4b5f-bc6e-8cbc7e3136e2	NR_040821.1	95.714	140	3	3	1	138	1337	1475	4.03e-58	222
27cd6e3a-bc42-4b5f-bc6e-8cbc7e3136e2	NR_025148.1	95.714	140	3	3	1	138	1357	1495	4.03e-58	222
27cd6e3a-bc42-4b5f-bc6e-8cbc7e3136e2	NR_028664.1	95.714	140	3	3	1	138	1358	1496	4.03e-58	222
27cd6e3a-bc42-4b5f-bc6e-8cbc7e3136e2	NR_028666.1	95.714	140	3	3	1	138	1361	1499	4.03e-58	222
91ff4046-f7de-44a7-bdd1-b53dbc74df2c	NR_163639.1	95.745	282	6	5	1	277	284	4	3.65e-126	449
91ff4046-f7de-44a7-bdd1-b53dbc74df2c	NR_074980.1	95.374	281	7	5	1	276	292	13	6.12e-124	442
91ff4046-f7de-44a7-bdd1-b53dbc74df2c	NR_113031.1	95.374	281	7	5	1	276	292	13	6.12e-124	442
91ff4046-f7de-44a7-bdd1-b53dbc74df2c	NR_119168.1	95.926	270	5	5	1	265	270	2	3.68e-121	433
91ff4046-f7de-44a7-bdd1-b53dbc74df2c	NR_119169.1	95.926	270	5	5	1	265	270	2	3.68e-121	433
e25b37e3-d2ce-482d-a738-6705da4d6637	NR_041989.1	92.829	251	5	9	1	239	1125	876	9.31e-97	351
e25b37e3-d2ce-482d-a738-6705da4d6637	NR_028900.1	92.430	251	6	9	1	239	1125	876	4.33e-95	346
e25b37e3-d2ce-482d-a738-6705da4d6637	NR_043458.1	92.430	251	6	9	1	239	1188	939	4.33e-95	346
e25b37e3-d2ce-482d-a738-6705da4d6637	NR_043459.1	92.430	251	6	9	1	239	1191	942	4.33e-95	346
e25b37e3-d2ce-482d-a738-6705da4d6637	NR_104947.1	92.430	251	6	9	1	239	1140	891	4.33e-95	346
a11f77cc-ec17-4a99-a90e-a11c7d579804	NR_024842.1	92.791	1512	59	36	1	1484	4	1493	0.0	2145
a11f77cc-ec17-4a99-a90e-a11c7d579804	NR_115241.1	92.757	1491	59	35	14	1476	1	1470	0.0	2113
a11f77cc-ec17-4a99-a90e-a11c7d579804	NR_165737.1	92.766	1493	56	38	14	1476	1	1471	0.0	2111
a11f77cc-ec17-4a99-a90e-a11c7d579804	NR_115735.1	92.795	1485	57	36	24	1479	1	1464	0.0	2104
a11f77cc-ec17-4a99-a90e-a11c7d579804	NR_156072.1	91.931	1512	72	36	1	1484	9	1498	0.0	2071
2893f4fc-599f-4cf6-a27e-14abd94444a5	NR_042843.1	97.477	436	3	5	1	432	958	527	0.0	737
2893f4fc-599f-4cf6-a27e-14abd94444a5	NR_102895.1	97.477	436	3	5	1	432	986	555	0.0	737
2893f4fc-599f-4cf6-a27e-14abd94444a5	NR_113113.1	97.477	436	3	5	1	432	966	535	0.0	737
2893f4fc-599f-4cf6-a27e-14abd94444a5	NR_114305.1	97.018	436	5	5	1	432	978	547	0.0	726
2893f4fc-599f-4cf6-a27e-14abd94444a5	NR_116726.1	97.018	436	5	5	1	432	958	527	0.0	726
7787d17b-5bca-4ffd-885a-d4a21efe6360	NR_074980.1	92.208	539	23	16	1	530	541	13	0.0	745
7787d17b-5bca-4ffd-885a-d4a21efe6360	NR_113031.1	92.208	539	23	16	1	530	541	13	0.0	745
7787d17b-5bca-4ffd-885a-d4a21efe6360	NR_119168.1	92.614	528	22	14	1	520	519	1	0.0	743
7787d17b-5bca-4ffd-885a-d4a21efe6360	NR_119169.1	92.424	528	23	15	1	520	519	1	0.0	741
7787d17b-5bca-4ffd-885a-d4a21efe6360	NR_163639.1	92.037	540	21	20	1	531	530	4	0.0	739
f08d1ab1-d9e8-47f6-a994-431002188adb	NR_026419.1	93.811	1228	32	32	1	1199	1219	7	0.0	1807
f08d1ab1-d9e8-47f6-a994-431002188adb	NR_025903.1	92.671	1228	45	33	1	1199	1231	20	0.0	1727
f08d1ab1-d9e8-47f6-a994-431002188adb	NR_025904.1	92.345	1228	49	35	1	1199	1230	19	0.0	1705
f08d1ab1-d9e8-47f6-a994-431002188adb	NR_133753.1	92.673	1201	43	33	1	1172	1185	1	0.0	1688
f08d1ab1-d9e8-47f6-a994-431002188adb	NR_133752.1	92.406	1172	44	34	1	1143	1156	1	0.0	1629
2aa12c1b-a6a1-42f2-9bc2-b38295735a47	NR_158064.1	98.010	201	2	2	1	200	1461	1262	1.12e-95	348
2aa12c1b-a6a1-42f2-9bc2-b38295735a47	NR_159228.1	98.010	201	2	2	1	200	1456	1257	1.12e-95	348
2aa12c1b-a6a1-42f2-9bc2-b38295735a47	NR_104972.1	98.000	200	3	1	1	200	1438	1240	4.02e-95	346
2aa12c1b-a6a1-42f2-9bc2-b38295735a47	NR_134190.1	98.000	200	3	1	1	200	1417	1219	4.02e-95	346
2aa12c1b-a6a1-42f2-9bc2-b38295735a47	NR_156072.1	98.000	200	3	1	1	200	1458	1260	4.02e-95	346
0350acde-a9de-4e59-92b1-e4f9485529ac	NR_028682.1	92.712	590	21	16	1	578	1295	716	0.0	832
0350acde-a9de-4e59-92b1-e4f9485529ac	NR_025862.1	92.530	589	24	15	1	578	1294	715	0.0	830
0350acde-a9de-4e59-92b1-e4f9485529ac	NR_026454.1	92.360	589	25	15	1	578	1271	692	0.0	821
0350acde-a9de-4e59-92b1-e4f9485529ac	NR_119263.1	91.171	589	32	15	1	578	1292	713	0.0	782
0350acde-a9de-4e59-92b1-e4f9485529ac	NR_042500.1	90.832	589	34	15	1	578	1225	646	0.0	771
826640dd-3ebe-4241-8e60-5becae52bbe1	NR_042928.1	93.007	286	8	8	1	278	288	7	2.40e-113	407
826640dd-3ebe-4241-8e60-5becae52bbe1	NR_112026.1	93.091	275	8	7	1	268	271	1	6.71e-109	392
826640dd-3ebe-4241-8e60-5becae52bbe1	NR_109720.1	91.319	288	11	10	1	278	284	1	1.45e-105	381
826640dd-3ebe-4241-8e60-5becae52bbe1	NR_199547.1	92.620	271	6	11	1	262	268	3	1.88e-104	377
826640dd-3ebe-4241-8e60-5becae52bbe1	NR_165747.1	90.559	286	15	8	1	278	288	7	1.13e-101	368
3c14da73-656e-4d2c-bbfe-c5d7dbd700fa	NR_179540.1	90.456	723	40	24	1	703	779	1492	0.0	926
3c14da73-656e-4d2c-bbfe-c5d7dbd700fa	NR_028664.1	90.318	723	42	23	1	703	782	1496	0.0	922
3c14da73-656e-4d2c-bbfe-c5d7dbd700fa	NR_117719.1	90.318	723	42	23	1	703	779	1493	0.0	922
3c14da73-656e-4d2c-bbfe-c5d7dbd700fa	NR_042927.1	90.793	706	38	22	1	687	761	1458	0.0	918
3c14da73-656e-4d2c-bbfe-c5d7dbd700fa	NR_042928.1	90.793	706	37	23	1	687	759	1455	0.0	918
d838e0e7-2e94-4cbd-9aeb-6c771cf7cbd8	NR_025903.1	97.318	1417	23	14	1	1410	1414	6	0.0	2392
d838e0e7-2e94-4cbd-9aeb-6c771cf7cbd8	NR_133753.1	97.311	1376	22	14	1	1369	1368	1	0.0	2322
d838e0e7-2e94-4cbd-9aeb-6c771cf7cbd8	NR_025904.1	95.842	1419	40	18	1	1410	1413	5	0.0	2276
d838e0e7-2e94-4cbd-9aeb-6c771cf7cbd8	NR_026419.1	95.957	1410	41	15	1	1402	1402	1	0.0	2274
d838e0e7-2e94-4cbd-9aeb-6c771cf7cbd8	NR_133752.1	97.249	1345	23	13	1	1339	1339	3	0.0	2266
a1883dab-619f-4ed0-9c7e-49e4ccb54b63	NR_024842.1	96.097	538	15	5	1	534	542	7	0.0	874
a1883dab-619f-4ed0-9c7e-49e4ccb54b63	NR_115241.1	96.219	529	14	5	1	525	527	1	0.0	861
a1883dab-619f-4ed0-9c7e-49e4ccb54b63	NR_115735.1	95.962	520	14	6	1	515	518	1	0.0	837
a1883dab-619f-4ed0-9c7e-49e4ccb54b63	NR_178515.1	95.094	530	18	7	1	525	527	1	0.0	828
a1883dab-619f-4ed0-9c7e-49e4ccb54b63	NR_165737.1	94.717	530	20	7	1	525	527	1	0.0	817
46311a93-6fb3-4df8-bc62-3d367f188b8f	NR_026419.1	96.199	763	13	12	1	753	757	1	0.0	1234
46311a93-6fb3-4df8-bc62-3d367f188b8f	NR_025903.1	94.805	770	25	11	1	761	769	6	0.0	1186
46311a93-6fb3-4df8-bc62-3d367f188b8f	NR_025904.1	93.661	773	28	15	1	761	768	5	0.0	1136
46311a93-6fb3-4df8-bc62-3d367f188b8f	NR_133753.1	95.524	715	20	12	1	710	723	16	0.0	1133
46311a93-6fb3-4df8-bc62-3d367f188b8f	NR_133752.1	95.546	696	22	9	1	693	694	5	0.0	1105
bde954ef-7a82-4630-88e2-f20cfa8501ef	NR_026419.1	96.467	736	5	16	1	723	372	1099	0.0	1195
bde954ef-7a82-4630-88e2-f20cfa8501ef	NR_133753.1	96.196	736	7	16	1	723	338	1065	0.0	1184
bde954ef-7a82-4630-88e2-f20cfa8501ef	NR_025903.1	96.196	736	7	16	1	723	384	1111	0.0	1184
bde954ef-7a82-4630-88e2-f20cfa8501ef	NR_133752.1	95.924	736	9	16	1	723	309	1036	0.0	1173
bde954ef-7a82-4630-88e2-f20cfa8501ef	NR_025904.1	95.393	738	9	19	1	723	383	1110	0.0	1151
64f64167-4210-4c9e-a084-d77e287d8609	NR_024842.1	93.529	170	2	6	1	164	301	467	1.71e-64	244
64f64167-4210-4c9e-a084-d77e287d8609	NR_036936.1	93.529	170	2	6	1	164	286	452	1.71e-64	244
64f64167-4210-4c9e-a084-d77e287d8609	NR_028664.1	93.529	170	2	6	1	164	307	473	1.71e-64	244
64f64167-4210-4c9e-a084-d77e287d8609	NR_029052.1	93.529	170	2	6	1	164	274	440	1.71e-64	244
64f64167-4210-4c9e-a084-d77e287d8609	NR_042771.1	93.529	170	2	6	1	164	304	470	1.71e-64	244
2863c704-4565-42f4-87c7-08e947d54324	NR_117694.1	97.574	371	7	2	1	369	371	1	0.0	634
2863c704-4565-42f4-87c7-08e947d54324	NR_025892.1	96.226	371	12	2	1	369	397	27	4.76e-176	616
2863c704-4565-42f4-87c7-08e947d54324	NR_041989.1	99.085	328	3	0	1	328	329	2	2.88e-168	590
2863c704-4565-42f4-87c7-08e947d54324	NR_117692.1	95.148	371	16	2	1	369	371	1	1.34e-166	584
2863c704-4565-42f4-87c7-08e947d54324	NR_121687.1	94.892	372	15	4	1	369	391	21	6.24e-165	579
345d0096-b49b-4d77-b2a9-4617b40198d7	NR_117694.1	95.149	639	12	17	1	630	629	1	0.0	990
345d0096-b49b-4d77-b2a9-4617b40198d7	NR_117717.1	94.419	645	20	15	1	637	650	14	0.0	977
345d0096-b49b-4d77-b2a9-4617b40198d7	NR_041989.1	96.633	594	6	12	1	587	587	1	0.0	974
345d0096-b49b-4d77-b2a9-4617b40198d7	NR_121688.1	94.264	645	21	15	1	637	649	13	0.0	972
345d0096-b49b-4d77-b2a9-4617b40198d7	NR_117701.1	94.505	637	20	14	1	630	629	1	0.0	968
f16cb289-83f7-4674-967f-a0a39b9f3e7b	NR_042776.1	94.714	1135	35	18	3	1123	376	1499	0.0	1740
f16cb289-83f7-4674-967f-a0a39b9f3e7b	NR_042777.1	94.626	1135	35	20	3	1123	376	1498	0.0	1735
f16cb289-83f7-4674-967f-a0a39b9f3e7b	NR_042778.1	94.449	1135	38	18	3	1123	376	1499	0.0	1724
f16cb289-83f7-4674-967f-a0a39b9f3e7b	NR_197695.1	94.361	1135	39	18	3	1123	375	1498	0.0	1718
f16cb289-83f7-4674-967f-a0a39b9f3e7b	NR_118998.1	93.833	1135	44	20	3	1123	371	1493	0.0	1685
86979912-892f-4a54-a276-f9948949bc00	NR_116168.1	90.570	509	33	15	1	499	525	22	0.0	660
86979912-892f-4a54-a276-f9948949bc00	NR_042878.1	89.980	509	36	15	1	499	504	1	0.0	652
86979912-892f-4a54-a276-f9948949bc00	NR_118762.1	88.623	501	44	13	1	492	528	32	6.42e-176	616
86979912-892f-4a54-a276-f9948949bc00	NR_025423.1	88.086	512	42	18	1	499	509	4	3.89e-168	590
86979912-892f-4a54-a276-f9948949bc00	NR_118143.1	87.305	512	46	18	1	499	506	1	5.07e-162	569
b30dedb2-de2e-49d9-8583-f8546a3c74ae	NR_024842.1	97.211	502	5	9	1	498	993	1489	0.0	841
b30dedb2-de2e-49d9-8583-f8546a3c74ae	NR_115735.1	97.206	501	5	9	1	497	969	1464	0.0	839
b30dedb2-de2e-49d9-8583-f8546a3c74ae	NR_028664.1	96.819	503	6	10	1	498	999	1496	0.0	832
b30dedb2-de2e-49d9-8583-f8546a3c74ae	NR_152678.1	96.819	503	6	10	1	498	998	1495	0.0	832
b30dedb2-de2e-49d9-8583-f8546a3c74ae	NR_179540.1	96.813	502	7	9	1	498	996	1492	0.0	830
9a416056-9502-44a1-a850-9ef94f447c4c	NR_024841.1	96.854	604	13	4	1	598	611	8	0.0	1005
9a416056-9502-44a1-a850-9ef94f447c4c	NR_113260.1	96.817	597	13	4	1	591	597	1	0.0	992
9a416056-9502-44a1-a850-9ef94f447c4c	NR_118234.1	95.033	604	24	4	1	598	614	11	0.0	944
9a416056-9502-44a1-a850-9ef94f447c4c	NR_179540.1	94.215	605	25	7	1	598	615	14	0.0	915
9a416056-9502-44a1-a850-9ef94f447c4c	NR_042771.1	94.040	604	28	6	1	598	615	14	0.0	909
59a67df4-502c-4ed1-8d6a-5acbaa40703e	NR_171407.1	90.698	258	16	7	8	260	1244	990	2.78e-92	337
59a67df4-502c-4ed1-8d6a-5acbaa40703e	NR_171408.1	90.698	258	16	7	8	260	1243	989	2.78e-92	337
59a67df4-502c-4ed1-8d6a-5acbaa40703e	NR_171502.1	90.698	258	16	7	8	260	1193	939	2.78e-92	337
59a67df4-502c-4ed1-8d6a-5acbaa40703e	NR_028922.1	88.077	260	19	11	8	260	1172	918	1.31e-80	298
59a67df4-502c-4ed1-8d6a-5acbaa40703e	NR_026329.1	87.645	259	22	10	8	260	1171	917	1.70e-79	294
c5019dcb-701b-498c-a5dc-73f8f8da9a06	NR_116168.1	97.215	790	19	3	1	788	704	1492	0.0	1334
c5019dcb-701b-498c-a5dc-73f8f8da9a06	NR_118762.1	96.149	779	26	4	1	777	707	1483	0.0	1286
c5019dcb-701b-498c-a5dc-73f8f8da9a06	NR_025423.1	94.891	783	35	5	1	780	688	1468	0.0	1219
c5019dcb-701b-498c-a5dc-73f8f8da9a06	NR_024898.1	94.058	791	42	5	1	788	703	1491	0.0	1195
c5019dcb-701b-498c-a5dc-73f8f8da9a06	NR_181418.1	94.081	794	36	11	1	788	703	1491	0.0	1195
5f8604fc-f95f-4aae-a1db-ee007d66d706	NR_024842.1	92.264	530	21	16	1	520	1288	769	0.0	734
5f8604fc-f95f-4aae-a1db-ee007d66d706	NR_036936.1	92.264	530	21	16	1	520	1273	754	0.0	734
5f8604fc-f95f-4aae-a1db-ee007d66d706	NR_115735.1	92.264	530	21	16	1	520	1264	745	0.0	734
5f8604fc-f95f-4aae-a1db-ee007d66d706	NR_116211.1	92.264	530	21	16	1	520	1196	677	0.0	734
5f8604fc-f95f-4aae-a1db-ee007d66d706	NR_178515.1	92.264	530	21	16	1	520	1273	754	0.0	734
db5d85e6-ddde-4454-a062-8989fad88d42	NR_042776.1	96.051	785	19	8	1	777	803	23	0.0	1267
db5d85e6-ddde-4454-a062-8989fad88d42	NR_042778.1	95.796	785	21	8	1	777	803	23	0.0	1256
db5d85e6-ddde-4454-a062-8989fad88d42	NR_042777.1	95.669	785	21	9	1	777	802	23	0.0	1249
db5d85e6-ddde-4454-a062-8989fad88d42	NR_197695.1	95.541	785	23	8	1	777	802	22	0.0	1245
db5d85e6-ddde-4454-a062-8989fad88d42	NR_118998.1	95.159	785	26	8	1	777	798	18	0.0	1230
6f8192c1-a979-4783-bffb-0dfabf71d522	NR_117425.1	89.071	1400	100	43	1	1362	1385	1	0.0	1688
6f8192c1-a979-4783-bffb-0dfabf71d522	NR_024842.1	88.857	1409	97	48	1	1368	1397	8	0.0	1681
6f8192c1-a979-4783-bffb-0dfabf71d522	NR_115241.1	88.929	1400	96	47	1	1359	1382	1	0.0	1676
6f8192c1-a979-4783-bffb-0dfabf71d522	NR_115735.1	89.065	1390	94	46	1	1349	1373	1	0.0	1672
6f8192c1-a979-4783-bffb-0dfabf71d522	NR_178515.1	88.555	1398	105	43	1	1359	1382	1	0.0	1644
1ac70989-42d6-4639-9a22-db1ee4a02015	NR_028664.1	93.409	880	29	26	1	860	626	1496	0.0	1277
1ac70989-42d6-4639-9a22-db1ee4a02015	NR_117719.1	93.288	879	32	24	1	860	623	1493	0.0	1271
1ac70989-42d6-4639-9a22-db1ee4a02015	NR_179383.1	93.295	880	30	26	1	860	630	1500	0.0	1271
1ac70989-42d6-4639-9a22-db1ee4a02015	NR_115240.1	93.379	876	29	26	1	856	603	1469	0.0	1269
1ac70989-42d6-4639-9a22-db1ee4a02015	NR_175455.1	93.190	881	30	27	1	860	611	1482	0.0	1267
e6db4432-0ba5-4b12-9c71-8095dbc2bec0	NR_178515.1	94.580	941	28	19	11	933	1164	229	0.0	1434
e6db4432-0ba5-4b12-9c71-8095dbc2bec0	NR_036936.1	94.261	941	31	19	11	933	1164	229	0.0	1417
e6db4432-0ba5-4b12-9c71-8095dbc2bec0	NR_165737.1	94.261	941	31	19	11	933	1164	229	0.0	1417
e6db4432-0ba5-4b12-9c71-8095dbc2bec0	NR_109720.1	94.155	941	32	19	11	933	1158	223	0.0	1411
e6db4432-0ba5-4b12-9c71-8095dbc2bec0	NR_115735.1	94.155	941	32	19	11	933	1155	220	0.0	1411
15d0f530-02eb-4714-97e6-0bf213975427	NR_044873.1	94.822	676	16	11	1	659	676	3	0.0	1037
15d0f530-02eb-4714-97e6-0bf213975427	NR_074568.1	92.456	676	31	14	1	659	686	14	0.0	948
15d0f530-02eb-4714-97e6-0bf213975427	NR_044712.2	92.012	676	34	14	1	659	695	23	0.0	937
15d0f530-02eb-4714-97e6-0bf213975427	NR_179993.1	92.024	677	33	15	1	659	687	14	0.0	931
15d0f530-02eb-4714-97e6-0bf213975427	NR_109752.1	91.876	677	34	15	1	659	697	24	0.0	926
02362487-7396-4636-85dd-b7b2d1e98f0d	NR_042776.1	93.316	763	24	22	1	742	743	1499	0.0	1101
02362487-7396-4636-85dd-b7b2d1e98f0d	NR_042777.1	93.316	763	24	22	1	742	742	1498	0.0	1101
02362487-7396-4636-85dd-b7b2d1e98f0d	NR_042778.1	93.325	764	22	24	1	742	743	1499	0.0	1101
02362487-7396-4636-85dd-b7b2d1e98f0d	NR_197695.1	93.063	764	24	24	1	742	742	1498	0.0	1090
02362487-7396-4636-85dd-b7b2d1e98f0d	NR_118998.1	92.792	763	27	23	1	742	738	1493	0.0	1079
7893c5f0-5bf9-4882-82d5-3e248a2a93d0	NR_024842.1	98.895	362	4	0	7	368	1132	1493	0.0	647
7893c5f0-5bf9-4882-82d5-3e248a2a93d0	NR_115735.1	99.160	357	3	0	7	363	1108	1464	0.0	643
7893c5f0-5bf9-4882-82d5-3e248a2a93d0	NR_179720.1	98.626	364	4	1	6	368	1136	1499	0.0	643
7893c5f0-5bf9-4882-82d5-3e248a2a93d0	NR_178262.1	98.623	363	4	1	7	368	1011	1373	0.0	641
7893c5f0-5bf9-4882-82d5-3e248a2a93d0	NR_179215.1	98.623	363	4	1	7	368	1133	1495	0.0	641
e8a34955-eb87-4c07-a075-35aaaf28bfe9	NR_042878.1	90.625	96	5	4	4	96	128	222	1.58e-30	130
e8a34955-eb87-4c07-a075-35aaaf28bfe9	NR_116168.1	91.667	96	4	4	4	96	149	243	1.58e-30	130
e8a34955-eb87-4c07-a075-35aaaf28bfe9	NR_181946.1	91.667	96	4	4	4	96	134	228	1.58e-30	130
e8a34955-eb87-4c07-a075-35aaaf28bfe9	NR_118762.1	90.625	96	5	4	4	96	152	246	7.34e-29	124
e8a34955-eb87-4c07-a075-35aaaf28bfe9	NR_025423.1	89.583	96	6	4	4	96	133	227	3.42e-27	119
8f22fe6b-a3e4-438f-94fe-5e7a26fc7e96	NR_179325.1	96.562	669	12	10	3	661	788	1455	0.0	1098
8f22fe6b-a3e4-438f-94fe-5e7a26fc7e96	NR_115354.1	96.263	669	14	10	3	661	814	1481	0.0	1088
8f22fe6b-a3e4-438f-94fe-5e7a26fc7e96	NR_115355.1	96.263	669	14	10	3	661	814	1481	0.0	1086
8f22fe6b-a3e4-438f-94fe-5e7a26fc7e96	NR_163639.1	96.263	669	13	11	3	661	830	1496	0.0	1086
8f22fe6b-a3e4-438f-94fe-5e7a26fc7e96	NR_074980.1	95.964	669	16	10	3	661	841	1508	0.0	1075
6ba5668c-43b2-4049-ad65-ca2b3f4e073e	NR_116206.1	92.378	879	33	22	1	862	1263	402	0.0	1223
6ba5668c-43b2-4049-ad65-ca2b3f4e073e	NR_042928.1	92.378	879	33	22	1	862	1338	477	0.0	1221
6ba5668c-43b2-4049-ad65-ca2b3f4e073e	NR_179540.1	92.378	879	33	22	1	862	1358	497	0.0	1221
6ba5668c-43b2-4049-ad65-ca2b3f4e073e	NR_199547.1	92.264	879	34	22	1	862	1318	457	0.0	1216
6ba5668c-43b2-4049-ad65-ca2b3f4e073e	NR_028665.1	92.150	879	35	22	1	862	1355	494	0.0	1210
6b56feb2-e127-444f-9425-3296b60514fb	NR_024842.1	92.616	1273	42	42	1	1241	1260	8	0.0	1786
6b56feb2-e127-444f-9425-3296b60514fb	NR_115735.1	93.339	1231	36	37	1	1201	1236	22	0.0	1777
6b56feb2-e127-444f-9425-3296b60514fb	NR_115241.1	93.252	1230	38	36	1	1201	1245	32	0.0	1773
6b56feb2-e127-444f-9425-3296b60514fb	NR_178515.1	92.770	1231	42	38	1	1201	1245	32	0.0	1736
6b56feb2-e127-444f-9425-3296b60514fb	NR_116211.1	93.581	1184	31	36	1	1155	1168	1	0.0	1724
4dd5539a-28f1-4800-a59b-0769bdac6d1c	NR_042776.1	93.482	1120	36	26	1	1083	1174	55	0.0	1629
4dd5539a-28f1-4800-a59b-0769bdac6d1c	NR_042778.1	93.304	1120	38	26	1	1083	1174	55	0.0	1618
4dd5539a-28f1-4800-a59b-0769bdac6d1c	NR_042777.1	93.214	1120	38	27	1	1083	1173	55	0.0	1613
4dd5539a-28f1-4800-a59b-0769bdac6d1c	NR_197695.1	92.946	1120	42	26	1	1083	1173	54	0.0	1596
4dd5539a-28f1-4800-a59b-0769bdac6d1c	NR_118998.1	92.500	1120	46	27	1	1083	1168	50	0.0	1570
b91e5674-ec29-422e-ba03-da5c4243bf20	NR_179325.1	92.476	1329	43	43	1	1290	1445	135	0.0	1847
b91e5674-ec29-422e-ba03-da5c4243bf20	NR_115355.1	92.400	1329	44	43	1	1290	1471	161	0.0	1844
b91e5674-ec29-422e-ba03-da5c4243bf20	NR_119169.1	92.099	1329	48	43	1	1290	1476	166	0.0	1825
b91e5674-ec29-422e-ba03-da5c4243bf20	NR_163639.1	92.169	1328	45	44	1	1290	1486	180	0.0	1821
b91e5674-ec29-422e-ba03-da5c4243bf20	NR_113570.1	91.949	1329	50	43	1	1290	1478	168	0.0	1808
50b70530-0b84-4362-b351-1d52a68a126d	NR_026419.1	94.815	540	11	11	14	545	829	299	0.0	826
50b70530-0b84-4362-b351-1d52a68a126d	NR_026419.1	80.060	672	90	30	1009	1659	836	1484	3.90e-128	459
50b70530-0b84-4362-b351-1d52a68a126d	NR_026419.1	81.818	407	42	19	537	918	313	712	3.21e-84	313
50b70530-0b84-4362-b351-1d52a68a126d	NR_133753.1	94.444	540	13	11	14	545	795	265	0.0	815
50b70530-0b84-4362-b351-1d52a68a126d	NR_133753.1	79.688	640	88	28	1009	1628	802	1419	1.42e-117	424
50b70530-0b84-4362-b351-1d52a68a126d	NR_133753.1	81.327	407	44	19	537	918	279	678	6.96e-81	302
50b70530-0b84-4362-b351-1d52a68a126d	NR_025903.1	94.444	540	13	11	14	545	841	311	0.0	815
50b70530-0b84-4362-b351-1d52a68a126d	NR_025903.1	79.881	671	92	29	1009	1659	848	1495	6.53e-126	451
50b70530-0b84-4362-b351-1d52a68a126d	NR_025903.1	81.327	407	44	19	537	918	325	724	6.96e-81	302
50b70530-0b84-4362-b351-1d52a68a126d	NR_133752.1	94.074	540	15	11	14	545	766	236	0.0	804
50b70530-0b84-4362-b351-1d52a68a126d	NR_133752.1	79.688	640	88	28	1009	1628	773	1390	1.42e-117	424
50b70530-0b84-4362-b351-1d52a68a126d	NR_133752.1	80.835	407	46	19	537	918	250	649	1.51e-77	291
50b70530-0b84-4362-b351-1d52a68a126d	NR_026469.1	92.935	552	20	12	4	545	843	301	0.0	787
50b70530-0b84-4362-b351-1d52a68a126d	NR_026469.1	81.928	415	58	15	1009	1413	838	1245	1.14e-93	344
3400234b-4c6d-48b4-9c4c-a513099a552b	NR_042928.1	95.960	1213	29	18	1	1199	1223	17	0.0	1951
3400234b-4c6d-48b4-9c4c-a513099a552b	NR_028664.1	95.230	1237	36	21	1	1220	1246	16	0.0	1936
3400234b-4c6d-48b4-9c4c-a513099a552b	NR_199545.1	95.230	1237	36	21	1	1220	1243	13	0.0	1936
3400234b-4c6d-48b4-9c4c-a513099a552b	NR_165747.1	95.645	1217	30	21	1	1199	1228	17	0.0	1932
3400234b-4c6d-48b4-9c4c-a513099a552b	NR_115240.1	95.631	1213	33	18	1	1199	1223	17	0.0	1929
a6ae0e0c-563c-43f8-b216-3d6647c5a847	NR_042928.1	98.020	202	2	2	1	202	203	4	2.88e-96	350
a6ae0e0c-563c-43f8-b216-3d6647c5a847	NR_109720.1	97.990	199	4	0	1	199	199	1	3.73e-95	346
a6ae0e0c-563c-43f8-b216-3d6647c5a847	NR_036936.1	96.078	204	8	0	1	204	205	2	8.08e-92	335
a6ae0e0c-563c-43f8-b216-3d6647c5a847	NR_199547.1	99.451	182	0	1	1	182	183	3	3.76e-90	329
a6ae0e0c-563c-43f8-b216-3d6647c5a847	NR_112026.1	97.872	188	2	2	1	188	186	1	1.75e-88	324
cd286559-01f4-41d4-bad0-9b1999b5d6a6	NR_028682.1	95.161	124	4	2	1	122	138	15	7.68e-50	195
cd286559-01f4-41d4-bad0-9b1999b5d6a6	NR_025862.1	93.548	124	6	1	1	122	138	15	1.28e-47	187
cd286559-01f4-41d4-bad0-9b1999b5d6a6	NR_025863.1	88.372	129	7	7	1	122	142	15	6.06e-36	148
cd286559-01f4-41d4-bad0-9b1999b5d6a6	NR_104995.1	88.136	118	11	3	6	122	120	5	1.31e-32	137
cd286559-01f4-41d4-bad0-9b1999b5d6a6	NR_115262.1	88.496	113	11	2	11	122	143	32	4.72e-32	135
fd0870ee-d42b-4338-ba8e-8995c6cab223	NR_044091.1	97.232	831	10	10	4	828	521	1344	0.0	1395
fd0870ee-d42b-4338-ba8e-8995c6cab223	NR_113570.1	96.793	842	13	11	4	839	614	1447	0.0	1393
fd0870ee-d42b-4338-ba8e-8995c6cab223	NR_043332.1	96.556	842	15	11	4	839	607	1440	0.0	1386
fd0870ee-d42b-4338-ba8e-8995c6cab223	NR_074980.1	96.556	842	15	11	4	839	634	1467	0.0	1382
fd0870ee-d42b-4338-ba8e-8995c6cab223	NR_113031.1	96.556	842	15	11	4	839	634	1467	0.0	1382
3cb8b7f1-1c3a-43ba-ac19-4dce62f2fc31	NR_117719.1	95.814	884	20	13	1	873	616	1493	0.0	1411
3cb8b7f1-1c3a-43ba-ac19-4dce62f2fc31	NR_179383.1	95.814	884	20	13	1	873	623	1500	0.0	1411
3cb8b7f1-1c3a-43ba-ac19-4dce62f2fc31	NR_179540.1	95.814	884	19	14	1	873	616	1492	0.0	1411
3cb8b7f1-1c3a-43ba-ac19-4dce62f2fc31	NR_175455.1	95.706	885	20	14	1	873	604	1482	0.0	1408
3cb8b7f1-1c3a-43ba-ac19-4dce62f2fc31	NR_028664.1	95.701	884	21	13	1	873	619	1496	0.0	1406
e17c1827-16d0-48c5-83db-f1018eee863f	NR_042878.1	93.379	1027	51	14	9	1025	1184	165	0.0	1506
e17c1827-16d0-48c5-83db-f1018eee863f	NR_116168.1	93.379	1027	51	14	9	1025	1205	186	0.0	1504
e17c1827-16d0-48c5-83db-f1018eee863f	NR_118143.1	92.100	1038	64	15	9	1035	1186	156	0.0	1448
e17c1827-16d0-48c5-83db-f1018eee863f	NR_118762.1	91.562	1031	68	16	9	1029	1207	186	0.0	1437
e17c1827-16d0-48c5-83db-f1018eee863f	NR_025423.1	91.650	1030	63	19	9	1025	1189	170	0.0	1404
5338943a-ccaf-462d-83ca-4618c33c141d	NR_029097.1	96.261	1364	28	20	1	1349	1356	1	0.0	2215
5338943a-ccaf-462d-83ca-4618c33c141d	NR_125571.1	95.464	1389	38	22	1	1373	1380	1	0.0	2196
5338943a-ccaf-462d-83ca-4618c33c141d	NR_125570.1	95.691	1346	35	20	1	1331	1338	1	0.0	2143
5338943a-ccaf-462d-83ca-4618c33c141d	NR_112174.1	87.721	1417	136	34	1	1393	1408	6	0.0	1622
5338943a-ccaf-462d-83ca-4618c33c141d	NR_025127.1	87.738	1419	131	35	1	1392	1412	10	0.0	1616
e72abdc0-fb64-4d1b-b099-b7ecc2144cba	NR_042776.1	93.344	1262	42	32	1	1236	1268	23	0.0	1827
e72abdc0-fb64-4d1b-b099-b7ecc2144cba	NR_042778.1	93.344	1262	42	32	1	1236	1268	23	0.0	1827
e72abdc0-fb64-4d1b-b099-b7ecc2144cba	NR_042777.1	93.106	1262	44	33	1	1236	1267	23	0.0	1808
e72abdc0-fb64-4d1b-b099-b7ecc2144cba	NR_118998.1	92.863	1261	49	32	1	1236	1262	18	0.0	1794
e72abdc0-fb64-4d1b-b099-b7ecc2144cba	NR_197695.1	92.789	1262	49	32	1	1236	1267	22	0.0	1788
6a57cb99-3c17-4090-b27a-4daa343a5330	NR_178515.1	91.150	678	33	24	4	665	671	5	0.0	894
6a57cb99-3c17-4090-b27a-4daa343a5330	NR_165737.1	91.003	678	34	24	4	665	671	5	0.0	889
6a57cb99-3c17-4090-b27a-4daa343a5330	NR_042927.1	90.855	678	35	24	4	665	671	5	0.0	883
6a57cb99-3c17-4090-b27a-4daa343a5330	NR_114413.1	90.855	678	35	24	4	665	694	28	0.0	883
6a57cb99-3c17-4090-b27a-4daa343a5330	NR_115734.1	90.788	673	35	24	4	660	672	11	0.0	876
82de923d-0b2e-405e-9639-52cc653c2dcb	NR_024842.1	96.416	279	7	3	1	277	1212	1489	2.23e-128	457
82de923d-0b2e-405e-9639-52cc653c2dcb	NR_115735.1	96.403	278	7	3	1	276	1188	1464	8.01e-128	455
82de923d-0b2e-405e-9639-52cc653c2dcb	NR_178262.1	96.071	280	7	4	1	277	1091	1369	2.88e-127	453
82de923d-0b2e-405e-9639-52cc653c2dcb	NR_179215.1	96.071	280	7	4	1	277	1213	1491	2.88e-127	453
82de923d-0b2e-405e-9639-52cc653c2dcb	NR_179720.1	96.071	280	7	4	1	277	1217	1495	2.88e-127	453
a923bf85-d460-46ba-9f10-974b31ae59b5	NR_044873.1	95.480	177	2	5	1	172	1290	1465	1.11e-74	278
a923bf85-d460-46ba-9f10-974b31ae59b5	NR_042334.1	95.429	175	4	3	1	172	1296	1469	4.01e-74	276
a923bf85-d460-46ba-9f10-974b31ae59b5	NR_178796.1	95.455	176	3	4	1	172	1298	1472	4.01e-74	276
a923bf85-d460-46ba-9f10-974b31ae59b5	NR_178939.1	95.455	176	3	4	1	172	1299	1473	4.01e-74	276
a923bf85-d460-46ba-9f10-974b31ae59b5	NR_026187.1	94.915	177	3	5	1	172	1287	1462	5.19e-73	272
16ad8da1-8141-4d9c-a854-53b8c16a2951	NR_199547.1	95.591	1134	27	21	1	1117	1144	17	0.0	1796
16ad8da1-8141-4d9c-a854-53b8c16a2951	NR_042928.1	94.525	1169	36	26	1	1150	1164	5	0.0	1779
16ad8da1-8141-4d9c-a854-53b8c16a2951	NR_112026.1	95.150	1134	29	24	1	1117	1146	22	0.0	1768
16ad8da1-8141-4d9c-a854-53b8c16a2951	NR_199541.1	94.797	1134	34	23	1	1117	1142	17	0.0	1744
16ad8da1-8141-4d9c-a854-53b8c16a2951	NR_117719.1	93.841	1169	44	26	1	1150	1184	25	0.0	1735
bcb913b1-52c6-436a-8fb9-0bda03a1f81b	NR_163639.1	96.166	313	5	6	16	326	311	4	9.17e-143	505
bcb913b1-52c6-436a-8fb9-0bda03a1f81b	NR_074980.1	95.833	312	6	6	16	325	319	13	1.54e-140	497
bcb913b1-52c6-436a-8fb9-0bda03a1f81b	NR_113031.1	95.833	312	6	6	16	325	319	13	1.54e-140	497
bcb913b1-52c6-436a-8fb9-0bda03a1f81b	NR_119168.1	96.026	302	5	6	16	315	297	1	1.20e-136	484
bcb913b1-52c6-436a-8fb9-0bda03a1f81b	NR_119169.1	95.695	302	6	6	16	315	297	1	1.55e-135	481
039d5294-f21e-4389-8f83-977f72cdc7d1	NR_024842.1	92.694	219	11	4	1	219	221	8	1.41e-84	311
039d5294-f21e-4389-8f83-977f72cdc7d1	NR_115241.1	93.970	199	10	2	1	199	206	10	3.05e-81	300
039d5294-f21e-4389-8f83-977f72cdc7d1	NR_115735.1	93.467	199	10	3	1	198	197	1	5.11e-79	292
039d5294-f21e-4389-8f83-977f72cdc7d1	NR_114413.1	88.372	215	20	4	5	219	225	16	2.41e-67	254
039d5294-f21e-4389-8f83-977f72cdc7d1	NR_165737.1	90.306	196	15	4	5	199	202	10	2.41e-67	254
3d5cda4e-7bfc-423b-8145-b0c13c73ffcb	NR_042776.1	96.343	1258	30	11	1	1246	1270	17	0.0	2054
3d5cda4e-7bfc-423b-8145-b0c13c73ffcb	NR_042778.1	96.184	1258	32	11	1	1246	1270	17	0.0	2043
3d5cda4e-7bfc-423b-8145-b0c13c73ffcb	NR_042777.1	96.184	1258	31	12	1	1246	1269	17	0.0	2041
3d5cda4e-7bfc-423b-8145-b0c13c73ffcb	NR_197695.1	95.946	1258	35	11	1	1246	1269	16	0.0	2026
3d5cda4e-7bfc-423b-8145-b0c13c73ffcb	NR_118998.1	95.469	1258	40	12	1	1246	1264	12	0.0	1993
87e1691c-b609-4708-a46d-7bf9746cb8c9	NR_043332.1	95.425	153	2	4	1	149	1331	1482	4.44e-63	239
87e1691c-b609-4708-a46d-7bf9746cb8c9	NR_074980.1	95.425	153	2	4	1	149	1358	1509	4.44e-63	239
87e1691c-b609-4708-a46d-7bf9746cb8c9	NR_113031.1	95.425	153	2	4	1	149	1358	1509	4.44e-63	239
87e1691c-b609-4708-a46d-7bf9746cb8c9	NR_115354.1	95.425	153	2	4	1	149	1331	1482	4.44e-63	239
87e1691c-b609-4708-a46d-7bf9746cb8c9	NR_115355.1	95.425	153	2	4	1	149	1331	1482	4.44e-63	239
664f2841-bf16-406b-8345-b0993202eb4e	NR_117694.1	95.219	251	4	6	1	245	255	7	1.97e-108	390
664f2841-bf16-406b-8345-b0993202eb4e	NR_025892.1	94.821	251	5	6	1	245	281	33	2.54e-107	387
664f2841-bf16-406b-8345-b0993202eb4e	NR_041989.1	96.729	214	1	4	1	210	213	2	9.27e-97	351
664f2841-bf16-406b-8345-b0993202eb4e	NR_117692.1	91.633	251	13	6	1	245	255	7	2.01e-93	340
664f2841-bf16-406b-8345-b0993202eb4e	NR_104830.1	91.270	252	13	7	1	245	270	21	9.34e-92	335
9c7fc841-7558-45e0-ba95-e216c0f7a19b	NR_042928.1	94.769	1300	30	29	1	1279	1283	1	0.0	1989
9c7fc841-7558-45e0-ba95-e216c0f7a19b	NR_199547.1	95.067	1277	26	28	1	1256	1263	3	0.0	1975
9c7fc841-7558-45e0-ba95-e216c0f7a19b	NR_179540.1	94.266	1308	35	31	1	1286	1303	14	0.0	1964
9c7fc841-7558-45e0-ba95-e216c0f7a19b	NR_112026.1	94.700	1283	29	30	1	1262	1265	1	0.0	1958
9c7fc841-7558-45e0-ba95-e216c0f7a19b	NR_199545.1	94.185	1307	38	29	1	1286	1303	14	0.0	1958
8ba76d8c-74cf-4647-915c-902b19ca7e6f	NR_037101.1	93.919	148	2	5	6	150	401	258	2.02e-56	217
8ba76d8c-74cf-4647-915c-902b19ca7e6f	NR_024659.1	93.919	148	2	5	6	150	382	239	2.02e-56	217
8ba76d8c-74cf-4647-915c-902b19ca7e6f	NR_042052.1	93.919	148	2	5	6	150	324	181	2.02e-56	217
8ba76d8c-74cf-4647-915c-902b19ca7e6f	NR_025630.1	93.919	148	2	5	6	150	400	257	2.02e-56	217
8ba76d8c-74cf-4647-915c-902b19ca7e6f	NR_025453.1	93.919	148	2	5	6	150	401	258	2.02e-56	217
e411d551-9779-46ae-ab73-38a04194e4a9	NR_179325.1	94.422	735	17	21	3	723	732	1456	0.0	1109
e411d551-9779-46ae-ab73-38a04194e4a9	NR_115354.1	94.150	735	19	21	3	723	758	1482	0.0	1099
e411d551-9779-46ae-ab73-38a04194e4a9	NR_115355.1	94.150	735	19	21	3	723	758	1482	0.0	1098
e411d551-9779-46ae-ab73-38a04194e4a9	NR_119170.1	93.878	735	21	21	3	723	763	1487	0.0	1092
e411d551-9779-46ae-ab73-38a04194e4a9	NR_119169.1	93.878	735	21	21	3	723	763	1487	0.0	1090
f113f210-fff1-4033-a150-3acca338481e	NR_025902.1	99.533	214	0	1	1	213	1232	1445	6.18e-108	388
f113f210-fff1-4033-a150-3acca338481e	NR_040933.1	99.533	214	0	1	1	213	1276	1489	6.18e-108	388
f113f210-fff1-4033-a150-3acca338481e	NR_117717.1	99.533	214	0	1	1	213	1274	1487	6.18e-108	388
f113f210-fff1-4033-a150-3acca338481e	NR_121688.1	99.533	214	0	1	1	213	1274	1487	6.18e-108	388
f113f210-fff1-4033-a150-3acca338481e	NR_117692.1	99.533	214	0	1	1	213	1254	1467	6.18e-108	388
c3c3b84a-0bfa-4386-a980-0f5df67ef3b7	NR_042928.1	94.582	1329	40	25	1	1309	152	1468	0.0	2026
c3c3b84a-0bfa-4386-a980-0f5df67ef3b7	NR_199547.1	94.785	1304	32	29	1	1282	132	1421	0.0	1999
c3c3b84a-0bfa-4386-a980-0f5df67ef3b7	NR_117719.1	94.135	1330	47	24	3	1312	174	1492	0.0	1995
c3c3b84a-0bfa-4386-a980-0f5df67ef3b7	NR_042927.1	94.047	1327	48	24	3	1309	156	1471	0.0	1984
c3c3b84a-0bfa-4386-a980-0f5df67ef3b7	NR_115734.1	94.047	1327	48	24	3	1309	157	1472	0.0	1984
183feb3d-8ddb-46ec-8778-770135551645	NR_074980.1	96.288	431	10	6	1	427	441	13	0.0	702
183feb3d-8ddb-46ec-8778-770135551645	NR_113031.1	96.288	431	10	6	1	427	441	13	0.0	702
183feb3d-8ddb-46ec-8778-770135551645	NR_163639.1	95.843	433	9	9	1	429	430	3	0.0	691
183feb3d-8ddb-46ec-8778-770135551645	NR_119168.1	96.437	421	9	6	1	417	419	1	0.0	689
183feb3d-8ddb-46ec-8778-770135551645	NR_119169.1	95.962	421	11	6	1	417	419	1	0.0	682
cf1e1275-b6b6-437b-94f5-5b31bf7b9dca	NR_133752.1	87.265	479	32	22	28	486	982	513	5.02e-147	520
cf1e1275-b6b6-437b-94f5-5b31bf7b9dca	NR_133753.1	87.265	479	32	22	28	486	1011	542	5.02e-147	520
cf1e1275-b6b6-437b-94f5-5b31bf7b9dca	NR_025904.1	87.265	479	32	22	28	486	1056	587	5.02e-147	520
cf1e1275-b6b6-437b-94f5-5b31bf7b9dca	NR_026419.1	87.265	479	32	22	28	486	1045	576	5.02e-147	520
cf1e1275-b6b6-437b-94f5-5b31bf7b9dca	NR_025903.1	87.265	479	32	22	28	486	1057	588	5.02e-147	520
afb2acb4-6051-409b-832d-aaf5f9c2152a	NR_042776.1	92.622	637	32	12	1	625	651	18	0.0	902
afb2acb4-6051-409b-832d-aaf5f9c2152a	NR_042778.1	92.308	637	34	12	1	625	651	18	0.0	891
afb2acb4-6051-409b-832d-aaf5f9c2152a	NR_042777.1	92.151	637	34	13	1	625	650	18	0.0	885
afb2acb4-6051-409b-832d-aaf5f9c2152a	NR_197695.1	92.151	637	35	12	1	625	650	17	0.0	885
afb2acb4-6051-409b-832d-aaf5f9c2152a	NR_118998.1	91.523	637	39	12	1	625	646	13	0.0	865
43ca5fa8-1fdd-42d9-86ab-92181c5d8de6	NR_116814.1	94.533	439	15	7	1	433	1195	760	0.0	669
43ca5fa8-1fdd-42d9-86ab-92181c5d8de6	NR_118086.1	94.533	439	15	7	1	433	1212	777	0.0	669
43ca5fa8-1fdd-42d9-86ab-92181c5d8de6	NR_165739.1	93.850	439	18	7	1	433	1195	760	0.0	652
43ca5fa8-1fdd-42d9-86ab-92181c5d8de6	NR_104684.1	93.166	439	21	7	1	433	1215	780	0.0	640
43ca5fa8-1fdd-42d9-86ab-92181c5d8de6	NR_148620.1	87.865	445	33	19	1	433	1062	627	4.48e-142	503
a6b07ea4-2514-4ce7-a767-a4d1da9025a7	NR_136788.1	98.410	503	6	2	1	501	1350	848	0.0	883
a6b07ea4-2514-4ce7-a767-a4d1da9025a7	NR_026230.1	95.030	503	23	2	1	501	1328	826	0.0	793
a6b07ea4-2514-4ce7-a767-a4d1da9025a7	NR_113082.1	94.841	504	22	4	1	501	1350	848	0.0	784
a6b07ea4-2514-4ce7-a767-a4d1da9025a7	NR_025052.1	90.837	502	42	4	1	499	1328	828	0.0	669
a6b07ea4-2514-4ce7-a767-a4d1da9025a7	NR_113088.1	90.837	502	42	4	1	499	1340	840	0.0	669
ecafd131-f09a-47bf-973c-d2469064e9a2	NR_028682.1	95.865	919	23	13	1	910	1470	558	0.0	1472
ecafd131-f09a-47bf-973c-d2469064e9a2	NR_116890.1	94.886	919	32	13	1	910	1458	546	0.0	1423
ecafd131-f09a-47bf-973c-d2469064e9a2	NR_180652.1	94.886	919	32	13	1	910	1459	547	0.0	1423
ecafd131-f09a-47bf-973c-d2469064e9a2	NR_113798.1	94.571	921	33	15	1	910	1456	542	0.0	1408
ecafd131-f09a-47bf-973c-d2469064e9a2	NR_025625.1	94.450	919	36	13	1	910	1457	545	0.0	1402
18c49f5b-20b3-4a76-a1a2-2a3ab2636d35	NR_042843.1	98.745	239	3	0	1	239	1248	1010	5.34e-119	425
18c49f5b-20b3-4a76-a1a2-2a3ab2636d35	NR_102895.1	98.745	239	3	0	1	239	1276	1038	5.34e-119	425
18c49f5b-20b3-4a76-a1a2-2a3ab2636d35	NR_113113.1	98.745	239	3	0	1	239	1256	1018	5.34e-119	425
18c49f5b-20b3-4a76-a1a2-2a3ab2636d35	NR_114305.1	98.326	239	4	0	1	239	1268	1030	2.48e-117	420
18c49f5b-20b3-4a76-a1a2-2a3ab2636d35	NR_109628.1	97.934	242	5	0	1	242	1249	1008	2.48e-117	420
70ff8853-47a4-4bdc-b93a-30c48190076b	NR_041722.2	97.345	113	2	1	1	113	1398	1509	9.06e-49	191
70ff8853-47a4-4bdc-b93a-30c48190076b	NR_028665.1	97.345	113	2	1	1	113	1378	1489	9.06e-49	191
70ff8853-47a4-4bdc-b93a-30c48190076b	NR_028736.1	97.345	113	2	1	1	113	1387	1498	9.06e-49	191
70ff8853-47a4-4bdc-b93a-30c48190076b	NR_041721.1	97.345	113	2	1	1	113	1386	1497	9.06e-49	191
70ff8853-47a4-4bdc-b93a-30c48190076b	NR_112704.1	97.345	113	2	1	1	113	1282	1393	9.06e-49	191
ff0943c4-adbe-49bc-84eb-a51e975a5cd1	NR_113570.1	93.127	291	8	8	1	280	104	393	3.81e-116	416
ff0943c4-adbe-49bc-84eb-a51e975a5cd1	NR_041880.1	92.759	290	10	7	1	280	54	342	6.37e-114	409
ff0943c4-adbe-49bc-84eb-a51e975a5cd1	NR_041879.1	92.759	290	10	7	1	280	55	343	6.37e-114	409
ff0943c4-adbe-49bc-84eb-a51e975a5cd1	NR_115354.1	92.759	290	10	7	1	280	98	386	6.37e-114	409
ff0943c4-adbe-49bc-84eb-a51e975a5cd1	NR_119170.1	92.759	290	10	7	1	280	103	391	6.37e-114	409
d5a4d811-be7a-49dd-9e5f-852633ed4b3f	NR_028665.1	97.414	232	4	1	1	232	1257	1486	1.47e-109	394
d5a4d811-be7a-49dd-9e5f-852633ed4b3f	NR_114172.1	97.414	232	4	1	1	232	1240	1469	1.47e-109	394
d5a4d811-be7a-49dd-9e5f-852633ed4b3f	NR_179385.1	97.414	232	4	1	1	232	1264	1493	1.47e-109	394
d5a4d811-be7a-49dd-9e5f-852633ed4b3f	NR_199545.1	97.414	232	4	1	1	232	1260	1489	1.47e-109	394
d5a4d811-be7a-49dd-9e5f-852633ed4b3f	NR_115239.1	97.403	231	4	1	1	231	1240	1468	5.29e-109	392
7700ac66-c8a4-4901-91e0-b0640643eb7e	NR_044873.1	93.132	597	13	21	3	577	226	816	0.0	850
7700ac66-c8a4-4901-91e0-b0640643eb7e	NR_043968.1	91.625	597	21	24	3	577	195	784	0.0	798
7700ac66-c8a4-4901-91e0-b0640643eb7e	NR_179993.1	91.457	597	22	24	3	577	238	827	0.0	793
7700ac66-c8a4-4901-91e0-b0640643eb7e	NR_025310.1	91.290	597	23	24	3	577	217	806	0.0	787
7700ac66-c8a4-4901-91e0-b0640643eb7e	NR_109752.1	91.290	597	23	24	3	577	248	837	0.0	787
1e731e3d-fa53-4799-ae0a-80f1f10a54f0	NR_109720.1	92.833	293	13	8	1	287	292	2	1.15e-116	418
1e731e3d-fa53-4799-ae0a-80f1f10a54f0	NR_042928.1	92.000	300	13	11	1	293	296	1	1.92e-114	411
1e731e3d-fa53-4799-ae0a-80f1f10a54f0	NR_199547.1	93.116	276	12	7	1	271	276	3	1.50e-110	398
1e731e3d-fa53-4799-ae0a-80f1f10a54f0	NR_036936.1	91.126	293	18	8	1	287	298	8	6.96e-109	392
1e731e3d-fa53-4799-ae0a-80f1f10a54f0	NR_112026.1	92.226	283	12	10	1	277	279	1	6.96e-109	392
902b4b96-4215-429a-9ca8-0be37e74a4c0	NR_179592.1	93.065	447	17	12	1	435	588	144	0.0	652
902b4b96-4215-429a-9ca8-0be37e74a4c0	NR_044400.1	91.607	417	21	12	10	414	562	148	2.11e-160	564
902b4b96-4215-429a-9ca8-0be37e74a4c0	NR_025762.1	89.773	440	27	15	10	435	552	117	2.12e-155	547
902b4b96-4215-429a-9ca8-0be37e74a4c0	NR_134226.1	91.791	402	17	13	10	398	512	114	7.64e-155	545
902b4b96-4215-429a-9ca8-0be37e74a4c0	NR_113377.1	91.791	402	17	13	10	398	601	203	7.64e-155	545
02e69d5a-27d3-4916-afc4-b83f51f2dc8b	NR_024842.1	92.385	499	24	11	1	489	995	1489	0.0	699
02e69d5a-27d3-4916-afc4-b83f51f2dc8b	NR_028664.1	92.400	500	23	12	1	489	1001	1496	0.0	699
02e69d5a-27d3-4916-afc4-b83f51f2dc8b	NR_115735.1	92.369	498	24	11	1	488	971	1464	0.0	697
02e69d5a-27d3-4916-afc4-b83f51f2dc8b	NR_152678.1	92.184	499	26	10	1	489	1000	1495	0.0	693
02e69d5a-27d3-4916-afc4-b83f51f2dc8b	NR_156072.1	92.184	499	25	11	1	489	1000	1494	0.0	693
25ee1782-a060-4443-a475-218c0b5f6a83	NR_028664.1	93.691	317	10	8	1	308	835	1150	4.16e-131	466
25ee1782-a060-4443-a475-218c0b5f6a83	NR_115240.1	93.691	317	10	8	1	308	812	1127	4.16e-131	466
25ee1782-a060-4443-a475-218c0b5f6a83	NR_115732.1	93.691	317	10	8	1	308	814	1129	4.16e-131	466
25ee1782-a060-4443-a475-218c0b5f6a83	NR_116207.1	93.691	317	10	8	1	308	677	992	4.16e-131	466
25ee1782-a060-4443-a475-218c0b5f6a83	NR_118234.1	93.691	317	10	8	1	308	831	1146	4.16e-131	466
d699f174-6868-4070-834d-ef168f7510dc	NR_029097.1	97.990	199	0	3	1	195	1190	992	4.68e-94	342
d699f174-6868-4070-834d-ef168f7510dc	NR_125570.1	97.990	199	0	3	1	195	1172	974	4.68e-94	342
d699f174-6868-4070-834d-ef168f7510dc	NR_125571.1	97.990	199	0	3	1	195	1214	1016	4.68e-94	342
d699f174-6868-4070-834d-ef168f7510dc	NR_074613.1	94.388	196	6	3	5	195	1247	1052	3.69e-80	296
d699f174-6868-4070-834d-ef168f7510dc	NR_152688.1	93.434	198	7	4	4	195	1246	1049	6.18e-78	289
14dc4fee-6eda-435e-8a91-01c8308097f8	NR_042776.1	98.222	225	4	0	3	227	135	359	1.65e-109	394
14dc4fee-6eda-435e-8a91-01c8308097f8	NR_042778.1	97.778	225	5	0	3	227	135	359	7.67e-108	388
14dc4fee-6eda-435e-8a91-01c8308097f8	NR_042777.1	97.333	225	6	0	3	227	135	359	3.57e-106	383
14dc4fee-6eda-435e-8a91-01c8308097f8	NR_118998.1	96.930	228	6	1	1	227	127	354	1.28e-105	381
14dc4fee-6eda-435e-8a91-01c8308097f8	NR_197695.1	96.889	225	7	0	3	227	134	358	1.66e-104	377
2aad3032-8b71-403d-959b-39a51e163eff	NR_119169.1	92.596	986	41	29	1	969	976	6	0.0	1391
2aad3032-8b71-403d-959b-39a51e163eff	NR_115355.1	92.596	986	41	29	1	969	971	1	0.0	1389
2aad3032-8b71-403d-959b-39a51e163eff	NR_163639.1	92.216	1002	41	34	1	984	986	4	0.0	1384
2aad3032-8b71-403d-959b-39a51e163eff	NR_179325.1	93.467	949	34	25	1	933	945	9	0.0	1384
2aad3032-8b71-403d-959b-39a51e163eff	NR_041879.1	93.617	940	33	24	1	925	928	1	0.0	1378
37f23be4-13c2-4dba-ae11-76d11c843114	NR_044873.1	96.337	273	3	3	1	269	184	453	5.93e-124	442
37f23be4-13c2-4dba-ae11-76d11c843114	NR_025310.1	93.040	273	12	3	1	269	175	444	6.05e-109	392
37f23be4-13c2-4dba-ae11-76d11c843114	NR_074568.1	93.609	266	11	2	1	262	195	458	6.05e-109	392
37f23be4-13c2-4dba-ae11-76d11c843114	NR_179993.1	92.701	274	12	4	1	269	195	465	7.83e-108	388
37f23be4-13c2-4dba-ae11-76d11c843114	NR_044712.2	93.208	265	12	3	2	262	205	467	2.82e-107	387
e189a13e-b1f3-4bb5-8503-8b510f13c6ae	NR_025036.1	96.262	107	2	2	1	107	1459	1355	8.35e-44	174
e189a13e-b1f3-4bb5-8503-8b510f13c6ae	NR_042928.1	96.262	107	2	2	1	107	1438	1334	8.35e-44	174
e189a13e-b1f3-4bb5-8503-8b510f13c6ae	NR_044912.1	96.262	107	2	2	1	107	1395	1291	8.35e-44	174
e189a13e-b1f3-4bb5-8503-8b510f13c6ae	NR_115730.1	96.262	107	2	2	1	107	1420	1316	8.35e-44	174
e189a13e-b1f3-4bb5-8503-8b510f13c6ae	NR_134817.1	96.262	107	2	2	1	107	1453	1349	8.35e-44	174
8e67c97a-38b3-4296-a22a-312a8eb697af	NR_113570.1	92.627	217	6	7	4	210	67	283	2.27e-82	303
8e67c97a-38b3-4296-a22a-312a8eb697af	NR_041880.1	92.237	219	8	6	1	210	14	232	8.15e-82	302
8e67c97a-38b3-4296-a22a-312a8eb697af	NR_041879.1	92.237	219	8	6	1	210	15	233	8.15e-82	302
8e67c97a-38b3-4296-a22a-312a8eb697af	NR_115354.1	92.237	219	8	6	1	210	58	276	8.15e-82	302
8e67c97a-38b3-4296-a22a-312a8eb697af	NR_119170.1	92.237	219	8	6	1	210	63	281	8.15e-82	302
781d263f-25b5-4ea6-ae0b-6bc2460a28db	NR_042928.1	95.669	254	6	4	4	252	254	1	2.72e-112	403
781d263f-25b5-4ea6-ae0b-6bc2460a28db	NR_112026.1	96.203	237	5	3	4	236	237	1	9.84e-107	385
781d263f-25b5-4ea6-ae0b-6bc2460a28db	NR_165747.1	93.307	254	12	3	4	252	254	1	2.76e-102	370
781d263f-25b5-4ea6-ae0b-6bc2460a28db	NR_036936.1	93.173	249	11	5	4	246	256	8	4.61e-100	363
781d263f-25b5-4ea6-ae0b-6bc2460a28db	NR_117719.1	91.985	262	16	3	4	260	274	13	4.61e-100	363
a4554416-0f88-42e7-97d1-35539ea5661e	NR_042776.1	97.048	271	4	3	1	271	284	18	2.77e-127	453
a4554416-0f88-42e7-97d1-35539ea5661e	NR_042778.1	96.679	271	5	3	1	271	284	18	1.29e-125	448
a4554416-0f88-42e7-97d1-35539ea5661e	NR_042777.1	96.310	271	6	3	1	271	284	18	6.00e-124	442
a4554416-0f88-42e7-97d1-35539ea5661e	NR_118998.1	95.572	271	8	3	1	271	279	13	3.61e-121	433
a4554416-0f88-42e7-97d1-35539ea5661e	NR_197695.1	95.572	271	8	3	1	271	283	17	1.30e-120	431
41fdbfac-20f4-4dc5-b6e8-3b63a999eb42	NR_025892.1	95.161	124	0	2	1	119	43	165	1.01e-48	191
41fdbfac-20f4-4dc5-b6e8-3b63a999eb42	NR_117694.1	94.355	124	1	2	1	119	17	139	4.71e-47	185
41fdbfac-20f4-4dc5-b6e8-3b63a999eb42	NR_117717.1	91.935	124	4	2	1	119	38	160	4.74e-42	169
41fdbfac-20f4-4dc5-b6e8-3b63a999eb42	NR_121688.1	91.935	124	4	2	1	119	37	159	4.74e-42	169
41fdbfac-20f4-4dc5-b6e8-3b63a999eb42	NR_117696.1	91.935	124	4	2	1	119	4	126	4.74e-42	169
0131c5d1-45b2-49c2-bc8b-b88d058e97b0	NR_116168.1	93.077	260	7	8	2	254	1232	1487	2.71e-102	370
0131c5d1-45b2-49c2-bc8b-b88d058e97b0	NR_118762.1	93.307	254	6	8	2	248	1234	1483	1.26e-100	364
0131c5d1-45b2-49c2-bc8b-b88d058e97b0	NR_115136.1	90.588	255	13	8	2	249	1217	1467	1.65e-89	327
0131c5d1-45b2-49c2-bc8b-b88d058e97b0	NR_115137.1	90.588	255	13	8	2	249	1217	1467	1.65e-89	327
0131c5d1-45b2-49c2-bc8b-b88d058e97b0	NR_115138.1	90.588	255	13	8	2	249	1217	1467	1.65e-89	327
ec70aaca-cb68-4e3b-a276-ecf35291b31a	NR_116168.1	98.062	258	3	2	1	257	1231	1487	1.24e-125	448
ec70aaca-cb68-4e3b-a276-ecf35291b31a	NR_118762.1	98.016	252	3	2	1	251	1233	1483	2.68e-122	436
ec70aaca-cb68-4e3b-a276-ecf35291b31a	NR_126284.1	96.047	253	8	2	1	252	1211	1462	1.62e-114	411
ec70aaca-cb68-4e3b-a276-ecf35291b31a	NR_024897.1	94.981	259	9	4	1	257	1230	1486	2.72e-112	403
ec70aaca-cb68-4e3b-a276-ecf35291b31a	NR_114764.1	95.294	255	10	2	1	254	1213	1466	2.72e-112	403
34312319-1622-4312-8325-ea95392f291d	NR_136788.1	93.304	224	11	4	1	221	240	18	1.41e-89	327
34312319-1622-4312-8325-ea95392f291d	NR_113082.1	92.857	224	12	4	1	221	240	18	6.55e-88	322
34312319-1622-4312-8325-ea95392f291d	NR_026230.1	89.952	209	17	4	1	206	218	11	1.44e-74	278
34312319-1622-4312-8325-ea95392f291d	NR_152035.1	91.139	158	10	4	67	221	175	19	1.48e-54	211
34312319-1622-4312-8325-ea95392f291d	NR_074234.1	83.700	227	27	10	1	221	247	25	6.88e-53	206
9a6c9d25-291c-49be-85ed-0162b419b8c7	NR_036936.1	96.311	244	6	2	18	259	1213	1455	1.27e-110	398
9a6c9d25-291c-49be-85ed-0162b419b8c7	NR_025453.1	96.311	244	6	2	18	259	1213	1455	1.27e-110	398
9a6c9d25-291c-49be-85ed-0162b419b8c7	NR_028666.1	96.311	244	6	2	18	259	1237	1479	1.27e-110	398
9a6c9d25-291c-49be-85ed-0162b419b8c7	NR_028833.1	96.311	244	6	2	18	259	1240	1482	1.27e-110	398
9a6c9d25-291c-49be-85ed-0162b419b8c7	NR_029052.1	96.311	244	6	2	18	259	1201	1443	1.27e-110	398
9106f688-bf36-469b-8b17-51929d3b3018	NR_029097.1	92.793	333	18	6	1	329	1147	817	2.04e-134	477
9106f688-bf36-469b-8b17-51929d3b3018	NR_125570.1	92.192	333	20	6	1	329	1129	799	4.41e-131	466
9106f688-bf36-469b-8b17-51929d3b3018	NR_125571.1	91.892	333	21	6	1	329	1171	841	2.05e-129	460
9106f688-bf36-469b-8b17-51929d3b3018	NR_042008.1	88.323	334	32	7	1	329	1198	867	2.11e-109	394
9106f688-bf36-469b-8b17-51929d3b3018	NR_181885.1	88.323	334	32	7	1	329	1192	861	2.11e-109	394
a6d28fe5-1aac-4ed4-b1c5-543df82b1ed6	NR_042776.1	96.532	173	3	3	1	172	186	16	2.38e-76	283
a6d28fe5-1aac-4ed4-b1c5-543df82b1ed6	NR_042778.1	96.532	173	3	3	1	172	186	16	2.38e-76	283
a6d28fe5-1aac-4ed4-b1c5-543df82b1ed6	NR_042777.1	97.546	163	3	1	11	172	178	16	1.11e-74	278
a6d28fe5-1aac-4ed4-b1c5-543df82b1ed6	NR_197695.1	95.930	172	4	3	2	172	184	15	3.98e-74	276
a6d28fe5-1aac-4ed4-b1c5-543df82b1ed6	NR_118998.1	95.376	173	5	3	1	172	181	11	1.43e-73	274
cf6aac71-bbd1-4614-ab29-ae4e522437c4	NR_041807.1	93.103	116	4	2	1	115	1097	985	1.53e-41	167
cf6aac71-bbd1-4614-ab29-ae4e522437c4	NR_025290.1	93.103	116	4	2	1	115	1081	969	1.53e-41	167
cf6aac71-bbd1-4614-ab29-ae4e522437c4	NR_074412.1	93.103	116	4	2	1	115	1147	1035	1.53e-41	167
cf6aac71-bbd1-4614-ab29-ae4e522437c4	NR_044689.2	93.103	116	4	2	1	115	1111	999	1.53e-41	167
cf6aac71-bbd1-4614-ab29-ae4e522437c4	NR_113040.1	93.103	116	4	2	1	115	1104	992	1.53e-41	167
d22bb0f0-5414-41a5-ae06-d9e70b789547	NR_025902.1	98.230	113	1	1	1	112	1333	1445	1.97e-50	196
d22bb0f0-5414-41a5-ae06-d9e70b789547	NR_028844.1	98.230	113	1	1	1	112	1364	1476	1.97e-50	196
d22bb0f0-5414-41a5-ae06-d9e70b789547	NR_040933.1	98.230	113	1	1	1	112	1377	1489	1.97e-50	196
d22bb0f0-5414-41a5-ae06-d9e70b789547	NR_117717.1	98.230	113	1	1	1	112	1375	1487	1.97e-50	196
d22bb0f0-5414-41a5-ae06-d9e70b789547	NR_121688.1	98.230	113	1	1	1	112	1375	1487	1.97e-50	196
d9e7180a-c1a9-4570-a363-635536ff8842	NR_042776.1	97.923	337	5	2	12	346	1167	1503	4.41e-166	582
d9e7180a-c1a9-4570-a363-635536ff8842	NR_042777.1	97.923	337	5	2	12	346	1166	1502	4.41e-166	582
d9e7180a-c1a9-4570-a363-635536ff8842	NR_042052.1	97.329	337	7	2	12	346	1065	1401	9.54e-163	571
d9e7180a-c1a9-4570-a363-635536ff8842	NR_042778.1	97.329	337	7	2	12	346	1167	1503	9.54e-163	571
d9e7180a-c1a9-4570-a363-635536ff8842	NR_114642.1	97.329	337	7	2	12	346	1124	1460	9.54e-163	571
d4bbad91-8388-4631-bb84-8588b6372d2b	NR_024659.1	93.333	195	6	6	10	198	1218	1025	1.02e-75	281
d4bbad91-8388-4631-bb84-8588b6372d2b	NR_024841.1	93.333	195	6	6	10	198	1251	1058	1.02e-75	281
d4bbad91-8388-4631-bb84-8588b6372d2b	NR_036936.1	93.333	195	6	6	10	198	1237	1044	1.02e-75	281
d4bbad91-8388-4631-bb84-8588b6372d2b	NR_028665.1	93.333	195	6	6	10	198	1252	1059	1.02e-75	281
d4bbad91-8388-4631-bb84-8588b6372d2b	NR_036918.1	93.333	195	6	6	10	198	1254	1061	1.02e-75	281
ded4bcb8-6fcc-4f37-9fde-3b962800cd46	NR_163639.1	96.316	190	3	3	4	190	191	3	4.26e-84	309
ded4bcb8-6fcc-4f37-9fde-3b962800cd46	NR_074980.1	96.257	187	3	3	5	188	198	13	1.98e-82	303
ded4bcb8-6fcc-4f37-9fde-3b962800cd46	NR_113031.1	96.257	187	3	3	5	188	198	13	1.98e-82	303
ded4bcb8-6fcc-4f37-9fde-3b962800cd46	NR_119168.1	96.067	178	3	3	4	178	177	1	2.00e-77	287
ded4bcb8-6fcc-4f37-9fde-3b962800cd46	NR_119169.1	95.506	178	4	3	4	178	177	1	2.58e-76	283
53b0a5cc-51cd-4a27-98ba-9100c995ffc4	NR_179385.1	88.298	282	20	12	1	274	296	20	6.45e-89	326
53b0a5cc-51cd-4a27-98ba-9100c995ffc4	NR_028664.1	87.943	282	21	11	1	274	295	19	3.00e-87	320
53b0a5cc-51cd-4a27-98ba-9100c995ffc4	NR_165741.1	87.943	282	21	12	1	274	281	5	3.00e-87	320
53b0a5cc-51cd-4a27-98ba-9100c995ffc4	NR_199545.1	87.943	282	21	12	1	274	292	16	3.00e-87	320
53b0a5cc-51cd-4a27-98ba-9100c995ffc4	NR_114172.1	88.043	276	21	10	1	268	272	1	3.88e-86	316
754f4870-2989-49bd-af25-64bc7d192942	NR_044873.1	95.858	338	8	6	1	333	428	92	7.15e-154	542
754f4870-2989-49bd-af25-64bc7d192942	NR_074568.1	94.659	337	12	6	2	333	438	103	1.21e-146	518
754f4870-2989-49bd-af25-64bc7d192942	NR_024785.1	94.065	337	13	7	2	333	394	60	9.39e-143	505
754f4870-2989-49bd-af25-64bc7d192942	NR_044712.2	93.769	337	15	6	2	333	447	112	9.39e-143	505
754f4870-2989-49bd-af25-64bc7d192942	NR_025310.1	92.604	338	19	6	1	333	419	83	1.58e-135	481
c178c6e5-b1d8-4525-ac0a-9cda67be1cdb	NR_042776.1	96.198	263	5	3	1	259	279	18	5.75e-119	425
c178c6e5-b1d8-4525-ac0a-9cda67be1cdb	NR_042778.1	95.817	263	6	3	1	259	279	18	2.68e-117	420
c178c6e5-b1d8-4525-ac0a-9cda67be1cdb	NR_042777.1	95.437	263	7	3	1	259	279	18	1.24e-115	414
c178c6e5-b1d8-4525-ac0a-9cda67be1cdb	NR_118998.1	94.677	263	9	3	1	259	274	13	7.49e-113	405
c178c6e5-b1d8-4525-ac0a-9cda67be1cdb	NR_197695.1	94.297	263	10	3	1	259	278	17	1.25e-110	398
691f2179-3272-4d3d-bf60-763a7c4e383d	NR_028682.1	96.800	125	4	0	11	135	137	13	3.03e-54	209
691f2179-3272-4d3d-bf60-763a7c4e383d	NR_025862.1	96.032	126	5	0	11	136	137	12	3.03e-54	209
691f2179-3272-4d3d-bf60-763a7c4e383d	NR_025863.1	88.800	125	9	5	17	136	136	12	6.71e-36	148
691f2179-3272-4d3d-bf60-763a7c4e383d	NR_042695.1	88.034	117	13	1	20	135	117	1	1.45e-32	137
691f2179-3272-4d3d-bf60-763a7c4e383d	NR_075014.2	88.034	117	13	1	20	135	136	20	1.45e-32	137
d95cd3bf-40b3-4c92-bd64-9d91bc2f4682	NR_028682.1	95.570	158	1	5	1	154	1425	1270	7.55e-66	248
d95cd3bf-40b3-4c92-bd64-9d91bc2f4682	NR_025435.1	94.904	157	1	6	1	152	1422	1268	4.55e-63	239
d95cd3bf-40b3-4c92-bd64-9d91bc2f4682	NR_025197.1	95.918	147	1	5	1	143	1392	1247	2.12e-61	233
d95cd3bf-40b3-4c92-bd64-9d91bc2f4682	NR_025211.1	93.671	158	4	5	1	154	1415	1260	7.61e-61	231
d95cd3bf-40b3-4c92-bd64-9d91bc2f4682	NR_025445.1	93.671	158	4	5	1	154	1416	1261	7.61e-61	231
78557761-38ab-4693-8c13-e5890ed2ef0f	NR_113082.1	97.656	128	0	3	5	130	144	18	1.80e-56	217
78557761-38ab-4693-8c13-e5890ed2ef0f	NR_136788.1	97.656	128	0	3	5	130	144	18	1.80e-56	217
78557761-38ab-4693-8c13-e5890ed2ef0f	NR_152035.1	96.875	128	1	3	5	130	145	19	8.36e-55	211
78557761-38ab-4693-8c13-e5890ed2ef0f	NR_074234.1	94.531	128	4	3	5	130	151	25	8.42e-50	195
78557761-38ab-4693-8c13-e5890ed2ef0f	NR_113086.1	94.531	128	4	3	5	130	144	18	8.42e-50	195
098f2d55-e06f-4cf3-abb9-2075e6d6512a	NR_116168.1	93.893	262	11	4	1	260	1234	1492	2.11e-108	390
098f2d55-e06f-4cf3-abb9-2075e6d6512a	NR_118762.1	94.422	251	9	4	1	249	1236	1483	1.27e-105	381
098f2d55-e06f-4cf3-abb9-2075e6d6512a	NR_024897.1	91.603	262	17	5	1	260	1233	1491	2.14e-98	357
098f2d55-e06f-4cf3-abb9-2075e6d6512a	NR_181418.1	91.603	262	17	5	1	260	1233	1491	2.14e-98	357
098f2d55-e06f-4cf3-abb9-2075e6d6512a	NR_115136.1	92.771	249	13	4	5	251	1223	1468	7.68e-98	355
6bed1b54-0f2c-49c3-8464-29b3539a944e	NR_042776.1	91.632	239	10	8	5	242	264	493	7.17e-88	322
6bed1b54-0f2c-49c3-8464-29b3539a944e	NR_042777.1	91.632	239	10	8	5	242	264	493	7.17e-88	322
6bed1b54-0f2c-49c3-8464-29b3539a944e	NR_197695.1	91.632	239	10	8	5	242	263	492	7.17e-88	322
6bed1b54-0f2c-49c3-8464-29b3539a944e	NR_042778.1	92.140	229	10	6	14	242	273	493	3.34e-86	316
6bed1b54-0f2c-49c3-8464-29b3539a944e	NR_118998.1	91.228	228	12	6	15	242	269	488	2.60e-82	303
87f4310e-f75a-4004-8b5e-55715d6f1058	NR_024842.1	95.222	879	27	12	5	877	623	1492	0.0	1376
87f4310e-f75a-4004-8b5e-55715d6f1058	NR_115735.1	95.200	875	27	12	5	873	599	1464	0.0	1369
87f4310e-f75a-4004-8b5e-55715d6f1058	NR_036936.1	94.954	872	30	10	5	870	608	1471	0.0	1354
87f4310e-f75a-4004-8b5e-55715d6f1058	NR_165737.1	94.954	872	30	10	5	870	608	1471	0.0	1354
87f4310e-f75a-4004-8b5e-55715d6f1058	NR_115241.1	94.839	872	30	12	5	870	608	1470	0.0	1352
e2980502-255a-4aca-bb53-1f0e760ccfe6	NR_028664.1	95.377	411	7	9	4	404	1091	1499	0.0	643
e2980502-255a-4aca-bb53-1f0e760ccfe6	NR_028665.1	95.366	410	8	9	4	404	1085	1492	0.0	641
e2980502-255a-4aca-bb53-1f0e760ccfe6	NR_179385.1	95.366	410	8	9	4	404	1092	1499	0.0	641
e2980502-255a-4aca-bb53-1f0e760ccfe6	NR_199545.1	95.366	410	8	9	4	404	1088	1495	0.0	641
e2980502-255a-4aca-bb53-1f0e760ccfe6	NR_114172.1	95.567	406	7	9	4	400	1068	1471	0.0	640
9863f34d-ea1f-4cf1-8abe-9a0834f64e50	NR_041989.1	95.287	488	16	6	1	482	596	110	0.0	767
9863f34d-ea1f-4cf1-8abe-9a0834f64e50	NR_117694.1	93.673	490	20	10	1	482	638	152	0.0	723
9863f34d-ea1f-4cf1-8abe-9a0834f64e50	NR_025902.1	94.624	465	21	3	14	475	601	138	0.0	717
9863f34d-ea1f-4cf1-8abe-9a0834f64e50	NR_117692.1	94.624	465	21	3	14	475	623	160	0.0	717
9863f34d-ea1f-4cf1-8abe-9a0834f64e50	NR_117717.1	93.429	487	25	6	1	482	659	175	0.0	715
62461f0e-b8d3-4ddd-81de-794f6d5c600b	NR_025862.1	94.624	372	11	6	7	369	396	25	2.82e-163	573
62461f0e-b8d3-4ddd-81de-794f6d5c600b	NR_028682.1	92.267	375	15	10	7	369	397	25	3.73e-147	520
62461f0e-b8d3-4ddd-81de-794f6d5c600b	NR_026454.1	87.097	372	32	13	7	363	371	1	3.03e-113	407
62461f0e-b8d3-4ddd-81de-794f6d5c600b	NR_025863.1	85.752	379	36	15	7	369	401	25	3.95e-107	387
62461f0e-b8d3-4ddd-81de-794f6d5c600b	NR_119263.1	84.197	386	35	18	7	369	394	12	1.44e-96	351
36f4ff21-0f23-4b15-a20c-4f0fe2f1c9c5	NR_112026.1	91.813	342	7	12	1	328	1328	994	2.68e-128	457
36f4ff21-0f23-4b15-a20c-4f0fe2f1c9c5	NR_179540.1	91.813	342	7	12	1	328	1366	1032	2.68e-128	457
36f4ff21-0f23-4b15-a20c-4f0fe2f1c9c5	NR_116206.1	91.520	342	8	12	1	328	1271	937	3.47e-127	453
36f4ff21-0f23-4b15-a20c-4f0fe2f1c9c5	NR_025729.1	91.520	342	8	12	1	328	1366	1032	1.25e-126	451
36f4ff21-0f23-4b15-a20c-4f0fe2f1c9c5	NR_042928.1	91.520	342	8	12	1	328	1346	1012	1.25e-126	451
8a0e7c9f-f29c-4175-ad99-1d1f5d1fdcf3	NR_042776.1	98.448	902	9	5	4	901	918	18	0.0	1583
8a0e7c9f-f29c-4175-ad99-1d1f5d1fdcf3	NR_042778.1	98.226	902	11	5	4	901	918	18	0.0	1572
8a0e7c9f-f29c-4175-ad99-1d1f5d1fdcf3	NR_042777.1	98.115	902	11	6	4	901	917	18	0.0	1567
8a0e7c9f-f29c-4175-ad99-1d1f5d1fdcf3	NR_197695.1	97.783	902	15	5	4	901	917	17	0.0	1550
8a0e7c9f-f29c-4175-ad99-1d1f5d1fdcf3	NR_118998.1	97.561	902	17	5	4	901	913	13	0.0	1541
05696d78-24fe-47d4-a6fa-ba3884716b85	NR_036936.1	88.776	1185	66	41	1	1129	295	1468	0.0	1389
05696d78-24fe-47d4-a6fa-ba3884716b85	NR_113260.1	88.345	1184	72	38	1	1129	295	1467	0.0	1362
05696d78-24fe-47d4-a6fa-ba3884716b85	NR_115736.1	88.300	1188	72	39	1	1132	242	1418	0.0	1362
05696d78-24fe-47d4-a6fa-ba3884716b85	NR_028666.1	88.077	1191	76	39	1	1135	319	1499	0.0	1352
05696d78-24fe-47d4-a6fa-ba3884716b85	NR_115242.1	88.091	1184	76	38	1	1129	303	1476	0.0	1345
5fa9a109-6175-4d0b-9b62-9cfb4f570f0d	NR_026419.1	94.706	510	18	4	27	528	976	1484	0.0	784
5fa9a109-6175-4d0b-9b62-9cfb4f570f0d	NR_025903.1	93.137	510	25	6	27	528	988	1495	0.0	739
5fa9a109-6175-4d0b-9b62-9cfb4f570f0d	NR_025904.1	92.941	510	26	6	27	528	987	1494	0.0	734
5fa9a109-6175-4d0b-9b62-9cfb4f570f0d	NR_133752.1	94.839	465	21	3	27	489	913	1376	0.0	723
5fa9a109-6175-4d0b-9b62-9cfb4f570f0d	NR_133753.1	94.839	465	21	3	27	489	942	1405	0.0	723
c1fb0a1a-038d-4fb7-82ac-6377c105a733	NR_074980.1	93.481	951	37	17	7	943	952	13	0.0	1389
c1fb0a1a-038d-4fb7-82ac-6377c105a733	NR_113031.1	93.481	951	37	17	7	943	952	13	0.0	1389
c1fb0a1a-038d-4fb7-82ac-6377c105a733	NR_119168.1	93.610	939	35	17	7	931	930	3	0.0	1378
c1fb0a1a-038d-4fb7-82ac-6377c105a733	NR_117759.1	93.397	939	37	17	7	931	928	1	0.0	1369
c1fb0a1a-038d-4fb7-82ac-6377c105a733	NR_043332.1	93.376	936	37	17	7	928	925	1	0.0	1363
54b3846d-a4d2-4ca3-978f-21385cde01f6	NR_025904.1	96.767	897	10	11	1	884	604	1494	0.0	1478
54b3846d-a4d2-4ca3-978f-21385cde01f6	NR_025903.1	96.321	897	14	11	1	884	605	1495	0.0	1456
54b3846d-a4d2-4ca3-978f-21385cde01f6	NR_026419.1	95.875	897	19	10	1	884	593	1484	0.0	1435
54b3846d-a4d2-4ca3-978f-21385cde01f6	NR_133752.1	96.334	873	14	10	1	860	530	1397	0.0	1419
54b3846d-a4d2-4ca3-978f-21385cde01f6	NR_133753.1	96.334	873	14	10	1	860	559	1426	0.0	1419
44cd58d7-b928-4932-845b-414118237bdb	NR_028682.1	95.604	819	20	13	1	804	680	1497	0.0	1299
44cd58d7-b928-4932-845b-414118237bdb	NR_119263.1	93.803	823	36	12	1	809	677	1498	0.0	1223
44cd58d7-b928-4932-845b-414118237bdb	NR_025396.1	93.788	821	38	10	1	809	651	1470	0.0	1221
44cd58d7-b928-4932-845b-414118237bdb	NR_040926.1	93.689	824	35	14	1	809	658	1479	0.0	1218
44cd58d7-b928-4932-845b-414118237bdb	NR_113798.1	93.773	819	36	12	1	805	664	1481	0.0	1216
81233d0f-b684-4c64-bdcb-a21ed7aa9b7a	NR_113570.1	95.642	413	8	8	1	404	1180	769	0.0	654
81233d0f-b684-4c64-bdcb-a21ed7aa9b7a	NR_025762.1	95.400	413	9	8	1	404	1151	740	0.0	649
81233d0f-b684-4c64-bdcb-a21ed7aa9b7a	NR_115355.1	95.400	413	9	8	1	404	1173	762	0.0	649
81233d0f-b684-4c64-bdcb-a21ed7aa9b7a	NR_179325.1	95.400	413	9	8	1	404	1147	736	0.0	649
81233d0f-b684-4c64-bdcb-a21ed7aa9b7a	NR_115354.1	95.157	413	10	8	1	404	1173	762	0.0	645
a1d8b9b3-6336-498a-8ba3-4c5afbf9bb2b	NR_165737.1	91.445	1239	62	34	1	1217	255	1471	0.0	1661
a1d8b9b3-6336-498a-8ba3-4c5afbf9bb2b	NR_024842.1	91.311	1243	63	33	1	1221	270	1489	0.0	1657
a1d8b9b3-6336-498a-8ba3-4c5afbf9bb2b	NR_109720.1	91.552	1231	60	33	1	1209	249	1457	0.0	1657
a1d8b9b3-6336-498a-8ba3-4c5afbf9bb2b	NR_115735.1	91.304	1242	63	33	1	1220	246	1464	0.0	1653
a1d8b9b3-6336-498a-8ba3-4c5afbf9bb2b	NR_115241.1	91.041	1239	66	33	1	1217	255	1470	0.0	1635
450512d6-ec28-4532-bf6d-96045371c072	NR_024842.1	93.888	1407	49	21	1	1384	1400	8	0.0	2091
450512d6-ec28-4532-bf6d-96045371c072	NR_115241.1	93.853	1399	49	21	1	1376	1385	1	0.0	2076
450512d6-ec28-4532-bf6d-96045371c072	NR_178515.1	93.786	1400	48	23	1	1376	1385	1	0.0	2067
450512d6-ec28-4532-bf6d-96045371c072	NR_115735.1	93.952	1389	47	21	1	1365	1376	1	0.0	2065
450512d6-ec28-4532-bf6d-96045371c072	NR_165737.1	93.571	1400	51	23	1	1376	1385	1	0.0	2050
6a8cfede-fcab-4e05-91cd-12074164a8a8	NR_117694.1	95.429	1400	27	30	17	1392	81	1467	0.0	2196
6a8cfede-fcab-4e05-91cd-12074164a8a8	NR_117696.1	94.635	1398	42	27	17	1392	68	1454	0.0	2135
6a8cfede-fcab-4e05-91cd-12074164a8a8	NR_117717.1	94.564	1398	42	28	17	1392	102	1487	0.0	2130
6a8cfede-fcab-4e05-91cd-12074164a8a8	NR_041989.1	96.006	1327	21	26	17	1322	39	1354	0.0	2128
6a8cfede-fcab-4e05-91cd-12074164a8a8	NR_117692.1	94.492	1398	44	26	17	1392	81	1467	0.0	2124
765ce4ea-f56c-4421-ac71-b2d6f83a3bca	NR_104947.1	96.281	484	11	5	1	478	931	1413	0.0	787
765ce4ea-f56c-4421-ac71-b2d6f83a3bca	NR_117717.1	96.281	484	11	5	1	478	978	1460	0.0	787
765ce4ea-f56c-4421-ac71-b2d6f83a3bca	NR_117696.1	96.281	484	11	5	1	478	945	1427	0.0	787
765ce4ea-f56c-4421-ac71-b2d6f83a3bca	NR_159079.1	96.074	484	12	5	1	478	954	1436	0.0	782
765ce4ea-f56c-4421-ac71-b2d6f83a3bca	NR_117694.1	96.074	484	12	5	1	478	958	1440	0.0	782
7e5e4283-8965-400d-ab37-1dfa06f7728a	NR_042928.1	97.581	496	9	3	1	495	494	1	0.0	846
7e5e4283-8965-400d-ab37-1dfa06f7728a	NR_109720.1	97.347	490	12	1	1	489	490	1	0.0	832
7e5e4283-8965-400d-ab37-1dfa06f7728a	NR_199547.1	98.097	473	7	2	1	472	474	3	0.0	822
7e5e4283-8965-400d-ab37-1dfa06f7728a	NR_036936.1	96.371	496	17	1	1	495	496	1	0.0	817
7e5e4283-8965-400d-ab37-1dfa06f7728a	NR_112026.1	97.495	479	9	3	1	478	477	1	0.0	815
9a3dde1b-65d1-47ea-996b-870a45f922bc	NR_029097.1	94.400	375	5	13	1	365	71	439	6.09e-160	562
9a3dde1b-65d1-47ea-996b-870a45f922bc	NR_125571.1	93.333	375	9	13	1	365	95	463	7.94e-154	542
9a3dde1b-65d1-47ea-996b-870a45f922bc	NR_125570.1	93.067	375	10	13	1	365	53	421	1.33e-151	534
9a3dde1b-65d1-47ea-996b-870a45f922bc	NR_180914.1	86.667	375	34	14	1	365	108	476	3.91e-112	403
9a3dde1b-65d1-47ea-996b-870a45f922bc	NR_173637.1	86.667	375	34	14	1	365	74	442	1.41e-111	401
c0e43b34-b2d5-4852-a6d1-87f9408b33a1	NR_119169.1	94.650	972	27	19	13	964	967	1	0.0	1487
c0e43b34-b2d5-4852-a6d1-87f9408b33a1	NR_115355.1	94.726	967	26	19	13	959	962	1	0.0	1483
c0e43b34-b2d5-4852-a6d1-87f9408b33a1	NR_074980.1	94.196	982	32	19	13	974	989	13	0.0	1474
c0e43b34-b2d5-4852-a6d1-87f9408b33a1	NR_113031.1	94.196	982	32	19	13	974	989	13	0.0	1474
c0e43b34-b2d5-4852-a6d1-87f9408b33a1	NR_163639.1	94.196	982	30	22	13	975	977	4	0.0	1472
afcf0902-6584-44c1-9d15-28ab2b76ead1	NR_042776.1	94.878	410	11	8	1	404	59	464	0.0	632
afcf0902-6584-44c1-9d15-28ab2b76ead1	NR_042777.1	94.390	410	13	8	1	404	59	464	1.10e-177	621
afcf0902-6584-44c1-9d15-28ab2b76ead1	NR_042778.1	94.390	410	13	8	1	404	59	464	1.10e-177	621
afcf0902-6584-44c1-9d15-28ab2b76ead1	NR_197695.1	94.390	410	13	8	1	404	58	463	1.10e-177	621
afcf0902-6584-44c1-9d15-28ab2b76ead1	NR_118998.1	93.659	410	16	8	1	404	54	459	3.08e-173	606
f54e7425-9868-4fd6-9568-8bb5dd5935b8	NR_024842.1	96.912	421	7	5	1	416	702	1121	0.0	701
f54e7425-9868-4fd6-9568-8bb5dd5935b8	NR_036936.1	96.912	421	7	5	1	416	687	1106	0.0	701
f54e7425-9868-4fd6-9568-8bb5dd5935b8	NR_109720.1	96.912	421	7	5	1	416	681	1100	0.0	701
f54e7425-9868-4fd6-9568-8bb5dd5935b8	NR_115735.1	96.912	421	7	5	1	416	678	1097	0.0	701
f54e7425-9868-4fd6-9568-8bb5dd5935b8	NR_116211.1	96.912	421	7	5	1	416	610	1029	0.0	701
22ee8476-b5c3-4994-8421-93908344094a	NR_043332.1	88.372	258	13	9	1	243	1389	1134	1.61e-79	294
22ee8476-b5c3-4994-8421-93908344094a	NR_074980.1	88.372	258	13	9	1	243	1416	1161	1.61e-79	294
22ee8476-b5c3-4994-8421-93908344094a	NR_113031.1	88.372	258	13	9	1	243	1416	1161	1.61e-79	294
22ee8476-b5c3-4994-8421-93908344094a	NR_113570.1	88.372	258	13	9	1	243	1396	1141	1.61e-79	294
22ee8476-b5c3-4994-8421-93908344094a	NR_044091.1	88.372	258	13	9	1	243	1304	1049	1.61e-79	294
dc38b9f6-345c-472b-869c-308075cf03a3	NR_025862.1	95.976	671	14	13	1	664	675	11	0.0	1085
dc38b9f6-345c-472b-869c-308075cf03a3	NR_028682.1	93.890	671	25	16	1	662	676	13	0.0	998
dc38b9f6-345c-472b-869c-308075cf03a3	NR_026454.1	91.172	657	41	17	1	645	652	1	0.0	876
dc38b9f6-345c-472b-869c-308075cf03a3	NR_025863.1	88.496	678	56	22	1	664	680	11	0.0	802
dc38b9f6-345c-472b-869c-308075cf03a3	NR_180911.1	88.427	674	58	19	1	662	666	1	0.0	795
68f85eb9-7cef-4fb0-a9ec-73d7669fe965	NR_028664.1	99.379	161	1	0	7	167	1403	1243	3.72e-79	292
68f85eb9-7cef-4fb0-a9ec-73d7669fe965	NR_028665.1	99.379	161	1	0	7	167	1397	1237	3.72e-79	292
68f85eb9-7cef-4fb0-a9ec-73d7669fe965	NR_042927.1	99.379	161	1	0	7	167	1382	1222	3.72e-79	292
68f85eb9-7cef-4fb0-a9ec-73d7669fe965	NR_114172.1	99.379	161	1	0	7	167	1380	1220	3.72e-79	292
68f85eb9-7cef-4fb0-a9ec-73d7669fe965	NR_114413.1	99.379	161	1	0	7	167	1405	1245	3.72e-79	292
80c78f78-2bac-4abf-a89e-558db8faa36a	NR_042927.1	99.015	406	4	0	3	408	629	224	0.0	728
80c78f78-2bac-4abf-a89e-558db8faa36a	NR_042928.1	99.015	406	4	0	3	408	627	222	0.0	728
80c78f78-2bac-4abf-a89e-558db8faa36a	NR_112026.1	99.015	406	4	0	3	408	610	205	0.0	728
80c78f78-2bac-4abf-a89e-558db8faa36a	NR_114413.1	99.015	406	4	0	3	408	652	247	0.0	728
80c78f78-2bac-4abf-a89e-558db8faa36a	NR_115734.1	99.015	406	4	0	3	408	630	225	0.0	728
4f23ca8f-7c60-4fe8-8c59-71a5c65e4247	NR_163639.1	87.387	333	17	17	1	311	1358	1029	7.18e-99	359
4f23ca8f-7c60-4fe8-8c59-71a5c65e4247	NR_179325.1	87.387	333	17	17	1	311	1317	988	7.18e-99	359
4f23ca8f-7c60-4fe8-8c59-71a5c65e4247	NR_115355.1	87.087	333	18	17	1	311	1343	1014	3.34e-97	353
4f23ca8f-7c60-4fe8-8c59-71a5c65e4247	NR_041879.1	86.826	334	18	17	1	311	1301	971	4.32e-96	350
4f23ca8f-7c60-4fe8-8c59-71a5c65e4247	NR_041880.1	86.787	333	19	17	1	311	1299	970	1.56e-95	348
5a7092b1-c3d3-4d1c-b284-424dc51046a8	NR_042928.1	87.131	1422	98	67	1	1377	1382	1	0.0	1533
5a7092b1-c3d3-4d1c-b284-424dc51046a8	NR_199547.1	87.062	1399	97	66	1	1354	1362	3	0.0	1504
5a7092b1-c3d3-4d1c-b284-424dc51046a8	NR_028664.1	86.246	1425	111	68	1	1380	1405	21	0.0	1467
5a7092b1-c3d3-4d1c-b284-424dc51046a8	NR_115240.1	86.217	1422	111	68	1	1377	1382	1	0.0	1461
5a7092b1-c3d3-4d1c-b284-424dc51046a8	NR_114413.1	85.895	1425	118	66	1	1380	1407	21	0.0	1441
3f1ac5c1-a866-4842-afe2-0d63eee312a1	NR_042776.1	91.106	416	22	14	5	409	427	16	5.39e-156	549
3f1ac5c1-a866-4842-afe2-0d63eee312a1	NR_042778.1	90.865	416	23	14	5	409	427	16	2.51e-154	544
3f1ac5c1-a866-4842-afe2-0d63eee312a1	NR_042777.1	90.625	416	24	14	5	409	427	16	1.17e-152	538
3f1ac5c1-a866-4842-afe2-0d63eee312a1	NR_197695.1	90.385	416	25	14	5	409	426	15	5.43e-151	532
3f1ac5c1-a866-4842-afe2-0d63eee312a1	NR_118998.1	90.120	415	28	13	5	409	422	11	7.02e-150	529
a5c85a17-2a95-4e45-ad94-eebc810f949b	NR_117719.1	95.980	796	15	13	1	783	705	1496	0.0	1277
a5c85a17-2a95-4e45-ad94-eebc810f949b	NR_179383.1	95.980	796	15	13	1	783	712	1503	0.0	1277
a5c85a17-2a95-4e45-ad94-eebc810f949b	NR_175455.1	95.859	797	15	14	1	783	693	1485	0.0	1273
a5c85a17-2a95-4e45-ad94-eebc810f949b	NR_179540.1	95.854	796	15	12	1	783	705	1495	0.0	1271
a5c85a17-2a95-4e45-ad94-eebc810f949b	NR_028664.1	95.729	796	17	11	1	783	708	1499	0.0	1266
a2fe5321-13f6-4a19-b5ca-bd25c85e9a8d	NR_042776.1	96.377	414	9	6	7	415	1084	1496	0.0	676
a2fe5321-13f6-4a19-b5ca-bd25c85e9a8d	NR_042777.1	96.377	414	9	6	7	415	1083	1495	0.0	676
a2fe5321-13f6-4a19-b5ca-bd25c85e9a8d	NR_042778.1	95.894	414	11	6	7	415	1084	1496	0.0	665
a2fe5321-13f6-4a19-b5ca-bd25c85e9a8d	NR_118998.1	95.894	414	11	6	7	415	1078	1490	0.0	665
a2fe5321-13f6-4a19-b5ca-bd25c85e9a8d	NR_197695.1	95.894	414	11	6	7	415	1083	1495	0.0	665
b65a49f1-b57b-4505-bf33-a8c6d5254ced	NR_042843.1	98.635	513	2	5	1	510	599	1109	0.0	904
b65a49f1-b57b-4505-bf33-a8c6d5254ced	NR_102895.1	98.635	513	2	5	1	510	627	1137	0.0	904
b65a49f1-b57b-4505-bf33-a8c6d5254ced	NR_113113.1	98.635	513	2	5	1	510	607	1117	0.0	904
b65a49f1-b57b-4505-bf33-a8c6d5254ced	NR_113124.1	97.864	515	5	6	1	512	619	1130	0.0	885
b65a49f1-b57b-4505-bf33-a8c6d5254ced	NR_115327.1	97.864	515	5	6	1	512	599	1110	0.0	885
a426b66e-057a-4333-b987-de501b04ef9e	NR_024842.1	95.833	672	13	8	1	658	678	8	0.0	1075
a426b66e-057a-4333-b987-de501b04ef9e	NR_115241.1	96.084	664	11	8	1	650	663	1	0.0	1068
a426b66e-057a-4333-b987-de501b04ef9e	NR_115735.1	95.878	655	11	9	1	640	654	1	0.0	1046
a426b66e-057a-4333-b987-de501b04ef9e	NR_178515.1	94.578	664	21	8	1	650	663	1	0.0	1013
a426b66e-057a-4333-b987-de501b04ef9e	NR_117425.1	94.144	666	26	6	1	653	666	1	0.0	1002
bd9d54ce-904c-43a3-b63f-92a1b0080b0f	NR_114413.1	94.737	380	14	5	1	374	395	16	3.70e-167	586
bd9d54ce-904c-43a3-b63f-92a1b0080b0f	NR_165737.1	94.892	372	13	5	1	366	372	1	2.23e-164	577
bd9d54ce-904c-43a3-b63f-92a1b0080b0f	NR_178515.1	94.892	372	13	5	1	366	372	1	2.23e-164	577
bd9d54ce-904c-43a3-b63f-92a1b0080b0f	NR_042927.1	94.624	372	14	5	1	366	372	1	1.04e-162	571
bd9d54ce-904c-43a3-b63f-92a1b0080b0f	NR_024842.1	93.947	380	17	5	1	374	387	8	3.73e-162	569
7e882d90-08a6-48e7-89a4-4ebebaad4b5a	NR_042778.1	90.299	268	12	6	1	255	284	18	7.58e-93	339
7e882d90-08a6-48e7-89a4-4ebebaad4b5a	NR_042776.1	89.925	268	13	6	1	255	284	18	3.53e-91	333
7e882d90-08a6-48e7-89a4-4ebebaad4b5a	NR_118998.1	89.179	268	15	6	1	255	279	13	2.12e-88	324
7e882d90-08a6-48e7-89a4-4ebebaad4b5a	NR_042777.1	89.179	268	15	6	1	255	284	18	7.63e-88	322
7e882d90-08a6-48e7-89a4-4ebebaad4b5a	NR_197695.1	89.179	268	15	5	1	255	283	17	7.63e-88	322
e313ecd7-87ac-4cc1-a227-818b52b3f0d5	NR_042927.1	88.616	1019	51	60	1	984	483	1471	0.0	1179
e313ecd7-87ac-4cc1-a227-818b52b3f0d5	NR_115734.1	88.616	1019	51	60	1	984	484	1472	0.0	1179
e313ecd7-87ac-4cc1-a227-818b52b3f0d5	NR_028664.1	88.518	1019	52	59	1	984	504	1492	0.0	1173
e313ecd7-87ac-4cc1-a227-818b52b3f0d5	NR_042928.1	88.507	1018	53	58	1	984	481	1468	0.0	1173
e313ecd7-87ac-4cc1-a227-818b52b3f0d5	NR_115240.1	88.518	1019	52	59	1	984	481	1469	0.0	1173
731418d1-2155-4290-8f93-a44dc7e666d8	NR_042928.1	95.157	1115	40	11	4	1106	1113	1	0.0	1748
731418d1-2155-4290-8f93-a44dc7e666d8	NR_117425.1	94.996	1119	42	11	4	1109	1118	1	0.0	1744
731418d1-2155-4290-8f93-a44dc7e666d8	NR_199547.1	95.421	1092	37	10	4	1083	1093	3	0.0	1727
731418d1-2155-4290-8f93-a44dc7e666d8	NR_117719.1	94.494	1126	48	11	1	1114	1136	13	0.0	1724
731418d1-2155-4290-8f93-a44dc7e666d8	NR_112026.1	95.005	1101	40	12	1	1089	1098	1	0.0	1716
1ea79e9c-4c8b-4cd2-a33e-6c92fffaeea4	NR_044091.1	93.949	314	11	6	5	313	1122	812	1.24e-131	468
1ea79e9c-4c8b-4cd2-a33e-6c92fffaeea4	NR_028839.1	93.312	314	13	6	5	313	1171	861	2.67e-128	457
1ea79e9c-4c8b-4cd2-a33e-6c92fffaeea4	NR_042940.1	92.994	314	14	7	5	313	1120	810	1.24e-126	451
1ea79e9c-4c8b-4cd2-a33e-6c92fffaeea4	NR_041879.1	92.675	314	15	7	5	313	1165	855	5.79e-125	446
1ea79e9c-4c8b-4cd2-a33e-6c92fffaeea4	NR_025762.1	92.675	314	14	8	5	313	1185	876	2.08e-124	444
ade2b20f-665e-432e-86c6-b4d04e5a4a9e	NR_115355.1	97.742	310	4	3	1	308	1171	1479	1.45e-150	531
ade2b20f-665e-432e-86c6-b4d04e5a4a9e	NR_163639.1	97.742	310	4	3	1	308	1186	1494	1.45e-150	531
ade2b20f-665e-432e-86c6-b4d04e5a4a9e	NR_179325.1	97.742	310	4	3	1	308	1145	1453	1.45e-150	531
ade2b20f-665e-432e-86c6-b4d04e5a4a9e	NR_119169.1	97.419	310	5	3	1	308	1176	1484	6.74e-149	525
ade2b20f-665e-432e-86c6-b4d04e5a4a9e	NR_115354.1	97.097	310	6	3	1	308	1171	1479	3.14e-147	520
0522bce9-fd2e-4164-8427-3d1ec46c6ecc	NR_180875.1	96.462	424	9	4	1	419	1375	953	0.0	695
0522bce9-fd2e-4164-8427-3d1ec46c6ecc	NR_024842.1	96.226	424	10	4	1	419	1411	989	0.0	689
0522bce9-fd2e-4164-8427-3d1ec46c6ecc	NR_036936.1	96.226	424	10	4	1	419	1396	974	0.0	689
0522bce9-fd2e-4164-8427-3d1ec46c6ecc	NR_028665.1	96.226	424	10	5	1	419	1411	989	0.0	689
0522bce9-fd2e-4164-8427-3d1ec46c6ecc	NR_042927.1	96.226	424	10	5	1	419	1396	974	0.0	689
471feab1-d425-4f7f-a3eb-70a021b120c7	NR_119169.1	95.189	873	20	19	9	868	864	1	0.0	1363
471feab1-d425-4f7f-a3eb-70a021b120c7	NR_115355.1	95.161	868	20	19	9	863	859	1	0.0	1354
471feab1-d425-4f7f-a3eb-70a021b120c7	NR_163639.1	94.886	880	18	24	9	874	875	9	0.0	1351
471feab1-d425-4f7f-a3eb-70a021b120c7	NR_074980.1	94.767	879	24	19	9	874	886	17	0.0	1349
471feab1-d425-4f7f-a3eb-70a021b120c7	NR_113031.1	94.767	879	24	19	9	874	886	17	0.0	1349
00096371-fe65-4ff0-9916-936fd3183e46	NR_042776.1	94.645	915	24	20	10	905	926	18	0.0	1395
00096371-fe65-4ff0-9916-936fd3183e46	NR_042777.1	94.530	914	26	19	10	905	925	18	0.0	1389
00096371-fe65-4ff0-9916-936fd3183e46	NR_042778.1	94.426	915	26	20	10	905	926	18	0.0	1384
00096371-fe65-4ff0-9916-936fd3183e46	NR_197695.1	94.098	915	29	20	10	905	925	17	0.0	1367
00096371-fe65-4ff0-9916-936fd3183e46	NR_118998.1	93.989	915	30	20	10	905	921	13	0.0	1363
68e62c0e-ce16-4358-ba7c-140c587a97eb	NR_117694.1	90.857	700	25	31	1	680	685	5	0.0	902
68e62c0e-ce16-4358-ba7c-140c587a97eb	NR_121687.1	90.000	710	35	32	1	692	705	14	0.0	885
68e62c0e-ce16-4358-ba7c-140c587a97eb	NR_041989.1	91.528	661	19	27	1	642	643	1	0.0	876
68e62c0e-ce16-4358-ba7c-140c587a97eb	NR_025892.1	89.140	709	42	30	1	692	710	20	0.0	869
68e62c0e-ce16-4358-ba7c-140c587a97eb	NR_117717.1	89.592	711	36	30	1	692	706	15	0.0	869
d2d2616a-6f39-4070-896e-fbd2d4a1ed73	NR_042776.1	98.438	1024	5	10	17	1033	480	1499	0.0	1792
d2d2616a-6f39-4070-896e-fbd2d4a1ed73	NR_042777.1	98.340	1024	5	11	17	1033	480	1498	0.0	1786
d2d2616a-6f39-4070-896e-fbd2d4a1ed73	NR_042778.1	98.242	1024	7	10	17	1033	480	1499	0.0	1781
d2d2616a-6f39-4070-896e-fbd2d4a1ed73	NR_197695.1	98.047	1024	9	10	17	1033	479	1498	0.0	1770
d2d2616a-6f39-4070-896e-fbd2d4a1ed73	NR_118998.1	97.843	1020	10	10	21	1033	479	1493	0.0	1751
70f38423-c8f6-43b4-b394-88a7e6f4d1b1	NR_029097.1	93.377	453	11	12	1	437	1161	712	0.0	652
70f38423-c8f6-43b4-b394-88a7e6f4d1b1	NR_125570.1	92.936	453	13	12	1	437	1143	694	0.0	641
70f38423-c8f6-43b4-b394-88a7e6f4d1b1	NR_125571.1	92.274	453	16	11	1	437	1185	736	9.20e-179	625
70f38423-c8f6-43b4-b394-88a7e6f4d1b1	NR_042008.1	88.326	454	33	12	1	437	1212	762	2.67e-149	527
70f38423-c8f6-43b4-b394-88a7e6f4d1b1	NR_025127.1	88.326	454	32	15	1	437	1217	768	9.60e-149	525
3b0197c9-4bf7-4f88-81da-0a2cd99974e9	NR_026419.1	97.175	991	15	11	9	989	988	1	0.0	1663
3b0197c9-4bf7-4f88-81da-0a2cd99974e9	NR_025903.1	95.984	996	26	12	9	994	1000	9	0.0	1605
3b0197c9-4bf7-4f88-81da-0a2cd99974e9	NR_025904.1	95.190	998	30	15	9	994	999	8	0.0	1561
3b0197c9-4bf7-4f88-81da-0a2cd99974e9	NR_133753.1	96.607	943	23	9	9	945	954	15	0.0	1555
3b0197c9-4bf7-4f88-81da-0a2cd99974e9	NR_036920.1	94.562	993	39	14	11	994	991	5	0.0	1520
ac90155f-7122-41c2-91b2-1d9f252785ad	NR_025862.1	96.817	1194	22	10	13	1192	94	1285	0.0	1989
ac90155f-7122-41c2-91b2-1d9f252785ad	NR_028682.1	95.729	1194	36	12	13	1192	94	1286	0.0	1908
ac90155f-7122-41c2-91b2-1d9f252785ad	NR_026454.1	95.146	1195	41	12	14	1192	69	1262	0.0	1869
ac90155f-7122-41c2-91b2-1d9f252785ad	NR_116890.1	93.484	1197	57	19	13	1192	82	1274	0.0	1759
ac90155f-7122-41c2-91b2-1d9f252785ad	NR_113798.1	93.144	1196	64	12	13	1192	78	1271	0.0	1738
6d1ea193-7081-4162-b0c3-3fd512330aaf	NR_026419.1	96.388	1135	24	15	1	1125	1349	222	0.0	1853
6d1ea193-7081-4162-b0c3-3fd512330aaf	NR_133753.1	95.771	1135	31	15	1	1125	1315	188	0.0	1814
6d1ea193-7081-4162-b0c3-3fd512330aaf	NR_025903.1	95.771	1135	31	15	1	1125	1361	234	0.0	1814
6d1ea193-7081-4162-b0c3-3fd512330aaf	NR_133752.1	95.595	1135	33	15	1	1125	1286	159	0.0	1803
6d1ea193-7081-4162-b0c3-3fd512330aaf	NR_025904.1	95.075	1137	35	18	1	1125	1360	233	0.0	1770
a333e71a-7dee-4881-88b3-f12aaace1920	NR_044873.1	97.490	239	5	1	1	238	1227	1465	1.95e-113	407
a333e71a-7dee-4881-88b3-f12aaace1920	NR_028925.1	96.327	245	6	3	1	243	1230	1473	3.27e-111	399
a333e71a-7dee-4881-88b3-f12aaace1920	NR_112192.1	96.327	245	6	3	1	243	1212	1455	3.27e-111	399
a333e71a-7dee-4881-88b3-f12aaace1920	NR_181146.1	96.311	244	6	3	1	242	1224	1466	1.17e-110	398
a333e71a-7dee-4881-88b3-f12aaace1920	NR_026187.1	96.667	240	5	3	1	238	1224	1462	4.22e-110	396
27b35a38-c236-49cf-8d46-856267305bec	NR_024842.1	94.433	988	28	19	1	977	984	13	0.0	1496
27b35a38-c236-49cf-8d46-856267305bec	NR_115241.1	94.518	985	27	19	1	974	969	1	0.0	1495
27b35a38-c236-49cf-8d46-856267305bec	NR_178515.1	94.219	986	28	21	1	974	969	1	0.0	1478
27b35a38-c236-49cf-8d46-856267305bec	NR_115735.1	94.462	975	27	19	1	963	960	1	0.0	1476
27b35a38-c236-49cf-8d46-856267305bec	NR_165737.1	94.016	986	30	21	1	974	969	1	0.0	1467
3d1e84ba-4f01-4c09-a81f-01cfbb63fb24	NR_025862.1	94.620	855	23	18	1	837	861	12	0.0	1310
3d1e84ba-4f01-4c09-a81f-01cfbb63fb24	NR_028682.1	92.182	857	39	23	1	836	862	13	0.0	1186
3d1e84ba-4f01-4c09-a81f-01cfbb63fb24	NR_026454.1	90.521	844	48	27	1	818	838	1	0.0	1086
3d1e84ba-4f01-4c09-a81f-01cfbb63fb24	NR_025863.1	88.399	862	64	28	3	837	864	12	0.0	1009
3d1e84ba-4f01-4c09-a81f-01cfbb63fb24	NR_119263.1	88.120	867	63	29	1	835	859	1	0.0	994
4b30b8b4-b4a2-45a1-b217-c1a757046878	NR_042776.1	97.267	878	10	13	1	870	628	1499	0.0	1476
4b30b8b4-b4a2-45a1-b217-c1a757046878	NR_042777.1	97.267	878	10	13	1	870	627	1498	0.0	1476
4b30b8b4-b4a2-45a1-b217-c1a757046878	NR_042778.1	97.039	878	12	13	1	870	628	1499	0.0	1465
4b30b8b4-b4a2-45a1-b217-c1a757046878	NR_197695.1	96.811	878	14	13	1	870	627	1498	0.0	1454
4b30b8b4-b4a2-45a1-b217-c1a757046878	NR_118998.1	96.469	878	16	14	1	870	623	1493	0.0	1435
8fd9b32c-bb6d-48c4-b7f3-27ee9fc123a7	NR_115355.1	95.300	1383	32	26	5	1367	1370	1	0.0	2167
8fd9b32c-bb6d-48c4-b7f3-27ee9fc123a7	NR_163639.1	95.061	1397	32	31	5	1381	1385	6	0.0	2163
8fd9b32c-bb6d-48c4-b7f3-27ee9fc123a7	NR_119169.1	95.214	1379	34	25	13	1372	1366	1	0.0	2159
8fd9b32c-bb6d-48c4-b7f3-27ee9fc123a7	NR_074980.1	94.703	1397	41	26	5	1381	1397	14	0.0	2139
8fd9b32c-bb6d-48c4-b7f3-27ee9fc123a7	NR_113031.1	94.703	1397	41	26	5	1381	1397	14	0.0	2139
2661f786-3776-4ab8-a942-736204e0b125	NR_044873.1	92.857	280	10	9	1	275	870	1144	1.36e-110	398
2661f786-3776-4ab8-a942-736204e0b125	NR_044712.2	91.429	280	14	9	1	275	889	1163	1.77e-104	377
2661f786-3776-4ab8-a942-736204e0b125	NR_074568.1	91.429	280	14	9	1	275	880	1154	6.37e-104	375
2661f786-3776-4ab8-a942-736204e0b125	NR_025310.1	91.103	281	13	11	1	275	860	1134	2.96e-102	370
2661f786-3776-4ab8-a942-736204e0b125	NR_109752.1	91.071	280	15	9	1	275	891	1165	2.96e-102	370
92464028-d431-4c4a-92f3-fd9ffc3c33cf	NR_024842.1	96.333	709	13	11	1	700	786	1490	0.0	1153
92464028-d431-4c4a-92f3-fd9ffc3c33cf	NR_115735.1	96.322	707	13	11	1	698	762	1464	0.0	1149
92464028-d431-4c4a-92f3-fd9ffc3c33cf	NR_036936.1	96.170	705	13	12	1	695	771	1471	0.0	1140
92464028-d431-4c4a-92f3-fd9ffc3c33cf	NR_199974.1	95.915	710	15	11	1	700	798	1503	0.0	1138
92464028-d431-4c4a-92f3-fd9ffc3c33cf	NR_025453.1	95.781	711	15	12	1	700	771	1477	0.0	1133
704229d0-585e-499e-a72c-662efec752fc	NR_042776.1	97.673	1289	14	13	1	1281	1298	18	0.0	2200
704229d0-585e-499e-a72c-662efec752fc	NR_042778.1	97.440	1289	17	13	1	1281	1298	18	0.0	2183
704229d0-585e-499e-a72c-662efec752fc	NR_042777.1	97.440	1289	16	14	1	1281	1297	18	0.0	2182
704229d0-585e-499e-a72c-662efec752fc	NR_197695.1	97.052	1289	22	13	1	1281	1297	17	0.0	2156
704229d0-585e-499e-a72c-662efec752fc	NR_118998.1	96.742	1289	25	15	1	1281	1292	13	0.0	2134
9d6f3061-48f6-4846-95d9-07bcc02a2df7	NR_041879.1	96.882	449	5	7	1	443	604	159	0.0	743
9d6f3061-48f6-4846-95d9-07bcc02a2df7	NR_115355.1	96.882	449	5	7	1	443	647	202	0.0	743
9d6f3061-48f6-4846-95d9-07bcc02a2df7	NR_179325.1	96.882	449	5	7	1	443	621	176	0.0	743
9d6f3061-48f6-4846-95d9-07bcc02a2df7	NR_119169.1	96.659	449	6	7	1	443	652	207	0.0	739
9d6f3061-48f6-4846-95d9-07bcc02a2df7	NR_163639.1	96.214	449	5	10	1	443	663	221	0.0	725
ae621640-bf80-4e8e-a44e-621b922b8af1	NR_113570.1	94.737	456	8	14	10	451	1210	757	0.0	695
ae621640-bf80-4e8e-a44e-621b922b8af1	NR_115354.1	94.518	456	9	14	10	451	1203	750	0.0	691
ae621640-bf80-4e8e-a44e-621b922b8af1	NR_041880.1	94.518	456	9	14	10	451	1159	706	0.0	689
ae621640-bf80-4e8e-a44e-621b922b8af1	NR_025762.1	94.518	456	9	12	10	451	1181	728	0.0	689
ae621640-bf80-4e8e-a44e-621b922b8af1	NR_115355.1	94.518	456	9	12	10	451	1203	750	0.0	689
744042ca-5c1d-42e6-b01b-c6bf96ef8f1e	NR_042928.1	93.910	821	30	16	10	820	811	1	0.0	1221
744042ca-5c1d-42e6-b01b-c6bf96ef8f1e	NR_165747.1	93.423	821	34	16	10	820	811	1	0.0	1199
744042ca-5c1d-42e6-b01b-c6bf96ef8f1e	NR_199547.1	94.110	798	28	15	10	797	791	3	0.0	1195
744042ca-5c1d-42e6-b01b-c6bf96ef8f1e	NR_109720.1	93.382	816	36	14	9	814	808	1	0.0	1192
744042ca-5c1d-42e6-b01b-c6bf96ef8f1e	NR_028664.1	92.987	827	38	16	10	826	834	18	0.0	1188
419288d0-b67c-494e-bdc1-a04f15718160	NR_042776.1	96.464	1414	27	17	1	1397	90	1497	0.0	2313
419288d0-b67c-494e-bdc1-a04f15718160	NR_042777.1	96.252	1414	29	18	1	1397	90	1496	0.0	2296
419288d0-b67c-494e-bdc1-a04f15718160	NR_042778.1	96.181	1414	31	17	1	1397	90	1497	0.0	2290
419288d0-b67c-494e-bdc1-a04f15718160	NR_197695.1	96.146	1401	32	16	13	1397	102	1496	0.0	2268
419288d0-b67c-494e-bdc1-a04f15718160	NR_118998.1	95.545	1414	39	18	1	1397	85	1491	0.0	2242
7c252993-c0d0-41c8-8349-b1ebc9b016fa	NR_042928.1	95.722	1052	25	17	18	1059	1042	1	0.0	1676
7c252993-c0d0-41c8-8349-b1ebc9b016fa	NR_199547.1	96.113	1029	24	16	18	1039	1022	3	0.0	1664
7c252993-c0d0-41c8-8349-b1ebc9b016fa	NR_112026.1	95.652	1035	27	17	18	1045	1024	1	0.0	1648
7c252993-c0d0-41c8-8349-b1ebc9b016fa	NR_117719.1	94.712	1059	35	18	18	1065	1062	14	0.0	1626
7c252993-c0d0-41c8-8349-b1ebc9b016fa	NR_165747.1	94.787	1055	33	19	18	1059	1046	1	0.0	1624
388473fd-3d70-467e-80f5-f87234c9cfde	NR_109628.1	95.251	1074	37	12	2	1064	1071	1	0.0	1688
388473fd-3d70-467e-80f5-f87234c9cfde	NR_102895.1	93.889	1080	52	12	2	1070	1098	22	0.0	1616
388473fd-3d70-467e-80f5-f87234c9cfde	NR_113105.1	93.796	1080	53	12	2	1070	1078	2	0.0	1611
388473fd-3d70-467e-80f5-f87234c9cfde	NR_113113.1	93.796	1080	53	12	2	1070	1078	2	0.0	1611
388473fd-3d70-467e-80f5-f87234c9cfde	NR_042843.1	93.756	1073	53	12	2	1063	1070	1	0.0	1600
7084580c-aa96-400b-a140-a2530ba40555	NR_026419.1	95.140	926	20	20	2	910	576	1493	0.0	1437
7084580c-aa96-400b-a140-a2530ba40555	NR_025904.1	94.276	926	27	22	2	910	587	1503	0.0	1393
7084580c-aa96-400b-a140-a2530ba40555	NR_025903.1	94.283	927	25	23	2	910	588	1504	0.0	1393
7084580c-aa96-400b-a140-a2530ba40555	NR_133752.1	94.401	893	24	21	2	876	513	1397	0.0	1349
7084580c-aa96-400b-a140-a2530ba40555	NR_133753.1	94.401	893	24	21	2	876	542	1426	0.0	1349
e2ea4ecf-09a5-47de-babb-2a3c2642ca6f	NR_024842.1	96.115	1390	35	17	1	1377	1391	8	0.0	2254
e2ea4ecf-09a5-47de-babb-2a3c2642ca6f	NR_115241.1	96.165	1382	34	17	1	1369	1376	1	0.0	2244
e2ea4ecf-09a5-47de-babb-2a3c2642ca6f	NR_115735.1	96.140	1373	33	18	1	1359	1367	1	0.0	2224
e2ea4ecf-09a5-47de-babb-2a3c2642ca6f	NR_178515.1	95.951	1383	35	19	1	1369	1376	1	0.0	2224
e2ea4ecf-09a5-47de-babb-2a3c2642ca6f	NR_165737.1	95.734	1383	38	19	1	1369	1376	1	0.0	2207
3bbda747-c54b-4b76-9854-dcd5e1fe5e5c	NR_036936.1	93.548	527	14	14	3	515	951	1471	0.0	767
3bbda747-c54b-4b76-9854-dcd5e1fe5e5c	NR_152678.1	93.220	531	16	14	3	519	971	1495	0.0	763
3bbda747-c54b-4b76-9854-dcd5e1fe5e5c	NR_028664.1	93.032	531	17	14	3	519	972	1496	0.0	758
3bbda747-c54b-4b76-9854-dcd5e1fe5e5c	NR_117719.1	93.032	531	17	14	3	519	969	1493	0.0	758
3bbda747-c54b-4b76-9854-dcd5e1fe5e5c	NR_179383.1	93.032	531	17	14	3	519	976	1500	0.0	758
b005bd0f-818a-4689-a29d-79febe1b8eba	NR_042776.1	90.874	1030	53	31	5	999	1042	19	0.0	1343
b005bd0f-818a-4689-a29d-79febe1b8eba	NR_042777.1	90.583	1030	55	32	5	999	1041	19	0.0	1327
b005bd0f-818a-4689-a29d-79febe1b8eba	NR_197695.1	90.622	1013	54	31	22	999	1024	18	0.0	1306
b005bd0f-818a-4689-a29d-79febe1b8eba	NR_024841.1	88.514	1036	74	35	1	999	1035	8	0.0	1212
b005bd0f-818a-4689-a29d-79febe1b8eba	NR_113260.1	88.630	1029	74	33	1	994	1021	1	0.0	1212
44e11992-9da7-4a2e-a925-a50731c89df4	NR_042776.1	94.982	1375	45	21	7	1370	139	1500	0.0	2135
44e11992-9da7-4a2e-a925-a50731c89df4	NR_042777.1	94.764	1375	47	22	7	1370	139	1499	0.0	2117
44e11992-9da7-4a2e-a925-a50731c89df4	NR_042778.1	94.691	1375	49	21	7	1370	139	1500	0.0	2113
44e11992-9da7-4a2e-a925-a50731c89df4	NR_197695.1	94.545	1375	51	21	7	1370	138	1499	0.0	2102
44e11992-9da7-4a2e-a925-a50731c89df4	NR_118998.1	94.182	1375	55	22	7	1370	134	1494	0.0	2073
6a53695a-543c-4269-8c88-a33b35a58bcf	NR_036936.1	93.866	538	20	13	6	534	582	1115	0.0	798
6a53695a-543c-4269-8c88-a33b35a58bcf	NR_178515.1	93.878	539	18	14	6	534	582	1115	0.0	798
6a53695a-543c-4269-8c88-a33b35a58bcf	NR_024842.1	93.692	539	19	14	6	534	597	1130	0.0	793
6a53695a-543c-4269-8c88-a33b35a58bcf	NR_109720.1	93.692	539	19	14	6	534	576	1109	0.0	793
6a53695a-543c-4269-8c88-a33b35a58bcf	NR_115735.1	93.692	539	19	14	6	534	573	1106	0.0	793
