4041a283-344c-4c0f-a82c-d93538ba2ab0	NR_043332.1	89.585	1277	78	49	2	1250	1270	21	0.0	1572
4041a283-344c-4c0f-a82c-d93538ba2ab0	NR_113570.1	89.593	1278	77	50	2	1250	1277	27	0.0	1572
4041a283-344c-4c0f-a82c-d93538ba2ab0	NR_117759.1	89.585	1277	78	50	2	1250	1273	24	0.0	1572
4041a283-344c-4c0f-a82c-d93538ba2ab0	NR_115355.1	89.428	1277	80	49	2	1250	1270	21	0.0	1563
4041a283-344c-4c0f-a82c-d93538ba2ab0	NR_119168.1	89.193	1277	83	49	2	1250	1275	26	0.0	1557
c8818230-76f8-4563-9007-624474baa4fe	NR_024842.1	96.078	510	12	6	10	512	516	8	0.0	826
c8818230-76f8-4563-9007-624474baa4fe	NR_024842.1	81.006	358	59	7	644	995	1135	1489	2.51e-73	276
c8818230-76f8-4563-9007-624474baa4fe	NR_115241.1	96.215	502	11	6	10	504	501	1	0.0	815
c8818230-76f8-4563-9007-624474baa4fe	NR_115241.1	80.508	354	60	7	644	991	1120	1470	5.44e-70	265
c8818230-76f8-4563-9007-624474baa4fe	NR_115735.1	95.943	493	11	7	10	494	492	1	0.0	791
c8818230-76f8-4563-9007-624474baa4fe	NR_115735.1	80.952	357	59	7	644	994	1111	1464	9.04e-73	274
c8818230-76f8-4563-9007-624474baa4fe	NR_178515.1	95.030	503	15	8	10	504	501	1	0.0	782
c8818230-76f8-4563-9007-624474baa4fe	NR_178515.1	83.392	283	42	4	644	924	1120	1399	9.10e-68	257
c8818230-76f8-4563-9007-624474baa4fe	NR_117425.1	94.653	505	19	6	10	507	504	1	0.0	776
c8818230-76f8-4563-9007-624474baa4fe	NR_117425.1	83.039	283	43	4	644	924	1123	1402	4.23e-66	252
0470c6e9-a366-47b6-b7b1-86adf54c1144	NR_026419.1	94.231	572	17	14	1	562	1460	895	0.0	859
0470c6e9-a366-47b6-b7b1-86adf54c1144	NR_133752.1	93.182	572	23	14	1	562	1397	832	0.0	826
0470c6e9-a366-47b6-b7b1-86adf54c1144	NR_133753.1	93.182	572	23	14	1	562	1426	861	0.0	826
0470c6e9-a366-47b6-b7b1-86adf54c1144	NR_025904.1	93.170	571	23	14	2	562	1470	906	0.0	824
0470c6e9-a366-47b6-b7b1-86adf54c1144	NR_025903.1	93.170	571	23	14	2	562	1471	907	0.0	824
9ef027fa-859f-4e21-a4c7-a29fb922fb88	NR_118512.1	90.169	295	11	12	1	281	1383	1093	1.08e-101	368
9ef027fa-859f-4e21-a4c7-a29fb922fb88	NR_156802.1	90.169	295	11	12	1	281	1404	1114	1.08e-101	368
9ef027fa-859f-4e21-a4c7-a29fb922fb88	NR_156805.1	90.169	295	11	12	1	281	1404	1114	1.08e-101	368
9ef027fa-859f-4e21-a4c7-a29fb922fb88	NR_197757.1	89.831	295	12	13	1	281	1402	1112	5.01e-100	363
9ef027fa-859f-4e21-a4c7-a29fb922fb88	NR_118526.1	89.492	295	13	12	1	281	1382	1092	2.33e-98	357
dffc37d3-fae3-4840-9f60-d1752f08638f	NR_024842.1	97.090	1134	20	13	1	1123	362	1493	0.0	1901
dffc37d3-fae3-4840-9f60-d1752f08638f	NR_115735.1	97.254	1129	18	13	1	1118	338	1464	0.0	1901
dffc37d3-fae3-4840-9f60-d1752f08638f	NR_036936.1	97.161	1127	18	14	1	1115	347	1471	0.0	1892
dffc37d3-fae3-4840-9f60-d1752f08638f	NR_165737.1	97.161	1127	18	14	1	1115	347	1471	0.0	1892
dffc37d3-fae3-4840-9f60-d1752f08638f	NR_115241.1	96.980	1126	21	13	1	1115	347	1470	0.0	1884
c8f0f9fd-6d37-4acb-9ea1-4e24957dc596	NR_024842.1	93.383	1073	42	23	1	1056	1068	8	0.0	1565
c8f0f9fd-6d37-4acb-9ea1-4e24957dc596	NR_178515.1	93.521	1065	39	24	1	1047	1053	1	0.0	1557
c8f0f9fd-6d37-4acb-9ea1-4e24957dc596	NR_115241.1	93.421	1064	42	22	1	1047	1053	1	0.0	1555
c8f0f9fd-6d37-4acb-9ea1-4e24957dc596	NR_165737.1	93.239	1065	42	24	1	1047	1053	1	0.0	1541
c8f0f9fd-6d37-4acb-9ea1-4e24957dc596	NR_115735.1	93.460	1055	40	23	1	1037	1044	1	0.0	1539
adfd59be-b47b-4993-9c7f-8d588defabc9	NR_115735.1	95.468	1037	22	21	13	1037	356	1379	0.0	1631
adfd59be-b47b-4993-9c7f-8d588defabc9	NR_116211.1	95.468	1037	22	21	13	1037	288	1311	0.0	1631
adfd59be-b47b-4993-9c7f-8d588defabc9	NR_024842.1	95.371	1037	23	20	13	1037	380	1403	0.0	1628
adfd59be-b47b-4993-9c7f-8d588defabc9	NR_178515.1	95.376	1038	23	21	12	1037	364	1388	0.0	1628
adfd59be-b47b-4993-9c7f-8d588defabc9	NR_109720.1	95.371	1037	23	21	13	1037	359	1382	0.0	1626
4d01904d-40eb-4a09-8dc0-318cdd35ab04	NR_074568.1	95.783	166	5	2	12	176	178	14	2.40e-71	267
4d01904d-40eb-4a09-8dc0-318cdd35ab04	NR_044712.2	95.783	166	5	2	12	176	187	23	2.40e-71	267
4d01904d-40eb-4a09-8dc0-318cdd35ab04	NR_044873.1	95.181	166	6	2	12	176	167	3	1.12e-69	261
4d01904d-40eb-4a09-8dc0-318cdd35ab04	NR_028925.1	94.872	156	7	1	22	176	169	14	4.04e-64	243
4d01904d-40eb-4a09-8dc0-318cdd35ab04	NR_037113.1	94.872	156	7	1	22	176	156	1	4.04e-64	243
c109f12e-4404-443e-9bfb-980adf80276c	NR_024842.1	95.861	459	13	6	1	454	465	8	0.0	739
c109f12e-4404-443e-9bfb-980adf80276c	NR_115241.1	96.222	450	12	5	1	445	450	1	0.0	732
c109f12e-4404-443e-9bfb-980adf80276c	NR_115735.1	95.918	441	12	6	1	435	441	1	0.0	710
c109f12e-4404-443e-9bfb-980adf80276c	NR_165737.1	95.122	451	15	7	1	445	450	1	0.0	704
c109f12e-4404-443e-9bfb-980adf80276c	NR_178515.1	94.900	451	16	7	1	445	450	1	0.0	699
031cfada-9020-45ff-b0e0-9ceefe367882	NR_074980.1	90.603	713	48	16	4	705	719	15	0.0	928
031cfada-9020-45ff-b0e0-9ceefe367882	NR_113031.1	90.603	713	48	16	4	705	719	15	0.0	928
031cfada-9020-45ff-b0e0-9ceefe367882	NR_119168.1	90.780	705	46	16	4	697	697	1	0.0	924
031cfada-9020-45ff-b0e0-9ceefe367882	NR_119169.1	90.638	705	47	15	4	697	697	1	0.0	922
031cfada-9020-45ff-b0e0-9ceefe367882	NR_115355.1	90.714	700	46	15	4	692	692	1	0.0	918
8f52abf0-6963-428b-bc10-e83c01eae392	NR_044873.1	96.933	326	5	5	38	360	1139	1462	7.94e-154	542
8f52abf0-6963-428b-bc10-e83c01eae392	NR_178796.1	96.000	325	9	4	38	360	1147	1469	7.99e-149	525
8f52abf0-6963-428b-bc10-e83c01eae392	NR_178939.1	96.000	325	9	4	38	360	1148	1470	7.99e-149	525
8f52abf0-6963-428b-bc10-e83c01eae392	NR_074568.1	96.000	325	8	5	38	360	1149	1470	2.88e-148	523
8f52abf0-6963-428b-bc10-e83c01eae392	NR_042334.1	95.692	325	9	5	38	360	1145	1466	1.34e-146	518
1ebab638-9d64-411e-a95e-f84a6c10e25d	NR_044091.1	95.262	401	6	7	1	395	705	1098	2.98e-178	623
1ebab638-9d64-411e-a95e-f84a6c10e25d	NR_042940.1	94.763	401	8	7	1	395	703	1096	6.45e-175	612
1ebab638-9d64-411e-a95e-f84a6c10e25d	NR_025762.1	94.514	401	8	9	1	395	769	1161	3.00e-173	606
1ebab638-9d64-411e-a95e-f84a6c10e25d	NR_041879.1	94.514	401	9	8	1	395	748	1141	3.00e-173	606
1ebab638-9d64-411e-a95e-f84a6c10e25d	NR_115355.1	94.514	401	8	9	1	395	791	1183	3.00e-173	606
2144d4f9-487d-4554-9d69-c5e2f6cafe54	NR_042776.1	97.833	923	15	5	11	930	938	18	0.0	1589
2144d4f9-487d-4554-9d69-c5e2f6cafe54	NR_042778.1	97.616	923	17	5	11	930	938	18	0.0	1578
2144d4f9-487d-4554-9d69-c5e2f6cafe54	NR_042777.1	97.508	923	17	6	11	930	937	18	0.0	1572
2144d4f9-487d-4554-9d69-c5e2f6cafe54	NR_197695.1	97.291	923	20	5	11	930	937	17	0.0	1561
2144d4f9-487d-4554-9d69-c5e2f6cafe54	NR_118998.1	96.858	923	23	6	11	930	932	13	0.0	1541
ba9a80dc-bb39-4530-91e3-84ddee9f4736	NR_117694.1	95.011	1383	38	26	2	1370	102	1467	0.0	2143
ba9a80dc-bb39-4530-91e3-84ddee9f4736	NR_117696.1	94.352	1381	51	24	2	1370	89	1454	0.0	2093
ba9a80dc-bb39-4530-91e3-84ddee9f4736	NR_117717.1	94.280	1381	51	25	2	1370	123	1487	0.0	2087
ba9a80dc-bb39-4530-91e3-84ddee9f4736	NR_121687.1	94.207	1381	53	24	2	1370	122	1487	0.0	2082
ba9a80dc-bb39-4530-91e3-84ddee9f4736	NR_117692.1	94.207	1381	53	24	2	1370	102	1467	0.0	2082
8b4b52b3-263d-4039-ac12-9043cc18d2e3	NR_042776.1	95.902	488	10	9	2	483	501	18	0.0	782
8b4b52b3-263d-4039-ac12-9043cc18d2e3	NR_042777.1	95.492	488	12	9	2	483	501	18	0.0	771
8b4b52b3-263d-4039-ac12-9043cc18d2e3	NR_042778.1	95.492	488	12	9	2	483	501	18	0.0	771
8b4b52b3-263d-4039-ac12-9043cc18d2e3	NR_197695.1	94.877	488	15	9	2	483	500	17	0.0	754
8b4b52b3-263d-4039-ac12-9043cc18d2e3	NR_118998.1	94.467	488	17	9	2	483	496	13	0.0	745
72e3eeac-22c1-4566-b64d-95185fd75c4f	NR_025903.1	94.888	1252	31	24	2	1229	1248	6	0.0	1927
72e3eeac-22c1-4566-b64d-95185fd75c4f	NR_133753.1	95.593	1180	26	20	2	1164	1202	32	0.0	1868
72e3eeac-22c1-4566-b64d-95185fd75c4f	NR_133752.1	95.339	1180	29	20	2	1164	1173	3	0.0	1851
72e3eeac-22c1-4566-b64d-95185fd75c4f	NR_026419.1	93.820	1246	41	25	2	1221	1236	1	0.0	1842
72e3eeac-22c1-4566-b64d-95185fd75c4f	NR_025904.1	93.620	1254	43	27	2	1229	1247	5	0.0	1838
81f527b9-4189-4eb0-af3b-248b943e2187	NR_025862.1	89.729	516	38	13	17	522	522	12	0.0	649
81f527b9-4189-4eb0-af3b-248b943e2187	NR_108477.1	86.712	444	29	22	17	443	433	3	7.11e-131	466
81f527b9-4189-4eb0-af3b-248b943e2187	NR_117425.1	83.689	515	59	21	17	516	505	1	9.20e-130	462
81f527b9-4189-4eb0-af3b-248b943e2187	NR_181987.1	83.462	520	59	20	17	520	509	1	1.19e-128	459
81f527b9-4189-4eb0-af3b-248b943e2187	NR_042051.1	86.073	438	43	14	17	443	454	24	1.54e-127	455
852d7688-fc74-4904-8066-dfc556d76dc4	NR_044873.1	91.667	432	18	15	4	427	423	2	5.82e-166	582
852d7688-fc74-4904-8066-dfc556d76dc4	NR_074568.1	91.224	433	18	16	4	427	434	13	1.26e-162	571
852d7688-fc74-4904-8066-dfc556d76dc4	NR_044712.2	90.531	433	21	16	4	427	443	22	2.73e-159	560
852d7688-fc74-4904-8066-dfc556d76dc4	NR_024785.1	90.977	399	19	13	4	395	390	2	1.29e-147	521
852d7688-fc74-4904-8066-dfc556d76dc4	NR_179993.1	88.631	431	30	15	7	428	432	12	3.60e-143	507
1834517a-e8c2-44d0-9146-9bfea6332900	NR_042776.1	96.970	825	9	9	11	823	838	18	0.0	1371
1834517a-e8c2-44d0-9146-9bfea6332900	NR_042778.1	96.727	825	11	9	11	823	838	18	0.0	1360
1834517a-e8c2-44d0-9146-9bfea6332900	NR_042777.1	96.606	825	11	10	11	823	837	18	0.0	1352
1834517a-e8c2-44d0-9146-9bfea6332900	NR_197695.1	96.364	825	14	9	11	823	837	17	0.0	1343
1834517a-e8c2-44d0-9146-9bfea6332900	NR_118998.1	96.121	825	16	9	11	823	833	13	0.0	1334
1c395bf4-dbd6-4ad3-b850-667f3ac0e1bc	NR_024842.1	98.077	208	3	1	1	207	221	14	1.33e-99	361
1c395bf4-dbd6-4ad3-b850-667f3ac0e1bc	NR_115241.1	98.058	206	3	1	1	205	206	1	1.71e-98	357
1c395bf4-dbd6-4ad3-b850-667f3ac0e1bc	NR_115735.1	97.462	197	3	2	1	195	197	1	8.03e-92	335
1c395bf4-dbd6-4ad3-b850-667f3ac0e1bc	NR_165737.1	94.581	203	8	3	5	205	202	1	1.35e-84	311
1c395bf4-dbd6-4ad3-b850-667f3ac0e1bc	NR_178515.1	94.581	203	8	3	5	205	202	1	1.35e-84	311
6bfa58c6-ffcd-4b8a-b405-1292553540cb	NR_042776.1	98.699	692	8	1	1	691	969	278	0.0	1227
6bfa58c6-ffcd-4b8a-b405-1292553540cb	NR_042777.1	98.555	692	8	2	1	691	968	278	0.0	1221
6bfa58c6-ffcd-4b8a-b405-1292553540cb	NR_042778.1	98.555	692	9	1	1	691	969	278	0.0	1221
6bfa58c6-ffcd-4b8a-b405-1292553540cb	NR_197695.1	98.555	692	9	1	1	691	968	277	0.0	1221
6bfa58c6-ffcd-4b8a-b405-1292553540cb	NR_118998.1	97.977	692	12	2	1	691	963	273	0.0	1199
084d5356-5072-48c4-bac5-729a49810481	NR_119169.1	90.133	679	38	25	1	656	673	1	0.0	857
084d5356-5072-48c4-bac5-729a49810481	NR_163639.1	89.956	687	38	27	1	664	684	6	0.0	857
084d5356-5072-48c4-bac5-729a49810481	NR_115355.1	90.208	674	37	25	1	651	668	1	0.0	854
084d5356-5072-48c4-bac5-729a49810481	NR_074980.1	89.535	688	42	26	1	664	695	14	0.0	845
084d5356-5072-48c4-bac5-729a49810481	NR_113031.1	89.535	688	42	26	1	664	695	14	0.0	845
61d8a211-860c-409a-bd8f-fbe4c8a6fc17	NR_024842.1	91.031	1048	56	28	1	1030	1037	10	0.0	1384
61d8a211-860c-409a-bd8f-fbe4c8a6fc17	NR_115241.1	90.979	1042	56	28	1	1024	1022	1	0.0	1373
61d8a211-860c-409a-bd8f-fbe4c8a6fc17	NR_178515.1	90.988	1043	54	30	1	1024	1022	1	0.0	1369
61d8a211-860c-409a-bd8f-fbe4c8a6fc17	NR_115735.1	91.085	1032	54	28	1	1013	1013	1	0.0	1362
61d8a211-860c-409a-bd8f-fbe4c8a6fc17	NR_165737.1	90.796	1043	56	30	1	1024	1022	1	0.0	1358
56f6c63a-5a43-4c4d-bce3-323ed9a3f226	NR_165737.1	95.565	1240	24	23	1	1223	246	1471	0.0	1956
56f6c63a-5a43-4c4d-bce3-323ed9a3f226	NR_036936.1	95.323	1240	27	23	1	1223	246	1471	0.0	1940
56f6c63a-5a43-4c4d-bce3-323ed9a3f226	NR_115735.1	95.253	1243	27	24	1	1226	237	1464	0.0	1940
56f6c63a-5a43-4c4d-bce3-323ed9a3f226	NR_024842.1	95.096	1244	29	24	1	1227	261	1489	0.0	1934
56f6c63a-5a43-4c4d-bce3-323ed9a3f226	NR_109720.1	95.373	1232	26	23	1	1215	240	1457	0.0	1930
3843a16e-6d71-4415-bbc0-16b7edc83e37	NR_115355.1	98.255	1261	13	8	1	1255	228	1485	0.0	2198
3843a16e-6d71-4415-bbc0-16b7edc83e37	NR_179325.1	98.255	1261	13	8	1	1255	202	1459	0.0	2198
3843a16e-6d71-4415-bbc0-16b7edc83e37	NR_119169.1	97.938	1261	17	8	1	1255	233	1490	0.0	2182
3843a16e-6d71-4415-bbc0-16b7edc83e37	NR_163639.1	97.861	1262	12	14	1	1255	247	1500	0.0	2167
3843a16e-6d71-4415-bbc0-16b7edc83e37	NR_113570.1	97.623	1262	20	9	1	1255	235	1493	0.0	2156
ab02e2b9-937c-4c53-a427-c8189fa924b2	NR_044873.1	95.304	362	8	7	1	355	1106	1465	4.59e-161	566
ab02e2b9-937c-4c53-a427-c8189fa924b2	NR_074568.1	95.278	360	10	6	1	355	1116	1473	1.65e-160	564
ab02e2b9-937c-4c53-a427-c8189fa924b2	NR_025361.1	94.708	359	13	5	1	355	1112	1468	3.57e-157	553
ab02e2b9-937c-4c53-a427-c8189fa924b2	NR_026233.1	94.693	358	12	5	3	355	1097	1452	4.62e-156	549
ab02e2b9-937c-4c53-a427-c8189fa924b2	NR_026234.1	94.693	358	12	5	3	355	1100	1455	4.62e-156	549
8c782361-68f6-4251-a770-466c7816f845	NR_179383.1	90.491	652	32	23	8	635	665	20	0.0	833
8c782361-68f6-4251-a770-466c7816f845	NR_028664.1	90.337	652	33	23	8	635	661	16	0.0	828
8c782361-68f6-4251-a770-466c7816f845	NR_199545.1	90.337	652	33	23	8	635	658	13	0.0	828
8c782361-68f6-4251-a770-466c7816f845	NR_165744.1	90.199	653	34	23	8	636	647	1	0.0	824
8c782361-68f6-4251-a770-466c7816f845	NR_179385.1	90.169	651	36	21	8	635	662	17	0.0	822
7ab25148-b384-4ecc-987f-3124470d6527	NR_042776.1	94.640	1306	33	31	1	1287	1304	17	0.0	1989
7ab25148-b384-4ecc-987f-3124470d6527	NR_042777.1	94.487	1306	34	32	1	1287	1303	17	0.0	1978
7ab25148-b384-4ecc-987f-3124470d6527	NR_042778.1	94.410	1306	36	31	1	1287	1304	17	0.0	1973
7ab25148-b384-4ecc-987f-3124470d6527	NR_197695.1	94.028	1306	41	31	1	1287	1303	16	0.0	1945
7ab25148-b384-4ecc-987f-3124470d6527	NR_118998.1	93.946	1305	43	30	1	1287	1298	12	0.0	1941
ac692806-8185-4660-a787-9e6bbead643f	NR_115355.1	86.780	1233	95	52	8	1197	1208	1	0.0	1315
ac692806-8185-4660-a787-9e6bbead643f	NR_163639.1	86.640	1250	93	57	8	1213	1223	4	0.0	1315
ac692806-8185-4660-a787-9e6bbead643f	NR_119169.1	86.650	1236	97	52	8	1200	1213	3	0.0	1314
ac692806-8185-4660-a787-9e6bbead643f	NR_074980.1	86.458	1248	101	52	8	1212	1235	13	0.0	1306
ac692806-8185-4660-a787-9e6bbead643f	NR_113031.1	86.458	1248	101	52	8	1212	1235	13	0.0	1306
e9eab832-4821-4675-8b02-9aad0b7f787a	NR_115354.1	88.137	1020	71	39	6	993	481	1482	0.0	1170
e9eab832-4821-4675-8b02-9aad0b7f787a	NR_113570.1	88.051	1021	71	40	6	993	488	1490	0.0	1162
e9eab832-4821-4675-8b02-9aad0b7f787a	NR_119170.1	87.843	1020	74	39	6	993	486	1487	0.0	1158
e9eab832-4821-4675-8b02-9aad0b7f787a	NR_115355.1	87.941	1020	73	38	6	993	481	1482	0.0	1157
e9eab832-4821-4675-8b02-9aad0b7f787a	NR_179325.1	87.941	1020	73	38	6	993	455	1456	0.0	1157
2f88212f-846d-43ae-8052-de8d6b265818	NR_041879.1	93.140	656	22	14	1	638	439	1089	0.0	941
2f88212f-846d-43ae-8052-de8d6b265818	NR_115355.1	92.988	656	22	15	1	638	482	1131	0.0	935
2f88212f-846d-43ae-8052-de8d6b265818	NR_119169.1	93.691	634	20	14	1	619	487	1115	0.0	931
2f88212f-846d-43ae-8052-de8d6b265818	NR_179325.1	92.835	656	23	15	1	638	456	1105	0.0	929
2f88212f-846d-43ae-8052-de8d6b265818	NR_113570.1	92.683	656	24	15	1	638	489	1138	0.0	924
3b4fb5d4-545a-433c-b061-63ba67b63458	NR_179540.1	95.086	407	9	9	1	398	728	1132	1.79e-180	630
3b4fb5d4-545a-433c-b061-63ba67b63458	NR_199547.1	95.086	407	9	9	1	398	688	1092	1.79e-180	630
3b4fb5d4-545a-433c-b061-63ba67b63458	NR_028664.1	94.840	407	10	9	1	398	731	1135	8.33e-179	625
3b4fb5d4-545a-433c-b061-63ba67b63458	NR_028665.1	94.840	407	10	9	1	398	725	1129	8.33e-179	625
3b4fb5d4-545a-433c-b061-63ba67b63458	NR_042927.1	94.840	407	10	9	1	398	710	1114	8.33e-179	625
c38b1449-4b9e-47a3-9deb-fcdff448a4d7	NR_199544.1	90.619	501	27	17	1	495	41	527	0.0	647
c38b1449-4b9e-47a3-9deb-fcdff448a4d7	NR_042927.1	90.581	499	27	17	3	495	67	551	0.0	643
c38b1449-4b9e-47a3-9deb-fcdff448a4d7	NR_114413.1	90.581	499	27	17	3	495	90	574	0.0	643
c38b1449-4b9e-47a3-9deb-fcdff448a4d7	NR_115734.1	90.581	499	27	17	3	495	68	552	0.0	643
c38b1449-4b9e-47a3-9deb-fcdff448a4d7	NR_165741.1	90.419	501	28	17	1	495	72	558	0.0	641
c43025f3-71b9-460a-9007-3baa47419cf9	NR_041989.1	95.979	1119	17	21	39	1142	1355	250	0.0	1792
c43025f3-71b9-460a-9007-3baa47419cf9	NR_117694.1	94.987	1157	26	25	3	1142	1433	292	0.0	1786
c43025f3-71b9-460a-9007-3baa47419cf9	NR_117696.1	94.978	1155	30	21	3	1142	1420	279	0.0	1786
c43025f3-71b9-460a-9007-3baa47419cf9	NR_104947.1	94.892	1155	31	21	3	1142	1406	265	0.0	1781
c43025f3-71b9-460a-9007-3baa47419cf9	NR_117717.1	94.892	1155	30	22	3	1142	1453	313	0.0	1779
8b9f3d60-6a33-4014-bc71-a897eeba0f55	NR_178515.1	91.171	1144	65	27	1	1125	1245	119	0.0	1520
8b9f3d60-6a33-4014-bc71-a897eeba0f55	NR_028833.1	90.314	1146	71	31	1	1125	1272	146	0.0	1465
8b9f3d60-6a33-4014-bc71-a897eeba0f55	NR_041781.1	90.044	1145	76	30	1	1125	1254	128	0.0	1448
8b9f3d60-6a33-4014-bc71-a897eeba0f55	NR_029052.1	89.965	1146	75	31	1	1125	1233	107	0.0	1443
8b9f3d60-6a33-4014-bc71-a897eeba0f55	NR_024659.1	89.520	1145	82	30	1	1125	1226	100	0.0	1415
f68f256a-e7f8-4d4a-b323-5132d146f216	NR_116168.1	95.458	1233	34	20	1	1224	1397	178	0.0	1947
f68f256a-e7f8-4d4a-b323-5132d146f216	NR_042878.1	95.548	1213	32	20	15	1218	1362	163	0.0	1923
f68f256a-e7f8-4d4a-b323-5132d146f216	NR_118762.1	94.218	1228	48	21	1	1219	1399	186	0.0	1888
f68f256a-e7f8-4d4a-b323-5132d146f216	NR_118143.1	93.443	1220	60	18	15	1226	1364	157	0.0	1794
f68f256a-e7f8-4d4a-b323-5132d146f216	NR_025423.1	92.752	1228	65	22	1	1218	1381	168	0.0	1753
48c1d953-d2cc-493e-a520-bc969e454bfd	NR_119169.1	94.571	700	18	16	1	688	695	4	0.0	1068
48c1d953-d2cc-493e-a520-bc969e454bfd	NR_115355.1	94.556	698	18	16	1	686	690	1	0.0	1064
48c1d953-d2cc-493e-a520-bc969e454bfd	NR_163639.1	94.429	700	16	19	1	688	706	18	0.0	1055
48c1d953-d2cc-493e-a520-bc969e454bfd	NR_119168.1	94.143	700	21	16	1	688	695	4	0.0	1048
48c1d953-d2cc-493e-a520-bc969e454bfd	NR_074980.1	94.000	700	22	16	1	688	717	26	0.0	1042
94e7579d-2fbe-4422-9d90-29cd41740f6f	NR_026419.1	95.628	366	8	6	1	360	364	1	1.69e-165	580
94e7579d-2fbe-4422-9d90-29cd41740f6f	NR_025904.1	92.493	373	19	7	1	367	375	6	8.02e-149	525
94e7579d-2fbe-4422-9d90-29cd41740f6f	NR_025903.1	92.493	373	19	7	1	367	376	7	8.02e-149	525
94e7579d-2fbe-4422-9d90-29cd41740f6f	NR_133753.1	92.793	333	16	6	1	328	330	1	8.19e-134	475
94e7579d-2fbe-4422-9d90-29cd41740f6f	NR_036920.1	89.516	372	29	8	1	367	369	3	6.38e-130	462
d85a2949-2160-45b2-9304-5006b67ba953	NR_041989.1	95.849	1349	29	24	24	1353	1	1341	0.0	2156
d85a2949-2160-45b2-9304-5006b67ba953	NR_117694.1	94.543	1411	46	28	1	1389	20	1421	0.0	2150
d85a2949-2160-45b2-9304-5006b67ba953	NR_121687.1	93.697	1412	56	30	1	1389	40	1441	0.0	2084
d85a2949-2160-45b2-9304-5006b67ba953	NR_117692.1	93.617	1410	61	26	1	1389	20	1421	0.0	2078
d85a2949-2160-45b2-9304-5006b67ba953	NR_117696.1	93.617	1410	61	24	1	1389	7	1408	0.0	2078
e56828ec-e4eb-4c44-8dcd-0894682476b7	NR_042776.1	94.444	450	14	10	1	445	64	507	0.0	682
e56828ec-e4eb-4c44-8dcd-0894682476b7	NR_042778.1	94.000	450	16	10	1	445	64	507	0.0	671
e56828ec-e4eb-4c44-8dcd-0894682476b7	NR_042777.1	94.907	432	14	7	1	428	64	491	0.0	669
e56828ec-e4eb-4c44-8dcd-0894682476b7	NR_197695.1	93.333	450	19	10	1	445	63	506	0.0	654
e56828ec-e4eb-4c44-8dcd-0894682476b7	NR_118998.1	93.111	450	20	10	1	445	59	502	0.0	651
4652410d-72ed-425f-9bfc-de8ac987ac6a	NR_044873.1	98.075	935	12	4	1	933	27	957	0.0	1622
4652410d-72ed-425f-9bfc-de8ac987ac6a	NR_074568.1	96.364	935	27	5	1	933	38	967	0.0	1531
4652410d-72ed-425f-9bfc-de8ac987ac6a	NR_044712.2	95.936	935	31	5	1	933	47	976	0.0	1517
4652410d-72ed-425f-9bfc-de8ac987ac6a	NR_024785.1	95.699	930	31	7	6	933	1	923	0.0	1487
4652410d-72ed-425f-9bfc-de8ac987ac6a	NR_179993.1	95.406	936	35	6	1	933	38	968	0.0	1483
17069af5-a104-4af3-976e-d0dad1d18954	NR_044873.1	96.963	461	8	4	6	461	460	1	0.0	769
17069af5-a104-4af3-976e-d0dad1d18954	NR_074568.1	95.228	461	16	6	6	461	471	12	0.0	725
17069af5-a104-4af3-976e-d0dad1d18954	NR_044712.2	94.577	461	19	6	6	461	480	21	0.0	713
17069af5-a104-4af3-976e-d0dad1d18954	NR_179993.1	93.654	457	23	4	9	460	468	13	0.0	678
17069af5-a104-4af3-976e-d0dad1d18954	NR_109752.1	93.450	458	24	4	9	461	478	22	0.0	675
5141ea55-0871-4f6c-92ea-c4779caba0cd	NR_026494.1	89.757	1113	84	27	7	1100	1105	4	0.0	1397
5141ea55-0871-4f6c-92ea-c4779caba0cd	NR_102852.1	89.757	1113	84	27	7	1100	1117	16	0.0	1397
5141ea55-0871-4f6c-92ea-c4779caba0cd	NR_115211.1	89.767	1114	82	29	7	1100	1102	1	0.0	1397
5141ea55-0871-4f6c-92ea-c4779caba0cd	NR_180048.1	89.767	1114	82	29	7	1100	1107	6	0.0	1397
5141ea55-0871-4f6c-92ea-c4779caba0cd	NR_152688.1	89.677	1114	81	31	9	1100	1115	14	0.0	1389
2a029096-2a44-4ff9-9a38-2f7ff8795aec	NR_025862.1	90.426	1410	83	37	1	1376	1402	11	0.0	1820
2a029096-2a44-4ff9-9a38-2f7ff8795aec	NR_028682.1	89.638	1409	91	41	1	1373	1403	14	0.0	1742
2a029096-2a44-4ff9-9a38-2f7ff8795aec	NR_026454.1	88.539	1396	101	44	1	1354	1379	1	0.0	1637
2a029096-2a44-4ff9-9a38-2f7ff8795aec	NR_114015.1	86.761	1337	109	55	1	1294	1393	82	0.0	1426
2a029096-2a44-4ff9-9a38-2f7ff8795aec	NR_114015.1	97.297	37	0	1	1325	1360	41	5	1.06e-08	62.1
2a029096-2a44-4ff9-9a38-2f7ff8795aec	NR_044160.1	86.761	1337	109	55	1	1294	1371	60	0.0	1426
55e1e159-5d66-4612-9158-01d2d2e66618	NR_044873.1	96.402	945	22	12	1	936	944	3	0.0	1546
55e1e159-5d66-4612-9158-01d2d2e66618	NR_074568.1	94.820	946	34	14	1	936	954	14	0.0	1461
55e1e159-5d66-4612-9158-01d2d2e66618	NR_044712.2	94.397	946	38	14	1	936	963	23	0.0	1447
55e1e159-5d66-4612-9158-01d2d2e66618	NR_179993.1	93.981	947	41	15	1	936	955	14	0.0	1419
55e1e159-5d66-4612-9158-01d2d2e66618	NR_025310.1	93.930	939	43	13	1	930	934	1	0.0	1406
f1830633-a84d-42c5-8dd7-bf9f31b36f05	NR_102895.1	95.927	1424	32	18	1	1411	1431	21	0.0	2285
f1830633-a84d-42c5-8dd7-bf9f31b36f05	NR_113113.1	95.857	1424	33	18	1	1411	1411	1	0.0	2279
f1830633-a84d-42c5-8dd7-bf9f31b36f05	NR_042843.1	95.833	1416	33	18	1	1403	1403	1	0.0	2266
f1830633-a84d-42c5-8dd7-bf9f31b36f05	NR_109628.1	94.495	1417	52	18	1	1404	1404	1	0.0	2161
f1830633-a84d-42c5-8dd7-bf9f31b36f05	NR_114305.1	94.312	1424	55	18	1	1411	1423	13	0.0	2158
dc6b4006-391a-4340-aa51-e46895d1b383	NR_044912.1	95.431	197	4	4	8	199	1236	1432	4.51e-84	309
dc6b4006-391a-4340-aa51-e46895d1b383	NR_134817.1	95.431	197	4	4	8	199	1294	1490	4.51e-84	309
dc6b4006-391a-4340-aa51-e46895d1b383	NR_179540.1	95.431	197	4	4	8	199	1299	1495	4.51e-84	309
dc6b4006-391a-4340-aa51-e46895d1b383	NR_024634.1	94.949	198	4	5	8	199	1292	1489	5.84e-83	305
dc6b4006-391a-4340-aa51-e46895d1b383	NR_043660.1	94.949	198	4	5	8	199	1273	1470	5.84e-83	305
1cd78204-d1c4-463a-b815-22d6cd32796f	NR_025862.1	93.067	476	12	15	1	463	860	393	0.0	678
1cd78204-d1c4-463a-b815-22d6cd32796f	NR_180652.1	92.017	476	17	15	1	463	850	383	0.0	649
1cd78204-d1c4-463a-b815-22d6cd32796f	NR_026467.1	91.807	476	18	15	1	463	842	375	0.0	643
1cd78204-d1c4-463a-b815-22d6cd32796f	NR_026454.1	91.649	479	15	19	1	463	837	368	0.0	640
1cd78204-d1c4-463a-b815-22d6cd32796f	NR_025360.1	91.597	476	19	15	1	463	848	381	0.0	638
72d19de8-5bed-43f9-8b42-8df8f58db0e2	NR_116168.1	85.576	825	72	39	1	797	682	1487	0.0	821
72d19de8-5bed-43f9-8b42-8df8f58db0e2	NR_118762.1	85.043	809	77	36	1	782	685	1476	0.0	800
72d19de8-5bed-43f9-8b42-8df8f58db0e2	NR_025423.1	84.483	812	77	42	1	782	666	1458	0.0	756
72d19de8-5bed-43f9-8b42-8df8f58db0e2	NR_181418.1	83.937	828	80	45	1	797	681	1486	0.0	743
72d19de8-5bed-43f9-8b42-8df8f58db0e2	NR_115138.1	84.152	814	76	42	1	782	667	1459	0.0	739
ba6d2ef8-1b2f-4907-a517-231c153e69bd	NR_074980.1	95.719	1238	29	17	1	1225	1239	13	0.0	1971
ba6d2ef8-1b2f-4907-a517-231c153e69bd	NR_113031.1	95.719	1238	29	17	1	1225	1239	13	0.0	1971
ba6d2ef8-1b2f-4907-a517-231c153e69bd	NR_043332.1	95.748	1223	28	17	1	1210	1212	1	0.0	1954
ba6d2ef8-1b2f-4907-a517-231c153e69bd	NR_117759.1	95.677	1226	29	17	1	1213	1215	1	0.0	1953
ba6d2ef8-1b2f-4907-a517-231c153e69bd	NR_115355.1	95.748	1223	28	18	1	1210	1212	1	0.0	1951
316743c9-9fbd-4d4c-86f9-aeeaaede05c4	NR_037101.1	98.020	101	2	0	1	101	1200	1100	2.13e-44	176
316743c9-9fbd-4d4c-86f9-aeeaaede05c4	NR_024659.1	98.020	101	2	0	1	101	1181	1081	2.13e-44	176
316743c9-9fbd-4d4c-86f9-aeeaaede05c4	NR_024841.1	98.020	101	2	0	1	101	1214	1114	2.13e-44	176
316743c9-9fbd-4d4c-86f9-aeeaaede05c4	NR_036936.1	98.020	101	2	0	1	101	1200	1100	2.13e-44	176
316743c9-9fbd-4d4c-86f9-aeeaaede05c4	NR_026471.1	98.020	101	2	0	1	101	1210	1110	2.13e-44	176
02ef10ae-a6d6-4c4c-86b3-f99006043401	NR_116168.1	92.102	709	34	18	4	701	793	1490	0.0	979
02ef10ae-a6d6-4c4c-86b3-f99006043401	NR_118762.1	90.987	699	42	17	4	692	796	1483	0.0	939
02ef10ae-a6d6-4c4c-86b3-f99006043401	NR_024897.1	89.873	711	46	22	4	701	792	1489	0.0	891
02ef10ae-a6d6-4c4c-86b3-f99006043401	NR_181418.1	89.437	710	51	20	4	701	792	1489	0.0	874
02ef10ae-a6d6-4c4c-86b3-f99006043401	NR_025423.1	89.518	706	46	20	4	695	777	1468	0.0	869
89130253-80b4-44c2-8b47-04f0890a38e7	NR_113317.1	97.887	142	2	1	1	142	498	358	8.68e-65	244
89130253-80b4-44c2-8b47-04f0890a38e7	NR_117288.1	97.887	142	2	1	1	142	540	400	8.68e-65	244
89130253-80b4-44c2-8b47-04f0890a38e7	NR_117839.1	97.887	142	2	1	1	142	568	428	8.68e-65	244
89130253-80b4-44c2-8b47-04f0890a38e7	NR_042755.1	97.887	142	2	1	1	142	562	422	8.68e-65	244
89130253-80b4-44c2-8b47-04f0890a38e7	NR_178362.1	97.887	142	2	1	1	142	540	400	8.68e-65	244
1cd56995-1f09-43ae-b970-fd4ead3122d1	NR_042776.1	96.641	774	14	9	1	767	786	18	0.0	1275
1cd56995-1f09-43ae-b970-fd4ead3122d1	NR_042778.1	96.382	774	16	9	1	767	786	18	0.0	1264
1cd56995-1f09-43ae-b970-fd4ead3122d1	NR_042777.1	96.253	774	16	10	1	767	785	18	0.0	1256
1cd56995-1f09-43ae-b970-fd4ead3122d1	NR_197695.1	95.995	774	19	9	1	767	785	17	0.0	1247
1cd56995-1f09-43ae-b970-fd4ead3122d1	NR_118998.1	95.736	774	21	9	1	767	781	13	0.0	1238
c84dff0a-ccb7-4625-98da-8d8b26f31d3c	NR_028664.1	95.708	233	3	6	5	232	1266	1496	8.88e-102	368
c84dff0a-ccb7-4625-98da-8d8b26f31d3c	NR_028666.1	95.708	233	3	6	5	232	1269	1499	8.88e-102	368
c84dff0a-ccb7-4625-98da-8d8b26f31d3c	NR_028833.1	95.708	233	3	6	5	232	1272	1502	8.88e-102	368
c84dff0a-ccb7-4625-98da-8d8b26f31d3c	NR_029052.1	95.708	233	3	6	5	232	1233	1463	8.88e-102	368
c84dff0a-ccb7-4625-98da-8d8b26f31d3c	NR_036918.1	95.708	233	3	6	5	232	1262	1492	8.88e-102	368
b5ea6c3d-449a-4074-861d-721587f5860a	NR_042776.1	95.045	1009	23	18	15	1001	496	1499	0.0	1561
b5ea6c3d-449a-4074-861d-721587f5860a	NR_042777.1	94.945	1009	23	19	15	1001	496	1498	0.0	1555
b5ea6c3d-449a-4074-861d-721587f5860a	NR_042778.1	94.846	1009	25	18	15	1001	496	1499	0.0	1550
b5ea6c3d-449a-4074-861d-721587f5860a	NR_197695.1	94.648	1009	27	18	15	1001	495	1498	0.0	1539
b5ea6c3d-449a-4074-861d-721587f5860a	NR_118998.1	94.444	1008	30	17	15	1001	491	1493	0.0	1528
440aadd7-6ca6-4b4e-8529-ecc90b313036	NR_042776.1	95.522	1206	26	21	1	1197	1216	30	0.0	1903
440aadd7-6ca6-4b4e-8529-ecc90b313036	NR_042778.1	95.357	1206	28	21	1	1197	1216	30	0.0	1892
440aadd7-6ca6-4b4e-8529-ecc90b313036	NR_042777.1	95.274	1206	28	21	1	1197	1215	30	0.0	1884
440aadd7-6ca6-4b4e-8529-ecc90b313036	NR_197695.1	94.946	1207	31	20	1	1197	1215	29	0.0	1864
440aadd7-6ca6-4b4e-8529-ecc90b313036	NR_118998.1	94.671	1201	35	22	1	1192	1210	30	0.0	1838
c98a29e9-b791-4161-b586-317b795bf6fd	NR_024842.1	90.785	1172	50	42	1	1124	1170	9	0.0	1515
c98a29e9-b791-4161-b586-317b795bf6fd	NR_115241.1	90.815	1165	49	36	1	1117	1155	1	0.0	1509
c98a29e9-b791-4161-b586-317b795bf6fd	NR_115735.1	90.909	1155	48	35	1	1107	1146	1	0.0	1498
c98a29e9-b791-4161-b586-317b795bf6fd	NR_024841.1	89.438	1174	62	45	1	1124	1169	8	0.0	1424
c98a29e9-b791-4161-b586-317b795bf6fd	NR_113260.1	89.374	1167	62	45	1	1117	1155	1	0.0	1411
7835955c-b2bf-48df-bb0e-b27bec977a4e	NR_133752.1	95.574	836	20	14	7	832	1319	491	0.0	1323
7835955c-b2bf-48df-bb0e-b27bec977a4e	NR_133753.1	95.574	836	20	14	7	832	1348	520	0.0	1323
7835955c-b2bf-48df-bb0e-b27bec977a4e	NR_025903.1	95.574	836	20	14	7	832	1394	566	0.0	1323
7835955c-b2bf-48df-bb0e-b27bec977a4e	NR_025904.1	95.215	836	23	14	7	832	1393	565	0.0	1306
7835955c-b2bf-48df-bb0e-b27bec977a4e	NR_026419.1	94.617	836	28	14	7	832	1382	554	0.0	1279
8bd507a5-7a5f-4c1c-a458-6b0a1078097c	NR_163639.1	96.364	495	10	8	2	489	1009	1502	0.0	808
8bd507a5-7a5f-4c1c-a458-6b0a1078097c	NR_115355.1	96.162	495	11	8	2	489	994	1487	0.0	802
8bd507a5-7a5f-4c1c-a458-6b0a1078097c	NR_179325.1	96.162	495	11	8	2	489	968	1461	0.0	802
8bd507a5-7a5f-4c1c-a458-6b0a1078097c	NR_115354.1	95.960	495	12	8	2	489	994	1487	0.0	798
8bd507a5-7a5f-4c1c-a458-6b0a1078097c	NR_044153.1	95.960	495	12	8	2	489	994	1487	0.0	797
e6e93441-5123-4af9-9d52-943bdbc489b3	NR_037101.1	95.833	120	4	1	64	182	1385	1266	4.31e-49	193
e6e93441-5123-4af9-9d52-943bdbc489b3	NR_025609.1	95.833	120	4	1	64	182	1334	1215	4.31e-49	193
e6e93441-5123-4af9-9d52-943bdbc489b3	NR_040821.1	95.833	120	4	1	64	182	1385	1266	4.31e-49	193
e6e93441-5123-4af9-9d52-943bdbc489b3	NR_042052.1	95.833	120	4	1	64	182	1308	1189	4.31e-49	193
e6e93441-5123-4af9-9d52-943bdbc489b3	NR_025630.1	95.833	120	4	1	64	182	1384	1265	4.31e-49	193
bf23d2d5-30ed-42ce-a7f2-48b3668ef3e4	NR_115355.1	90.000	410	20	18	1	399	1083	1482	2.46e-144	510
bf23d2d5-30ed-42ce-a7f2-48b3668ef3e4	NR_163639.1	90.000	410	20	17	1	399	1098	1497	2.46e-144	510
bf23d2d5-30ed-42ce-a7f2-48b3668ef3e4	NR_179325.1	90.000	410	20	17	1	399	1057	1456	2.46e-144	510
bf23d2d5-30ed-42ce-a7f2-48b3668ef3e4	NR_041879.1	89.766	342	20	13	1	333	1040	1375	3.30e-118	424
bf23d2d5-30ed-42ce-a7f2-48b3668ef3e4	NR_117144.1	82.339	419	38	26	1	399	1099	1501	2.06e-90	331
831876b8-f3fa-4813-8b18-bb08fcac8f5f	NR_102895.1	97.630	211	2	3	1	209	230	21	4.69e-99	359
831876b8-f3fa-4813-8b18-bb08fcac8f5f	NR_113113.1	97.156	211	3	3	1	209	210	1	2.18e-97	353
831876b8-f3fa-4813-8b18-bb08fcac8f5f	NR_042843.1	98.020	202	3	1	1	201	202	1	7.85e-97	351
831876b8-f3fa-4813-8b18-bb08fcac8f5f	NR_114305.1	95.735	211	6	3	1	209	222	13	2.20e-92	337
831876b8-f3fa-4813-8b18-bb08fcac8f5f	NR_116726.1	96.535	202	6	1	1	201	202	1	2.84e-91	333
9bbdd447-d854-4a2a-acd4-3b2d88224efb	NR_042776.1	96.347	1451	25	23	1	1434	64	1503	0.0	2361
9bbdd447-d854-4a2a-acd4-3b2d88224efb	NR_042777.1	96.141	1451	27	24	1	1434	64	1502	0.0	2342
9bbdd447-d854-4a2a-acd4-3b2d88224efb	NR_042778.1	96.072	1451	29	23	1	1434	64	1503	0.0	2338
9bbdd447-d854-4a2a-acd4-3b2d88224efb	NR_197695.1	95.796	1451	33	23	1	1434	63	1502	0.0	2316
9bbdd447-d854-4a2a-acd4-3b2d88224efb	NR_118998.1	95.451	1451	37	24	1	1434	59	1497	0.0	2289
b6ffa900-6a84-4965-90a2-7f311281e449	NR_044873.1	91.400	407	22	11	9	406	1063	1465	6.92e-155	545
b6ffa900-6a84-4965-90a2-7f311281e449	NR_178796.1	90.887	406	25	10	9	406	1071	1472	1.50e-151	534
b6ffa900-6a84-4965-90a2-7f311281e449	NR_178939.1	90.887	406	25	10	9	406	1072	1473	1.50e-151	534
b6ffa900-6a84-4965-90a2-7f311281e449	NR_044871.1	90.418	407	26	11	9	406	1062	1464	3.24e-148	523
b6ffa900-6a84-4965-90a2-7f311281e449	NR_043899.1	90.418	407	26	11	9	406	1031	1433	3.24e-148	523
7d18a0b5-91fa-400f-8946-abf581178c81	NR_136788.1	89.481	1426	79	56	1	1379	1414	13	0.0	1736
7d18a0b5-91fa-400f-8946-abf581178c81	NR_113082.1	87.045	1428	110	58	1	1379	1414	13	0.0	1543
7d18a0b5-91fa-400f-8946-abf581178c81	NR_026230.1	86.596	1410	119	54	1	1362	1392	5	0.0	1513
7d18a0b5-91fa-400f-8946-abf581178c81	NR_113087.1	80.850	1436	181	79	4	1379	1414	13	0.0	1042
7d18a0b5-91fa-400f-8946-abf581178c81	NR_113083.1	80.812	1428	183	74	4	1372	1396	1	0.0	1035
6f01ff27-9772-4927-999f-b8faa5f6a0f1	NR_109628.1	96.759	617	14	3	1	616	612	1	0.0	1024
6f01ff27-9772-4927-999f-b8faa5f6a0f1	NR_102895.1	94.872	624	26	3	1	623	639	21	0.0	970
6f01ff27-9772-4927-999f-b8faa5f6a0f1	NR_113105.1	94.712	624	27	3	1	623	619	1	0.0	965
6f01ff27-9772-4927-999f-b8faa5f6a0f1	NR_113113.1	94.712	624	27	3	1	623	619	1	0.0	965
6f01ff27-9772-4927-999f-b8faa5f6a0f1	NR_042843.1	94.805	616	26	3	1	615	611	1	0.0	957
c0f38d84-b847-421f-9a93-3c4dd190ac88	NR_027203.1	94.000	750	23	16	1	736	312	1053	0.0	1116
c0f38d84-b847-421f-9a93-3c4dd190ac88	NR_024712.1	93.342	751	25	19	1	736	313	1053	0.0	1086
c0f38d84-b847-421f-9a93-3c4dd190ac88	NR_027191.1	93.103	754	26	20	1	736	291	1036	0.0	1085
c0f38d84-b847-421f-9a93-3c4dd190ac88	NR_028608.1	92.952	752	25	20	1	736	308	1047	0.0	1072
c0f38d84-b847-421f-9a93-3c4dd190ac88	NR_036995.1	92.000	750	34	21	1	736	327	1064	0.0	1029
2e58d8c3-1ace-4004-bcac-374ef95434d0	NR_042776.1	91.768	413	16	13	27	426	425	18	9.26e-159	558
2e58d8c3-1ace-4004-bcac-374ef95434d0	NR_042778.1	91.525	413	17	13	27	426	425	18	4.31e-157	553
2e58d8c3-1ace-4004-bcac-374ef95434d0	NR_042777.1	91.283	413	18	13	27	426	425	18	2.00e-155	547
2e58d8c3-1ace-4004-bcac-374ef95434d0	NR_118998.1	90.557	413	21	13	27	426	420	13	5.61e-151	532
2e58d8c3-1ace-4004-bcac-374ef95434d0	NR_197695.1	90.557	413	21	13	27	426	424	17	2.02e-150	531
849a99e9-59d1-4b70-ac73-dd8f29e7bab2	NR_026419.1	96.302	676	16	8	1	672	675	5	0.0	1101
849a99e9-59d1-4b70-ac73-dd8f29e7bab2	NR_025903.1	94.023	686	30	10	1	682	687	9	0.0	1029
849a99e9-59d1-4b70-ac73-dd8f29e7bab2	NR_025904.1	93.324	689	29	13	1	682	686	8	0.0	1002
849a99e9-59d1-4b70-ac73-dd8f29e7bab2	NR_133753.1	94.590	647	25	9	1	643	641	1	0.0	992
849a99e9-59d1-4b70-ac73-dd8f29e7bab2	NR_036920.1	91.703	687	41	14	1	682	680	5	0.0	939
14f3f93d-5dc9-4f18-beee-849561d1a910	NR_042776.1	99.456	551	2	1	1	550	573	23	0.0	1000
14f3f93d-5dc9-4f18-beee-849561d1a910	NR_042778.1	99.093	551	4	1	1	550	573	23	0.0	989
14f3f93d-5dc9-4f18-beee-849561d1a910	NR_042777.1	98.911	551	4	2	1	550	572	23	0.0	983
14f3f93d-5dc9-4f18-beee-849561d1a910	NR_197695.1	98.548	551	7	1	1	550	572	22	0.0	972
14f3f93d-5dc9-4f18-beee-849561d1a910	NR_118998.1	98.185	551	9	1	1	550	568	18	0.0	963
7217bbce-4d98-4a8c-a657-8f017b317382	NR_074980.1	91.137	959	40	38	9	934	964	18	0.0	1258
7217bbce-4d98-4a8c-a657-8f017b317382	NR_113031.1	91.137	959	40	38	9	934	964	18	0.0	1258
7217bbce-4d98-4a8c-a657-8f017b317382	NR_119168.1	91.282	952	38	39	9	927	942	3	0.0	1256
7217bbce-4d98-4a8c-a657-8f017b317382	NR_117759.1	91.071	952	40	39	9	927	940	1	0.0	1247
7217bbce-4d98-4a8c-a657-8f017b317382	NR_119170.1	91.062	951	40	39	9	926	942	4	0.0	1245
4f19f923-5a5d-4f9d-9e75-1fefa603f7bb	NR_178262.1	91.822	428	17	16	4	420	949	1369	1.96e-165	580
4f19f923-5a5d-4f9d-9e75-1fefa603f7bb	NR_179215.1	91.822	428	17	16	4	420	1071	1491	1.96e-165	580
4f19f923-5a5d-4f9d-9e75-1fefa603f7bb	NR_181481.1	91.822	428	17	16	4	420	1083	1503	1.96e-165	580
4f19f923-5a5d-4f9d-9e75-1fefa603f7bb	NR_181935.1	91.822	428	17	16	4	420	1090	1510	1.96e-165	580
4f19f923-5a5d-4f9d-9e75-1fefa603f7bb	NR_024842.1	91.803	427	18	16	4	420	1070	1489	7.04e-165	579
c12ac494-a245-4adc-a74c-070a0f121794	NR_026419.1	92.366	1048	48	26	2	1027	1038	1	0.0	1463
c12ac494-a245-4adc-a74c-070a0f121794	NR_025903.1	91.193	1056	60	27	2	1035	1050	6	0.0	1404
c12ac494-a245-4adc-a74c-070a0f121794	NR_025904.1	90.746	1059	59	32	2	1035	1049	5	0.0	1376
c12ac494-a245-4adc-a74c-070a0f121794	NR_133753.1	91.223	1014	57	26	2	993	1004	1	0.0	1351
c12ac494-a245-4adc-a74c-070a0f121794	NR_133752.1	90.789	988	54	29	2	965	975	1	0.0	1286
9867da71-c814-4a90-a46a-d972371694a6	NR_042776.1	93.280	997	29	26	1	967	1005	17	0.0	1435
9867da71-c814-4a90-a46a-d972371694a6	NR_042778.1	93.079	997	31	26	1	967	1005	17	0.0	1424
9867da71-c814-4a90-a46a-d972371694a6	NR_042777.1	92.979	997	31	27	1	967	1004	17	0.0	1417
9867da71-c814-4a90-a46a-d972371694a6	NR_197695.1	92.778	997	34	26	1	967	1004	16	0.0	1408
9867da71-c814-4a90-a46a-d972371694a6	NR_118998.1	92.269	996	40	26	1	967	999	12	0.0	1380
ef78b6c9-0d24-4d57-9ebf-63472623f148	NR_116168.1	95.763	236	3	3	1	229	249	14	1.84e-103	374
ef78b6c9-0d24-4d57-9ebf-63472623f148	NR_042878.1	94.298	228	6	3	1	221	228	1	8.60e-97	351
ef78b6c9-0d24-4d57-9ebf-63472623f148	NR_118762.1	93.220	236	9	3	1	229	252	17	1.11e-95	348
ef78b6c9-0d24-4d57-9ebf-63472623f148	NR_118749.1	91.176	238	12	6	1	229	256	19	1.13e-85	315
ef78b6c9-0d24-4d57-9ebf-63472623f148	NR_025423.1	91.416	233	11	5	1	224	233	1	1.46e-84	311
1166c4fa-efda-419c-925d-a459825bce8d	NR_028666.1	97.942	243	3	2	1	243	1259	1499	2.52e-117	420
1166c4fa-efda-419c-925d-a459825bce8d	NR_028833.1	97.942	243	3	2	1	243	1262	1502	2.52e-117	420
1166c4fa-efda-419c-925d-a459825bce8d	NR_029052.1	97.942	243	3	2	1	243	1223	1463	2.52e-117	420
1166c4fa-efda-419c-925d-a459825bce8d	NR_036918.1	97.942	243	3	2	1	243	1252	1492	2.52e-117	420
1166c4fa-efda-419c-925d-a459825bce8d	NR_042771.1	97.942	243	3	2	1	243	1253	1493	2.52e-117	420
d455de70-9246-41ac-8d9d-9f00fe766d7c	NR_163639.1	95.902	488	11	7	5	484	1016	1502	0.0	782
d455de70-9246-41ac-8d9d-9f00fe766d7c	NR_179325.1	95.902	488	11	7	5	484	975	1461	0.0	782
d455de70-9246-41ac-8d9d-9f00fe766d7c	NR_115355.1	95.697	488	12	7	5	484	1001	1487	0.0	776
d455de70-9246-41ac-8d9d-9f00fe766d7c	NR_115354.1	95.652	483	13	6	10	484	1005	1487	0.0	769
d455de70-9246-41ac-8d9d-9f00fe766d7c	NR_119169.1	95.082	488	15	7	5	484	1006	1492	0.0	763
ef3cacd8-275b-4a3b-8669-2c827f235a2b	NR_025863.1	100.000	32	0	0	48	79	42	11	1.62e-09	60.2
ef3cacd8-275b-4a3b-8669-2c827f235a2b	NR_027584.1	100.000	32	0	0	48	79	42	11	1.62e-09	60.2
ef3cacd8-275b-4a3b-8669-2c827f235a2b	NR_040891.1	100.000	32	0	0	48	79	35	4	1.62e-09	60.2
ef3cacd8-275b-4a3b-8669-2c827f235a2b	NR_025862.1	100.000	32	0	0	48	79	42	11	1.62e-09	60.2
ef3cacd8-275b-4a3b-8669-2c827f235a2b	NR_026013.1	100.000	32	0	0	48	79	42	11	1.62e-09	60.2
f8d14845-7be7-4db0-ab5e-9c45dbccc352	NR_115355.1	94.883	469	13	10	23	484	1018	1482	0.0	723
f8d14845-7be7-4db0-ab5e-9c45dbccc352	NR_163639.1	94.883	469	13	10	23	484	1033	1497	0.0	723
f8d14845-7be7-4db0-ab5e-9c45dbccc352	NR_179325.1	94.883	469	13	10	23	484	992	1456	0.0	723
f8d14845-7be7-4db0-ab5e-9c45dbccc352	NR_115354.1	94.456	469	15	10	23	484	1018	1482	0.0	712
f8d14845-7be7-4db0-ab5e-9c45dbccc352	NR_119169.1	94.243	469	16	10	23	484	1023	1487	0.0	710
0ed1dbbe-b3ff-4b6c-949c-774b5fa107d6	NR_163639.1	98.246	399	6	1	7	404	1099	1497	0.0	697
0ed1dbbe-b3ff-4b6c-949c-774b5fa107d6	NR_179325.1	98.246	399	6	1	7	404	1058	1456	0.0	697
0ed1dbbe-b3ff-4b6c-949c-774b5fa107d6	NR_115355.1	97.995	399	7	1	7	404	1084	1482	0.0	691
0ed1dbbe-b3ff-4b6c-949c-774b5fa107d6	NR_115354.1	97.744	399	8	1	7	404	1084	1482	0.0	686
0ed1dbbe-b3ff-4b6c-949c-774b5fa107d6	NR_119169.1	97.243	399	10	1	7	404	1089	1487	0.0	678
996286f9-7245-4bab-aa12-0e55925ad822	NR_163639.1	95.833	192	4	3	1	191	194	6	1.57e-83	307
996286f9-7245-4bab-aa12-0e55925ad822	NR_074980.1	95.312	192	5	3	1	191	202	14	7.30e-82	302
996286f9-7245-4bab-aa12-0e55925ad822	NR_113031.1	95.312	192	5	3	1	191	202	14	7.30e-82	302
996286f9-7245-4bab-aa12-0e55925ad822	NR_119168.1	97.222	180	2	2	1	179	180	3	7.30e-82	302
996286f9-7245-4bab-aa12-0e55925ad822	NR_119169.1	96.667	180	3	2	1	179	180	3	9.44e-81	298
4dab4f8f-f0d6-4a93-80ab-2dab2db626f0	NR_179540.1	97.450	549	6	8	1	545	949	1493	0.0	929
4dab4f8f-f0d6-4a93-80ab-2dab2db626f0	NR_028664.1	97.268	549	8	7	1	545	952	1497	0.0	924
4dab4f8f-f0d6-4a93-80ab-2dab2db626f0	NR_117719.1	97.268	549	8	7	1	545	949	1494	0.0	924
4dab4f8f-f0d6-4a93-80ab-2dab2db626f0	NR_179383.1	97.268	549	8	7	1	545	956	1501	0.0	924
4dab4f8f-f0d6-4a93-80ab-2dab2db626f0	NR_042927.1	97.426	544	7	7	1	540	931	1471	0.0	920
785d3187-db65-4d46-b293-a1a41b5cffe8	NR_119169.1	90.992	766	38	27	3	750	753	1	0.0	1007
785d3187-db65-4d46-b293-a1a41b5cffe8	NR_115355.1	91.064	761	37	27	3	745	748	1	0.0	1003
785d3187-db65-4d46-b293-a1a41b5cffe8	NR_163639.1	90.581	775	39	30	3	758	765	6	0.0	996
785d3187-db65-4d46-b293-a1a41b5cffe8	NR_074980.1	90.323	775	43	28	3	758	775	14	0.0	987
785d3187-db65-4d46-b293-a1a41b5cffe8	NR_113031.1	90.323	775	43	28	3	758	775	14	0.0	987
805e0d7f-3490-412f-96f1-ebd7491fceff	NR_041989.1	92.398	1105	35	33	11	1097	1354	281	0.0	1530
805e0d7f-3490-412f-96f1-ebd7491fceff	NR_117694.1	91.682	1118	39	37	1	1097	1407	323	0.0	1500
805e0d7f-3490-412f-96f1-ebd7491fceff	NR_121687.1	91.406	1117	44	35	1	1097	1427	343	0.0	1483
805e0d7f-3490-412f-96f1-ebd7491fceff	NR_117692.1	91.316	1117	45	36	1	1097	1407	323	0.0	1478
805e0d7f-3490-412f-96f1-ebd7491fceff	NR_025902.1	91.137	1117	47	36	1	1097	1385	301	0.0	1467
7a53370e-c75a-4005-9ea8-201d981730af	NR_027191.1	94.705	491	12	11	3	481	958	1446	0.0	750
7a53370e-c75a-4005-9ea8-201d981730af	NR_027203.1	94.309	492	13	12	3	481	975	1464	0.0	739
7a53370e-c75a-4005-9ea8-201d981730af	NR_024712.1	94.297	491	13	13	3	481	975	1462	0.0	737
7a53370e-c75a-4005-9ea8-201d981730af	NR_028608.1	93.483	491	18	11	3	481	969	1457	0.0	717
7a53370e-c75a-4005-9ea8-201d981730af	NR_036995.1	93.075	491	20	11	3	481	986	1474	0.0	706
49e3c9f2-dc44-4722-b0f5-ed9924b8f5ab	NR_037101.1	96.850	127	1	2	1	126	286	410	2.82e-54	209
49e3c9f2-dc44-4722-b0f5-ed9924b8f5ab	NR_024659.1	96.850	127	1	2	1	126	267	391	2.82e-54	209
49e3c9f2-dc44-4722-b0f5-ed9924b8f5ab	NR_042052.1	96.850	127	1	2	1	126	209	333	2.82e-54	209
49e3c9f2-dc44-4722-b0f5-ed9924b8f5ab	NR_025630.1	96.850	127	1	2	1	126	285	409	2.82e-54	209
49e3c9f2-dc44-4722-b0f5-ed9924b8f5ab	NR_025453.1	96.850	127	1	2	1	126	286	410	2.82e-54	209
ecd33f4e-80eb-4d7a-b8ff-010e2bc44bed	NR_037101.1	98.519	135	1	1	10	144	1342	1475	1.56e-62	237
ecd33f4e-80eb-4d7a-b8ff-010e2bc44bed	NR_040821.1	98.519	135	1	1	10	144	1342	1475	1.56e-62	237
ecd33f4e-80eb-4d7a-b8ff-010e2bc44bed	NR_025148.1	98.519	135	1	1	10	144	1362	1495	1.56e-62	237
ecd33f4e-80eb-4d7a-b8ff-010e2bc44bed	NR_028664.1	98.519	135	1	1	10	144	1363	1496	1.56e-62	237
ecd33f4e-80eb-4d7a-b8ff-010e2bc44bed	NR_028666.1	98.519	135	1	1	10	144	1366	1499	1.56e-62	237
d3d901c0-6566-4595-9397-64a95e655422	NR_114785.2	95.200	125	4	2	10	134	1485	1363	2.30e-50	196
d3d901c0-6566-4595-9397-64a95e655422	NR_037101.1	93.701	127	4	4	10	134	1460	1336	1.38e-47	187
d3d901c0-6566-4595-9397-64a95e655422	NR_024904.1	93.701	127	4	4	10	134	1486	1362	1.38e-47	187
d3d901c0-6566-4595-9397-64a95e655422	NR_036936.1	93.701	127	4	4	10	134	1460	1336	1.38e-47	187
d3d901c0-6566-4595-9397-64a95e655422	NR_040821.1	93.701	127	4	4	10	134	1460	1336	1.38e-47	187
c3c6b745-a77e-4c51-aa69-4d9973d2c222	NR_042928.1	95.628	183	3	4	2	181	181	1	5.55e-78	289
c3c6b745-a77e-4c51-aa69-4d9973d2c222	NR_115560.1	97.576	165	1	3	27	190	174	12	3.34e-75	279
c3c6b745-a77e-4c51-aa69-4d9973d2c222	NR_113561.1	97.561	164	3	1	27	189	176	13	3.34e-75	279
c3c6b745-a77e-4c51-aa69-4d9973d2c222	NR_028664.1	97.561	164	1	3	27	189	177	16	1.20e-74	278
c3c6b745-a77e-4c51-aa69-4d9973d2c222	NR_118234.1	94.536	183	5	4	12	190	190	9	1.20e-74	278
74c1ee24-bcf9-4edd-b370-866b1e119f17	NR_041880.1	98.148	162	0	3	9	167	1391	1230	2.90e-75	279
74c1ee24-bcf9-4edd-b370-866b1e119f17	NR_043332.1	98.148	162	0	3	9	167	1435	1274	2.90e-75	279
74c1ee24-bcf9-4edd-b370-866b1e119f17	NR_074980.1	98.148	162	0	3	9	167	1462	1301	2.90e-75	279
74c1ee24-bcf9-4edd-b370-866b1e119f17	NR_113031.1	98.148	162	0	3	9	167	1462	1301	2.90e-75	279
74c1ee24-bcf9-4edd-b370-866b1e119f17	NR_113570.1	98.148	162	0	3	9	167	1442	1281	2.90e-75	279
ca7236a2-1a10-4a4b-bc86-43b07f8ac09f	NR_025762.1	91.146	192	7	6	1	184	1096	907	7.10e-67	252
ca7236a2-1a10-4a4b-bc86-43b07f8ac09f	NR_041879.1	91.146	192	7	6	1	184	1075	886	7.10e-67	252
ca7236a2-1a10-4a4b-bc86-43b07f8ac09f	NR_113570.1	91.146	192	7	6	1	184	1125	936	7.10e-67	252
ca7236a2-1a10-4a4b-bc86-43b07f8ac09f	NR_115355.1	91.146	192	7	6	1	184	1118	929	7.10e-67	252
ca7236a2-1a10-4a4b-bc86-43b07f8ac09f	NR_044091.1	91.146	192	7	6	1	184	1032	843	7.10e-67	252
0d9531bc-b87f-4c50-881b-1fc3caf3b49a	NR_041880.1	94.737	114	3	3	1	111	660	773	8.74e-44	174
0d9531bc-b87f-4c50-881b-1fc3caf3b49a	NR_025762.1	94.737	114	3	3	1	111	682	795	8.74e-44	174
0d9531bc-b87f-4c50-881b-1fc3caf3b49a	NR_041879.1	94.737	114	3	3	1	111	661	774	8.74e-44	174
0d9531bc-b87f-4c50-881b-1fc3caf3b49a	NR_043332.1	94.737	114	3	3	1	111	704	817	8.74e-44	174
0d9531bc-b87f-4c50-881b-1fc3caf3b49a	NR_074980.1	94.737	114	3	3	1	111	731	844	8.74e-44	174
643e0d8d-2a40-4de1-b775-0c2f055200ba	NR_025862.1	97.938	97	2	0	1	97	425	521	3.39e-42	169
643e0d8d-2a40-4de1-b775-0c2f055200ba	NR_158022.1	94.845	97	5	0	1	97	415	511	3.41e-37	152
643e0d8d-2a40-4de1-b775-0c2f055200ba	NR_179157.1	94.845	97	5	0	1	97	414	510	3.41e-37	152
643e0d8d-2a40-4de1-b775-0c2f055200ba	NR_157692.1	93.814	97	6	0	1	97	433	529	1.59e-35	147
643e0d8d-2a40-4de1-b775-0c2f055200ba	NR_180652.1	93.814	97	6	0	1	97	415	511	1.59e-35	147
4918e57f-82eb-43ea-8504-b41f31e6a84c	NR_179385.1	95.858	169	4	3	4	170	184	17	1.79e-72	270
4918e57f-82eb-43ea-8504-b41f31e6a84c	NR_115560.1	95.322	171	5	3	4	172	180	11	6.45e-72	268
4918e57f-82eb-43ea-8504-b41f31e6a84c	NR_028664.1	95.266	169	5	3	4	170	183	16	8.34e-71	265
4918e57f-82eb-43ea-8504-b41f31e6a84c	NR_028665.1	95.266	169	5	3	4	170	177	10	8.34e-71	265
4918e57f-82eb-43ea-8504-b41f31e6a84c	NR_117719.1	97.419	155	4	0	16	170	167	13	8.34e-71	265
271345e6-4136-468b-a2cd-1fb11fb8ee2f	NR_024842.1	100.000	121	0	0	1	121	1378	1258	9.51e-59	224
271345e6-4136-468b-a2cd-1fb11fb8ee2f	NR_036936.1	100.000	121	0	0	1	121	1363	1243	9.51e-59	224
271345e6-4136-468b-a2cd-1fb11fb8ee2f	NR_025453.1	100.000	121	0	0	1	121	1363	1243	9.51e-59	224
271345e6-4136-468b-a2cd-1fb11fb8ee2f	NR_028664.1	100.000	121	0	0	1	121	1384	1264	9.51e-59	224
271345e6-4136-468b-a2cd-1fb11fb8ee2f	NR_028665.1	100.000	121	0	0	1	121	1378	1258	9.51e-59	224
c0465709-d1ad-4d36-8789-b2cdb4d7b3dd	NR_112025.1	94.643	112	4	2	1	110	441	552	9.03e-44	174
c0465709-d1ad-4d36-8789-b2cdb4d7b3dd	NR_028664.1	94.643	112	4	2	1	110	444	555	3.25e-43	172
c0465709-d1ad-4d36-8789-b2cdb4d7b3dd	NR_028665.1	94.643	112	4	2	1	110	438	549	3.25e-43	172
c0465709-d1ad-4d36-8789-b2cdb4d7b3dd	NR_042771.1	94.643	112	4	2	1	110	441	552	3.25e-43	172
c0465709-d1ad-4d36-8789-b2cdb4d7b3dd	NR_042927.1	94.643	112	4	2	1	110	423	534	3.25e-43	172
c06ef648-edab-4261-b559-da4d21513537	NR_042776.1	95.238	105	3	1	1	103	220	324	5.03e-41	165
c06ef648-edab-4261-b559-da4d21513537	NR_042777.1	95.238	105	3	1	1	103	220	324	5.03e-41	165
c06ef648-edab-4261-b559-da4d21513537	NR_197695.1	95.238	105	3	1	1	103	219	323	5.03e-41	165
c06ef648-edab-4261-b559-da4d21513537	NR_042778.1	94.286	105	4	1	1	103	220	324	2.34e-39	159
c06ef648-edab-4261-b559-da4d21513537	NR_028666.1	94.175	103	4	1	3	103	221	323	3.03e-38	156
7f9a9d4e-a042-4c3b-bd62-a44c4cc44c50	NR_104972.1	97.872	188	2	2	1	186	1245	1058	1.50e-88	324
7f9a9d4e-a042-4c3b-bd62-a44c4cc44c50	NR_165737.1	97.872	188	2	2	1	186	1245	1058	1.50e-88	324
7f9a9d4e-a042-4c3b-bd62-a44c4cc44c50	NR_178515.1	97.872	188	2	2	1	186	1245	1058	1.50e-88	324
7f9a9d4e-a042-4c3b-bd62-a44c4cc44c50	NR_180625.1	97.872	188	2	2	1	186	1225	1038	1.50e-88	324
7f9a9d4e-a042-4c3b-bd62-a44c4cc44c50	NR_199541.1	97.872	188	2	2	1	186	1221	1034	1.50e-88	324
6b73984e-84ff-47cd-8302-a01d3a968bc1	NR_024842.1	97.163	141	1	1	4	144	695	558	5.40e-62	235
6b73984e-84ff-47cd-8302-a01d3a968bc1	NR_036936.1	97.163	141	1	1	4	144	680	543	5.40e-62	235
6b73984e-84ff-47cd-8302-a01d3a968bc1	NR_028666.1	97.163	141	1	1	4	144	704	567	5.40e-62	235
6b73984e-84ff-47cd-8302-a01d3a968bc1	NR_028833.1	97.163	141	1	1	4	144	707	570	5.40e-62	235
6b73984e-84ff-47cd-8302-a01d3a968bc1	NR_029052.1	97.163	141	1	1	4	144	668	531	5.40e-62	235
be514729-bed0-45c4-832a-9b78b0ec7f05	NR_024842.1	100.000	133	0	0	1	133	1408	1276	2.33e-65	246
be514729-bed0-45c4-832a-9b78b0ec7f05	NR_036936.1	100.000	133	0	0	1	133	1393	1261	2.33e-65	246
be514729-bed0-45c4-832a-9b78b0ec7f05	NR_025453.1	100.000	133	0	0	1	133	1393	1261	2.33e-65	246
be514729-bed0-45c4-832a-9b78b0ec7f05	NR_028664.1	100.000	133	0	0	1	133	1414	1282	2.33e-65	246
be514729-bed0-45c4-832a-9b78b0ec7f05	NR_028665.1	100.000	133	0	0	1	133	1408	1276	2.33e-65	246
aa5521a4-1120-48be-8c87-9c2710f014b5	NR_118234.1	91.071	112	3	6	1	106	119	9	6.47e-35	145
aa5521a4-1120-48be-8c87-9c2710f014b5	NR_024841.1	90.991	111	3	6	1	105	116	7	2.33e-34	143
aa5521a4-1120-48be-8c87-9c2710f014b5	NR_042776.1	90.991	111	3	6	1	105	127	18	2.33e-34	143
aa5521a4-1120-48be-8c87-9c2710f014b5	NR_042777.1	90.991	111	3	6	1	105	127	18	2.33e-34	143
aa5521a4-1120-48be-8c87-9c2710f014b5	NR_042778.1	90.991	111	3	6	1	105	127	18	2.33e-34	143
2833d80c-3934-4d12-9a6a-07dca14b2c14	NR_025892.1	98.347	121	0	2	1	120	138	19	7.25e-55	211
2833d80c-3934-4d12-9a6a-07dca14b2c14	NR_117717.1	96.694	121	2	2	1	120	133	14	1.57e-51	200
2833d80c-3934-4d12-9a6a-07dca14b2c14	NR_121687.1	96.694	121	2	2	1	120	132	13	1.57e-51	200
2833d80c-3934-4d12-9a6a-07dca14b2c14	NR_121688.1	96.694	121	2	2	1	120	132	13	1.57e-51	200
2833d80c-3934-4d12-9a6a-07dca14b2c14	NR_117694.1	97.345	113	1	2	1	112	112	1	9.45e-49	191
f9b9c450-cc78-4f8d-a2b2-b34ec0aa3da3	NR_043332.1	99.539	217	1	0	1	217	1269	1485	3.71e-110	396
f9b9c450-cc78-4f8d-a2b2-b34ec0aa3da3	NR_074980.1	99.539	217	1	0	1	217	1296	1512	3.71e-110	396
f9b9c450-cc78-4f8d-a2b2-b34ec0aa3da3	NR_113031.1	99.539	217	1	0	1	217	1296	1512	3.71e-110	396
f9b9c450-cc78-4f8d-a2b2-b34ec0aa3da3	NR_115354.1	99.539	217	1	0	1	217	1269	1485	3.71e-110	396
f9b9c450-cc78-4f8d-a2b2-b34ec0aa3da3	NR_115355.1	99.539	217	1	0	1	217	1269	1485	3.71e-110	396
38ea6915-48eb-47df-993e-9b8ae7d1cc3d	NR_115355.1	96.813	251	5	3	1	249	1491	1242	3.43e-116	416
38ea6915-48eb-47df-993e-9b8ae7d1cc3d	NR_163639.1	96.813	251	5	3	1	249	1506	1257	3.43e-116	416
38ea6915-48eb-47df-993e-9b8ae7d1cc3d	NR_179325.1	96.813	251	5	3	1	249	1465	1216	3.43e-116	416
38ea6915-48eb-47df-993e-9b8ae7d1cc3d	NR_119169.1	96.414	251	6	3	1	249	1496	1247	1.60e-114	411
38ea6915-48eb-47df-993e-9b8ae7d1cc3d	NR_115354.1	96.016	251	7	3	1	249	1491	1242	7.43e-113	405
6a610953-7774-4c74-a2b4-540aae708d7a	NR_116168.1	85.398	226	15	13	1	209	1446	1222	8.44e-57	219
6a610953-7774-4c74-a2b4-540aae708d7a	NR_118762.1	85.398	226	15	13	1	209	1448	1224	8.44e-57	219
6a610953-7774-4c74-a2b4-540aae708d7a	NR_115157.1	83.628	226	19	13	1	209	1422	1198	3.96e-50	196
6a610953-7774-4c74-a2b4-540aae708d7a	NR_042878.1	88.957	163	11	7	53	209	1362	1201	1.42e-49	195
6a610953-7774-4c74-a2b4-540aae708d7a	NR_114558.1	85.279	197	18	10	23	209	1395	1200	5.12e-49	193
3b03bab4-d43f-4add-b7af-55f2026d797a	NR_117694.1	93.557	357	9	13	1	345	9	363	4.79e-147	520
3b03bab4-d43f-4add-b7af-55f2026d797a	NR_025892.1	92.437	357	13	13	1	345	35	389	1.34e-142	505
3b03bab4-d43f-4add-b7af-55f2026d797a	NR_117692.1	91.317	357	17	12	1	345	9	363	1.05e-133	475
3b03bab4-d43f-4add-b7af-55f2026d797a	NR_104830.1	90.782	358	18	12	1	345	23	378	2.28e-130	464
3b03bab4-d43f-4add-b7af-55f2026d797a	NR_117717.1	90.756	357	19	11	1	345	30	384	2.28e-130	464
b07713e2-6b5b-4798-9a81-e21c250599f6	NR_042776.1	94.763	401	7	10	1	389	453	55	6.66e-175	612
b07713e2-6b5b-4798-9a81-e21c250599f6	NR_042778.1	94.514	401	8	10	1	389	453	55	3.10e-173	606
b07713e2-6b5b-4798-9a81-e21c250599f6	NR_042777.1	94.264	401	9	10	1	389	453	55	1.44e-171	601
b07713e2-6b5b-4798-9a81-e21c250599f6	NR_118998.1	93.766	401	11	10	1	389	448	50	8.68e-169	592
b07713e2-6b5b-4798-9a81-e21c250599f6	NR_197695.1	93.516	401	12	10	1	389	452	54	1.45e-166	584
2881387c-bc45-4475-8e4d-442e004370d1	NR_074980.1	94.868	1247	38	22	1	1238	1239	10	0.0	1925
2881387c-bc45-4475-8e4d-442e004370d1	NR_113031.1	94.868	1247	38	22	1	1238	1239	10	0.0	1925
2881387c-bc45-4475-8e4d-442e004370d1	NR_119169.1	95.057	1234	35	22	1	1225	1217	1	0.0	1925
2881387c-bc45-4475-8e4d-442e004370d1	NR_115355.1	95.199	1229	33	22	1	1220	1212	1	0.0	1923
2881387c-bc45-4475-8e4d-442e004370d1	NR_163639.1	94.783	1246	33	27	1	1236	1227	4	0.0	1912
c3936e60-c4b7-4432-90f2-6c4f67a21bc7	NR_117425.1	91.509	424	26	9	16	431	422	1	9.42e-164	575
c3936e60-c4b7-4432-90f2-6c4f67a21bc7	NR_024841.1	90.233	430	30	11	16	436	433	7	1.59e-156	551
c3936e60-c4b7-4432-90f2-6c4f67a21bc7	NR_118234.1	89.767	430	32	11	16	436	436	10	3.44e-153	540
c3936e60-c4b7-4432-90f2-6c4f67a21bc7	NR_028664.1	89.720	428	34	9	16	436	440	16	1.24e-152	538
c3936e60-c4b7-4432-90f2-6c4f67a21bc7	NR_179385.1	89.720	428	34	10	16	436	441	17	1.24e-152	538
3d21671e-64d4-4189-a63c-9846a4bec260	NR_042776.1	95.265	359	9	6	1	352	376	19	5.86e-160	562
3d21671e-64d4-4189-a63c-9846a4bec260	NR_042778.1	94.986	359	10	6	1	352	376	19	2.73e-158	556
3d21671e-64d4-4189-a63c-9846a4bec260	NR_042777.1	94.708	359	11	6	1	352	376	19	1.27e-156	551
3d21671e-64d4-4189-a63c-9846a4bec260	NR_118998.1	94.150	359	13	6	1	352	371	14	7.64e-154	542
3d21671e-64d4-4189-a63c-9846a4bec260	NR_197695.1	93.872	359	14	6	1	352	375	18	1.28e-151	534
34518ab8-09ad-4ba2-b9bc-9130894ba033	NR_024842.1	96.748	1107	30	5	2	1107	1109	8	0.0	1844
34518ab8-09ad-4ba2-b9bc-9130894ba033	NR_178515.1	96.818	1100	27	7	2	1099	1094	1	0.0	1831
34518ab8-09ad-4ba2-b9bc-9130894ba033	NR_115241.1	96.724	1099	30	5	2	1099	1094	1	0.0	1829
34518ab8-09ad-4ba2-b9bc-9130894ba033	NR_165737.1	96.545	1100	30	7	2	1099	1094	1	0.0	1814
34518ab8-09ad-4ba2-b9bc-9130894ba033	NR_115735.1	96.789	1090	28	6	2	1089	1085	1	0.0	1812
68eaa7a7-a082-4b5d-a674-8eb9a33d46c9	NR_025862.1	96.586	498	9	6	1	492	954	459	0.0	822
68eaa7a7-a082-4b5d-a674-8eb9a33d46c9	NR_180652.1	96.169	496	11	6	1	490	944	451	0.0	804
68eaa7a7-a082-4b5d-a674-8eb9a33d46c9	NR_025360.1	95.766	496	13	6	1	490	942	449	0.0	793
68eaa7a7-a082-4b5d-a674-8eb9a33d46c9	NR_181558.1	95.775	497	11	7	1	490	953	460	0.0	793
68eaa7a7-a082-4b5d-a674-8eb9a33d46c9	NR_028682.1	95.391	499	11	10	1	491	955	461	0.0	784
c8e6a840-e770-421c-aa25-3871e322f0ec	NR_043332.1	94.759	477	10	9	6	468	1007	1482	0.0	728
c8e6a840-e770-421c-aa25-3871e322f0ec	NR_074980.1	94.759	477	10	9	6	468	1034	1509	0.0	728
c8e6a840-e770-421c-aa25-3871e322f0ec	NR_113031.1	94.759	477	10	9	6	468	1034	1509	0.0	728
c8e6a840-e770-421c-aa25-3871e322f0ec	NR_113570.1	94.561	478	10	10	6	468	1014	1490	0.0	725
c8e6a840-e770-421c-aa25-3871e322f0ec	NR_115354.1	94.130	477	13	9	6	468	1007	1482	0.0	712
2405288a-1552-4897-9247-1a02c99d04e8	NR_028682.1	93.972	282	8	9	1	274	1217	1497	1.05e-116	418
2405288a-1552-4897-9247-1a02c99d04e8	NR_024817.1	92.527	281	15	6	1	276	1200	1479	3.82e-111	399
2405288a-1552-4897-9247-1a02c99d04e8	NR_025396.1	92.527	281	15	6	1	276	1188	1467	1.37e-110	398
2405288a-1552-4897-9247-1a02c99d04e8	NR_025435.1	92.226	283	13	8	1	276	1214	1494	6.39e-109	392
2405288a-1552-4897-9247-1a02c99d04e8	NR_156899.1	91.519	283	16	8	1	276	1151	1432	3.85e-106	383
ef39bb58-ff10-4b21-9721-84a6b7d6102a	NR_040821.1	95.486	288	6	6	17	298	1188	1474	3.09e-127	453
ef39bb58-ff10-4b21-9721-84a6b7d6102a	NR_025148.1	95.486	288	6	6	17	298	1208	1494	3.09e-127	453
ef39bb58-ff10-4b21-9721-84a6b7d6102a	NR_040820.1	95.486	288	6	6	17	298	1188	1474	3.09e-127	453
ef39bb58-ff10-4b21-9721-84a6b7d6102a	NR_134817.1	95.470	287	7	5	17	298	1201	1486	3.09e-127	453
ef39bb58-ff10-4b21-9721-84a6b7d6102a	NR_134818.1	95.486	288	6	6	17	298	1201	1487	3.09e-127	453
8b668d37-cd1d-40a7-ad8a-5985d0391f9b	NR_042928.1	92.744	634	26	17	1	622	626	1	0.0	898
8b668d37-cd1d-40a7-ad8a-5985d0391f9b	NR_199547.1	93.290	611	22	17	1	599	606	3	0.0	883
8b668d37-cd1d-40a7-ad8a-5985d0391f9b	NR_109720.1	92.357	628	30	15	1	616	622	1	0.0	878
8b668d37-cd1d-40a7-ad8a-5985d0391f9b	NR_112026.1	92.869	617	24	17	1	605	609	1	0.0	878
8b668d37-cd1d-40a7-ad8a-5985d0391f9b	NR_165747.1	91.798	634	32	17	1	622	626	1	0.0	865
ee3edcbb-c914-4aa2-a0e6-db8b6eb9b873	NR_044873.1	94.709	1342	42	23	16	1336	134	1467	0.0	2058
ee3edcbb-c914-4aa2-a0e6-db8b6eb9b873	NR_074568.1	93.001	1343	62	24	16	1337	145	1476	0.0	1930
ee3edcbb-c914-4aa2-a0e6-db8b6eb9b873	NR_044712.2	93.488	1290	60	19	16	1287	154	1437	0.0	1903
ee3edcbb-c914-4aa2-a0e6-db8b6eb9b873	NR_025310.1	92.648	1333	69	23	26	1337	134	1458	0.0	1892
ee3edcbb-c914-4aa2-a0e6-db8b6eb9b873	NR_109752.1	92.331	1343	72	25	17	1337	156	1489	0.0	1881
d2391cd7-1ee6-48ed-9cef-673e6325e9c1	NR_036918.1	91.433	607	30	12	1	590	229	830	0.0	813
d2391cd7-1ee6-48ed-9cef-673e6325e9c1	NR_115737.1	91.433	607	30	12	1	590	215	816	0.0	813
d2391cd7-1ee6-48ed-9cef-673e6325e9c1	NR_117504.1	91.433	607	30	12	1	590	200	801	0.0	813
d2391cd7-1ee6-48ed-9cef-673e6325e9c1	NR_199542.1	91.433	607	30	12	1	590	247	848	0.0	813
d2391cd7-1ee6-48ed-9cef-673e6325e9c1	NR_199543.1	91.269	607	31	12	1	590	247	848	0.0	808
36dfddbd-f862-498a-b526-f56c713a60dc	NR_042927.1	95.380	736	18	14	25	747	1415	683	0.0	1157
36dfddbd-f862-498a-b526-f56c713a60dc	NR_114413.1	95.380	736	18	14	25	747	1438	706	0.0	1157
36dfddbd-f862-498a-b526-f56c713a60dc	NR_115734.1	95.380	736	18	14	25	747	1416	684	0.0	1157
36dfddbd-f862-498a-b526-f56c713a60dc	NR_179385.1	95.380	736	18	14	25	747	1437	705	0.0	1157
36dfddbd-f862-498a-b526-f56c713a60dc	NR_199544.1	95.380	736	18	14	25	747	1391	659	0.0	1157
cdb602f3-a210-4eab-a7eb-1be0fd41e5b6	NR_042928.1	95.647	827	12	17	1	814	816	1	0.0	1306
cdb602f3-a210-4eab-a7eb-1be0fd41e5b6	NR_199547.1	96.139	803	10	16	1	791	796	3	0.0	1291
cdb602f3-a210-4eab-a7eb-1be0fd41e5b6	NR_165747.1	94.921	827	18	17	1	814	816	1	0.0	1273
cdb602f3-a210-4eab-a7eb-1be0fd41e5b6	NR_112026.1	95.432	810	12	18	1	797	798	1	0.0	1269
cdb602f3-a210-4eab-a7eb-1be0fd41e5b6	NR_117719.1	94.484	834	21	18	1	820	836	14	0.0	1262
94d95656-a647-4e21-910c-29a361b77abb	NR_074980.1	94.137	1245	23	37	1	1207	1245	13	0.0	1849
94d95656-a647-4e21-910c-29a361b77abb	NR_113031.1	94.137	1245	23	37	1	1207	1245	13	0.0	1849
94d95656-a647-4e21-910c-29a361b77abb	NR_115355.1	94.304	1229	21	34	1	1191	1218	1	0.0	1840
94d95656-a647-4e21-910c-29a361b77abb	NR_163639.1	94.056	1245	20	39	1	1207	1233	5	0.0	1840
94d95656-a647-4e21-910c-29a361b77abb	NR_119169.1	94.156	1232	23	34	1	1194	1223	3	0.0	1838
72f001e4-903a-4c51-8222-966f6152a0ba	NR_042776.1	95.826	551	10	10	1	544	649	1193	0.0	878
72f001e4-903a-4c51-8222-966f6152a0ba	NR_042777.1	95.826	551	10	10	1	544	648	1192	0.0	878
72f001e4-903a-4c51-8222-966f6152a0ba	NR_042778.1	95.826	551	10	10	1	544	649	1193	0.0	878
72f001e4-903a-4c51-8222-966f6152a0ba	NR_197695.1	95.463	551	12	10	1	544	648	1192	0.0	867
72f001e4-903a-4c51-8222-966f6152a0ba	NR_118998.1	95.273	550	14	10	1	544	644	1187	0.0	861
6f1c8ca0-3517-4d33-8df4-d6bb691fe1b3	NR_041879.1	96.292	836	19	11	13	842	946	117	0.0	1362
6f1c8ca0-3517-4d33-8df4-d6bb691fe1b3	NR_179325.1	96.292	836	19	11	13	842	963	134	0.0	1362
6f1c8ca0-3517-4d33-8df4-d6bb691fe1b3	NR_115355.1	96.172	836	20	11	13	842	989	160	0.0	1358
6f1c8ca0-3517-4d33-8df4-d6bb691fe1b3	NR_119169.1	96.053	836	21	11	13	842	994	165	0.0	1352
6f1c8ca0-3517-4d33-8df4-d6bb691fe1b3	NR_113570.1	95.813	836	23	11	13	842	996	167	0.0	1339
b4ff9bae-f4a6-49f1-9ec4-46ba54314ae2	NR_042928.1	94.035	922	31	21	1	908	912	1	0.0	1376
b4ff9bae-f4a6-49f1-9ec4-46ba54314ae2	NR_199547.1	94.327	899	28	20	1	885	892	3	0.0	1356
b4ff9bae-f4a6-49f1-9ec4-46ba54314ae2	NR_117719.1	93.340	931	38	21	1	917	932	12	0.0	1354
b4ff9bae-f4a6-49f1-9ec4-46ba54314ae2	NR_165747.1	93.601	922	35	21	1	908	912	1	0.0	1354
b4ff9bae-f4a6-49f1-9ec4-46ba54314ae2	NR_028664.1	93.233	931	39	21	1	917	935	15	0.0	1349
4a96fcb7-64a1-4be9-9053-e624faa5132d	NR_041989.1	92.607	1312	45	43	5	1292	1302	19	0.0	1838
4a96fcb7-64a1-4be9-9053-e624faa5132d	NR_117717.1	90.738	1382	71	48	5	1362	1364	16	0.0	1790
4a96fcb7-64a1-4be9-9053-e624faa5132d	NR_121688.1	90.593	1382	74	47	5	1362	1364	15	0.0	1781
4a96fcb7-64a1-4be9-9053-e624faa5132d	NR_117701.1	90.625	1376	73	47	5	1356	1344	1	0.0	1775
4a96fcb7-64a1-4be9-9053-e624faa5132d	NR_117696.1	90.682	1363	71	47	5	1343	1331	1	0.0	1762
a6fd3e00-69c0-4f8e-bfee-39608a3fc294	NR_024842.1	96.198	789	16	11	29	805	703	1489	0.0	1279
a6fd3e00-69c0-4f8e-bfee-39608a3fc294	NR_115735.1	96.193	788	16	11	29	804	679	1464	0.0	1277
a6fd3e00-69c0-4f8e-bfee-39608a3fc294	NR_156072.1	95.817	789	19	11	29	805	708	1494	0.0	1262
a6fd3e00-69c0-4f8e-bfee-39608a3fc294	NR_115241.1	95.796	785	19	11	29	801	688	1470	0.0	1260
a6fd3e00-69c0-4f8e-bfee-39608a3fc294	NR_165737.1	95.929	786	17	12	29	801	688	1471	0.0	1260
1027c3df-4188-4283-83e4-8135e9174aed	NR_024842.1	95.810	358	10	5	13	369	1134	1487	2.87e-163	573
1027c3df-4188-4283-83e4-8135e9174aed	NR_115735.1	95.810	358	10	5	13	369	1110	1463	2.87e-163	573
1027c3df-4188-4283-83e4-8135e9174aed	NR_178262.1	95.543	359	10	5	13	369	1013	1367	3.72e-162	569
1027c3df-4188-4283-83e4-8135e9174aed	NR_179215.1	95.543	359	10	5	13	369	1135	1489	3.72e-162	569
1027c3df-4188-4283-83e4-8135e9174aed	NR_179720.1	95.543	359	10	5	13	369	1139	1493	3.72e-162	569
7ae211af-40af-4324-9aba-e56df071a0e9	NR_136788.1	93.273	1219	44	30	3	1198	273	1476	0.0	1762
7ae211af-40af-4324-9aba-e56df071a0e9	NR_026230.1	90.312	1218	76	33	6	1198	254	1454	0.0	1563
7ae211af-40af-4324-9aba-e56df071a0e9	NR_113082.1	90.034	1194	75	36	3	1170	273	1448	0.0	1506
7ae211af-40af-4324-9aba-e56df071a0e9	NR_025052.1	84.767	1221	138	41	7	1198	253	1454	0.0	1181
7ae211af-40af-4324-9aba-e56df071a0e9	NR_113088.1	84.767	1221	138	41	7	1198	265	1466	0.0	1181
51a388ad-79d0-4da1-b467-448d0c807f8e	NR_042776.1	95.524	916	16	17	1	904	602	1504	0.0	1441
51a388ad-79d0-4da1-b467-448d0c807f8e	NR_042777.1	95.524	916	16	17	1	904	601	1503	0.0	1441
51a388ad-79d0-4da1-b467-448d0c807f8e	NR_042778.1	95.306	916	18	17	1	904	602	1504	0.0	1430
51a388ad-79d0-4da1-b467-448d0c807f8e	NR_197695.1	95.197	916	19	17	1	904	601	1503	0.0	1424
51a388ad-79d0-4da1-b467-448d0c807f8e	NR_118998.1	94.760	916	22	18	1	904	597	1498	0.0	1402
0e553e17-0ce0-493e-88b2-a97a888eafb0	NR_042776.1	98.259	517	2	6	1	513	990	1503	0.0	898
0e553e17-0ce0-493e-88b2-a97a888eafb0	NR_042777.1	98.259	517	2	6	1	513	989	1502	0.0	898
0e553e17-0ce0-493e-88b2-a97a888eafb0	NR_042778.1	97.872	517	4	6	1	513	990	1503	0.0	887
0e553e17-0ce0-493e-88b2-a97a888eafb0	NR_197695.1	97.679	517	5	6	1	513	989	1502	0.0	881
0e553e17-0ce0-493e-88b2-a97a888eafb0	NR_118998.1	97.661	513	5	6	5	513	988	1497	0.0	874
262c16bc-bcbd-465c-84d1-8580d8c50366	NR_044873.1	95.588	680	10	13	2	666	676	2	0.0	1072
262c16bc-bcbd-465c-84d1-8580d8c50366	NR_074568.1	93.529	680	25	15	1	666	687	13	0.0	994
262c16bc-bcbd-465c-84d1-8580d8c50366	NR_044712.2	93.088	680	28	15	1	666	696	22	0.0	983
262c16bc-bcbd-465c-84d1-8580d8c50366	NR_179993.1	91.947	683	33	16	1	667	688	12	0.0	937
262c16bc-bcbd-465c-84d1-8580d8c50366	NR_109752.1	91.935	682	33	15	1	666	698	23	0.0	935
46aea4e0-8cb6-4208-949a-698f0188733c	NR_026419.1	97.225	1045	13	13	1	1037	173	1209	0.0	1755
46aea4e0-8cb6-4208-949a-698f0188733c	NR_133753.1	96.446	1041	20	14	5	1037	144	1175	0.0	1701
46aea4e0-8cb6-4208-949a-698f0188733c	NR_025903.1	96.446	1041	20	14	5	1037	190	1221	0.0	1701
46aea4e0-8cb6-4208-949a-698f0188733c	NR_133752.1	96.158	1041	23	14	5	1037	115	1146	0.0	1685
46aea4e0-8cb6-4208-949a-698f0188733c	NR_025904.1	95.590	1043	25	16	5	1037	189	1220	0.0	1652
1e04bebb-2737-49a3-bb1f-bda9989cc4dc	NR_024842.1	94.737	627	21	9	1	620	851	1472	0.0	965
1e04bebb-2737-49a3-bb1f-bda9989cc4dc	NR_036936.1	94.745	628	20	10	1	620	836	1458	0.0	965
1e04bebb-2737-49a3-bb1f-bda9989cc4dc	NR_115735.1	94.737	627	21	9	1	620	827	1448	0.0	965
1e04bebb-2737-49a3-bb1f-bda9989cc4dc	NR_179540.1	94.737	627	21	9	1	620	854	1475	0.0	965
1e04bebb-2737-49a3-bb1f-bda9989cc4dc	NR_028665.1	94.577	627	22	9	1	620	851	1472	0.0	959
49924533-7bf5-4668-b515-8b9aef34fae5	NR_041879.1	96.653	239	3	5	12	249	1088	1322	5.61e-109	392
49924533-7bf5-4668-b515-8b9aef34fae5	NR_115355.1	96.653	239	3	5	12	249	1130	1364	5.61e-109	392
49924533-7bf5-4668-b515-8b9aef34fae5	NR_119169.1	96.653	239	3	5	12	249	1135	1369	5.61e-109	392
49924533-7bf5-4668-b515-8b9aef34fae5	NR_163639.1	96.653	239	3	5	12	249	1145	1379	5.61e-109	392
49924533-7bf5-4668-b515-8b9aef34fae5	NR_179325.1	96.653	239	3	5	12	249	1104	1338	5.61e-109	392
36ac733c-fc02-4da1-a98e-9b3d55ad0fc9	NR_044873.1	91.934	1339	55	44	1	1305	1324	5	0.0	1825
36ac733c-fc02-4da1-a98e-9b3d55ad0fc9	NR_074568.1	90.583	1338	74	43	1	1305	1334	16	0.0	1725
36ac733c-fc02-4da1-a98e-9b3d55ad0fc9	NR_044712.2	90.359	1338	77	43	1	1305	1343	25	0.0	1716
36ac733c-fc02-4da1-a98e-9b3d55ad0fc9	NR_025310.1	89.774	1330	81	46	1	1295	1314	5	0.0	1652
36ac733c-fc02-4da1-a98e-9b3d55ad0fc9	NR_109752.1	89.552	1340	85	46	1	1305	1345	26	0.0	1648
1eb26d01-53fe-4043-878c-3cd4bfdaccda	NR_117694.1	97.513	1327	18	12	1	1319	1320	1	0.0	2254
1eb26d01-53fe-4043-878c-3cd4bfdaccda	NR_041989.1	98.285	1283	11	8	1	1277	1278	1	0.0	2237
1eb26d01-53fe-4043-878c-3cd4bfdaccda	NR_121687.1	96.704	1335	29	12	1	1327	1340	13	0.0	2207
1eb26d01-53fe-4043-878c-3cd4bfdaccda	NR_117717.1	96.624	1333	33	9	1	1327	1340	14	0.0	2202
1eb26d01-53fe-4043-878c-3cd4bfdaccda	NR_025892.1	96.180	1335	35	13	1	1327	1345	19	0.0	2194
30dca883-e187-4a6a-a494-dc5597269f36	NR_036936.1	95.640	688	21	8	1	680	740	1426	0.0	1096
30dca883-e187-4a6a-a494-dc5597269f36	NR_180875.1	95.640	688	21	8	1	680	719	1405	0.0	1096
30dca883-e187-4a6a-a494-dc5597269f36	NR_109720.1	95.494	688	22	8	1	680	734	1420	0.0	1090
30dca883-e187-4a6a-a494-dc5597269f36	NR_156072.1	95.982	672	21	5	13	680	777	1446	0.0	1086
30dca883-e187-4a6a-a494-dc5597269f36	NR_024842.1	95.349	688	23	8	1	680	755	1441	0.0	1085
f8b227fe-cf8a-44c3-9799-a754b5fecd41	NR_024897.1	93.966	116	4	3	1	113	1374	1489	3.25e-43	172
f8b227fe-cf8a-44c3-9799-a754b5fecd41	NR_116168.1	93.966	116	4	3	1	113	1375	1490	3.25e-43	172
f8b227fe-cf8a-44c3-9799-a754b5fecd41	NR_181418.1	93.966	116	4	3	1	113	1374	1489	3.25e-43	172
f8b227fe-cf8a-44c3-9799-a754b5fecd41	NR_074906.1	93.162	117	4	3	1	113	1382	1498	4.20e-42	169
f8b227fe-cf8a-44c3-9799-a754b5fecd41	NR_025359.1	93.103	116	5	3	1	113	1378	1493	1.51e-41	167
87343765-3ec7-43fe-909c-b5dc410d2336	NR_037101.1	96.209	211	6	2	3	211	1263	1473	1.38e-94	344
87343765-3ec7-43fe-909c-b5dc410d2336	NR_040821.1	96.209	211	6	2	3	211	1263	1473	1.38e-94	344
87343765-3ec7-43fe-909c-b5dc410d2336	NR_025148.1	96.209	211	6	2	3	211	1283	1493	1.38e-94	344
87343765-3ec7-43fe-909c-b5dc410d2336	NR_040820.1	96.209	211	6	2	3	211	1263	1473	1.38e-94	344
87343765-3ec7-43fe-909c-b5dc410d2336	NR_134818.1	96.209	211	6	2	3	211	1276	1486	1.38e-94	344
90b9bd08-1df1-499e-a6da-9fb7f99c4847	NR_026419.1	93.023	129	5	4	4	129	1376	1249	4.80e-47	185
90b9bd08-1df1-499e-a6da-9fb7f99c4847	NR_133752.1	91.339	127	7	4	4	127	1313	1188	1.34e-42	171
90b9bd08-1df1-499e-a6da-9fb7f99c4847	NR_133753.1	91.339	127	7	4	4	127	1342	1217	1.34e-42	171
90b9bd08-1df1-499e-a6da-9fb7f99c4847	NR_025903.1	91.339	127	7	4	4	127	1388	1263	1.34e-42	171
90b9bd08-1df1-499e-a6da-9fb7f99c4847	NR_025904.1	90.551	127	8	4	4	127	1387	1262	6.25e-41	165
0ecb6262-050f-45d0-bce8-a6917c2a60bb	NR_024842.1	100.000	114	0	0	66	179	1376	1489	1.19e-54	211
0ecb6262-050f-45d0-bce8-a6917c2a60bb	NR_041706.1	100.000	114	0	0	66	179	1371	1484	1.19e-54	211
0ecb6262-050f-45d0-bce8-a6917c2a60bb	NR_042052.1	100.000	114	0	0	66	179	1284	1397	1.19e-54	211
0ecb6262-050f-45d0-bce8-a6917c2a60bb	NR_025625.1	100.000	114	0	0	66	179	1370	1483	1.19e-54	211
0ecb6262-050f-45d0-bce8-a6917c2a60bb	NR_028705.1	100.000	114	0	0	66	179	1374	1487	1.19e-54	211
f7f37b25-c606-4a2e-b39b-21928670cd92	NR_024842.1	93.506	231	10	2	1	231	1458	1233	6.99e-93	339
f7f37b25-c606-4a2e-b39b-21928670cd92	NR_042052.1	93.506	231	10	2	1	231	1366	1141	6.99e-93	339
f7f37b25-c606-4a2e-b39b-21928670cd92	NR_042776.1	93.506	231	10	2	1	231	1468	1243	6.99e-93	339
f7f37b25-c606-4a2e-b39b-21928670cd92	NR_042777.1	93.506	231	10	2	1	231	1467	1242	6.99e-93	339
f7f37b25-c606-4a2e-b39b-21928670cd92	NR_042928.1	93.506	231	10	2	1	231	1441	1216	6.99e-93	339
4377f269-fe1e-476c-9a4c-322f270f506c	NR_041879.1	96.491	114	3	1	1	113	1299	1186	1.15e-47	187
4377f269-fe1e-476c-9a4c-322f270f506c	NR_115355.1	96.491	114	3	1	1	113	1341	1228	1.15e-47	187
4377f269-fe1e-476c-9a4c-322f270f506c	NR_119169.1	96.491	114	3	1	1	113	1346	1233	1.15e-47	187
4377f269-fe1e-476c-9a4c-322f270f506c	NR_163639.1	96.491	114	3	1	1	113	1356	1243	1.15e-47	187
4377f269-fe1e-476c-9a4c-322f270f506c	NR_179325.1	96.491	114	3	1	1	113	1315	1202	1.15e-47	187
0e30a588-e041-4164-96af-5a3d0a7f5109	NR_116168.1	90.511	274	9	13	1	257	1398	1125	4.55e-95	346
0e30a588-e041-4164-96af-5a3d0a7f5109	NR_118762.1	89.781	274	11	13	1	257	1400	1127	7.61e-93	339
0e30a588-e041-4164-96af-5a3d0a7f5109	NR_042878.1	89.961	259	9	13	16	257	1362	1104	9.91e-87	318
0e30a588-e041-4164-96af-5a3d0a7f5109	NR_115546.2	88.686	274	14	13	1	257	1407	1134	9.91e-87	318
0e30a588-e041-4164-96af-5a3d0a7f5109	NR_024897.1	88.364	275	13	15	1	257	1397	1124	4.61e-85	313
2e5258b9-b515-4064-abaa-0bafa938b89d	NR_163639.1	97.354	189	4	1	4	192	191	4	2.00e-87	320
2e5258b9-b515-4064-abaa-0bafa938b89d	NR_074980.1	97.326	187	4	1	5	191	198	13	2.59e-86	316
2e5258b9-b515-4064-abaa-0bafa938b89d	NR_113031.1	97.326	187	4	1	5	191	198	13	2.59e-86	316
2e5258b9-b515-4064-abaa-0bafa938b89d	NR_119169.1	97.191	178	4	1	4	181	177	1	7.25e-82	302
2e5258b9-b515-4064-abaa-0bafa938b89d	NR_119170.1	97.714	175	3	1	7	181	174	1	7.25e-82	302
136bf9f2-6dca-4d59-bd6a-4693821deece	NR_118334.1	89.342	319	17	15	3	310	245	557	1.19e-106	385
136bf9f2-6dca-4d59-bd6a-4693821deece	NR_113093.1	88.365	318	22	13	3	310	263	575	1.20e-101	368
136bf9f2-6dca-4d59-bd6a-4693821deece	NR_114305.1	87.812	320	24	13	1	310	263	577	2.01e-99	361
136bf9f2-6dca-4d59-bd6a-4693821deece	NR_116726.1	87.812	320	24	13	1	310	243	557	2.01e-99	361
136bf9f2-6dca-4d59-bd6a-4693821deece	NR_042587.1	87.774	319	22	15	3	310	243	555	7.23e-99	359
805697f4-1c08-420a-99aa-97ef37175e99	NR_025902.1	94.882	254	6	3	1	247	1437	1184	1.98e-108	390
805697f4-1c08-420a-99aa-97ef37175e99	NR_040933.1	94.882	254	6	3	1	247	1481	1228	1.98e-108	390
805697f4-1c08-420a-99aa-97ef37175e99	NR_117717.1	94.882	254	6	3	1	247	1479	1226	1.98e-108	390
805697f4-1c08-420a-99aa-97ef37175e99	NR_121688.1	94.882	254	6	3	1	247	1479	1226	1.98e-108	390
805697f4-1c08-420a-99aa-97ef37175e99	NR_117692.1	94.882	254	6	3	1	247	1459	1206	1.98e-108	390
35793fef-3699-4bb0-a7d7-cd28e25037a6	NR_042776.1	96.774	124	1	3	1	122	145	23	1.30e-52	204
35793fef-3699-4bb0-a7d7-cd28e25037a6	NR_042777.1	96.774	124	1	3	1	122	145	23	1.30e-52	204
35793fef-3699-4bb0-a7d7-cd28e25037a6	NR_042778.1	96.774	124	1	3	1	122	145	23	1.30e-52	204
35793fef-3699-4bb0-a7d7-cd28e25037a6	NR_024841.1	95.968	124	2	3	1	122	134	12	6.05e-51	198
35793fef-3699-4bb0-a7d7-cd28e25037a6	NR_118234.1	95.968	124	2	3	1	122	137	15	6.05e-51	198
de77f3fd-25fd-4c02-8de5-2cd355cf8aca	NR_116316.1	97.260	146	2	1	1	144	711	566	2.47e-65	246
de77f3fd-25fd-4c02-8de5-2cd355cf8aca	NR_042878.1	96.575	146	3	1	1	144	708	563	1.15e-63	241
de77f3fd-25fd-4c02-8de5-2cd355cf8aca	NR_116168.1	96.575	146	3	1	1	144	729	584	1.15e-63	241
de77f3fd-25fd-4c02-8de5-2cd355cf8aca	NR_044612.1	95.890	146	4	1	1	144	737	592	4.14e-63	239
de77f3fd-25fd-4c02-8de5-2cd355cf8aca	NR_159347.1	95.890	146	4	1	1	144	734	589	1.49e-62	237
76a57b4c-8372-4e03-b52e-91fb28470a87	NR_042776.1	98.099	263	4	1	1	263	1247	986	2.10e-128	457
76a57b4c-8372-4e03-b52e-91fb28470a87	NR_042777.1	98.099	263	4	1	1	263	1246	985	2.10e-128	457
76a57b4c-8372-4e03-b52e-91fb28470a87	NR_042778.1	98.099	263	4	1	1	263	1247	986	2.10e-128	457
76a57b4c-8372-4e03-b52e-91fb28470a87	NR_197695.1	97.719	263	5	1	1	263	1246	985	9.77e-127	451
76a57b4c-8372-4e03-b52e-91fb28470a87	NR_024659.1	97.328	262	6	1	2	263	1202	942	1.63e-124	444
a19ee8d9-bdb1-48d3-babf-48e366a0c99e	NR_025892.1	95.977	174	0	6	1	167	38	211	4.58e-74	276
a19ee8d9-bdb1-48d3-babf-48e366a0c99e	NR_117694.1	94.944	178	1	7	1	170	12	189	5.92e-73	272
a19ee8d9-bdb1-48d3-babf-48e366a0c99e	NR_117717.1	94.839	155	6	2	1	153	33	187	1.67e-63	241
a19ee8d9-bdb1-48d3-babf-48e366a0c99e	NR_121688.1	94.839	155	6	2	1	153	32	186	1.67e-63	241
a19ee8d9-bdb1-48d3-babf-48e366a0c99e	NR_117701.1	94.839	155	6	2	1	153	12	166	1.67e-63	241
e694b8b6-c224-4d43-a268-1b7c44c10285	NR_028665.1	96.988	166	3	2	2	166	174	10	1.04e-74	278
e694b8b6-c224-4d43-a268-1b7c44c10285	NR_179383.1	96.970	165	3	2	3	166	183	20	3.75e-74	276
e694b8b6-c224-4d43-a268-1b7c44c10285	NR_115560.1	96.407	167	4	2	3	168	176	11	1.35e-73	274
e694b8b6-c224-4d43-a268-1b7c44c10285	NR_117719.1	97.516	161	2	2	7	166	172	13	1.35e-73	274
e694b8b6-c224-4d43-a268-1b7c44c10285	NR_179540.1	97.516	161	2	2	7	166	172	13	1.35e-73	274
c7efe282-3bd4-4a96-b6bc-646bc21c0874	NR_025904.1	96.894	161	5	0	1	161	165	5	1.71e-72	270
c7efe282-3bd4-4a96-b6bc-646bc21c0874	NR_026419.1	98.039	153	3	0	1	153	153	1	2.21e-71	267
c7efe282-3bd4-4a96-b6bc-646bc21c0874	NR_025903.1	95.652	161	7	0	1	161	166	6	3.70e-69	259
c7efe282-3bd4-4a96-b6bc-646bc21c0874	NR_036920.1	91.925	161	11	2	1	161	160	2	1.35e-58	224
c7efe282-3bd4-4a96-b6bc-646bc21c0874	NR_026420.1	91.503	153	13	0	1	153	153	1	1.05e-54	211
d24e8bdc-e3a2-43df-a9e0-21930d7e975c	NR_025862.1	95.294	170	3	4	2	169	682	516	2.32e-71	267
d24e8bdc-e3a2-43df-a9e0-21930d7e975c	NR_024904.1	95.294	170	3	4	2	169	687	521	8.34e-71	265
d24e8bdc-e3a2-43df-a9e0-21930d7e975c	NR_041706.1	95.294	170	3	4	2	169	671	505	8.34e-71	265
d24e8bdc-e3a2-43df-a9e0-21930d7e975c	NR_041707.1	95.294	170	3	4	2	169	668	502	8.34e-71	265
d24e8bdc-e3a2-43df-a9e0-21930d7e975c	NR_026467.1	95.294	170	3	4	2	169	664	498	8.34e-71	265
74810263-264f-422d-b4d3-e37dad46e4a0	NR_036936.1	97.849	279	1	5	1	276	687	963	1.67e-134	477
74810263-264f-422d-b4d3-e37dad46e4a0	NR_029052.1	97.849	279	1	5	1	276	675	951	1.67e-134	477
74810263-264f-422d-b4d3-e37dad46e4a0	NR_103943.1	97.849	279	1	5	1	276	713	989	1.67e-134	477
74810263-264f-422d-b4d3-e37dad46e4a0	NR_024842.1	97.491	279	2	5	1	276	702	978	7.77e-133	472
74810263-264f-422d-b4d3-e37dad46e4a0	NR_025453.1	97.491	279	2	5	1	276	687	963	7.77e-133	472
b27cfd9b-559f-4902-8bcb-ba9f9fb58b52	NR_074980.1	94.558	147	5	3	1	145	162	17	1.20e-58	224
b27cfd9b-559f-4902-8bcb-ba9f9fb58b52	NR_113031.1	94.558	147	5	3	1	145	162	17	1.20e-58	224
b27cfd9b-559f-4902-8bcb-ba9f9fb58b52	NR_163639.1	94.558	147	5	3	1	145	154	9	1.20e-58	224
b27cfd9b-559f-4902-8bcb-ba9f9fb58b52	NR_119168.1	95.000	140	4	3	1	138	140	2	2.00e-56	217
b27cfd9b-559f-4902-8bcb-ba9f9fb58b52	NR_119169.1	95.000	140	4	3	1	138	140	2	2.00e-56	217
7c186706-1e17-4756-a0a1-d6cb593b8f2c	NR_115560.1	95.935	123	1	3	1	123	130	12	2.11e-50	196
7c186706-1e17-4756-a0a1-d6cb593b8f2c	NR_103943.1	96.639	119	2	2	4	122	135	19	2.11e-50	196
7c186706-1e17-4756-a0a1-d6cb593b8f2c	NR_113561.1	95.902	122	3	2	1	122	132	13	2.11e-50	196
7c186706-1e17-4756-a0a1-d6cb593b8f2c	NR_028664.1	95.902	122	1	3	1	122	133	16	7.60e-50	195
7c186706-1e17-4756-a0a1-d6cb593b8f2c	NR_179385.1	95.902	122	1	3	1	122	134	17	7.60e-50	195
0e0444de-25f8-4981-88be-f7457218c34b	NR_116168.1	92.000	125	8	2	13	136	139	16	1.14e-43	174
0e0444de-25f8-4981-88be-f7457218c34b	NR_024896.1	89.683	126	9	4	13	136	138	15	1.14e-38	158
0e0444de-25f8-4981-88be-f7457218c34b	NR_024897.1	89.683	126	9	4	13	136	138	15	1.14e-38	158
0e0444de-25f8-4981-88be-f7457218c34b	NR_024898.1	89.683	126	9	4	13	136	138	15	1.14e-38	158
0e0444de-25f8-4981-88be-f7457218c34b	NR_026032.1	88.550	131	11	4	13	140	140	11	4.11e-38	156
d894fe56-eb7a-4d81-b141-0ddd689139b3	NR_041879.1	94.872	117	5	1	1	116	1299	1183	5.51e-46	182
d894fe56-eb7a-4d81-b141-0ddd689139b3	NR_115355.1	94.872	117	5	1	1	116	1341	1225	5.51e-46	182
d894fe56-eb7a-4d81-b141-0ddd689139b3	NR_119169.1	94.872	117	5	1	1	116	1346	1230	5.51e-46	182
d894fe56-eb7a-4d81-b141-0ddd689139b3	NR_163639.1	94.872	117	5	1	1	116	1356	1240	5.51e-46	182
d894fe56-eb7a-4d81-b141-0ddd689139b3	NR_179325.1	94.872	117	5	1	1	116	1315	1199	5.51e-46	182
64f12617-4f74-4f32-82bb-49137bd7c0b5	NR_042776.1	94.000	150	2	4	10	152	166	17	1.61e-57	220
64f12617-4f74-4f32-82bb-49137bd7c0b5	NR_042777.1	94.000	150	2	4	10	152	166	17	1.61e-57	220
64f12617-4f74-4f32-82bb-49137bd7c0b5	NR_042778.1	94.000	150	2	4	10	152	166	17	1.61e-57	220
64f12617-4f74-4f32-82bb-49137bd7c0b5	NR_024841.1	93.333	150	3	4	10	152	155	6	7.49e-56	215
64f12617-4f74-4f32-82bb-49137bd7c0b5	NR_197695.1	93.333	150	3	4	10	152	165	16	7.49e-56	215
b6abe5b9-a125-4aba-9465-87793f7d778b	NR_179385.1	98.101	158	2	1	14	170	174	17	1.39e-73	274
b6abe5b9-a125-4aba-9465-87793f7d778b	NR_199545.1	98.101	158	2	1	14	170	170	13	1.39e-73	274
b6abe5b9-a125-4aba-9465-87793f7d778b	NR_112025.1	96.875	160	4	1	14	172	170	11	1.79e-72	270
b6abe5b9-a125-4aba-9465-87793f7d778b	NR_042771.1	97.468	158	3	1	14	170	170	13	6.45e-72	268
b6abe5b9-a125-4aba-9465-87793f7d778b	NR_118234.1	96.914	162	2	3	14	172	169	8	6.45e-72	268
2a0f56c2-cfdb-467b-ba36-9bc4ca959760	NR_024841.1	92.701	137	5	4	1	136	1409	1277	3.16e-49	193
2a0f56c2-cfdb-467b-ba36-9bc4ca959760	NR_024842.1	92.701	137	5	4	1	136	1410	1278	3.16e-49	193
2a0f56c2-cfdb-467b-ba36-9bc4ca959760	NR_036936.1	92.701	137	5	4	1	136	1395	1263	3.16e-49	193
2a0f56c2-cfdb-467b-ba36-9bc4ca959760	NR_041722.2	92.701	137	5	4	1	136	1430	1298	3.16e-49	193
2a0f56c2-cfdb-467b-ba36-9bc4ca959760	NR_025453.1	92.701	137	5	4	1	136	1395	1263	3.16e-49	193
3aff0e76-2dc5-41f6-8e79-42b7de783310	NR_074568.1	95.575	113	4	1	1	113	124	13	1.90e-45	180
3aff0e76-2dc5-41f6-8e79-42b7de783310	NR_044712.2	95.575	113	4	1	1	113	133	22	1.90e-45	180
3aff0e76-2dc5-41f6-8e79-42b7de783310	NR_044873.1	94.690	113	5	1	1	113	113	2	8.84e-44	174
3aff0e76-2dc5-41f6-8e79-42b7de783310	NR_025375.1	94.595	111	5	1	4	113	113	3	1.14e-42	171
3aff0e76-2dc5-41f6-8e79-42b7de783310	NR_104807.1	94.595	111	5	1	4	113	120	10	1.14e-42	171
a799b2c9-42ba-4e41-89b2-a283c5566679	NR_025892.1	97.143	105	1	2	1	103	831	727	2.27e-44	176
a799b2c9-42ba-4e41-89b2-a283c5566679	NR_121687.1	97.143	105	1	2	1	103	826	722	2.27e-44	176
a799b2c9-42ba-4e41-89b2-a283c5566679	NR_041989.1	97.143	105	1	2	1	103	764	660	2.27e-44	176
a799b2c9-42ba-4e41-89b2-a283c5566679	NR_117694.1	97.143	105	1	2	1	103	806	702	2.27e-44	176
a799b2c9-42ba-4e41-89b2-a283c5566679	NR_181525.1	97.143	105	1	2	1	103	786	682	2.27e-44	176
bfe1da9c-bb5d-4b3b-ab6a-8091a6c6f78b	NR_042776.1	96.382	304	2	5	12	308	1472	1171	6.69e-139	492
bfe1da9c-bb5d-4b3b-ab6a-8091a6c6f78b	NR_042777.1	96.382	304	2	5	12	308	1471	1170	6.69e-139	492
bfe1da9c-bb5d-4b3b-ab6a-8091a6c6f78b	NR_042778.1	96.053	304	3	5	12	308	1472	1171	3.11e-137	486
bfe1da9c-bb5d-4b3b-ab6a-8091a6c6f78b	NR_118998.1	96.053	304	3	5	12	308	1466	1165	3.11e-137	486
bfe1da9c-bb5d-4b3b-ab6a-8091a6c6f78b	NR_042052.1	95.724	304	4	5	12	308	1370	1069	1.45e-135	481
462209f0-a659-4c23-9d05-be18815b1caf	NR_163639.1	97.368	152	2	2	1	150	155	4	1.21e-68	257
462209f0-a659-4c23-9d05-be18815b1caf	NR_074980.1	97.351	151	2	2	1	149	163	13	4.35e-68	255
462209f0-a659-4c23-9d05-be18815b1caf	NR_113031.1	97.351	151	2	2	1	149	163	13	4.35e-68	255
462209f0-a659-4c23-9d05-be18815b1caf	NR_117759.1	97.842	139	1	2	1	137	139	1	4.38e-63	239
462209f0-a659-4c23-9d05-be18815b1caf	NR_119168.1	97.842	139	1	2	1	137	141	3	4.38e-63	239
377c67bd-19d3-4b8e-905c-23be03137c23	NR_024634.1	89.744	195	11	7	41	229	1291	1482	1.96e-63	241
377c67bd-19d3-4b8e-905c-23be03137c23	NR_042928.1	89.691	194	12	6	41	229	1278	1468	1.96e-63	241
377c67bd-19d3-4b8e-905c-23be03137c23	NR_043660.1	89.744	195	11	7	41	229	1272	1463	1.96e-63	241
377c67bd-19d3-4b8e-905c-23be03137c23	NR_044912.1	89.691	194	12	6	41	229	1235	1425	1.96e-63	241
377c67bd-19d3-4b8e-905c-23be03137c23	NR_115730.1	89.691	194	12	6	41	229	1260	1450	1.96e-63	241
300975b1-eb13-42d8-8fbf-0ab21f91a379	NR_024842.1	95.909	220	5	4	1	217	1271	1489	2.31e-97	353
300975b1-eb13-42d8-8fbf-0ab21f91a379	NR_044912.1	95.909	220	5	4	1	217	1211	1429	2.31e-97	353
300975b1-eb13-42d8-8fbf-0ab21f91a379	NR_134817.1	95.909	220	5	4	1	217	1269	1487	2.31e-97	353
300975b1-eb13-42d8-8fbf-0ab21f91a379	NR_178262.1	95.928	221	4	5	1	217	1150	1369	2.31e-97	353
300975b1-eb13-42d8-8fbf-0ab21f91a379	NR_179215.1	95.928	221	4	5	1	217	1272	1491	2.31e-97	353
361518c7-216b-4986-9125-a6867f1c79e0	NR_043332.1	88.095	126	9	4	1	121	1358	1482	7.92e-35	145
361518c7-216b-4986-9125-a6867f1c79e0	NR_074980.1	88.095	126	9	4	1	121	1385	1509	7.92e-35	145
361518c7-216b-4986-9125-a6867f1c79e0	NR_113031.1	88.095	126	9	4	1	121	1385	1509	7.92e-35	145
361518c7-216b-4986-9125-a6867f1c79e0	NR_115354.1	88.095	126	9	4	1	121	1358	1482	7.92e-35	145
361518c7-216b-4986-9125-a6867f1c79e0	NR_115355.1	88.095	126	9	4	1	121	1358	1482	7.92e-35	145
73a4197a-234a-4f03-96a7-a45dbc1f2241	NR_041879.1	92.308	104	4	4	3	102	1289	1186	6.24e-35	145
73a4197a-234a-4f03-96a7-a45dbc1f2241	NR_115355.1	92.308	104	4	4	3	102	1331	1228	6.24e-35	145
73a4197a-234a-4f03-96a7-a45dbc1f2241	NR_119169.1	92.308	104	4	4	3	102	1336	1233	6.24e-35	145
73a4197a-234a-4f03-96a7-a45dbc1f2241	NR_163639.1	92.308	104	4	4	3	102	1346	1243	6.24e-35	145
73a4197a-234a-4f03-96a7-a45dbc1f2241	NR_179325.1	92.308	104	4	4	3	102	1305	1202	6.24e-35	145
f1adfcbb-2a84-425b-b9b0-b32d6eb7d5d3	NR_025609.1	95.455	176	3	3	3	173	1342	1167	3.88e-74	276
f1adfcbb-2a84-425b-b9b0-b32d6eb7d5d3	NR_025729.1	95.455	176	3	3	3	173	1411	1236	3.88e-74	276
f1adfcbb-2a84-425b-b9b0-b32d6eb7d5d3	NR_029025.1	95.455	176	3	3	3	173	1383	1208	3.88e-74	276
f1adfcbb-2a84-425b-b9b0-b32d6eb7d5d3	NR_042773.1	95.455	176	3	3	3	173	1415	1240	3.88e-74	276
f1adfcbb-2a84-425b-b9b0-b32d6eb7d5d3	NR_042774.1	95.455	176	3	3	3	173	1427	1252	3.88e-74	276
592b45e5-bb06-4aaa-b525-f3529ddea199	NR_074980.1	91.336	277	14	9	6	274	802	528	2.97e-102	370
592b45e5-bb06-4aaa-b525-f3529ddea199	NR_113031.1	91.336	277	14	9	6	274	802	528	2.97e-102	370
592b45e5-bb06-4aaa-b525-f3529ddea199	NR_113570.1	91.336	277	14	9	6	274	782	508	2.97e-102	370
592b45e5-bb06-4aaa-b525-f3529ddea199	NR_119168.1	91.336	277	14	9	6	274	780	506	2.97e-102	370
592b45e5-bb06-4aaa-b525-f3529ddea199	NR_044091.1	91.336	277	14	9	6	274	689	415	2.97e-102	370
54eff38a-0065-4777-bf00-d2f7e2dcf4c3	NR_113105.1	94.828	174	8	1	3	175	681	854	1.91e-72	270
54eff38a-0065-4777-bf00-d2f7e2dcf4c3	NR_044407.1	94.828	174	8	1	3	175	673	846	1.91e-72	270
54eff38a-0065-4777-bf00-d2f7e2dcf4c3	NR_175509.1	94.828	174	8	1	3	175	693	866	1.91e-72	270
54eff38a-0065-4777-bf00-d2f7e2dcf4c3	NR_029148.1	94.253	174	9	1	3	175	701	874	8.90e-71	265
54eff38a-0065-4777-bf00-d2f7e2dcf4c3	NR_109628.1	94.253	174	9	1	3	175	674	847	8.90e-71	265
999087db-d633-4290-9035-d8011c63ddf6	NR_041880.1	92.593	189	7	7	1	185	76	261	9.24e-71	265
999087db-d633-4290-9035-d8011c63ddf6	NR_115354.1	92.593	189	7	7	1	185	120	305	9.24e-71	265
999087db-d633-4290-9035-d8011c63ddf6	NR_119170.1	92.593	189	7	7	1	185	125	310	9.24e-71	265
999087db-d633-4290-9035-d8011c63ddf6	NR_043332.1	92.105	190	6	8	1	185	120	305	4.30e-69	259
999087db-d633-4290-9035-d8011c63ddf6	NR_074980.1	92.105	190	6	8	1	185	147	332	4.30e-69	259
53a6c2ce-5272-4802-bc75-fce3d2441117	NR_044873.1	97.267	1354	21	15	26	1365	1353	2	0.0	2281
53a6c2ce-5272-4802-bc75-fce3d2441117	NR_074568.1	95.790	1354	40	16	26	1365	1363	13	0.0	2169
53a6c2ce-5272-4802-bc75-fce3d2441117	NR_044712.2	95.421	1354	45	16	26	1365	1372	22	0.0	2150
53a6c2ce-5272-4802-bc75-fce3d2441117	NR_109752.1	94.760	1355	53	17	26	1365	1374	23	0.0	2093
53a6c2ce-5272-4802-bc75-fce3d2441117	NR_025310.1	94.878	1347	50	18	26	1357	1343	1	0.0	2087
273dd324-dd49-470d-8217-aaa6d4c01356	NR_042776.1	97.096	792	11	8	3	790	801	18	0.0	1325
273dd324-dd49-470d-8217-aaa6d4c01356	NR_042778.1	96.843	792	13	8	3	790	801	18	0.0	1314
273dd324-dd49-470d-8217-aaa6d4c01356	NR_042777.1	96.717	792	13	9	3	790	800	18	0.0	1306
273dd324-dd49-470d-8217-aaa6d4c01356	NR_197695.1	96.465	792	16	8	3	790	800	17	0.0	1297
273dd324-dd49-470d-8217-aaa6d4c01356	NR_118998.1	96.212	792	18	8	3	790	796	13	0.0	1288
d73e589e-2983-4580-8343-4de3d501937a	NR_042776.1	93.483	445	15	9	18	456	1063	1499	0.0	649
d73e589e-2983-4580-8343-4de3d501937a	NR_042777.1	93.483	445	15	9	18	456	1062	1498	0.0	649
d73e589e-2983-4580-8343-4de3d501937a	NR_042778.1	93.034	445	17	9	18	456	1063	1499	0.0	638
d73e589e-2983-4580-8343-4de3d501937a	NR_118998.1	93.034	445	17	9	18	456	1057	1493	0.0	638
d73e589e-2983-4580-8343-4de3d501937a	NR_134818.1	93.034	445	18	10	18	456	1051	1488	0.0	638
be9c07f6-923f-4292-bf87-db2eb5fbe004	NR_136788.1	97.595	582	8	4	1	576	594	13	0.0	992
be9c07f6-923f-4292-bf87-db2eb5fbe004	NR_113082.1	94.683	583	23	6	1	576	594	13	0.0	898
be9c07f6-923f-4292-bf87-db2eb5fbe004	NR_026230.1	93.019	573	32	6	1	566	572	1	0.0	848
be9c07f6-923f-4292-bf87-db2eb5fbe004	NR_074234.1	90.510	569	42	11	17	576	585	20	0.0	741
be9c07f6-923f-4292-bf87-db2eb5fbe004	NR_113086.1	90.510	569	42	11	17	576	578	13	0.0	741
ef68c6b3-a631-46e5-98df-cf68e8bc8476	NR_116168.1	95.159	723	17	15	14	724	1463	747	0.0	1125
ef68c6b3-a631-46e5-98df-cf68e8bc8476	NR_118762.1	93.776	723	26	16	14	724	1465	750	0.0	1085
ef68c6b3-a631-46e5-98df-cf68e8bc8476	NR_025423.1	92.956	724	31	17	14	724	1447	731	0.0	1037
ef68c6b3-a631-46e5-98df-cf68e8bc8476	NR_024897.1	92.562	726	30	21	14	724	1462	746	0.0	1020
ef68c6b3-a631-46e5-98df-cf68e8bc8476	NR_024898.1	92.265	724	36	17	14	724	1462	746	0.0	1009
d216a192-0ee6-4c92-bd2a-d6838548f25a	NR_025903.1	96.270	858	14	14	1	844	864	11	0.0	1391
d216a192-0ee6-4c92-bd2a-d6838548f25a	NR_026419.1	95.327	856	21	15	1	841	852	1	0.0	1341
d216a192-0ee6-4c92-bd2a-d6838548f25a	NR_133753.1	96.220	820	15	12	1	806	818	1	0.0	1328
d216a192-0ee6-4c92-bd2a-d6838548f25a	NR_025904.1	94.774	861	21	20	1	844	863	10	0.0	1319
d216a192-0ee6-4c92-bd2a-d6838548f25a	NR_133752.1	96.451	789	14	10	1	777	789	3	0.0	1290
34eb9429-4732-46d2-ad8b-7021f34eb3a1	NR_179325.1	93.988	815	26	20	5	803	650	1457	0.0	1212
34eb9429-4732-46d2-ad8b-7021f34eb3a1	NR_115354.1	93.742	815	28	20	5	803	676	1483	0.0	1203
34eb9429-4732-46d2-ad8b-7021f34eb3a1	NR_115355.1	93.742	815	28	20	5	803	676	1483	0.0	1201
34eb9429-4732-46d2-ad8b-7021f34eb3a1	NR_044153.1	93.620	815	29	20	5	803	676	1483	0.0	1197
34eb9429-4732-46d2-ad8b-7021f34eb3a1	NR_119170.1	93.497	815	30	20	5	803	681	1488	0.0	1195
68f94d05-f7e3-4cfd-ba90-3e9e1a3fc392	NR_024842.1	94.356	691	17	14	1	683	686	10	0.0	1044
68f94d05-f7e3-4cfd-ba90-3e9e1a3fc392	NR_115241.1	94.599	685	15	14	1	677	671	1	0.0	1040
68f94d05-f7e3-4cfd-ba90-3e9e1a3fc392	NR_178515.1	94.461	686	14	16	1	677	671	1	0.0	1035
68f94d05-f7e3-4cfd-ba90-3e9e1a3fc392	NR_165737.1	94.315	686	15	17	1	677	671	1	0.0	1029
68f94d05-f7e3-4cfd-ba90-3e9e1a3fc392	NR_115735.1	94.379	676	15	16	1	667	662	1	0.0	1016
55423073-e32d-43cc-9a82-282a97516397	NR_116168.1	95.303	1107	29	18	1	1091	1113	14	0.0	1735
55423073-e32d-43cc-9a82-282a97516397	NR_042878.1	95.086	1099	31	18	1	1083	1092	1	0.0	1718
55423073-e32d-43cc-9a82-282a97516397	NR_118762.1	93.496	1107	50	17	1	1092	1115	16	0.0	1663
55423073-e32d-43cc-9a82-282a97516397	NR_118143.1	93.188	1101	50	20	1	1083	1094	1	0.0	1596
55423073-e32d-43cc-9a82-282a97516397	NR_025423.1	92.482	1104	58	20	1	1086	1097	1	0.0	1555
4ff90be8-26af-4180-84f8-add746e68355	NR_112026.1	95.946	222	5	4	1	221	755	973	1.90e-98	357
4ff90be8-26af-4180-84f8-add746e68355	NR_116213.1	95.946	222	5	4	1	221	698	916	1.90e-98	357
4ff90be8-26af-4180-84f8-add746e68355	NR_117719.1	95.946	222	5	4	1	221	793	1011	1.90e-98	357
4ff90be8-26af-4180-84f8-add746e68355	NR_027214.1	95.946	222	5	4	1	221	773	991	1.90e-98	357
4ff90be8-26af-4180-84f8-add746e68355	NR_179540.1	95.946	222	5	4	1	221	793	1011	1.90e-98	357
46950765-c4ce-4590-aa20-be3d83dc1020	NR_044873.1	94.444	108	2	4	4	108	1447	1341	2.00e-40	163
46950765-c4ce-4590-aa20-be3d83dc1020	NR_165019.1	93.636	110	4	3	1	108	1434	1326	7.18e-40	161
46950765-c4ce-4590-aa20-be3d83dc1020	NR_178796.1	93.636	110	4	3	1	108	1457	1349	7.18e-40	161
46950765-c4ce-4590-aa20-be3d83dc1020	NR_178939.1	93.636	110	4	3	1	108	1458	1350	7.18e-40	161
46950765-c4ce-4590-aa20-be3d83dc1020	NR_199557.1	93.578	109	4	3	1	108	1466	1360	2.58e-39	159
485a43db-e03a-4870-a6b1-13f4b315d004	NR_026419.1	90.179	560	24	19	286	820	927	374	0.0	701
485a43db-e03a-4870-a6b1-13f4b315d004	NR_026419.1	85.572	201	16	9	1	189	1282	1083	4.60e-50	198
485a43db-e03a-4870-a6b1-13f4b315d004	NR_133753.1	89.821	560	26	19	286	820	893	340	0.0	689
485a43db-e03a-4870-a6b1-13f4b315d004	NR_133753.1	83.085	201	21	8	1	189	1248	1049	1.00e-41	171
485a43db-e03a-4870-a6b1-13f4b315d004	NR_025903.1	89.821	560	26	19	286	820	939	386	0.0	689
485a43db-e03a-4870-a6b1-13f4b315d004	NR_025903.1	83.085	201	21	8	1	189	1294	1095	1.00e-41	171
485a43db-e03a-4870-a6b1-13f4b315d004	NR_133752.1	89.464	560	28	19	286	820	864	311	0.0	678
485a43db-e03a-4870-a6b1-13f4b315d004	NR_133752.1	83.085	201	21	8	1	189	1219	1020	1.00e-41	171
485a43db-e03a-4870-a6b1-13f4b315d004	NR_036920.1	89.107	560	30	19	286	820	932	379	0.0	667
485a43db-e03a-4870-a6b1-13f4b315d004	NR_036920.1	81.592	201	24	8	1	189	1287	1088	1.01e-36	154
be452b9e-8a04-48de-bdfa-47becc20621f	NR_037101.1	96.992	133	0	3	1	131	1393	1263	1.39e-57	220
be452b9e-8a04-48de-bdfa-47becc20621f	NR_040821.1	96.992	133	0	3	1	131	1393	1263	1.39e-57	220
be452b9e-8a04-48de-bdfa-47becc20621f	NR_042052.1	96.992	133	0	3	1	131	1316	1186	1.39e-57	220
be452b9e-8a04-48de-bdfa-47becc20621f	NR_025630.1	96.992	133	0	3	1	131	1392	1262	1.39e-57	220
be452b9e-8a04-48de-bdfa-47becc20621f	NR_024634.1	96.992	133	0	3	1	131	1404	1274	1.39e-57	220
b4fa870e-3442-4383-baba-fa4cac96e383	NR_025891.1	94.393	107	4	2	10	114	1015	909	1.95e-40	163
b4fa870e-3442-4383-baba-fa4cac96e383	NR_181569.1	94.393	107	4	2	10	114	1011	905	1.95e-40	163
b4fa870e-3442-4383-baba-fa4cac96e383	NR_025894.1	93.458	107	5	2	10	114	1016	910	9.10e-39	158
b4fa870e-3442-4383-baba-fa4cac96e383	NR_028900.1	93.458	107	5	2	10	114	947	841	9.10e-39	158
b4fa870e-3442-4383-baba-fa4cac96e383	NR_043458.1	93.458	107	5	2	10	114	1010	904	9.10e-39	158
b785e05a-ce1f-41b7-8e07-49d6ac845b96	NR_044873.1	95.122	410	13	7	1	404	1047	1455	0.0	640
b785e05a-ce1f-41b7-8e07-49d6ac845b96	NR_178796.1	94.377	409	17	6	1	404	1055	1462	3.12e-178	623
b785e05a-ce1f-41b7-8e07-49d6ac845b96	NR_178939.1	94.377	409	17	6	1	404	1056	1463	3.12e-178	623
b785e05a-ce1f-41b7-8e07-49d6ac845b96	NR_074568.1	94.132	409	17	7	1	404	1057	1463	5.23e-176	616
b785e05a-ce1f-41b7-8e07-49d6ac845b96	NR_044895.1	93.888	409	18	7	1	404	1041	1447	2.43e-174	610
f245a6d2-0803-4780-9e9b-11c00e43db91	NR_113105.1	97.674	129	3	0	9	137	129	1	3.96e-58	222
f245a6d2-0803-4780-9e9b-11c00e43db91	NR_044407.1	97.521	121	3	0	9	129	121	1	1.11e-53	207
f245a6d2-0803-4780-9e9b-11c00e43db91	NR_102895.1	95.349	129	6	0	9	137	149	21	3.99e-53	206
f245a6d2-0803-4780-9e9b-11c00e43db91	NR_113099.1	96.721	122	4	0	15	136	122	1	1.44e-52	204
f245a6d2-0803-4780-9e9b-11c00e43db91	NR_044627.1	95.935	123	5	0	15	137	143	21	5.16e-52	202
c5aa8acf-f6fd-4216-84b7-495a90c62b62	NR_042776.1	91.100	1191	48	42	1	1153	1201	31	0.0	1559
c5aa8acf-f6fd-4216-84b7-495a90c62b62	NR_042778.1	90.932	1191	50	42	1	1153	1201	31	0.0	1548
c5aa8acf-f6fd-4216-84b7-495a90c62b62	NR_042777.1	90.848	1191	50	43	1	1153	1200	31	0.0	1541
c5aa8acf-f6fd-4216-84b7-495a90c62b62	NR_197695.1	90.588	1190	56	42	1	1153	1200	30	0.0	1526
c5aa8acf-f6fd-4216-84b7-495a90c62b62	NR_118998.1	90.504	1190	56	43	1	1153	1195	26	0.0	1520
8a0fdb1a-6bd8-4dfe-9320-da4bccae1d5b	NR_025892.1	97.143	140	2	2	15	152	166	27	5.93e-62	235
8a0fdb1a-6bd8-4dfe-9320-da4bccae1d5b	NR_117694.1	96.429	140	3	2	15	152	140	1	2.76e-60	230
8a0fdb1a-6bd8-4dfe-9320-da4bccae1d5b	NR_117717.1	94.286	140	6	2	15	152	161	22	2.78e-55	213
8a0fdb1a-6bd8-4dfe-9320-da4bccae1d5b	NR_121688.1	94.286	140	6	2	15	152	160	21	2.78e-55	213
8a0fdb1a-6bd8-4dfe-9320-da4bccae1d5b	NR_117701.1	94.286	140	6	2	15	152	140	1	2.78e-55	213
d52a2e5d-b435-45c2-8733-f89fabf2a9e3	NR_026419.1	95.652	851	19	15	1	845	1207	369	0.0	1351
d52a2e5d-b435-45c2-8733-f89fabf2a9e3	NR_133753.1	95.182	851	23	15	1	845	1173	335	0.0	1328
d52a2e5d-b435-45c2-8733-f89fabf2a9e3	NR_025903.1	95.182	851	23	15	1	845	1219	381	0.0	1328
d52a2e5d-b435-45c2-8733-f89fabf2a9e3	NR_133752.1	94.947	851	25	15	1	845	1144	306	0.0	1317
d52a2e5d-b435-45c2-8733-f89fabf2a9e3	NR_025904.1	94.490	853	25	18	1	845	1218	380	0.0	1295
e08b3b0e-73f4-415d-bfa8-a7a2da9d9d81	NR_024842.1	92.623	122	6	3	1	119	64	185	3.39e-43	172
e08b3b0e-73f4-415d-bfa8-a7a2da9d9d81	NR_115241.1	92.623	122	6	3	1	119	49	170	3.39e-43	172
e08b3b0e-73f4-415d-bfa8-a7a2da9d9d81	NR_115735.1	91.870	123	6	4	1	119	39	161	4.38e-42	169
e08b3b0e-73f4-415d-bfa8-a7a2da9d9d81	NR_165737.1	89.344	122	10	3	1	119	49	170	1.59e-36	150
e08b3b0e-73f4-415d-bfa8-a7a2da9d9d81	NR_178515.1	89.344	122	10	3	1	119	49	170	1.59e-36	150
2a7330a5-5250-4526-9815-78851810c147	NR_199541.1	95.989	1396	25	20	1	1370	28	1418	0.0	2239
2a7330a5-5250-4526-9815-78851810c147	NR_028664.1	95.702	1396	29	24	1	1370	73	1463	0.0	2217
2a7330a5-5250-4526-9815-78851810c147	NR_042928.1	95.702	1396	28	21	1	1370	50	1439	0.0	2217
2a7330a5-5250-4526-9815-78851810c147	NR_115240.1	95.702	1396	29	24	1	1370	50	1440	0.0	2217
2a7330a5-5250-4526-9815-78851810c147	NR_115732.1	95.702	1396	29	24	1	1370	52	1442	0.0	2217
96dfc318-b1ee-4b9f-a928-ffc33480fd75	NR_102895.1	92.500	960	31	34	9	951	959	24	0.0	1336
96dfc318-b1ee-4b9f-a928-ffc33480fd75	NR_113113.1	92.396	960	32	34	9	951	939	4	0.0	1330
96dfc318-b1ee-4b9f-a928-ffc33480fd75	NR_042843.1	92.356	955	32	34	9	946	931	1	0.0	1323
96dfc318-b1ee-4b9f-a928-ffc33480fd75	NR_114305.1	91.354	960	42	34	9	951	951	16	0.0	1275
96dfc318-b1ee-4b9f-a928-ffc33480fd75	NR_116726.1	91.309	955	42	34	9	946	931	1	0.0	1266
ceb41d3e-b366-47b2-9b8c-3d3b00a9e2a7	NR_074980.1	96.337	546	12	5	21	562	972	1513	0.0	891
ceb41d3e-b366-47b2-9b8c-3d3b00a9e2a7	NR_113031.1	96.337	546	12	5	21	562	972	1513	0.0	891
ceb41d3e-b366-47b2-9b8c-3d3b00a9e2a7	NR_113570.1	96.350	548	9	8	21	562	952	1494	0.0	891
ceb41d3e-b366-47b2-9b8c-3d3b00a9e2a7	NR_043332.1	96.154	546	13	5	21	562	945	1486	0.0	889
ceb41d3e-b366-47b2-9b8c-3d3b00a9e2a7	NR_115355.1	95.795	547	13	7	21	562	945	1486	0.0	874
eb7bf479-a42b-419d-ac49-4acb476fe847	NR_163639.1	94.444	486	13	13	3	479	1017	1497	0.0	736
eb7bf479-a42b-419d-ac49-4acb476fe847	NR_179325.1	94.444	486	13	13	3	479	976	1456	0.0	736
eb7bf479-a42b-419d-ac49-4acb476fe847	NR_115355.1	94.239	486	14	13	3	479	1002	1482	0.0	730
eb7bf479-a42b-419d-ac49-4acb476fe847	NR_115354.1	93.827	486	16	13	3	479	1002	1482	0.0	719
eb7bf479-a42b-419d-ac49-4acb476fe847	NR_119169.1	93.621	486	17	13	3	479	1007	1487	0.0	717
3f5ae219-de50-467f-ae7f-098f8a8d7393	NR_042776.1	95.302	298	8	3	1	292	314	17	1.08e-131	468
3f5ae219-de50-467f-ae7f-098f8a8d7393	NR_042778.1	94.966	298	9	3	1	292	314	17	5.01e-130	462
3f5ae219-de50-467f-ae7f-098f8a8d7393	NR_042777.1	94.631	298	10	3	1	292	314	17	2.33e-128	457
3f5ae219-de50-467f-ae7f-098f8a8d7393	NR_197695.1	94.295	298	11	3	1	292	313	16	1.08e-126	451
3f5ae219-de50-467f-ae7f-098f8a8d7393	NR_118998.1	93.960	298	12	3	1	292	309	12	1.40e-125	448
5d515799-dd21-4939-85d7-4570caf02775	NR_042843.1	95.745	188	2	4	2	188	1290	1472	1.58e-80	298
5d515799-dd21-4939-85d7-4570caf02775	NR_042843.1	87.407	135	2	5	184	304	1454	1321	2.82e-33	141
5d515799-dd21-4939-85d7-4570caf02775	NR_102895.1	95.745	188	2	4	2	188	1318	1500	1.58e-80	298
5d515799-dd21-4939-85d7-4570caf02775	NR_102895.1	87.407	135	2	5	184	304	1482	1349	2.82e-33	141
5d515799-dd21-4939-85d7-4570caf02775	NR_109628.1	95.745	188	2	4	2	188	1291	1473	1.58e-80	298
5d515799-dd21-4939-85d7-4570caf02775	NR_109628.1	87.407	135	2	5	184	304	1455	1322	2.82e-33	141
5d515799-dd21-4939-85d7-4570caf02775	NR_102481.1	95.213	188	3	4	2	188	1310	1492	7.36e-79	292
5d515799-dd21-4939-85d7-4570caf02775	NR_102481.1	86.667	135	3	5	184	304	1474	1341	1.31e-31	135
5d515799-dd21-4939-85d7-4570caf02775	NR_113105.1	95.676	185	2	4	2	185	1298	1477	7.36e-79	292
5d515799-dd21-4939-85d7-4570caf02775	NR_113105.1	87.407	135	2	5	184	304	1462	1329	2.82e-33	141
29e378a4-54da-4e9e-b1e6-4d4b02a6070b	NR_028664.1	95.833	168	4	3	3	167	183	16	6.23e-72	268
29e378a4-54da-4e9e-b1e6-4d4b02a6070b	NR_115560.1	95.833	168	4	3	3	167	180	13	6.23e-72	268
29e378a4-54da-4e9e-b1e6-4d4b02a6070b	NR_165744.1	95.238	168	5	3	3	167	169	2	2.90e-70	263
29e378a4-54da-4e9e-b1e6-4d4b02a6070b	NR_179383.1	95.238	168	5	3	3	167	187	20	2.90e-70	263
29e378a4-54da-4e9e-b1e6-4d4b02a6070b	NR_115240.1	96.250	160	3	3	3	159	160	1	3.75e-69	259
6da796ba-f7ee-45e3-ad6b-d3961999dc5b	NR_074980.1	96.273	483	13	3	6	486	497	18	0.0	787
6da796ba-f7ee-45e3-ad6b-d3961999dc5b	NR_113031.1	96.273	483	13	3	6	486	497	18	0.0	787
6da796ba-f7ee-45e3-ad6b-d3961999dc5b	NR_119168.1	96.444	478	12	3	6	481	475	1	0.0	784
6da796ba-f7ee-45e3-ad6b-d3961999dc5b	NR_119169.1	96.234	478	13	3	6	481	475	1	0.0	782
6da796ba-f7ee-45e3-ad6b-d3961999dc5b	NR_163639.1	96.066	483	11	6	6	486	486	10	0.0	780
8e05585f-5df7-465d-92f2-8b0b62173eb5	NR_042776.1	94.761	649	16	13	6	640	662	18	0.0	994
8e05585f-5df7-465d-92f2-8b0b62173eb5	NR_042777.1	94.599	648	18	12	6	640	661	18	0.0	987
8e05585f-5df7-465d-92f2-8b0b62173eb5	NR_042778.1	94.453	649	18	13	6	640	662	18	0.0	983
8e05585f-5df7-465d-92f2-8b0b62173eb5	NR_197695.1	93.991	649	21	13	6	640	661	17	0.0	966
8e05585f-5df7-465d-92f2-8b0b62173eb5	NR_118998.1	93.683	649	23	13	6	640	657	13	0.0	957
ffbd22f4-0be9-49c7-ba5f-b262f19963b0	NR_024897.1	93.478	138	7	2	1	138	1351	1486	1.47e-52	204
ffbd22f4-0be9-49c7-ba5f-b262f19963b0	NR_116168.1	93.478	138	7	2	1	138	1352	1487	1.47e-52	204
ffbd22f4-0be9-49c7-ba5f-b262f19963b0	NR_181418.1	93.478	138	7	2	1	138	1351	1486	1.47e-52	204
ffbd22f4-0be9-49c7-ba5f-b262f19963b0	NR_044741.1	92.754	138	8	2	1	138	1316	1451	6.85e-51	198
ffbd22f4-0be9-49c7-ba5f-b262f19963b0	NR_074906.1	92.806	139	7	3	1	138	1359	1495	6.85e-51	198
1f8c8a40-e2f7-46a4-a077-95c30ea37125	NR_074568.1	91.818	110	8	1	1	109	135	26	4.37e-37	152
1f8c8a40-e2f7-46a4-a077-95c30ea37125	NR_044712.2	91.818	110	8	1	1	109	144	35	4.37e-37	152
1f8c8a40-e2f7-46a4-a077-95c30ea37125	NR_025310.1	90.909	110	9	1	1	109	115	6	2.03e-35	147
1f8c8a40-e2f7-46a4-a077-95c30ea37125	NR_044873.1	90.909	110	9	1	1	109	124	15	2.03e-35	147
1f8c8a40-e2f7-46a4-a077-95c30ea37125	NR_109752.1	90.909	110	9	1	1	109	145	36	2.03e-35	147
97df4cf4-44ea-44b3-be0e-b6a02a6bad6f	NR_179720.1	98.535	273	2	2	3	274	1383	1112	1.29e-135	481
97df4cf4-44ea-44b3-be0e-b6a02a6bad6f	NR_024842.1	98.168	273	3	2	3	274	1378	1107	6.01e-134	475
97df4cf4-44ea-44b3-be0e-b6a02a6bad6f	NR_025453.1	98.168	273	3	2	3	274	1363	1092	6.01e-134	475
97df4cf4-44ea-44b3-be0e-b6a02a6bad6f	NR_115241.1	98.168	273	3	2	3	274	1363	1092	6.01e-134	475
97df4cf4-44ea-44b3-be0e-b6a02a6bad6f	NR_115735.1	98.168	273	3	2	3	274	1354	1083	6.01e-134	475
d2ad8b4f-7ad6-4c56-98b0-6d1b1d4357f0	NR_115355.1	95.030	1489	41	28	7	1469	1	1482	0.0	2313
d2ad8b4f-7ad6-4c56-98b0-6d1b1d4357f0	NR_074980.1	94.923	1497	39	29	1	1469	22	1509	0.0	2309
d2ad8b4f-7ad6-4c56-98b0-6d1b1d4357f0	NR_113031.1	94.923	1497	39	29	1	1469	22	1509	0.0	2309
d2ad8b4f-7ad6-4c56-98b0-6d1b1d4357f0	NR_113570.1	94.863	1499	38	31	1	1469	1	1490	0.0	2305
d2ad8b4f-7ad6-4c56-98b0-6d1b1d4357f0	NR_119169.1	94.779	1494	45	28	2	1469	1	1487	0.0	2303
11a6963e-0e2d-4848-9ace-023fd462a89e	NR_104688.1	91.742	1332	85	20	2	1319	138	1458	0.0	1827
11a6963e-0e2d-4848-9ace-023fd462a89e	NR_112670.1	92.056	1284	80	18	2	1274	103	1375	0.0	1786
11a6963e-0e2d-4848-9ace-023fd462a89e	NR_025442.1	89.929	1261	105	15	70	1321	204	1451	0.0	1605
11a6963e-0e2d-4848-9ace-023fd462a89e	NR_181737.1	89.582	1267	105	21	70	1321	217	1471	0.0	1583
11a6963e-0e2d-4848-9ace-023fd462a89e	NR_037025.1	88.165	1335	123	27	1	1321	136	1449	0.0	1557
e6f6c6d7-db8c-44d5-acba-4a375d8bc251	NR_109628.1	96.726	1344	23	17	1	1331	1336	1	0.0	2218
e6f6c6d7-db8c-44d5-acba-4a375d8bc251	NR_113105.1	95.041	1351	46	16	1	1338	1343	1	0.0	2104
e6f6c6d7-db8c-44d5-acba-4a375d8bc251	NR_113124.1	94.970	1352	45	18	1	1338	1355	13	0.0	2098
e6f6c6d7-db8c-44d5-acba-4a375d8bc251	NR_175509.1	94.970	1352	45	18	1	1338	1355	13	0.0	2098
e6f6c6d7-db8c-44d5-acba-4a375d8bc251	NR_044407.1	95.011	1343	46	16	1	1330	1335	1	0.0	2089
e88b7444-3c14-4a5c-9933-b14cb8df8e99	NR_115355.1	96.241	798	12	15	1	782	1127	332	0.0	1291
e88b7444-3c14-4a5c-9933-b14cb8df8e99	NR_179325.1	96.241	798	12	15	1	782	1101	306	0.0	1291
e88b7444-3c14-4a5c-9933-b14cb8df8e99	NR_041879.1	96.236	797	12	15	2	782	1083	289	0.0	1290
e88b7444-3c14-4a5c-9933-b14cb8df8e99	NR_119169.1	95.865	798	15	15	1	782	1132	337	0.0	1280
e88b7444-3c14-4a5c-9933-b14cb8df8e99	NR_113570.1	95.865	798	15	15	1	782	1134	339	0.0	1275
86649161-2c82-4533-a5ab-54091872cff0	NR_041880.1	98.208	279	0	3	1	275	1168	891	3.57e-136	483
86649161-2c82-4533-a5ab-54091872cff0	NR_115354.1	97.849	279	1	3	1	275	1212	935	4.62e-135	479
86649161-2c82-4533-a5ab-54091872cff0	NR_074980.1	97.849	279	1	3	1	275	1239	962	1.66e-134	477
86649161-2c82-4533-a5ab-54091872cff0	NR_113031.1	97.849	279	1	3	1	275	1239	962	1.66e-134	477
86649161-2c82-4533-a5ab-54091872cff0	NR_044153.1	97.849	279	1	3	1	275	1212	935	1.66e-134	477
2ebe8cfc-ed01-4ba7-a341-b609572a8126	NR_043332.1	96.250	320	7	2	1	320	1168	1482	3.23e-147	520
2ebe8cfc-ed01-4ba7-a341-b609572a8126	NR_074980.1	96.250	320	7	2	1	320	1195	1509	3.23e-147	520
2ebe8cfc-ed01-4ba7-a341-b609572a8126	NR_113031.1	96.250	320	7	2	1	320	1195	1509	3.23e-147	520
2ebe8cfc-ed01-4ba7-a341-b609572a8126	NR_113570.1	95.950	321	7	3	1	320	1175	1490	4.18e-146	516
2ebe8cfc-ed01-4ba7-a341-b609572a8126	NR_115355.1	95.938	320	8	2	1	320	1168	1482	1.50e-145	514
808cdf0d-6ab0-426b-952d-88ecba9b0ac1	NR_044873.1	95.885	486	10	8	4	483	456	937	0.0	778
808cdf0d-6ab0-426b-952d-88ecba9b0ac1	NR_043968.1	95.267	486	12	9	4	483	425	905	0.0	760
808cdf0d-6ab0-426b-952d-88ecba9b0ac1	NR_024785.1	94.856	486	14	9	4	483	423	903	0.0	749
808cdf0d-6ab0-426b-952d-88ecba9b0ac1	NR_179993.1	94.856	486	14	9	4	483	468	948	0.0	749
808cdf0d-6ab0-426b-952d-88ecba9b0ac1	NR_074568.1	94.650	486	15	9	4	483	467	947	0.0	743
17be0390-236e-4b99-a03e-824817eb0e8c	NR_024842.1	96.573	1284	18	22	1	1266	217	1492	0.0	2108
17be0390-236e-4b99-a03e-824817eb0e8c	NR_115735.1	96.719	1280	16	22	1	1262	193	1464	0.0	2108
17be0390-236e-4b99-a03e-824817eb0e8c	NR_115241.1	96.476	1277	19	22	1	1259	202	1470	0.0	2089
17be0390-236e-4b99-a03e-824817eb0e8c	NR_036936.1	96.549	1275	17	23	4	1259	205	1471	0.0	2085
17be0390-236e-4b99-a03e-824817eb0e8c	NR_109720.1	96.527	1267	17	23	4	1251	199	1457	0.0	2071
6a9f4873-3a74-448f-a5eb-fe05b377c991	NR_136788.1	96.154	702	10	11	3	696	705	13	0.0	1131
6a9f4873-3a74-448f-a5eb-fe05b377c991	NR_113082.1	92.745	703	32	13	3	696	705	13	0.0	998
6a9f4873-3a74-448f-a5eb-fe05b377c991	NR_026230.1	91.486	693	40	13	3	686	683	1	0.0	952
6a9f4873-3a74-448f-a5eb-fe05b377c991	NR_074234.1	86.667	705	69	20	4	696	711	20	0.0	758
6a9f4873-3a74-448f-a5eb-fe05b377c991	NR_113086.1	86.667	705	69	20	4	696	704	13	0.0	758
f6eec3e9-3561-4f3a-8fd6-9b59bf0db49d	NR_102895.1	88.889	585	34	23	1	567	592	21	0.0	691
f6eec3e9-3561-4f3a-8fd6-9b59bf0db49d	NR_113113.1	88.718	585	35	23	1	567	572	1	0.0	686
f6eec3e9-3561-4f3a-8fd6-9b59bf0db49d	NR_042843.1	88.889	576	35	21	1	559	564	1	0.0	684
f6eec3e9-3561-4f3a-8fd6-9b59bf0db49d	NR_114305.1	87.695	577	40	24	9	567	576	13	0.0	643
f6eec3e9-3561-4f3a-8fd6-9b59bf0db49d	NR_116726.1	87.852	568	40	22	9	559	556	1	0.0	640
62a34092-8e29-4f2f-9479-9e8678dbe2ff	NR_026419.1	93.548	248	8	5	1	244	117	360	4.26e-100	363
62a34092-8e29-4f2f-9479-9e8678dbe2ff	NR_133753.1	89.919	248	16	6	1	244	84	326	1.57e-84	311
62a34092-8e29-4f2f-9479-9e8678dbe2ff	NR_025903.1	89.919	248	16	6	1	244	130	372	1.57e-84	311
62a34092-8e29-4f2f-9479-9e8678dbe2ff	NR_133752.1	89.516	248	17	6	1	244	55	297	7.29e-83	305
62a34092-8e29-4f2f-9479-9e8678dbe2ff	NR_025904.1	88.710	248	19	6	1	244	129	371	1.58e-79	294
c749d7f5-4fff-4d04-a409-77891a1fa2fb	NR_042927.1	98.251	629	6	4	31	657	840	1465	0.0	1096
c749d7f5-4fff-4d04-a409-77891a1fa2fb	NR_115734.1	98.251	629	6	4	31	657	841	1466	0.0	1096
c749d7f5-4fff-4d04-a409-77891a1fa2fb	NR_179540.1	98.251	629	5	5	31	657	858	1482	0.0	1096
c749d7f5-4fff-4d04-a409-77891a1fa2fb	NR_042928.1	98.095	630	6	5	30	657	837	1462	0.0	1092
c749d7f5-4fff-4d04-a409-77891a1fa2fb	NR_028664.1	98.092	629	7	4	31	657	861	1486	0.0	1090
5ce5b694-96eb-4b4c-a1fc-9e7d20cfec6e	NR_115736.1	91.021	1381	73	41	43	1380	46	1418	0.0	1818
5ce5b694-96eb-4b4c-a1fc-9e7d20cfec6e	NR_117426.1	90.202	1388	83	41	43	1386	99	1477	0.0	1760
5ce5b694-96eb-4b4c-a1fc-9e7d20cfec6e	NR_112704.1	90.137	1389	84	41	43	1387	18	1397	0.0	1757
5ce5b694-96eb-4b4c-a1fc-9e7d20cfec6e	NR_041721.1	90.065	1389	84	42	43	1387	123	1501	0.0	1751
5ce5b694-96eb-4b4c-a1fc-9e7d20cfec6e	NR_145950.1	90.138	1379	83	42	43	1377	99	1468	0.0	1744
c72d4fec-fdba-4434-9586-0ab038aab5aa	NR_028664.1	95.604	1433	35	23	10	1418	1444	16	0.0	2272
c72d4fec-fdba-4434-9586-0ab038aab5aa	NR_179383.1	95.464	1433	37	23	10	1418	1448	20	0.0	2261
c72d4fec-fdba-4434-9586-0ab038aab5aa	NR_199545.1	95.464	1433	37	23	10	1418	1441	13	0.0	2261
c72d4fec-fdba-4434-9586-0ab038aab5aa	NR_115240.1	95.579	1425	35	23	10	1410	1421	1	0.0	2257
c72d4fec-fdba-4434-9586-0ab038aab5aa	NR_179385.1	95.394	1433	38	23	10	1418	1445	17	0.0	2255
f638a2a1-71e2-4854-b875-950ab2c3e24f	NR_199547.1	97.477	1110	12	12	1	1102	1200	99	0.0	1881
f638a2a1-71e2-4854-b875-950ab2c3e24f	NR_042928.1	97.297	1110	14	12	1	1102	1220	119	0.0	1869
f638a2a1-71e2-4854-b875-950ab2c3e24f	NR_112026.1	97.297	1110	13	13	1	1102	1202	102	0.0	1869
f638a2a1-71e2-4854-b875-950ab2c3e24f	NR_116206.1	97.207	1110	15	12	1	1102	1145	44	0.0	1868
f638a2a1-71e2-4854-b875-950ab2c3e24f	NR_199541.1	96.934	1109	18	12	2	1102	1197	97	0.0	1845
