1c3b9545-cd1d-4e86-a83c-97ee34ecac89	NR_179540.1	95.169	1097	27	23	1	1081	410	1496	0.0	1709
1c3b9545-cd1d-4e86-a83c-97ee34ecac89	NR_028664.1	94.895	1097	31	21	1	1081	413	1500	0.0	1692
1c3b9545-cd1d-4e86-a83c-97ee34ecac89	NR_117719.1	94.895	1097	31	21	1	1081	410	1497	0.0	1692
1c3b9545-cd1d-4e86-a83c-97ee34ecac89	NR_042928.1	95.041	1089	28	23	1	1073	390	1468	0.0	1688
1c3b9545-cd1d-4e86-a83c-97ee34ecac89	NR_179383.1	94.804	1097	32	21	1	1081	417	1504	0.0	1687
ccb78055-7c0f-4b80-a439-0d938a596a35	NR_026419.1	95.614	228	2	4	1	223	1260	1484	5.12e-99	359
ccb78055-7c0f-4b80-a439-0d938a596a35	NR_025903.1	94.667	225	5	5	3	223	1274	1495	5.15e-94	342
ccb78055-7c0f-4b80-a439-0d938a596a35	NR_025904.1	94.643	224	5	3	4	223	1274	1494	1.85e-93	340
ccb78055-7c0f-4b80-a439-0d938a596a35	NR_133752.1	96.985	199	2	3	3	197	1199	1397	1.12e-90	331
ccb78055-7c0f-4b80-a439-0d938a596a35	NR_133753.1	96.985	199	2	3	3	197	1228	1426	1.12e-90	331
662fc911-9fd1-4a0b-a1c1-e490e71cdc5b	NR_026419.1	93.369	558	21	9	1	551	693	145	0.0	811
662fc911-9fd1-4a0b-a1c1-e490e71cdc5b	NR_133753.1	92.115	558	27	11	1	551	659	112	0.0	771
662fc911-9fd1-4a0b-a1c1-e490e71cdc5b	NR_025903.1	92.115	558	27	11	1	551	705	158	0.0	771
662fc911-9fd1-4a0b-a1c1-e490e71cdc5b	NR_133752.1	91.756	558	29	11	1	551	630	83	0.0	760
662fc911-9fd1-4a0b-a1c1-e490e71cdc5b	NR_026469.1	92.915	494	22	8	1	487	695	208	0.0	706
9822dc30-abfd-46c7-972c-a5c81e90e37e	NR_136788.1	95.153	949	25	19	1	936	548	1488	0.0	1478
9822dc30-abfd-46c7-972c-a5c81e90e37e	NR_136788.1	84.061	916	44	59	935	1766	1473	576	0.0	789
9822dc30-abfd-46c7-972c-a5c81e90e37e	NR_026230.1	92.647	952	49	18	1	939	526	1469	0.0	1356
9822dc30-abfd-46c7-972c-a5c81e90e37e	NR_026230.1	81.987	916	63	62	935	1766	1451	554	0.0	689
9822dc30-abfd-46c7-972c-a5c81e90e37e	NR_152035.1	86.071	962	89	37	1	936	549	1491	0.0	992
9822dc30-abfd-46c7-972c-a5c81e90e37e	NR_152035.1	77.256	831	84	61	935	1681	1476	667	1.54e-107	390
9822dc30-abfd-46c7-972c-a5c81e90e37e	NR_025052.1	85.475	957	104	29	1	936	524	1466	0.0	965
9822dc30-abfd-46c7-972c-a5c81e90e37e	NR_025052.1	76.185	907	112	67	935	1755	1451	563	2.58e-105	383
9822dc30-abfd-46c7-972c-a5c81e90e37e	NR_113088.1	85.475	957	104	29	1	936	536	1478	0.0	965
9822dc30-abfd-46c7-972c-a5c81e90e37e	NR_113088.1	76.185	907	112	67	935	1755	1463	575	2.58e-105	383
f625b910-5dc9-4ec8-875c-bb1602f024fc	NR_115355.1	96.316	760	13	12	1	753	758	7	0.0	1238
f625b910-5dc9-4ec8-875c-bb1602f024fc	NR_119169.1	95.964	768	15	12	1	759	763	3	0.0	1236
f625b910-5dc9-4ec8-875c-bb1602f024fc	NR_163639.1	95.709	769	13	16	1	759	775	17	0.0	1219
f625b910-5dc9-4ec8-875c-bb1602f024fc	NR_119168.1	95.579	769	16	14	1	759	763	3	0.0	1216
f625b910-5dc9-4ec8-875c-bb1602f024fc	NR_179325.1	96.622	740	9	13	1	732	732	1	0.0	1214
8ec0fbc1-99e1-47b6-860a-ce27bdf956b2	NR_036936.1	95.057	789	15	15	5	777	644	1424	0.0	1219
8ec0fbc1-99e1-47b6-860a-ce27bdf956b2	NR_024842.1	94.930	789	16	16	5	777	659	1439	0.0	1214
8ec0fbc1-99e1-47b6-860a-ce27bdf956b2	NR_109720.1	94.930	789	16	16	5	777	638	1418	0.0	1214
8ec0fbc1-99e1-47b6-860a-ce27bdf956b2	NR_115735.1	94.930	789	16	16	5	777	635	1415	0.0	1214
8ec0fbc1-99e1-47b6-860a-ce27bdf956b2	NR_180875.1	94.804	789	17	16	5	777	623	1403	0.0	1210
ae4310cd-ed75-4913-a00b-0951d6520374	NR_028682.1	96.005	776	12	15	16	779	729	1497	0.0	1243
ae4310cd-ed75-4913-a00b-0951d6520374	NR_025396.1	94.581	775	26	13	16	781	700	1467	0.0	1184
ae4310cd-ed75-4913-a00b-0951d6520374	NR_116890.1	94.875	761	23	13	16	767	717	1470	0.0	1175
ae4310cd-ed75-4913-a00b-0951d6520374	NR_119263.1	94.337	777	26	16	16	781	726	1495	0.0	1175
ae4310cd-ed75-4913-a00b-0951d6520374	NR_040926.1	94.216	778	25	18	16	781	707	1476	0.0	1170
abfbc7f8-b113-4d88-a8b2-b6bf517e67c7	NR_044873.1	97.826	460	7	2	1	460	457	1	0.0	791
abfbc7f8-b113-4d88-a8b2-b6bf517e67c7	NR_074568.1	95.652	460	17	2	1	460	468	12	0.0	736
abfbc7f8-b113-4d88-a8b2-b6bf517e67c7	NR_044712.2	95.000	460	20	2	1	460	477	21	0.0	725
abfbc7f8-b113-4d88-a8b2-b6bf517e67c7	NR_179993.1	93.913	460	24	3	1	459	469	13	0.0	691
abfbc7f8-b113-4d88-a8b2-b6bf517e67c7	NR_109752.1	93.709	461	25	3	1	460	479	22	0.0	688
4396ba82-fe52-4a9c-be7d-e282531ba0d6	NR_042776.1	98.953	191	1	1	1	191	1443	1254	1.52e-93	340
4396ba82-fe52-4a9c-be7d-e282531ba0d6	NR_042777.1	98.953	191	1	1	1	191	1442	1253	1.52e-93	340
4396ba82-fe52-4a9c-be7d-e282531ba0d6	NR_042778.1	98.953	191	1	1	1	191	1443	1254	1.52e-93	340
4396ba82-fe52-4a9c-be7d-e282531ba0d6	NR_118998.1	98.953	191	1	1	1	191	1437	1248	1.52e-93	340
4396ba82-fe52-4a9c-be7d-e282531ba0d6	NR_197695.1	98.953	191	1	1	1	191	1442	1253	1.52e-93	340
fbe7d83c-aea7-41af-bd19-978fb070fb30	NR_025863.1	94.981	1295	35	26	1	1273	1299	13	0.0	2015
fbe7d83c-aea7-41af-bd19-978fb070fb30	NR_028682.1	89.077	1300	98	40	1	1273	1295	13	0.0	1574
fbe7d83c-aea7-41af-bd19-978fb070fb30	NR_025862.1	88.538	1300	104	41	1	1273	1294	13	0.0	1544
fbe7d83c-aea7-41af-bd19-978fb070fb30	NR_026454.1	88.534	1282	109	34	1	1255	1271	1	0.0	1519
fbe7d83c-aea7-41af-bd19-978fb070fb30	NR_180911.1	88.172	1302	107	43	1	1273	1284	1	0.0	1507
fb138120-b578-4016-bb60-4002e97d9bdf	NR_199545.1	95.735	680	18	9	1	673	709	34	0.0	1085
fb138120-b578-4016-bb60-4002e97d9bdf	NR_179385.1	95.441	680	20	9	1	673	713	38	0.0	1074
fb138120-b578-4016-bb60-4002e97d9bdf	NR_179383.1	95.301	681	19	10	1	673	716	41	0.0	1068
fb138120-b578-4016-bb60-4002e97d9bdf	NR_028664.1	95.154	681	20	10	1	673	712	37	0.0	1062
fb138120-b578-4016-bb60-4002e97d9bdf	NR_115240.1	95.154	681	20	10	1	673	689	14	0.0	1062
5163e74a-4288-4d0d-802f-04707e945178	NR_163639.1	93.333	360	12	9	16	366	361	5	1.04e-147	521
5163e74a-4288-4d0d-802f-04707e945178	NR_074980.1	92.225	373	16	10	4	366	382	13	4.83e-146	516
5163e74a-4288-4d0d-802f-04707e945178	NR_113031.1	92.225	373	16	10	4	366	382	13	4.83e-146	516
5163e74a-4288-4d0d-802f-04707e945178	NR_119168.1	92.798	361	14	9	4	355	360	3	6.24e-145	512
5163e74a-4288-4d0d-802f-04707e945178	NR_119169.1	92.798	361	14	9	4	355	360	3	6.24e-145	512
7809acd2-d92c-4b25-bb55-ea223c1b5e42	NR_026419.1	95.995	824	19	12	2	814	661	1481	0.0	1327
7809acd2-d92c-4b25-bb55-ea223c1b5e42	NR_025904.1	94.903	824	27	14	2	814	672	1491	0.0	1275
7809acd2-d92c-4b25-bb55-ea223c1b5e42	NR_025903.1	94.903	824	27	14	2	814	673	1492	0.0	1275
7809acd2-d92c-4b25-bb55-ea223c1b5e42	NR_133752.1	95.268	803	25	12	2	794	598	1397	0.0	1260
7809acd2-d92c-4b25-bb55-ea223c1b5e42	NR_133753.1	95.268	803	25	12	2	794	627	1426	0.0	1260
907fa044-4728-4fbd-bff4-8d60a70d736a	NR_042776.1	89.916	476	18	25	3	459	482	18	4.59e-167	586
907fa044-4728-4fbd-bff4-8d60a70d736a	NR_042777.1	89.496	476	20	25	3	459	482	18	9.94e-164	575
907fa044-4728-4fbd-bff4-8d60a70d736a	NR_042778.1	89.496	476	20	25	3	459	482	18	9.94e-164	575
907fa044-4728-4fbd-bff4-8d60a70d736a	NR_197695.1	89.076	476	22	25	3	459	481	17	2.15e-160	564
907fa044-4728-4fbd-bff4-8d60a70d736a	NR_118998.1	88.655	476	24	26	3	459	477	13	1.30e-157	555
667fe07d-fbef-48f6-8803-126268d9b24e	NR_026419.1	99.437	355	1	1	1	354	355	1	0.0	643
667fe07d-fbef-48f6-8803-126268d9b24e	NR_025903.1	96.419	363	11	2	1	362	367	6	1.65e-170	597
667fe07d-fbef-48f6-8803-126268d9b24e	NR_025904.1	96.143	363	12	2	1	362	366	5	7.68e-169	592
667fe07d-fbef-48f6-8803-126268d9b24e	NR_133753.1	96.584	322	9	2	1	321	321	1	4.72e-151	532
667fe07d-fbef-48f6-8803-126268d9b24e	NR_036920.1	92.837	363	21	5	1	362	360	2	1.02e-147	521
d872295c-8bba-4241-a21c-ab7ef3f71e89	NR_115355.1	96.226	265	6	4	10	270	1218	1482	1.31e-120	431
d872295c-8bba-4241-a21c-ab7ef3f71e89	NR_163639.1	96.226	265	6	4	10	270	1233	1497	1.31e-120	431
d872295c-8bba-4241-a21c-ab7ef3f71e89	NR_179325.1	96.226	265	6	4	10	270	1192	1456	1.31e-120	431
d872295c-8bba-4241-a21c-ab7ef3f71e89	NR_119169.1	95.849	265	7	4	10	270	1223	1487	6.09e-119	425
d872295c-8bba-4241-a21c-ab7ef3f71e89	NR_115354.1	95.472	265	8	4	10	270	1218	1482	2.83e-117	420
2951ef1e-91c4-4e13-bbc3-811d3a870bf3	NR_042928.1	92.681	1380	54	40	12	1365	1364	6	0.0	1945
2951ef1e-91c4-4e13-bbc3-811d3a870bf3	NR_112026.1	93.032	1349	52	37	30	1353	1332	1	0.0	1934
2951ef1e-91c4-4e13-bbc3-811d3a870bf3	NR_199541.1	92.894	1351	53	36	12	1338	1342	11	0.0	1923
2951ef1e-91c4-4e13-bbc3-811d3a870bf3	NR_199547.1	92.831	1353	52	38	12	1338	1344	11	0.0	1919
2951ef1e-91c4-4e13-bbc3-811d3a870bf3	NR_117719.1	92.319	1380	59	40	12	1365	1384	26	0.0	1917
859a439e-4bdb-4452-99cd-cdf62251a0ce	NR_026419.1	97.571	494	9	3	1	491	441	934	0.0	843
859a439e-4bdb-4452-99cd-cdf62251a0ce	NR_133753.1	97.166	494	11	3	1	491	407	900	0.0	832
859a439e-4bdb-4452-99cd-cdf62251a0ce	NR_025903.1	97.166	494	11	3	1	491	453	946	0.0	832
859a439e-4bdb-4452-99cd-cdf62251a0ce	NR_133752.1	97.149	491	11	3	4	491	381	871	0.0	826
859a439e-4bdb-4452-99cd-cdf62251a0ce	NR_025904.1	96.755	493	9	6	4	491	455	945	0.0	815
cb2de0c8-dedd-49d3-9852-d813b82ad69d	NR_042928.1	96.565	262	3	4	1	258	760	1019	4.48e-120	429
cb2de0c8-dedd-49d3-9852-d813b82ad69d	NR_116206.1	96.565	262	3	4	1	258	685	944	4.48e-120	429
cb2de0c8-dedd-49d3-9852-d813b82ad69d	NR_028664.1	96.183	262	4	4	1	258	783	1042	2.09e-118	424
cb2de0c8-dedd-49d3-9852-d813b82ad69d	NR_042927.1	96.183	262	4	4	1	258	762	1021	2.09e-118	424
cb2de0c8-dedd-49d3-9852-d813b82ad69d	NR_112026.1	96.183	262	4	4	1	258	742	1001	2.09e-118	424
94eccec0-3955-4852-9825-3f86296ed091	NR_024842.1	97.927	193	2	2	5	195	1297	1489	2.66e-91	333
94eccec0-3955-4852-9825-3f86296ed091	NR_042052.1	97.927	193	2	2	5	195	1205	1397	2.66e-91	333
94eccec0-3955-4852-9825-3f86296ed091	NR_042776.1	97.927	193	2	2	5	195	1307	1499	2.66e-91	333
94eccec0-3955-4852-9825-3f86296ed091	NR_042777.1	97.927	193	2	2	5	195	1306	1498	2.66e-91	333
94eccec0-3955-4852-9825-3f86296ed091	NR_114642.1	97.927	193	2	2	5	195	1264	1456	2.66e-91	333
9b026165-04b2-4219-8f71-c5e6b94f624b	NR_041989.1	96.244	852	18	9	1	842	1127	280	0.0	1384
9b026165-04b2-4219-8f71-c5e6b94f624b	NR_117694.1	95.199	854	23	13	1	842	1169	322	0.0	1334
9b026165-04b2-4219-8f71-c5e6b94f624b	NR_117696.1	95.070	852	28	9	1	842	1156	309	0.0	1328
9b026165-04b2-4219-8f71-c5e6b94f624b	NR_104947.1	94.953	852	29	9	1	842	1142	295	0.0	1323
9b026165-04b2-4219-8f71-c5e6b94f624b	NR_117717.1	94.953	852	28	10	1	842	1189	343	0.0	1321
3db72f42-30ec-4c0a-b6ea-85a781a5e918	NR_024842.1	97.308	260	6	1	1	259	1230	1489	2.08e-123	440
3db72f42-30ec-4c0a-b6ea-85a781a5e918	NR_115735.1	97.297	259	6	1	1	258	1206	1464	7.48e-123	438
3db72f42-30ec-4c0a-b6ea-85a781a5e918	NR_178262.1	96.935	261	6	2	1	259	1109	1369	2.69e-122	436
3db72f42-30ec-4c0a-b6ea-85a781a5e918	NR_179215.1	96.935	261	6	2	1	259	1231	1491	2.69e-122	436
3db72f42-30ec-4c0a-b6ea-85a781a5e918	NR_179720.1	96.935	261	6	2	1	259	1235	1495	2.69e-122	436
7dc76226-149d-4113-befb-6684c9afd52d	NR_109628.1	95.893	633	15	9	13	636	714	84	0.0	1014
7dc76226-149d-4113-befb-6684c9afd52d	NR_042843.1	94.471	633	24	9	13	636	713	83	0.0	965
7dc76226-149d-4113-befb-6684c9afd52d	NR_102895.1	94.471	633	24	9	13	636	741	111	0.0	965
7dc76226-149d-4113-befb-6684c9afd52d	NR_113113.1	94.471	633	24	9	13	636	721	91	0.0	965
7dc76226-149d-4113-befb-6684c9afd52d	NR_113105.1	94.313	633	25	9	13	636	721	91	0.0	959
26d4c29f-4b5b-4dd4-af93-a954db7811ba	NR_199547.1	88.338	343	23	16	4	339	335	3	6.44e-110	396
26d4c29f-4b5b-4dd4-af93-a954db7811ba	NR_042928.1	86.740	362	30	16	4	357	355	4	3.88e-107	387
26d4c29f-4b5b-4dd4-af93-a954db7811ba	NR_109720.1	86.630	359	30	16	4	353	351	2	1.80e-105	381
26d4c29f-4b5b-4dd4-af93-a954db7811ba	NR_112026.1	87.172	343	28	15	4	340	338	6	8.40e-104	375
26d4c29f-4b5b-4dd4-af93-a954db7811ba	NR_036936.1	85.440	364	35	16	4	358	357	3	1.82e-100	364
6deb5e40-c577-4ad7-85fe-91cc2c7beaa4	NR_042776.1	98.031	508	2	5	1	504	121	624	0.0	876
6deb5e40-c577-4ad7-85fe-91cc2c7beaa4	NR_042778.1	97.638	508	4	5	1	504	121	624	0.0	865
6deb5e40-c577-4ad7-85fe-91cc2c7beaa4	NR_042777.1	97.441	508	4	6	1	504	121	623	0.0	857
6deb5e40-c577-4ad7-85fe-91cc2c7beaa4	NR_197695.1	97.244	508	6	5	1	504	120	623	0.0	854
6deb5e40-c577-4ad7-85fe-91cc2c7beaa4	NR_118998.1	96.850	508	8	5	1	504	116	619	0.0	845
2a5f23d2-e319-467c-a27e-2a3a3870e10f	NR_024842.1	96.357	1400	39	10	1	1395	1400	8	0.0	2296
2a5f23d2-e319-467c-a27e-2a3a3870e10f	NR_115241.1	96.336	1392	39	10	1	1387	1385	1	0.0	2281
2a5f23d2-e319-467c-a27e-2a3a3870e10f	NR_178515.1	96.339	1393	37	12	1	1387	1385	1	0.0	2278
2a5f23d2-e319-467c-a27e-2a3a3870e10f	NR_115735.1	96.454	1382	38	9	1	1377	1376	1	0.0	2270
2a5f23d2-e319-467c-a27e-2a3a3870e10f	NR_165737.1	96.123	1393	40	12	1	1387	1385	1	0.0	2261
f8e884bb-b230-4017-ba35-7959100c3ecd	NR_042928.1	93.916	789	31	16	15	793	783	2	0.0	1175
f8e884bb-b230-4017-ba35-7959100c3ecd	NR_165747.1	93.165	790	35	17	15	793	783	2	0.0	1142
f8e884bb-b230-4017-ba35-7959100c3ecd	NR_112026.1	93.532	773	32	17	15	777	765	1	0.0	1136
f8e884bb-b230-4017-ba35-7959100c3ecd	NR_199547.1	93.750	768	30	16	15	771	763	3	0.0	1136
f8e884bb-b230-4017-ba35-7959100c3ecd	NR_109720.1	93.003	786	36	17	15	788	779	1	0.0	1129
b573fab5-9b01-49fb-91b7-7334daf699d6	NR_026419.1	93.182	836	31	19	7	827	385	1209	0.0	1205
b573fab5-9b01-49fb-91b7-7334daf699d6	NR_133753.1	92.584	836	36	19	7	827	351	1175	0.0	1177
b573fab5-9b01-49fb-91b7-7334daf699d6	NR_025903.1	92.584	836	36	19	7	827	397	1221	0.0	1177
b573fab5-9b01-49fb-91b7-7334daf699d6	NR_133752.1	92.344	836	38	19	7	827	322	1146	0.0	1166
b573fab5-9b01-49fb-91b7-7334daf699d6	NR_025904.1	92.124	838	36	22	7	827	396	1220	0.0	1155
d1c00d76-191a-46c5-838b-b216f82231d1	NR_179535.1	96.089	1355	23	25	1	1334	1358	13	0.0	2182
d1c00d76-191a-46c5-838b-b216f82231d1	NR_114395.1	94.756	1354	40	23	1	1334	1355	13	0.0	2078
d1c00d76-191a-46c5-838b-b216f82231d1	NR_041983.1	94.880	1328	39	21	1	1308	1323	5	0.0	2049
d1c00d76-191a-46c5-838b-b216f82231d1	NR_119102.1	94.733	1329	40	25	1	1308	1325	6	0.0	2047
d1c00d76-191a-46c5-838b-b216f82231d1	NR_179528.1	94.222	1350	44	28	1	1326	1340	1	0.0	2030
a2884b46-4063-48d1-8cb7-722440c15640	NR_042776.1	98.191	774	5	7	1	770	786	18	0.0	1343
a2884b46-4063-48d1-8cb7-722440c15640	NR_042778.1	97.933	774	7	7	1	770	786	18	0.0	1332
a2884b46-4063-48d1-8cb7-722440c15640	NR_042777.1	97.804	774	7	8	1	770	785	18	0.0	1327
a2884b46-4063-48d1-8cb7-722440c15640	NR_197695.1	97.545	774	10	7	1	770	785	17	0.0	1315
a2884b46-4063-48d1-8cb7-722440c15640	NR_118998.1	97.287	774	12	7	1	770	781	13	0.0	1306
9bc5f718-15c5-4473-8bb8-743e05ea289a	NR_028664.1	90.577	1040	56	32	1	1010	1043	16	0.0	1339
9bc5f718-15c5-4473-8bb8-743e05ea289a	NR_115240.1	90.759	1028	55	30	1	1000	1020	5	0.0	1336
9bc5f718-15c5-4473-8bb8-743e05ea289a	NR_115732.1	90.661	1028	55	31	1	1000	1022	8	0.0	1328
9bc5f718-15c5-4473-8bb8-743e05ea289a	NR_179385.1	90.270	1038	63	30	1	1010	1044	17	0.0	1323
9bc5f718-15c5-4473-8bb8-743e05ea289a	NR_118234.1	89.952	1045	57	38	1	1011	1039	9	0.0	1304
1c2e6ec4-98fa-4e73-aff7-cd795a3f3f68	NR_041989.1	91.621	1086	51	33	27	1085	1073	1	0.0	1465
1c2e6ec4-98fa-4e73-aff7-cd795a3f3f68	NR_117694.1	90.553	1122	58	40	27	1115	1115	9	0.0	1441
1c2e6ec4-98fa-4e73-aff7-cd795a3f3f68	NR_117717.1	90.000	1120	67	38	27	1115	1135	30	0.0	1406
1c2e6ec4-98fa-4e73-aff7-cd795a3f3f68	NR_117696.1	90.045	1115	66	36	27	1110	1102	2	0.0	1402
1c2e6ec4-98fa-4e73-aff7-cd795a3f3f68	NR_117701.1	89.920	1121	67	37	27	1115	1115	9	0.0	1402
2c3da0f1-ad3c-4862-98cf-ff7ec8b9febb	NR_042776.1	95.798	1428	33	17	1	1409	84	1503	0.0	2279
2c3da0f1-ad3c-4862-98cf-ff7ec8b9febb	NR_042777.1	95.588	1428	35	18	1	1409	84	1502	0.0	2263
2c3da0f1-ad3c-4862-98cf-ff7ec8b9febb	NR_042778.1	95.518	1428	37	17	1	1409	84	1503	0.0	2257
2c3da0f1-ad3c-4862-98cf-ff7ec8b9febb	NR_197695.1	95.448	1428	38	17	1	1409	83	1502	0.0	2252
2c3da0f1-ad3c-4862-98cf-ff7ec8b9febb	NR_118998.1	94.958	1428	44	20	1	1409	79	1497	0.0	2213
8437a222-446d-4780-b91c-19336073927f	NR_042776.1	97.500	800	13	7	1	795	814	17	0.0	1360
8437a222-446d-4780-b91c-19336073927f	NR_042778.1	97.250	800	15	7	1	795	814	17	0.0	1349
8437a222-446d-4780-b91c-19336073927f	NR_042777.1	97.125	800	15	8	1	795	813	17	0.0	1343
8437a222-446d-4780-b91c-19336073927f	NR_197695.1	96.875	800	18	7	1	795	813	16	0.0	1332
8437a222-446d-4780-b91c-19336073927f	NR_118998.1	96.625	800	20	7	1	795	809	12	0.0	1323
abeca7a0-0c65-48ae-8a43-91d69a74e82c	NR_115355.1	95.746	1199	28	19	3	1189	298	1485	0.0	1910
abeca7a0-0c65-48ae-8a43-91d69a74e82c	NR_179325.1	95.746	1199	28	19	3	1189	272	1459	0.0	1910
abeca7a0-0c65-48ae-8a43-91d69a74e82c	NR_119169.1	95.413	1199	32	19	3	1189	303	1490	0.0	1893
abeca7a0-0c65-48ae-8a43-91d69a74e82c	NR_113570.1	95.417	1200	31	20	3	1189	305	1493	0.0	1890
abeca7a0-0c65-48ae-8a43-91d69a74e82c	NR_163639.1	95.333	1200	27	25	3	1189	317	1500	0.0	1879
71f94925-e852-4da3-b43a-4233aee167ad	NR_179385.1	93.371	890	34	21	2	874	615	1496	0.0	1293
71f94925-e852-4da3-b43a-4233aee167ad	NR_199545.1	93.371	890	34	21	2	874	611	1492	0.0	1293
71f94925-e852-4da3-b43a-4233aee167ad	NR_165744.1	93.341	886	34	21	2	870	600	1477	0.0	1286
71f94925-e852-4da3-b43a-4233aee167ad	NR_179383.1	93.042	891	36	22	2	874	618	1500	0.0	1279
71f94925-e852-4da3-b43a-4233aee167ad	NR_028665.1	93.042	891	35	23	2	874	608	1489	0.0	1277
19c453a6-baa0-410f-a9fa-f60ec96c041d	NR_117692.1	96.313	678	11	10	8	678	797	1467	0.0	1101
19c453a6-baa0-410f-a9fa-f60ec96c041d	NR_117694.1	96.313	678	11	10	8	678	797	1467	0.0	1101
19c453a6-baa0-410f-a9fa-f60ec96c041d	NR_025902.1	96.018	678	13	10	8	678	775	1445	0.0	1090
19c453a6-baa0-410f-a9fa-f60ec96c041d	NR_025892.1	95.982	672	13	10	8	672	822	1486	0.0	1085
19c453a6-baa0-410f-a9fa-f60ec96c041d	NR_043459.1	96.114	669	12	10	8	669	821	1482	0.0	1079
b3ea559e-bc2f-4dca-af42-889a96cfcbc0	NR_044873.1	95.337	965	24	16	9	954	964	2	0.0	1513
b3ea559e-bc2f-4dca-af42-889a96cfcbc0	NR_074568.1	93.679	965	39	17	9	954	974	13	0.0	1424
b3ea559e-bc2f-4dca-af42-889a96cfcbc0	NR_044712.2	93.368	965	42	16	9	954	983	22	0.0	1413
b3ea559e-bc2f-4dca-af42-889a96cfcbc0	NR_179993.1	92.623	976	46	20	2	956	981	11	0.0	1380
b3ea559e-bc2f-4dca-af42-889a96cfcbc0	NR_109752.1	92.650	966	48	17	9	954	985	23	0.0	1369
6f7e8d17-eafb-406e-9297-172495e58b59	NR_179325.1	93.656	662	21	19	19	667	806	1459	0.0	970
6f7e8d17-eafb-406e-9297-172495e58b59	NR_163639.1	93.495	661	23	19	19	667	848	1500	0.0	965
6f7e8d17-eafb-406e-9297-172495e58b59	NR_115355.1	93.353	662	23	19	19	667	832	1485	0.0	959
6f7e8d17-eafb-406e-9297-172495e58b59	NR_119169.1	93.051	662	25	19	19	667	837	1490	0.0	952
6f7e8d17-eafb-406e-9297-172495e58b59	NR_115354.1	93.051	662	25	19	19	667	832	1485	0.0	950
a1d7b747-69cf-4975-b1b1-2c323814c145	NR_042928.1	95.013	1123	38	16	1	1112	1116	1	0.0	1748
a1d7b747-69cf-4975-b1b1-2c323814c145	NR_028664.1	94.607	1131	43	16	1	1120	1139	16	0.0	1735
a1d7b747-69cf-4975-b1b1-2c323814c145	NR_199545.1	94.681	1128	42	16	4	1120	1133	13	0.0	1735
a1d7b747-69cf-4975-b1b1-2c323814c145	NR_117719.1	94.592	1128	43	16	4	1120	1133	13	0.0	1729
a1d7b747-69cf-4975-b1b1-2c323814c145	NR_115240.1	94.657	1123	42	16	1	1112	1116	1	0.0	1725
153c32cb-ce5a-4736-9f64-ab14231c5c91	NR_024842.1	98.100	737	13	1	8	744	745	10	0.0	1286
153c32cb-ce5a-4736-9f64-ab14231c5c91	NR_115241.1	98.358	731	11	1	8	738	730	1	0.0	1282
153c32cb-ce5a-4736-9f64-ab14231c5c91	NR_115735.1	98.199	722	11	2	8	728	721	1	0.0	1260
153c32cb-ce5a-4736-9f64-ab14231c5c91	NR_178515.1	97.541	732	15	3	8	738	730	1	0.0	1249
153c32cb-ce5a-4736-9f64-ab14231c5c91	NR_165737.1	97.268	732	17	3	8	738	730	1	0.0	1238
2bb94cf4-7bf8-4a68-b84c-8fcb37448388	NR_163639.1	91.769	1470	63	48	6	1449	1447	10	0.0	1991
2bb94cf4-7bf8-4a68-b84c-8fcb37448388	NR_115355.1	91.650	1461	66	45	6	1439	1432	1	0.0	1975
2bb94cf4-7bf8-4a68-b84c-8fcb37448388	NR_119169.1	91.473	1466	69	42	6	1444	1437	1	0.0	1971
2bb94cf4-7bf8-4a68-b84c-8fcb37448388	NR_074980.1	91.366	1471	71	45	6	1449	1459	18	0.0	1962
2bb94cf4-7bf8-4a68-b84c-8fcb37448388	NR_113031.1	91.366	1471	71	45	6	1449	1459	18	0.0	1962
0781dc7f-c599-4cc1-8a24-fc3e7226e03a	NR_025904.1	90.504	337	19	10	3	330	1162	1494	4.45e-121	433
0781dc7f-c599-4cc1-8a24-fc3e7226e03a	NR_025903.1	89.318	337	23	10	3	330	1163	1495	2.08e-114	411
0781dc7f-c599-4cc1-8a24-fc3e7226e03a	NR_026419.1	89.021	337	25	9	3	330	1151	1484	2.70e-113	407
0781dc7f-c599-4cc1-8a24-fc3e7226e03a	NR_133752.1	90.675	311	19	8	3	304	1088	1397	9.70e-113	405
0781dc7f-c599-4cc1-8a24-fc3e7226e03a	NR_133753.1	90.675	311	19	8	3	304	1117	1426	9.70e-113	405
003e0ef5-af40-4c6e-b258-e67accfffbf4	NR_024842.1	89.728	331	19	12	1	323	331	8	2.04e-114	411
003e0ef5-af40-4c6e-b258-e67accfffbf4	NR_115241.1	89.783	323	18	12	1	315	316	1	4.42e-111	399
003e0ef5-af40-4c6e-b258-e67accfffbf4	NR_115735.1	91.065	291	16	8	1	286	307	22	1.24e-106	385
003e0ef5-af40-4c6e-b258-e67accfffbf4	NR_117425.1	87.423	326	26	12	1	318	319	1	2.09e-99	361
003e0ef5-af40-4c6e-b258-e67accfffbf4	NR_165737.1	87.037	324	25	14	1	315	316	1	4.52e-96	350
b5301738-a889-4a25-9ce7-e4c9fc452a11	NR_028682.1	91.454	784	37	27	1	760	720	1497	0.0	1050
b5301738-a889-4a25-9ce7-e4c9fc452a11	NR_025445.1	90.179	784	49	24	1	762	711	1488	0.0	996
b5301738-a889-4a25-9ce7-e4c9fc452a11	NR_116890.1	90.507	769	46	24	1	748	708	1470	0.0	990
b5301738-a889-4a25-9ce7-e4c9fc452a11	NR_119263.1	89.949	786	48	28	1	762	717	1495	0.0	985
b5301738-a889-4a25-9ce7-e4c9fc452a11	NR_025396.1	89.923	784	50	25	1	762	691	1467	0.0	983
43de69dd-516a-4c0f-a222-beea118262d7	NR_163639.1	95.397	869	12	22	1	852	861	4	0.0	1358
43de69dd-516a-4c0f-a222-beea118262d7	NR_119169.1	95.571	858	13	19	1	841	850	1	0.0	1354
43de69dd-516a-4c0f-a222-beea118262d7	NR_074980.1	95.161	868	17	19	1	851	872	13	0.0	1347
43de69dd-516a-4c0f-a222-beea118262d7	NR_113031.1	95.161	868	17	19	1	851	872	13	0.0	1347
43de69dd-516a-4c0f-a222-beea118262d7	NR_115355.1	95.545	853	13	19	1	836	845	1	0.0	1345
dd85ac0d-efe9-4e5f-8e6b-5574fc1a3fb7	NR_042928.1	93.889	180	4	7	1	177	176	1	9.12e-71	265
dd85ac0d-efe9-4e5f-8e6b-5574fc1a3fb7	NR_036936.1	94.286	175	5	5	6	177	173	1	3.28e-70	263
dd85ac0d-efe9-4e5f-8e6b-5574fc1a3fb7	NR_028664.1	94.318	176	3	7	8	180	192	21	3.28e-70	263
dd85ac0d-efe9-4e5f-8e6b-5574fc1a3fb7	NR_115560.1	94.318	176	3	7	8	180	189	18	3.28e-70	263
dd85ac0d-efe9-4e5f-8e6b-5574fc1a3fb7	NR_113561.1	96.296	162	3	3	20	180	177	18	3.28e-70	263
72f2f3d0-2caa-450e-8856-3e4c8597ad37	NR_199547.1	95.090	611	14	13	1	601	606	2	0.0	948
72f2f3d0-2caa-450e-8856-3e4c8597ad37	NR_042928.1	94.006	634	20	14	1	624	626	1	0.0	944
72f2f3d0-2caa-450e-8856-3e4c8597ad37	NR_112026.1	94.737	608	15	13	1	598	609	9	0.0	929
72f2f3d0-2caa-450e-8856-3e4c8597ad37	NR_109720.1	93.631	628	24	13	1	618	622	1	0.0	924
72f2f3d0-2caa-450e-8856-3e4c8597ad37	NR_165747.1	93.060	634	26	14	1	624	626	1	0.0	911
83eb556a-3917-4d69-9114-8e471cffd2be	NR_074980.1	92.585	499	21	14	4	492	505	13	0.0	702
83eb556a-3917-4d69-9114-8e471cffd2be	NR_113031.1	92.585	499	21	14	4	492	505	13	0.0	702
83eb556a-3917-4d69-9114-8e471cffd2be	NR_119169.1	93.047	489	19	13	4	483	483	1	0.0	701
83eb556a-3917-4d69-9114-8e471cffd2be	NR_115355.1	92.975	484	19	13	4	478	478	1	0.0	695
83eb556a-3917-4d69-9114-8e471cffd2be	NR_119168.1	92.843	489	20	13	4	483	483	1	0.0	695
cc628635-c91c-46bd-8077-ed2f5da3f330	NR_118942.1	90.445	1078	64	35	1	1053	269	1332	0.0	1439
cc628635-c91c-46bd-8077-ed2f5da3f330	NR_118937.1	90.083	1079	68	36	1	1053	269	1334	0.0	1382
cc628635-c91c-46bd-8077-ed2f5da3f330	NR_118933.1	88.672	1077	87	32	1	1053	269	1334	0.0	1308
cc628635-c91c-46bd-8077-ed2f5da3f330	NR_118941.1	87.465	1077	100	33	1	1053	269	1334	0.0	1273
cc628635-c91c-46bd-8077-ed2f5da3f330	NR_118935.1	86.791	1075	107	32	1	1051	269	1332	0.0	1212
90a0bc09-6ef1-46e2-8d97-ae4cc78bbd51	NR_163639.1	96.338	792	11	16	1	781	788	4	0.0	1286
90a0bc09-6ef1-46e2-8d97-ae4cc78bbd51	NR_119169.1	96.538	780	13	12	1	770	776	1	0.0	1282
90a0bc09-6ef1-46e2-8d97-ae4cc78bbd51	NR_074980.1	96.076	790	17	12	1	780	798	13	0.0	1275
90a0bc09-6ef1-46e2-8d97-ae4cc78bbd51	NR_113031.1	96.076	790	17	12	1	780	798	13	0.0	1275
90a0bc09-6ef1-46e2-8d97-ae4cc78bbd51	NR_115355.1	96.516	775	13	12	1	765	771	1	0.0	1273
a3ebf276-d2e5-4b0d-b505-959f746c4f11	NR_044873.1	94.688	433	14	9	4	428	998	1429	0.0	664
a3ebf276-d2e5-4b0d-b505-959f746c4f11	NR_074568.1	94.787	422	14	8	4	418	1008	1428	0.0	651
a3ebf276-d2e5-4b0d-b505-959f746c4f11	NR_178796.1	93.995	433	18	8	3	428	1005	1436	0.0	649
a3ebf276-d2e5-4b0d-b505-959f746c4f11	NR_178939.1	93.995	433	18	8	3	428	1006	1437	0.0	649
a3ebf276-d2e5-4b0d-b505-959f746c4f11	NR_044712.2	94.550	422	15	8	4	418	1017	1437	0.0	647
237c3b49-4dda-4377-9495-c660dad3b860	NR_115355.1	97.188	1387	23	13	9	1387	1379	1	0.0	2335
237c3b49-4dda-4377-9495-c660dad3b860	NR_163639.1	96.937	1404	20	20	9	1402	1394	4	0.0	2333
237c3b49-4dda-4377-9495-c660dad3b860	NR_119169.1	96.972	1387	26	13	9	1387	1384	6	0.0	2322
237c3b49-4dda-4377-9495-c660dad3b860	NR_074980.1	96.362	1402	34	14	9	1401	1406	13	0.0	2290
237c3b49-4dda-4377-9495-c660dad3b860	NR_113031.1	96.362	1402	34	14	9	1401	1406	13	0.0	2290
0c3da8d2-fb71-48de-b8ae-6b62e211840d	NR_024842.1	97.500	280	5	2	1	279	1212	1490	1.72e-134	477
0c3da8d2-fb71-48de-b8ae-6b62e211840d	NR_115735.1	97.482	278	5	2	1	277	1188	1464	2.22e-133	473
0c3da8d2-fb71-48de-b8ae-6b62e211840d	NR_178262.1	97.153	281	5	2	1	279	1091	1370	7.98e-133	472
0c3da8d2-fb71-48de-b8ae-6b62e211840d	NR_179215.1	97.153	281	5	2	1	279	1213	1492	7.98e-133	472
0c3da8d2-fb71-48de-b8ae-6b62e211840d	NR_179720.1	97.153	281	5	2	1	279	1217	1496	7.98e-133	472
cafbaea0-ceea-479a-9df0-2b783aa46501	NR_115355.1	93.006	815	25	21	11	801	1377	571	0.0	1160
cafbaea0-ceea-479a-9df0-2b783aa46501	NR_179325.1	93.006	815	25	21	11	801	1351	545	0.0	1160
cafbaea0-ceea-479a-9df0-2b783aa46501	NR_041879.1	92.892	816	25	22	11	801	1335	528	0.0	1155
cafbaea0-ceea-479a-9df0-2b783aa46501	NR_119169.1	92.638	815	28	21	11	801	1382	576	0.0	1147
cafbaea0-ceea-479a-9df0-2b783aa46501	NR_163639.1	92.770	816	24	23	11	801	1392	587	0.0	1147
1d66d7e6-8d86-4625-adc8-2a5f54e91cf3	NR_042776.1	97.446	979	10	12	2	969	524	1498	0.0	1655
1d66d7e6-8d86-4625-adc8-2a5f54e91cf3	NR_042777.1	97.446	979	10	12	2	969	523	1497	0.0	1655
1d66d7e6-8d86-4625-adc8-2a5f54e91cf3	NR_042778.1	97.242	979	12	12	2	969	524	1498	0.0	1644
1d66d7e6-8d86-4625-adc8-2a5f54e91cf3	NR_197695.1	97.038	979	14	12	2	969	523	1497	0.0	1633
1d66d7e6-8d86-4625-adc8-2a5f54e91cf3	NR_118998.1	96.731	979	16	13	2	969	519	1492	0.0	1616
2535142c-9d82-48d0-8850-3735cc519a26	NR_041989.1	95.355	732	22	12	1	725	1049	323	0.0	1153
2535142c-9d82-48d0-8850-3735cc519a26	NR_117694.1	94.679	733	25	12	1	725	1091	365	0.0	1125
2535142c-9d82-48d0-8850-3735cc519a26	NR_028900.1	94.262	732	30	11	1	725	1049	323	0.0	1109
2535142c-9d82-48d0-8850-3735cc519a26	NR_117692.1	94.262	732	30	11	1	725	1091	365	0.0	1109
2535142c-9d82-48d0-8850-3735cc519a26	NR_025902.1	93.989	732	32	11	1	725	1069	343	0.0	1098
c367d0c0-7655-4fc4-9f67-a98455473cd4	NR_115355.1	92.177	294	10	10	1	293	1204	1485	3.07e-112	403
c367d0c0-7655-4fc4-9f67-a98455473cd4	NR_163639.1	92.177	294	10	10	1	293	1219	1500	3.07e-112	403
c367d0c0-7655-4fc4-9f67-a98455473cd4	NR_179325.1	92.177	294	10	10	1	293	1178	1459	3.07e-112	403
c367d0c0-7655-4fc4-9f67-a98455473cd4	NR_119169.1	91.837	294	11	9	1	293	1209	1490	1.43e-110	398
c367d0c0-7655-4fc4-9f67-a98455473cd4	NR_115354.1	91.497	294	12	10	1	293	1204	1485	6.64e-109	392
2a231304-bea5-4279-9c68-1c652470ad01	NR_040821.1	96.045	354	8	5	1	351	1125	1475	9.77e-163	571
2a231304-bea5-4279-9c68-1c652470ad01	NR_025148.1	96.045	354	8	5	1	351	1145	1495	9.77e-163	571
2a231304-bea5-4279-9c68-1c652470ad01	NR_040820.1	96.045	354	8	5	1	351	1125	1475	9.77e-163	571
2a231304-bea5-4279-9c68-1c652470ad01	NR_134818.1	96.045	354	8	5	1	351	1138	1488	9.77e-163	571
2a231304-bea5-4279-9c68-1c652470ad01	NR_126177.1	96.045	354	8	5	1	351	1127	1477	9.77e-163	571
c125ca80-27c3-496c-bbe1-4abf1493c81b	NR_042878.1	97.477	436	4	6	1	436	475	903	0.0	739
c125ca80-27c3-496c-bbe1-4abf1493c81b	NR_042878.1	88.953	344	11	17	427	751	830	495	3.41e-111	401
c125ca80-27c3-496c-bbe1-4abf1493c81b	NR_116168.1	97.477	436	4	6	1	436	496	924	0.0	737
c125ca80-27c3-496c-bbe1-4abf1493c81b	NR_116168.1	88.953	344	11	17	427	751	851	516	1.22e-110	399
c125ca80-27c3-496c-bbe1-4abf1493c81b	NR_118143.1	96.789	436	7	6	1	436	477	905	0.0	721
c125ca80-27c3-496c-bbe1-4abf1493c81b	NR_118143.1	88.081	344	14	17	427	751	832	497	1.23e-105	383
c125ca80-27c3-496c-bbe1-4abf1493c81b	NR_159347.1	96.330	436	9	6	1	436	501	929	0.0	713
c125ca80-27c3-496c-bbe1-4abf1493c81b	NR_159347.1	89.164	323	8	17	448	751	835	521	1.60e-104	379
c125ca80-27c3-496c-bbe1-4abf1493c81b	NR_118142.1	96.330	436	9	6	1	436	475	903	0.0	710
c125ca80-27c3-496c-bbe1-4abf1493c81b	NR_118142.1	88.012	342	12	19	431	751	828	495	5.74e-104	377
e2ccba60-9d53-47f3-a417-9e54207513bc	NR_116168.1	94.362	337	9	4	1	327	1479	1143	7.12e-144	508
e2ccba60-9d53-47f3-a417-9e54207513bc	NR_118762.1	93.769	337	11	4	1	327	1481	1145	1.19e-141	501
e2ccba60-9d53-47f3-a417-9e54207513bc	NR_126284.1	92.285	337	16	4	1	327	1459	1123	3.36e-132	470
e2ccba60-9d53-47f3-a417-9e54207513bc	NR_024897.1	92.012	338	15	6	1	327	1478	1142	1.56e-130	464
e2ccba60-9d53-47f3-a417-9e54207513bc	NR_115157.1	92.683	328	14	4	10	327	1446	1119	1.56e-130	464
480b1393-8398-45b3-abf9-3bd0d5053e4c	NR_115355.1	96.891	997	17	13	5	997	993	7	0.0	1661
480b1393-8398-45b3-abf9-3bd0d5053e4c	NR_119169.1	96.627	1008	17	15	5	1005	998	1	0.0	1661
480b1393-8398-45b3-abf9-3bd0d5053e4c	NR_074980.1	96.169	1018	22	15	5	1015	1020	13	0.0	1648
480b1393-8398-45b3-abf9-3bd0d5053e4c	NR_113031.1	96.169	1018	22	15	5	1015	1020	13	0.0	1648
480b1393-8398-45b3-abf9-3bd0d5053e4c	NR_163639.1	96.176	1020	16	22	5	1016	1008	4	0.0	1646
dabd0f10-30fd-483f-a158-322a36814f84	NR_178515.1	96.150	935	32	4	1	931	935	1	0.0	1524
dabd0f10-30fd-483f-a158-322a36814f84	NR_178515.1	83.757	905	64	53	968	1817	5	881	0.0	780
dabd0f10-30fd-483f-a158-322a36814f84	NR_165737.1	95.936	935	34	4	1	931	935	1	0.0	1513
dabd0f10-30fd-483f-a158-322a36814f84	NR_165737.1	83.425	905	67	53	968	1817	5	881	0.0	763
dabd0f10-30fd-483f-a158-322a36814f84	NR_117719.1	95.648	942	37	4	1	939	953	13	0.0	1509
dabd0f10-30fd-483f-a158-322a36814f84	NR_117719.1	81.105	905	86	56	968	1817	25	899	0.0	645
dabd0f10-30fd-483f-a158-322a36814f84	NR_114413.1	95.440	943	39	4	1	939	958	16	0.0	1500
dabd0f10-30fd-483f-a158-322a36814f84	NR_114413.1	82.301	904	79	52	968	1817	28	904	0.0	708
dabd0f10-30fd-483f-a158-322a36814f84	NR_024842.1	95.354	947	32	9	1	939	950	8	0.0	1498
dabd0f10-30fd-483f-a158-322a36814f84	NR_024842.1	84.071	904	63	51	968	1817	20	896	0.0	800
d320895c-d7b9-483f-80d2-41fa350fc05d	NR_199547.1	94.789	1209	30	18	1	1192	115	1307	0.0	1853
d320895c-d7b9-483f-80d2-41fa350fc05d	NR_112026.1	94.624	1209	31	19	1	1192	118	1309	0.0	1844
d320895c-d7b9-483f-80d2-41fa350fc05d	NR_042928.1	94.624	1209	32	19	1	1192	135	1327	0.0	1842
d320895c-d7b9-483f-80d2-41fa350fc05d	NR_116206.1	94.541	1209	33	19	1	1192	60	1252	0.0	1840
d320895c-d7b9-483f-80d2-41fa350fc05d	NR_179540.1	94.132	1210	36	21	1	1192	155	1347	0.0	1808
dfc008bc-5cea-496a-98cb-c4503b1c6d6e	NR_025863.1	93.906	722	25	16	1	708	1299	583	0.0	1079
dfc008bc-5cea-496a-98cb-c4503b1c6d6e	NR_026481.1	90.756	714	43	20	5	703	1259	554	0.0	931
dfc008bc-5cea-496a-98cb-c4503b1c6d6e	NR_156899.1	89.722	720	49	22	1	703	1229	518	0.0	896
dfc008bc-5cea-496a-98cb-c4503b1c6d6e	NR_180911.1	89.708	719	50	20	1	703	1284	574	0.0	896
dfc008bc-5cea-496a-98cb-c4503b1c6d6e	NR_025862.1	89.563	709	51	20	1	693	1294	593	0.0	881
8cd4c8ee-492a-4e5e-885d-24455d69b2ea	NR_115355.1	96.756	1264	21	11	1	1245	1263	1	0.0	2093
8cd4c8ee-492a-4e5e-885d-24455d69b2ea	NR_119169.1	96.606	1267	23	11	1	1248	1268	3	0.0	2091
8cd4c8ee-492a-4e5e-885d-24455d69b2ea	NR_163639.1	96.468	1274	19	17	1	1254	1278	11	0.0	2080
8cd4c8ee-492a-4e5e-885d-24455d69b2ea	NR_179325.1	96.933	1239	15	12	1	1218	1237	1	0.0	2056
8cd4c8ee-492a-4e5e-885d-24455d69b2ea	NR_074980.1	95.918	1274	30	11	1	1254	1290	19	0.0	2045
e3533d10-a69c-4d82-9450-5aff71ebf971	NR_163639.1	96.444	450	9	5	8	451	1049	1497	0.0	736
e3533d10-a69c-4d82-9450-5aff71ebf971	NR_179325.1	96.444	450	9	5	8	451	1008	1456	0.0	736
e3533d10-a69c-4d82-9450-5aff71ebf971	NR_115355.1	96.222	450	10	5	8	451	1034	1482	0.0	730
e3533d10-a69c-4d82-9450-5aff71ebf971	NR_115354.1	96.000	450	11	5	8	451	1034	1482	0.0	725
e3533d10-a69c-4d82-9450-5aff71ebf971	NR_119169.1	95.556	450	13	5	8	451	1039	1487	0.0	717
da53e5c8-268f-487b-ae3f-ec2e48e89c48	NR_136788.1	96.355	823	10	16	1	808	660	1477	0.0	1336
da53e5c8-268f-487b-ae3f-ec2e48e89c48	NR_026230.1	93.682	823	32	19	1	808	638	1455	0.0	1219
da53e5c8-268f-487b-ae3f-ec2e48e89c48	NR_113082.1	93.484	798	30	18	1	782	660	1451	0.0	1166
da53e5c8-268f-487b-ae3f-ec2e48e89c48	NR_152035.1	88.466	815	62	28	16	808	676	1480	0.0	955
da53e5c8-268f-487b-ae3f-ec2e48e89c48	NR_025052.1	88.069	813	69	25	16	808	651	1455	0.0	939
128af292-1572-428a-bbe0-767ee70d37f0	NR_179540.1	96.562	349	8	4	19	364	358	11	7.76e-164	575
128af292-1572-428a-bbe0-767ee70d37f0	NR_042771.1	95.702	349	11	4	19	364	358	11	7.81e-159	558
128af292-1572-428a-bbe0-767ee70d37f0	NR_179383.1	95.429	350	10	6	19	364	365	18	3.64e-157	553
128af292-1572-428a-bbe0-767ee70d37f0	NR_028664.1	95.143	350	11	6	19	364	361	14	1.69e-155	547
128af292-1572-428a-bbe0-767ee70d37f0	NR_115274.1	96.667	330	9	2	19	347	338	10	1.69e-155	547
f617dd22-ca73-493b-8117-5e7faa2e9451	NR_024842.1	94.976	1433	37	31	4	1411	1430	8	0.0	2218
f617dd22-ca73-493b-8117-5e7faa2e9451	NR_115241.1	94.947	1425	37	31	4	1403	1415	1	0.0	2204
f617dd22-ca73-493b-8117-5e7faa2e9451	NR_115735.1	94.986	1416	35	32	4	1393	1406	1	0.0	2189
f617dd22-ca73-493b-8117-5e7faa2e9451	NR_178515.1	94.655	1422	39	33	8	1403	1411	1	0.0	2170
f617dd22-ca73-493b-8117-5e7faa2e9451	NR_165737.1	94.460	1426	42	33	4	1403	1415	1	0.0	2161
c1022129-0748-45b7-9232-fa052d975c2d	NR_116168.1	97.244	254	3	3	57	306	1234	1487	1.95e-119	427
c1022129-0748-45b7-9232-fa052d975c2d	NR_118762.1	97.177	248	3	3	57	300	1236	1483	4.22e-116	416
c1022129-0748-45b7-9232-fa052d975c2d	NR_114764.1	94.821	251	9	3	57	303	1216	1466	9.19e-108	388
c1022129-0748-45b7-9232-fa052d975c2d	NR_115546.2	94.488	254	10	3	57	306	1243	1496	9.19e-108	388
c1022129-0748-45b7-9232-fa052d975c2d	NR_115136.1	95.122	246	8	3	61	302	1223	1468	1.19e-106	385
483d7372-31c7-4992-8a4f-71bf3425bdec	NG_041947.1	82.010	1184	161	40	127	1271	354	1524	0.0	959
483d7372-31c7-4992-8a4f-71bf3425bdec	NR_102768.2	82.010	1184	161	40	127	1271	215	1385	0.0	959
483d7372-31c7-4992-8a4f-71bf3425bdec	NR_112037.1	81.926	1184	162	42	127	1271	326	1496	0.0	953
483d7372-31c7-4992-8a4f-71bf3425bdec	NR_026102.1	81.788	1186	159	46	127	1271	198	1367	0.0	941
483d7372-31c7-4992-8a4f-71bf3425bdec	NR_119284.1	80.632	1265	189	44	127	1349	358	1608	0.0	928
1c580818-0101-416f-8d16-9a899f2a3063	NR_042776.1	94.099	627	13	20	5	611	1347	725	0.0	931
1c580818-0101-416f-8d16-9a899f2a3063	NR_042777.1	94.099	627	13	20	5	611	1346	724	0.0	931
1c580818-0101-416f-8d16-9a899f2a3063	NR_042778.1	93.939	627	14	20	5	611	1347	725	0.0	926
1c580818-0101-416f-8d16-9a899f2a3063	NR_197695.1	93.620	627	16	20	5	611	1346	724	0.0	915
1c580818-0101-416f-8d16-9a899f2a3063	NR_118998.1	93.291	626	19	19	5	611	1341	720	0.0	902
06ee47af-0f3b-4b5a-ac61-f5963c0cace9	NR_024842.1	92.929	396	12	12	6	394	1355	969	6.55e-160	562
06ee47af-0f3b-4b5a-ac61-f5963c0cace9	NR_115735.1	92.929	396	12	12	6	394	1331	945	6.55e-160	562
06ee47af-0f3b-4b5a-ac61-f5963c0cace9	NR_116211.1	92.929	396	12	12	6	394	1263	877	6.55e-160	562
06ee47af-0f3b-4b5a-ac61-f5963c0cace9	NR_178515.1	92.929	396	12	12	6	394	1340	954	6.55e-160	562
06ee47af-0f3b-4b5a-ac61-f5963c0cace9	NR_180875.1	92.929	396	12	12	6	394	1319	933	6.55e-160	562
dc5d17f8-b1b2-43a6-8a2d-eb7994f0681f	NR_026419.1	96.280	699	14	11	1	691	695	1	0.0	1136
dc5d17f8-b1b2-43a6-8a2d-eb7994f0681f	NR_025903.1	94.492	708	24	13	1	699	707	6	0.0	1077
dc5d17f8-b1b2-43a6-8a2d-eb7994f0681f	NR_025904.1	93.521	710	27	16	1	699	706	5	0.0	1038
dc5d17f8-b1b2-43a6-8a2d-eb7994f0681f	NR_133753.1	94.903	667	19	13	1	658	661	1	0.0	1029
dc5d17f8-b1b2-43a6-8a2d-eb7994f0681f	NR_036920.1	91.949	708	39	16	1	699	700	2	0.0	976
4fa43d32-35d4-4535-ae55-d5d88fb6797b	NR_042776.1	95.426	1290	34	19	1	1275	105	1384	0.0	2032
4fa43d32-35d4-4535-ae55-d5d88fb6797b	NR_042777.1	95.194	1290	36	20	1	1275	105	1383	0.0	2015
4fa43d32-35d4-4535-ae55-d5d88fb6797b	NR_042778.1	95.194	1290	37	19	1	1275	105	1384	0.0	2015
4fa43d32-35d4-4535-ae55-d5d88fb6797b	NR_197695.1	94.884	1290	41	19	1	1275	104	1383	0.0	1993
4fa43d32-35d4-4535-ae55-d5d88fb6797b	NR_118998.1	94.574	1290	44	20	1	1275	100	1378	0.0	1973
f6df09ec-ce7a-4967-baa9-4c016ece2c57	NR_042776.1	91.056	1420	56	62	1	1387	1408	27	0.0	1853
f6df09ec-ce7a-4967-baa9-4c016ece2c57	NR_042777.1	90.915	1420	57	63	1	1387	1407	27	0.0	1842
f6df09ec-ce7a-4967-baa9-4c016ece2c57	NR_042778.1	90.845	1420	59	62	1	1387	1408	27	0.0	1836
f6df09ec-ce7a-4967-baa9-4c016ece2c57	NR_197695.1	90.493	1420	64	62	1	1387	1407	26	0.0	1808
f6df09ec-ce7a-4967-baa9-4c016ece2c57	NR_118998.1	90.141	1420	68	62	1	1387	1402	22	0.0	1783
b2f1b494-18dd-47f5-8d51-f19199806163	NR_199547.1	96.272	456	10	6	1	453	37	488	0.0	741
b2f1b494-18dd-47f5-8d51-f19199806163	NR_042928.1	95.614	456	12	7	1	453	58	508	0.0	725
b2f1b494-18dd-47f5-8d51-f19199806163	NR_112026.1	95.614	456	12	7	1	453	41	491	0.0	725
b2f1b494-18dd-47f5-8d51-f19199806163	NR_109720.1	95.175	456	15	6	1	453	53	504	0.0	713
b2f1b494-18dd-47f5-8d51-f19199806163	NR_199541.1	94.945	455	15	7	3	453	36	486	0.0	706
6dbbba1c-dc0f-4a58-b1b4-b42ccf1f41f9	NR_042928.1	98.543	1304	11	6	1	1301	170	1468	0.0	2296
6dbbba1c-dc0f-4a58-b1b4-b42ccf1f41f9	NR_117719.1	98.318	1308	15	5	1	1305	190	1493	0.0	2287
6dbbba1c-dc0f-4a58-b1b4-b42ccf1f41f9	NR_179540.1	98.463	1301	12	6	8	1305	197	1492	0.0	2285
6dbbba1c-dc0f-4a58-b1b4-b42ccf1f41f9	NR_042927.1	98.459	1298	13	5	7	1301	178	1471	0.0	2279
6dbbba1c-dc0f-4a58-b1b4-b42ccf1f41f9	NR_115734.1	98.459	1298	13	5	7	1301	179	1472	0.0	2279
9c8645bc-6d18-4718-b500-8384e028f192	NR_028682.1	96.020	402	7	8	1	396	1099	1497	0.0	645
9c8645bc-6d18-4718-b500-8384e028f192	NR_025435.1	93.612	407	19	6	1	403	1096	1499	1.43e-171	601
9c8645bc-6d18-4718-b500-8384e028f192	NR_119263.1	93.366	407	21	5	1	403	1096	1500	1.85e-170	597
9c8645bc-6d18-4718-b500-8384e028f192	NR_025396.1	93.333	405	23	3	1	403	1070	1472	6.64e-170	595
9c8645bc-6d18-4718-b500-8384e028f192	NR_042357.1	93.086	405	24	3	1	403	1067	1469	3.09e-168	590
ccabddaa-ad31-4643-90e5-14ba28c33447	NR_115355.1	93.857	814	21	19	5	796	672	1478	0.0	1199
ccabddaa-ad31-4643-90e5-14ba28c33447	NR_179325.1	93.857	814	21	19	5	796	646	1452	0.0	1199
ccabddaa-ad31-4643-90e5-14ba28c33447	NR_119169.1	93.735	814	22	19	5	796	677	1483	0.0	1195
ccabddaa-ad31-4643-90e5-14ba28c33447	NR_163639.1	93.735	814	21	20	5	796	688	1493	0.0	1194
ccabddaa-ad31-4643-90e5-14ba28c33447	NR_115354.1	93.612	814	23	20	5	796	672	1478	0.0	1190
bb0c46f7-d220-4d82-8d3f-ab7df45934fe	NR_074980.1	93.734	399	15	8	1	394	410	17	3.02e-168	590
bb0c46f7-d220-4d82-8d3f-ab7df45934fe	NR_113031.1	93.734	399	15	8	1	394	410	17	3.02e-168	590
bb0c46f7-d220-4d82-8d3f-ab7df45934fe	NR_119168.1	93.893	393	14	8	1	388	388	1	1.41e-166	584
bb0c46f7-d220-4d82-8d3f-ab7df45934fe	NR_119169.1	93.384	393	16	8	1	388	388	1	2.35e-164	577
bb0c46f7-d220-4d82-8d3f-ab7df45934fe	NR_117759.1	93.606	391	15	8	1	386	386	1	8.46e-164	575
ff0e4390-5d9c-4a8c-8905-25fbcf17e6c7	NR_115241.1	91.713	724	32	20	1	702	722	5	0.0	979
ff0e4390-5d9c-4a8c-8905-25fbcf17e6c7	NR_024842.1	91.081	740	34	24	1	717	737	7	0.0	976
ff0e4390-5d9c-4a8c-8905-25fbcf17e6c7	NR_115735.1	91.783	718	32	19	1	696	713	1	0.0	974
ff0e4390-5d9c-4a8c-8905-25fbcf17e6c7	NR_178515.1	91.172	725	34	22	1	702	722	5	0.0	957
ff0e4390-5d9c-4a8c-8905-25fbcf17e6c7	NR_165737.1	90.897	725	36	22	1	702	722	5	0.0	946
12c9a5d0-b64f-44bd-b026-f0a7763830f4	NR_114537.1	95.778	379	9	7	6	379	95	471	1.04e-172	604
12c9a5d0-b64f-44bd-b026-f0a7763830f4	NR_036936.1	95.515	379	10	7	6	379	108	484	1.34e-171	601
12c9a5d0-b64f-44bd-b026-f0a7763830f4	NR_199541.1	95.251	379	11	7	6	379	84	460	2.25e-169	593
12c9a5d0-b64f-44bd-b026-f0a7763830f4	NR_116206.1	94.723	379	13	7	6	379	31	407	1.35e-166	584
12c9a5d0-b64f-44bd-b026-f0a7763830f4	NR_042928.1	94.723	379	13	7	6	379	106	482	4.87e-166	582
45c09d5f-36e4-4b45-8b02-6d200e010c3a	NR_042776.1	95.217	460	9	7	1	449	1042	1499	0.0	715
45c09d5f-36e4-4b45-8b02-6d200e010c3a	NR_042777.1	95.217	460	9	7	1	449	1041	1498	0.0	715
45c09d5f-36e4-4b45-8b02-6d200e010c3a	NR_197695.1	95.000	460	10	7	1	449	1041	1498	0.0	710
45c09d5f-36e4-4b45-8b02-6d200e010c3a	NR_042778.1	94.783	460	11	8	1	449	1042	1499	0.0	704
45c09d5f-36e4-4b45-8b02-6d200e010c3a	NR_118998.1	94.783	460	11	8	1	449	1036	1493	0.0	704
34e5291a-e090-43b4-9525-2bea6aa92b46	NR_026419.1	95.633	458	11	6	1	458	885	1333	0.0	726
34e5291a-e090-43b4-9525-2bea6aa92b46	NR_133752.1	94.105	458	18	6	1	458	822	1270	0.0	688
34e5291a-e090-43b4-9525-2bea6aa92b46	NR_133753.1	94.105	458	18	6	1	458	851	1299	0.0	688
34e5291a-e090-43b4-9525-2bea6aa92b46	NR_025904.1	94.105	458	18	6	1	458	896	1344	0.0	688
34e5291a-e090-43b4-9525-2bea6aa92b46	NR_025903.1	94.105	458	18	6	1	458	897	1345	0.0	688
11a17dac-3c29-4638-96c0-62d12a786100	NR_117425.1	90.637	534	30	16	1	518	531	2	0.0	691
11a17dac-3c29-4638-96c0-62d12a786100	NR_042928.1	90.619	533	26	20	1	516	526	1	0.0	686
11a17dac-3c29-4638-96c0-62d12a786100	NR_118234.1	90.203	541	29	19	1	523	545	11	0.0	684
11a17dac-3c29-4638-96c0-62d12a786100	NR_199545.1	89.522	544	32	20	1	526	546	10	0.0	665
11a17dac-3c29-4638-96c0-62d12a786100	NR_165747.1	89.888	534	28	21	1	516	526	1	0.0	664
c668b337-a58d-4b9d-a8de-cc154e23f504	NR_028664.1	89.696	592	25	24	20	584	239	821	0.0	723
c668b337-a58d-4b9d-a8de-cc154e23f504	NR_042771.1	89.696	592	25	24	20	584	236	818	0.0	723
c668b337-a58d-4b9d-a8de-cc154e23f504	NR_115240.1	89.696	592	25	24	20	584	216	798	0.0	723
c668b337-a58d-4b9d-a8de-cc154e23f504	NR_115274.1	89.696	592	25	24	20	584	216	798	0.0	723
c668b337-a58d-4b9d-a8de-cc154e23f504	NR_115732.1	89.696	592	25	24	20	584	218	800	0.0	723
8922523a-5251-4f55-8a71-392c9a8cc423	NR_028665.1	95.873	945	21	13	1	933	1439	501	0.0	1513
8922523a-5251-4f55-8a71-392c9a8cc423	NR_115239.1	95.873	945	21	13	1	933	1422	484	0.0	1513
8922523a-5251-4f55-8a71-392c9a8cc423	NR_117496.1	95.873	945	21	13	1	933	1422	484	0.0	1513
8922523a-5251-4f55-8a71-392c9a8cc423	NR_027214.1	95.873	945	21	13	1	933	1422	484	0.0	1513
8922523a-5251-4f55-8a71-392c9a8cc423	NR_042927.1	95.767	945	22	14	1	933	1424	486	0.0	1507
79363720-ef54-48ec-ada1-b5f71a387489	NR_179540.1	91.298	678	22	22	5	664	833	1491	0.0	891
79363720-ef54-48ec-ada1-b5f71a387489	NR_117719.1	91.163	679	22	23	5	664	833	1492	0.0	887
79363720-ef54-48ec-ada1-b5f71a387489	NR_179383.1	91.163	679	22	23	5	664	840	1499	0.0	887
79363720-ef54-48ec-ada1-b5f71a387489	NR_042928.1	91.259	675	22	22	5	661	813	1468	0.0	885
79363720-ef54-48ec-ada1-b5f71a387489	NR_028664.1	91.016	679	23	23	5	664	836	1495	0.0	881
a7a4b6ff-2e43-42ae-b484-909e99f6952b	NR_041879.1	96.723	1007	11	15	3	995	35	1033	0.0	1657
a7a4b6ff-2e43-42ae-b484-909e99f6952b	NR_115355.1	96.524	1007	13	15	3	995	78	1076	0.0	1650
a7a4b6ff-2e43-42ae-b484-909e99f6952b	NR_119169.1	96.524	1007	13	15	3	995	83	1081	0.0	1650
a7a4b6ff-2e43-42ae-b484-909e99f6952b	NR_179325.1	96.528	1008	12	16	3	995	51	1050	0.0	1646
a7a4b6ff-2e43-42ae-b484-909e99f6952b	NR_163639.1	96.326	1007	11	20	3	995	97	1091	0.0	1631
a8892dfa-d3c8-4aae-97ed-e21b6e248f41	NR_044873.1	93.548	372	18	4	1	367	1095	1465	4.77e-156	549
a8892dfa-d3c8-4aae-97ed-e21b6e248f41	NR_181146.1	92.742	372	21	4	1	367	1092	1462	4.81e-151	532
a8892dfa-d3c8-4aae-97ed-e21b6e248f41	NR_074568.1	92.742	372	19	6	1	367	1105	1473	1.73e-150	531
a8892dfa-d3c8-4aae-97ed-e21b6e248f41	NR_178796.1	92.742	372	20	5	1	367	1103	1472	1.73e-150	531
a8892dfa-d3c8-4aae-97ed-e21b6e248f41	NR_178939.1	92.742	372	20	5	1	367	1104	1473	1.73e-150	531
6397d196-eff9-4020-8c11-c58fbee0c906	NR_042776.1	94.429	736	23	10	1	724	723	1452	0.0	1116
6397d196-eff9-4020-8c11-c58fbee0c906	NR_042777.1	94.429	736	23	10	1	724	722	1451	0.0	1116
6397d196-eff9-4020-8c11-c58fbee0c906	NR_042778.1	94.293	736	24	10	1	724	723	1452	0.0	1110
6397d196-eff9-4020-8c11-c58fbee0c906	NR_197695.1	94.022	736	26	10	1	724	722	1451	0.0	1099
6397d196-eff9-4020-8c11-c58fbee0c906	NR_118998.1	93.878	735	28	10	1	724	718	1446	0.0	1092
30f6de6d-ac35-448c-965b-076b885acfc6	NR_042776.1	99.310	290	0	2	1	288	1214	1503	2.22e-148	523
30f6de6d-ac35-448c-965b-076b885acfc6	NR_042777.1	99.310	290	0	2	1	288	1213	1502	2.22e-148	523
30f6de6d-ac35-448c-965b-076b885acfc6	NR_042052.1	98.621	290	2	2	1	288	1112	1401	4.79e-145	512
30f6de6d-ac35-448c-965b-076b885acfc6	NR_042778.1	98.621	290	2	2	1	288	1214	1503	4.79e-145	512
30f6de6d-ac35-448c-965b-076b885acfc6	NR_114642.1	98.621	290	2	2	1	288	1171	1460	4.79e-145	512
e3cc7030-47bb-4bcf-9f26-c267bce4a1a4	NR_044741.1	96.465	198	3	3	12	208	1262	1456	1.71e-88	324
e3cc7030-47bb-4bcf-9f26-c267bce4a1a4	NR_024897.1	95.960	198	4	2	12	208	1297	1491	7.96e-87	318
e3cc7030-47bb-4bcf-9f26-c267bce4a1a4	NR_116168.1	95.960	198	4	2	12	208	1298	1492	7.96e-87	318
e3cc7030-47bb-4bcf-9f26-c267bce4a1a4	NR_181418.1	95.960	198	4	2	12	208	1297	1491	7.96e-87	318
e3cc7030-47bb-4bcf-9f26-c267bce4a1a4	NR_025359.1	95.455	198	5	2	12	208	1301	1495	3.71e-85	313
798acdaa-135d-486c-9f90-f93d69015ce7	NR_042928.1	94.274	716	24	12	1	712	703	1	0.0	1079
798acdaa-135d-486c-9f90-f93d69015ce7	NR_199547.1	94.517	693	22	11	1	689	683	3	0.0	1055
798acdaa-135d-486c-9f90-f93d69015ce7	NR_109720.1	93.680	712	26	12	1	706	699	1	0.0	1048
798acdaa-135d-486c-9f90-f93d69015ce7	NR_112026.1	94.134	699	24	12	1	695	686	1	0.0	1048
798acdaa-135d-486c-9f90-f93d69015ce7	NR_165747.1	93.436	716	30	12	1	712	703	1	0.0	1046
3f7e66ff-159a-4d77-b57d-23cb3b2e7391	NR_199541.1	95.503	1223	30	22	2	1209	40	1252	0.0	1930
3f7e66ff-159a-4d77-b57d-23cb3b2e7391	NR_042928.1	95.343	1224	32	22	1	1209	61	1274	0.0	1921
3f7e66ff-159a-4d77-b57d-23cb3b2e7391	NR_199547.1	95.343	1224	32	22	1	1209	41	1254	0.0	1921
3f7e66ff-159a-4d77-b57d-23cb3b2e7391	NR_112026.1	95.265	1225	30	24	1	1209	44	1256	0.0	1917
3f7e66ff-159a-4d77-b57d-23cb3b2e7391	NR_117719.1	95.261	1224	31	23	2	1209	82	1294	0.0	1914
17ecb3e4-4aae-47b6-8abf-322f881abcc6	NR_024842.1	93.972	647	14	18	1	631	852	1489	0.0	955
17ecb3e4-4aae-47b6-8abf-322f881abcc6	NR_115735.1	93.963	646	14	18	1	630	828	1464	0.0	953
17ecb3e4-4aae-47b6-8abf-322f881abcc6	NR_028664.1	93.827	648	14	19	1	631	858	1496	0.0	952
17ecb3e4-4aae-47b6-8abf-322f881abcc6	NR_152678.1	93.827	648	14	19	1	631	857	1495	0.0	952
17ecb3e4-4aae-47b6-8abf-322f881abcc6	NR_156072.1	93.818	647	15	18	1	631	857	1494	0.0	950
d250a9f3-933e-4f2d-be44-23a7e118de62	NR_136788.1	95.928	614	7	15	1	601	621	13	0.0	979
d250a9f3-933e-4f2d-be44-23a7e118de62	NR_113082.1	92.195	615	28	17	1	601	621	13	0.0	852
d250a9f3-933e-4f2d-be44-23a7e118de62	NR_026230.1	90.744	605	37	16	1	592	599	1	0.0	808
d250a9f3-933e-4f2d-be44-23a7e118de62	NR_074234.1	87.960	598	47	22	21	601	609	20	0.0	682
d250a9f3-933e-4f2d-be44-23a7e118de62	NR_113086.1	87.960	598	47	22	21	601	602	13	0.0	682
f378dd24-ec46-4b73-a3ed-36664de0820c	NR_117694.1	95.179	1452	33	28	1	1435	1436	5	0.0	2259
f378dd24-ec46-4b73-a3ed-36664de0820c	NR_025892.1	94.146	1452	47	28	1	1435	1461	31	0.0	2202
f378dd24-ec46-4b73-a3ed-36664de0820c	NR_041989.1	95.997	1374	21	25	40	1398	1355	1	0.0	2202
f378dd24-ec46-4b73-a3ed-36664de0820c	NR_117692.1	94.421	1452	44	28	1	1435	1436	5	0.0	2198
f378dd24-ec46-4b73-a3ed-36664de0820c	NR_117696.1	94.452	1442	46	25	1	1427	1423	1	0.0	2189
3dd06d50-ed3e-4465-bd84-6b206473d099	NR_025903.1	92.517	1029	41	28	16	1017	467	1486	0.0	1441
3dd06d50-ed3e-4465-bd84-6b206473d099	NR_133753.1	92.942	1006	37	26	16	996	421	1417	0.0	1434
3dd06d50-ed3e-4465-bd84-6b206473d099	NR_133752.1	93.014	1002	36	26	20	996	396	1388	0.0	1432
3dd06d50-ed3e-4465-bd84-6b206473d099	NR_025904.1	92.270	1022	43	28	23	1017	473	1485	0.0	1417
3dd06d50-ed3e-4465-bd84-6b206473d099	NR_026419.1	91.740	1029	48	28	17	1017	456	1475	0.0	1395
a167f0ac-75c7-4aea-9c5a-bdf7561da7b2	NR_042878.1	92.060	932	37	28	1	907	429	1348	0.0	1279
a167f0ac-75c7-4aea-9c5a-bdf7561da7b2	NR_116168.1	92.060	932	37	28	1	907	450	1369	0.0	1277
a167f0ac-75c7-4aea-9c5a-bdf7561da7b2	NR_118762.1	91.192	931	46	28	1	907	453	1371	0.0	1251
a167f0ac-75c7-4aea-9c5a-bdf7561da7b2	NR_118143.1	90.773	932	49	29	1	907	431	1350	0.0	1212
a167f0ac-75c7-4aea-9c5a-bdf7561da7b2	NR_114764.1	88.804	911	63	31	23	907	454	1351	0.0	1085
a1708bd3-8607-4ee3-baab-e314e4d4fd84	NR_028682.1	88.704	540	21	32	1	519	973	1493	4.03e-178	623
a1708bd3-8607-4ee3-baab-e314e4d4fd84	NR_119263.1	87.246	541	29	30	1	520	970	1491	2.46e-165	580
a1708bd3-8607-4ee3-baab-e314e4d4fd84	NR_025396.1	87.199	539	31	28	1	520	944	1463	8.85e-165	579
a1708bd3-8607-4ee3-baab-e314e4d4fd84	NR_040926.1	86.900	542	29	32	1	520	951	1472	5.32e-162	569
a1708bd3-8607-4ee3-baab-e314e4d4fd84	NR_180652.1	86.827	539	33	28	1	520	962	1481	1.92e-161	568
3eadafd8-7a7c-4f04-86fe-ac0460b32bfc	NR_028682.1	95.320	641	19	11	1	632	859	1497	0.0	1007
3eadafd8-7a7c-4f04-86fe-ac0460b32bfc	NR_025396.1	93.624	643	33	8	2	638	831	1471	0.0	953
3eadafd8-7a7c-4f04-86fe-ac0460b32bfc	NR_116890.1	94.089	626	29	8	1	620	847	1470	0.0	944
3eadafd8-7a7c-4f04-86fe-ac0460b32bfc	NR_119263.1	93.333	645	33	10	2	638	857	1499	0.0	944
3eadafd8-7a7c-4f04-86fe-ac0460b32bfc	NR_113798.1	93.448	641	32	10	1	633	843	1481	0.0	942
df5b7efe-1085-4081-a190-344f717d5f2e	NR_042776.1	97.674	473	9	2	1	471	1027	1499	0.0	811
df5b7efe-1085-4081-a190-344f717d5f2e	NR_042777.1	97.674	473	9	2	1	471	1026	1498	0.0	811
df5b7efe-1085-4081-a190-344f717d5f2e	NR_042778.1	97.252	473	11	2	1	471	1027	1499	0.0	800
df5b7efe-1085-4081-a190-344f717d5f2e	NR_197695.1	97.252	473	11	2	1	471	1026	1498	0.0	800
df5b7efe-1085-4081-a190-344f717d5f2e	NR_118998.1	97.040	473	12	2	1	471	1021	1493	0.0	795
db6aa44e-4b36-49be-a505-30c5affb4ed2	NR_042843.1	97.183	355	6	4	1	352	1226	873	1.62e-170	597
db6aa44e-4b36-49be-a505-30c5affb4ed2	NR_102895.1	97.183	355	6	4	1	352	1254	901	1.62e-170	597
db6aa44e-4b36-49be-a505-30c5affb4ed2	NR_113113.1	97.183	355	6	4	1	352	1234	881	1.62e-170	597
db6aa44e-4b36-49be-a505-30c5affb4ed2	NR_175509.1	96.901	355	7	4	1	352	1246	893	7.55e-169	592
db6aa44e-4b36-49be-a505-30c5affb4ed2	NR_113124.1	96.620	355	8	4	1	352	1246	893	3.51e-167	586
186d88b5-ade2-4088-8dbd-d1a2f030a1e8	NR_036936.1	94.419	430	8	8	1	416	1245	818	0.0	647
186d88b5-ade2-4088-8dbd-d1a2f030a1e8	NR_180875.1	94.419	430	8	8	1	416	1224	797	0.0	647
186d88b5-ade2-4088-8dbd-d1a2f030a1e8	NR_024842.1	94.186	430	9	8	1	416	1260	833	0.0	641
186d88b5-ade2-4088-8dbd-d1a2f030a1e8	NR_109720.1	94.186	430	9	8	1	416	1239	812	0.0	641
186d88b5-ade2-4088-8dbd-d1a2f030a1e8	NR_114537.1	93.968	431	9	8	1	416	1234	806	0.0	636
ec1749c1-1a04-4761-b781-14a3caab5f80	NR_042776.1	95.367	1403	34	23	1	1386	1406	18	0.0	2202
ec1749c1-1a04-4761-b781-14a3caab5f80	NR_042777.1	95.153	1403	36	24	1	1386	1405	18	0.0	2185
ec1749c1-1a04-4761-b781-14a3caab5f80	NR_042778.1	95.153	1403	37	23	1	1386	1406	18	0.0	2185
ec1749c1-1a04-4761-b781-14a3caab5f80	NR_197695.1	94.797	1403	42	23	1	1386	1405	17	0.0	2158
ec1749c1-1a04-4761-b781-14a3caab5f80	NR_118998.1	94.440	1403	46	24	1	1386	1400	13	0.0	2132
ccaaa826-1f8e-4a9c-ae25-2fa19dea6103	NR_042776.1	96.469	708	12	11	1	700	733	31	0.0	1157
ccaaa826-1f8e-4a9c-ae25-2fa19dea6103	NR_042778.1	96.186	708	14	11	1	700	733	31	0.0	1146
ccaaa826-1f8e-4a9c-ae25-2fa19dea6103	NR_042777.1	96.045	708	14	12	1	700	732	31	0.0	1140
ccaaa826-1f8e-4a9c-ae25-2fa19dea6103	NR_197695.1	95.763	708	17	11	1	700	732	30	0.0	1129
ccaaa826-1f8e-4a9c-ae25-2fa19dea6103	NR_118998.1	95.480	708	19	11	1	700	728	26	0.0	1120
0dd600de-de39-4e33-9fec-628dc51a3b73	NR_024842.1	97.134	942	11	11	1	933	559	1493	0.0	1576
0dd600de-de39-4e33-9fec-628dc51a3b73	NR_115735.1	97.118	937	11	11	1	928	535	1464	0.0	1567
0dd600de-de39-4e33-9fec-628dc51a3b73	NR_156072.1	96.815	942	14	11	1	933	564	1498	0.0	1559
0dd600de-de39-4e33-9fec-628dc51a3b73	NR_165737.1	96.898	935	12	12	1	925	544	1471	0.0	1550
0dd600de-de39-4e33-9fec-628dc51a3b73	NR_115241.1	96.788	934	14	11	1	925	544	1470	0.0	1548
39d91488-8400-4a4f-8e07-5dfa8de21e35	NR_026419.1	89.379	1384	77	54	61	1409	1349	1	0.0	1677
39d91488-8400-4a4f-8e07-5dfa8de21e35	NR_025903.1	88.354	1391	93	53	61	1417	1361	6	0.0	1607
39d91488-8400-4a4f-8e07-5dfa8de21e35	NR_025904.1	87.805	1394	95	59	61	1417	1360	5	0.0	1563
39d91488-8400-4a4f-8e07-5dfa8de21e35	NR_133753.1	88.556	1337	85	52	61	1365	1315	15	0.0	1559
39d91488-8400-4a4f-8e07-5dfa8de21e35	NR_133752.1	88.485	1320	86	50	61	1349	1286	2	0.0	1535
1578be64-69da-4632-bde6-6c77dddd9d9c	NR_024842.1	96.023	176	6	1	1	176	42	216	6.70e-77	285
1578be64-69da-4632-bde6-6c77dddd9d9c	NR_115241.1	96.023	176	6	1	1	176	27	201	6.70e-77	285
1578be64-69da-4632-bde6-6c77dddd9d9c	NR_115735.1	95.480	177	6	2	1	176	17	192	8.67e-76	281
1578be64-69da-4632-bde6-6c77dddd9d9c	NR_165737.1	94.350	177	7	3	1	176	27	201	6.75e-72	268
1578be64-69da-4632-bde6-6c77dddd9d9c	NR_178515.1	94.350	177	7	3	1	176	27	201	6.75e-72	268
cd1164a3-2ff2-4e87-b5bd-ca32e0fe22ab	NR_044873.1	96.279	215	6	2	1	214	1248	1461	8.35e-97	351
cd1164a3-2ff2-4e87-b5bd-ca32e0fe22ab	NR_042334.1	95.327	214	8	2	1	214	1254	1465	6.50e-93	339
cd1164a3-2ff2-4e87-b5bd-ca32e0fe22ab	NR_178796.1	95.327	214	9	1	1	214	1256	1468	6.50e-93	339
cd1164a3-2ff2-4e87-b5bd-ca32e0fe22ab	NR_178939.1	95.327	214	9	1	1	214	1257	1469	6.50e-93	339
cd1164a3-2ff2-4e87-b5bd-ca32e0fe22ab	NR_165019.1	95.714	210	8	1	1	210	1233	1441	2.34e-92	337
4ce5005c-bf33-40b0-8cd5-760fdffc5ce7	NR_043604.1	88.115	244	7	16	1	223	614	372	2.44e-72	270
4ce5005c-bf33-40b0-8cd5-760fdffc5ce7	NR_043607.1	88.115	244	7	16	1	223	613	371	2.44e-72	270
4ce5005c-bf33-40b0-8cd5-760fdffc5ce7	NR_118512.1	88.115	244	7	16	1	223	614	372	2.44e-72	270
4ce5005c-bf33-40b0-8cd5-760fdffc5ce7	NR_118524.1	88.115	244	7	16	1	223	613	371	2.44e-72	270
4ce5005c-bf33-40b0-8cd5-760fdffc5ce7	NR_156802.1	88.115	244	7	16	1	223	635	393	2.44e-72	270
32677eb0-b088-4771-9199-2b4c21a52a66	NR_042878.1	90.909	165	10	5	1	162	680	842	6.19e-57	219
32677eb0-b088-4771-9199-2b4c21a52a66	NR_116168.1	90.909	165	10	5	1	162	701	863	2.23e-56	217
32677eb0-b088-4771-9199-2b4c21a52a66	NR_118143.1	90.303	165	11	5	1	162	682	844	1.04e-54	211
32677eb0-b088-4771-9199-2b4c21a52a66	NR_042885.1	90.303	165	11	5	1	162	680	842	1.04e-54	211
32677eb0-b088-4771-9199-2b4c21a52a66	NR_118751.1	89.697	165	12	5	1	162	705	867	1.04e-54	211
e0e9a081-ad15-4712-a076-d4f4a3da986c	NR_116168.1	96.000	125	1	4	1	122	1384	1261	1.68e-51	200
e0e9a081-ad15-4712-a076-d4f4a3da986c	NR_118762.1	96.000	125	1	4	1	122	1386	1263	1.68e-51	200
e0e9a081-ad15-4712-a076-d4f4a3da986c	NR_024897.1	98.246	114	0	2	1	113	1383	1271	6.05e-51	198
e0e9a081-ad15-4712-a076-d4f4a3da986c	NR_024898.1	98.246	114	0	2	1	113	1383	1271	6.05e-51	198
e0e9a081-ad15-4712-a076-d4f4a3da986c	NR_036871.1	98.246	114	0	2	1	113	1363	1251	6.05e-51	198
33ab4054-d8bd-4483-8f85-88817101c183	NR_024842.1	98.065	155	1	2	5	158	162	9	6.10e-72	268
33ab4054-d8bd-4483-8f85-88817101c183	NR_114413.1	96.774	155	3	2	5	158	170	17	1.32e-68	257
33ab4054-d8bd-4483-8f85-88817101c183	NR_199956.1	96.774	155	3	2	5	158	167	14	1.32e-68	257
33ab4054-d8bd-4483-8f85-88817101c183	NR_199974.1	96.774	155	3	2	5	158	174	21	1.32e-68	257
33ab4054-d8bd-4483-8f85-88817101c183	NR_115241.1	97.973	148	1	2	5	151	147	1	4.75e-68	255
4c2347b5-0cda-440a-88e5-0eec88294765	NR_024841.1	99.074	108	1	0	4	111	114	7	6.78e-50	195
4c2347b5-0cda-440a-88e5-0eec88294765	NR_042776.1	99.074	108	1	0	4	111	125	18	6.78e-50	195
4c2347b5-0cda-440a-88e5-0eec88294765	NR_042777.1	99.074	108	1	0	4	111	125	18	6.78e-50	195
4c2347b5-0cda-440a-88e5-0eec88294765	NR_042778.1	99.074	108	1	0	4	111	125	18	6.78e-50	195
4c2347b5-0cda-440a-88e5-0eec88294765	NR_118234.1	99.074	108	1	0	4	111	117	10	6.78e-50	195
aa0d71d2-d6ac-44a2-ac9a-57197d5c51a4	NR_199545.1	91.813	171	7	6	6	173	180	14	8.69e-61	231
aa0d71d2-d6ac-44a2-ac9a-57197d5c51a4	NR_028664.1	91.228	171	8	6	6	173	183	17	4.04e-59	226
aa0d71d2-d6ac-44a2-ac9a-57197d5c51a4	NR_115560.1	91.228	171	8	6	6	173	180	14	4.04e-59	226
aa0d71d2-d6ac-44a2-ac9a-57197d5c51a4	NR_165744.1	91.228	171	8	6	6	173	169	3	4.04e-59	226
aa0d71d2-d6ac-44a2-ac9a-57197d5c51a4	NR_179383.1	91.228	171	8	6	6	173	187	21	4.04e-59	226
1ff4f597-1713-4e60-9010-c5cd3c95db7d	NR_025904.1	94.194	155	2	4	1	153	154	5	2.70e-60	230
1ff4f597-1713-4e60-9010-c5cd3c95db7d	NR_026419.1	94.558	147	1	4	1	145	142	1	1.62e-57	220
1ff4f597-1713-4e60-9010-c5cd3c95db7d	NR_025903.1	92.903	155	4	3	1	153	155	6	5.83e-57	219
1ff4f597-1713-4e60-9010-c5cd3c95db7d	NR_036920.1	91.156	147	7	3	8	153	143	2	9.83e-50	195
1ff4f597-1713-4e60-9010-c5cd3c95db7d	NR_179572.1	88.591	149	9	5	8	153	156	13	1.28e-43	174
65622dcb-ddc2-475a-8698-50bf3d3ccdb0	NR_026419.1	93.023	129	2	5	1	122	1360	1232	5.86e-46	182
65622dcb-ddc2-475a-8698-50bf3d3ccdb0	NR_133752.1	90.698	129	5	5	1	122	1297	1169	5.90e-41	165
65622dcb-ddc2-475a-8698-50bf3d3ccdb0	NR_133753.1	90.698	129	5	5	1	122	1326	1198	5.90e-41	165
65622dcb-ddc2-475a-8698-50bf3d3ccdb0	NR_025904.1	90.698	129	5	5	1	122	1371	1243	5.90e-41	165
65622dcb-ddc2-475a-8698-50bf3d3ccdb0	NR_025903.1	90.698	129	5	5	1	122	1372	1244	5.90e-41	165
fdf0825c-5e25-4ea2-ae66-66f07a161ab5	NR_165747.1	96.465	198	4	3	1	197	196	1	1.68e-88	324
fdf0825c-5e25-4ea2-ae66-66f07a161ab5	NR_199545.1	95.146	206	7	3	1	205	216	13	6.03e-88	322
fdf0825c-5e25-4ea2-ae66-66f07a161ab5	NR_115560.1	94.686	207	8	3	1	206	216	12	7.80e-87	318
fdf0825c-5e25-4ea2-ae66-66f07a161ab5	NR_165744.1	94.686	207	8	3	1	206	205	1	7.80e-87	318
fdf0825c-5e25-4ea2-ae66-66f07a161ab5	NR_028664.1	94.660	206	8	3	1	205	219	16	2.80e-86	316
ab36313c-25e3-44cc-94a4-8737866a8825	NR_025902.1	92.179	179	4	8	1	174	1276	1449	1.12e-64	244
ab36313c-25e3-44cc-94a4-8737866a8825	NR_028844.1	92.179	179	4	8	1	174	1307	1480	1.12e-64	244
ab36313c-25e3-44cc-94a4-8737866a8825	NR_040933.1	92.179	179	4	8	1	174	1320	1493	1.12e-64	244
ab36313c-25e3-44cc-94a4-8737866a8825	NR_117717.1	92.179	179	4	8	1	174	1318	1491	1.12e-64	244
ab36313c-25e3-44cc-94a4-8737866a8825	NR_121688.1	92.179	179	4	8	1	174	1318	1491	1.12e-64	244
f00f2ef9-3524-4811-9878-7c688fbcbe80	NR_026419.1	99.194	248	1	1	6	252	251	4	4.51e-125	446
f00f2ef9-3524-4811-9878-7c688fbcbe80	NR_025904.1	94.758	248	11	2	6	252	262	16	9.97e-107	385
f00f2ef9-3524-4811-9878-7c688fbcbe80	NR_025903.1	94.758	248	11	2	6	252	263	17	9.97e-107	385
f00f2ef9-3524-4811-9878-7c688fbcbe80	NR_133753.1	94.954	218	9	2	6	222	217	1	2.19e-93	340
f00f2ef9-3524-4811-9878-7c688fbcbe80	NR_036920.1	90.726	248	19	4	6	252	257	13	1.70e-89	327
f4aa2bc8-48b8-4cee-8aad-f9e1e79d9171	NR_133752.1	96.396	111	2	2	10	119	481	590	5.63e-46	182
f4aa2bc8-48b8-4cee-8aad-f9e1e79d9171	NR_133753.1	96.396	111	2	2	10	119	510	619	5.63e-46	182
f4aa2bc8-48b8-4cee-8aad-f9e1e79d9171	NR_025904.1	96.396	111	2	2	10	119	555	664	5.63e-46	182
f4aa2bc8-48b8-4cee-8aad-f9e1e79d9171	NR_026419.1	96.396	111	2	2	10	119	544	653	5.63e-46	182
f4aa2bc8-48b8-4cee-8aad-f9e1e79d9171	NR_025903.1	96.396	111	2	2	10	119	556	665	5.63e-46	182
d99e8684-cd1a-46c0-99b7-3253ea804f1a	NR_074980.1	96.711	152	3	2	1	151	163	13	5.62e-67	252
d99e8684-cd1a-46c0-99b7-3253ea804f1a	NR_113031.1	96.711	152	3	2	1	151	163	13	5.62e-67	252
d99e8684-cd1a-46c0-99b7-3253ea804f1a	NR_163639.1	96.711	152	3	2	1	151	155	5	5.62e-67	252
d99e8684-cd1a-46c0-99b7-3253ea804f1a	NR_117759.1	99.275	138	0	1	1	137	139	2	7.27e-66	248
d99e8684-cd1a-46c0-99b7-3253ea804f1a	NR_119168.1	99.275	138	0	1	1	137	141	4	7.27e-66	248
6baf0490-2b97-4256-9c7d-8c3cfea1d2f0	NR_042776.1	96.316	190	5	2	1	189	1436	1248	1.18e-84	311
6baf0490-2b97-4256-9c7d-8c3cfea1d2f0	NR_042777.1	96.316	190	5	2	1	189	1435	1247	1.18e-84	311
6baf0490-2b97-4256-9c7d-8c3cfea1d2f0	NR_042778.1	95.789	190	6	2	1	189	1436	1248	5.48e-83	305
6baf0490-2b97-4256-9c7d-8c3cfea1d2f0	NR_118998.1	95.789	190	6	2	1	189	1430	1242	5.48e-83	305
6baf0490-2b97-4256-9c7d-8c3cfea1d2f0	NR_181981.1	95.789	190	6	2	1	189	1426	1238	5.48e-83	305
6e541145-2b9c-40d1-a5b1-6cab4602c143	NR_115761.1	90.667	75	5	2	5	77	1314	1240	3.73e-21	99.0
6e541145-2b9c-40d1-a5b1-6cab4602c143	NR_041126.1	100.000	52	0	0	5	56	1313	1262	1.34e-20	97.1
6e541145-2b9c-40d1-a5b1-6cab4602c143	NR_041139.1	100.000	52	0	0	5	56	1302	1251	1.34e-20	97.1
6e541145-2b9c-40d1-a5b1-6cab4602c143	NR_025663.1	100.000	52	0	0	5	56	1284	1233	1.34e-20	97.1
6e541145-2b9c-40d1-a5b1-6cab4602c143	NR_025664.1	100.000	52	0	0	5	56	1284	1233	1.34e-20	97.1
26214657-ffba-4189-81c7-bc9b106bfb42	NR_178515.1	97.059	340	3	4	8	344	1328	993	4.40e-161	566
26214657-ffba-4189-81c7-bc9b106bfb42	NR_199541.1	97.059	340	3	4	8	344	1304	969	4.40e-161	566
26214657-ffba-4189-81c7-bc9b106bfb42	NR_024842.1	96.765	340	4	4	8	344	1343	1008	2.05e-159	560
26214657-ffba-4189-81c7-bc9b106bfb42	NR_036936.1	96.765	340	4	4	8	344	1328	993	2.05e-159	560
26214657-ffba-4189-81c7-bc9b106bfb42	NR_028664.1	96.765	340	4	4	8	344	1349	1014	2.05e-159	560
35e4403f-73c9-483e-8219-2a7fa2b32e93	NR_026419.1	94.857	175	3	3	1	169	1234	1060	6.71e-72	268
35e4403f-73c9-483e-8219-2a7fa2b32e93	NR_036920.1	92.571	175	7	3	1	169	1239	1065	3.14e-65	246
35e4403f-73c9-483e-8219-2a7fa2b32e93	NR_133752.1	92.571	175	7	3	1	169	1171	997	3.14e-65	246
35e4403f-73c9-483e-8219-2a7fa2b32e93	NR_133753.1	92.571	175	7	3	1	169	1200	1026	3.14e-65	246
35e4403f-73c9-483e-8219-2a7fa2b32e93	NR_025904.1	92.571	175	7	3	1	169	1245	1071	3.14e-65	246
c7520eb3-7eb9-4994-a3c5-666f2dcaeb57	NR_042776.1	94.615	130	6	1	1	129	212	83	1.81e-51	200
c7520eb3-7eb9-4994-a3c5-666f2dcaeb57	NR_042778.1	94.615	130	6	1	1	129	212	83	1.81e-51	200
c7520eb3-7eb9-4994-a3c5-666f2dcaeb57	NR_118998.1	93.846	130	7	1	1	129	207	78	2.34e-50	196
c7520eb3-7eb9-4994-a3c5-666f2dcaeb57	NR_026471.1	92.308	117	8	1	2	117	196	80	6.60e-41	165
c7520eb3-7eb9-4994-a3c5-666f2dcaeb57	NR_134192.1	91.379	116	9	1	2	116	201	86	1.10e-38	158
716ebad1-7672-48d0-a844-54fc2044e54f	NR_024659.1	94.355	124	1	2	11	128	1289	1166	4.80e-47	185
716ebad1-7672-48d0-a844-54fc2044e54f	NR_024842.1	94.355	124	1	2	11	128	1323	1200	4.80e-47	185
716ebad1-7672-48d0-a844-54fc2044e54f	NR_115241.1	94.355	124	1	2	11	128	1308	1185	4.80e-47	185
716ebad1-7672-48d0-a844-54fc2044e54f	NR_115735.1	94.355	124	1	2	11	128	1299	1176	4.80e-47	185
716ebad1-7672-48d0-a844-54fc2044e54f	NR_116211.1	94.355	124	1	2	11	128	1231	1108	4.80e-47	185
051723a7-d99e-41ce-8f01-01af5c02566f	NR_037101.1	92.174	115	4	5	1	111	1362	1475	9.19e-39	158
051723a7-d99e-41ce-8f01-01af5c02566f	NR_024842.1	92.174	115	3	6	1	111	1377	1489	9.19e-39	158
051723a7-d99e-41ce-8f01-01af5c02566f	NR_024904.1	92.174	115	4	5	1	111	1388	1501	9.19e-39	158
051723a7-d99e-41ce-8f01-01af5c02566f	NR_040821.1	92.174	115	4	5	1	111	1362	1475	9.19e-39	158
051723a7-d99e-41ce-8f01-01af5c02566f	NR_041706.1	92.174	115	3	6	1	111	1372	1484	9.19e-39	158
3ee58a5c-6f2a-4aa6-b869-2ef62d7d05f5	NR_043332.1	97.391	115	3	0	1	115	1371	1485	1.93e-50	196
3ee58a5c-6f2a-4aa6-b869-2ef62d7d05f5	NR_074980.1	97.391	115	3	0	1	115	1398	1512	1.93e-50	196
3ee58a5c-6f2a-4aa6-b869-2ef62d7d05f5	NR_113031.1	97.391	115	3	0	1	115	1398	1512	1.93e-50	196
3ee58a5c-6f2a-4aa6-b869-2ef62d7d05f5	NR_115354.1	97.391	115	3	0	1	115	1371	1485	1.93e-50	196
3ee58a5c-6f2a-4aa6-b869-2ef62d7d05f5	NR_115355.1	97.391	115	3	0	1	115	1371	1485	1.93e-50	196
40382d3a-9e2c-4024-a1b3-2a5efdfbdb82	NR_102895.1	94.215	121	3	4	1	118	140	21	5.63e-46	182
40382d3a-9e2c-4024-a1b3-2a5efdfbdb82	NR_113113.1	93.388	121	4	4	1	118	120	1	2.62e-44	176
40382d3a-9e2c-4024-a1b3-2a5efdfbdb82	NR_029148.1	92.562	121	5	4	1	118	140	21	1.22e-42	171
40382d3a-9e2c-4024-a1b3-2a5efdfbdb82	NR_113105.1	92.562	121	5	4	1	118	120	1	1.22e-42	171
40382d3a-9e2c-4024-a1b3-2a5efdfbdb82	NR_042843.1	93.750	112	4	3	1	109	112	1	1.58e-41	167
dff03fb2-7257-4d18-ae69-1710cabcb1bf	NR_044873.1	86.232	276	13	19	11	274	264	2	6.51e-74	276
dff03fb2-7257-4d18-ae69-1710cabcb1bf	NR_074568.1	84.477	277	16	21	11	274	275	13	1.42e-65	248
dff03fb2-7257-4d18-ae69-1710cabcb1bf	NR_044712.2	84.058	276	19	20	11	274	284	22	1.84e-64	244
dff03fb2-7257-4d18-ae69-1710cabcb1bf	NR_025310.1	83.209	268	20	21	11	266	255	1	8.60e-58	222
dff03fb2-7257-4d18-ae69-1710cabcb1bf	NR_044871.1	82.090	268	24	21	17	274	258	5	2.41e-53	207
123382fe-b642-4049-8921-bc023cbd98ea	NR_044873.1	92.771	166	4	3	1	159	674	510	2.18e-61	233
123382fe-b642-4049-8921-bc023cbd98ea	NR_109752.1	90.361	166	7	4	1	159	695	532	3.67e-54	209
123382fe-b642-4049-8921-bc023cbd98ea	NR_043968.1	90.361	166	7	5	1	159	642	479	3.67e-54	209
123382fe-b642-4049-8921-bc023cbd98ea	NR_024785.1	89.759	166	8	5	1	159	640	477	1.71e-52	204
123382fe-b642-4049-8921-bc023cbd98ea	NR_179993.1	89.759	166	8	5	1	159	685	522	1.71e-52	204
f48a48d5-5972-4f43-8bab-4ac33436d244	NR_074980.1	95.798	119	3	2	1	118	132	15	9.64e-49	191
f48a48d5-5972-4f43-8bab-4ac33436d244	NR_113031.1	95.798	119	3	2	1	118	132	15	9.64e-49	191
f48a48d5-5972-4f43-8bab-4ac33436d244	NR_163639.1	95.082	122	4	2	1	121	124	4	9.64e-49	191
f48a48d5-5972-4f43-8bab-4ac33436d244	NR_113376.1	94.118	119	5	2	1	118	132	15	2.09e-45	180
f48a48d5-5972-4f43-8bab-4ac33436d244	NR_119168.1	95.495	111	3	2	1	110	110	1	2.70e-44	176
2b5254a4-81c3-4793-9865-eff8a3403e0c	NR_113082.1	99.296	142	0	1	1	142	153	13	4.08e-68	255
2b5254a4-81c3-4793-9865-eff8a3403e0c	NR_136788.1	99.296	142	0	1	1	142	153	13	4.08e-68	255
2b5254a4-81c3-4793-9865-eff8a3403e0c	NR_152035.1	98.592	142	1	1	1	142	154	14	1.90e-66	250
2b5254a4-81c3-4793-9865-eff8a3403e0c	NR_074234.1	96.479	142	4	1	1	142	160	20	1.91e-61	233
2b5254a4-81c3-4793-9865-eff8a3403e0c	NR_113086.1	96.479	142	4	1	1	142	153	13	1.91e-61	233
1565aef2-d405-43fb-9c5a-fd9d0d55cef6	NR_042776.1	92.636	258	10	4	1	251	278	23	4.52e-100	363
1565aef2-d405-43fb-9c5a-fd9d0d55cef6	NR_042778.1	92.248	258	11	4	1	251	278	23	2.10e-98	357
1565aef2-d405-43fb-9c5a-fd9d0d55cef6	NR_042777.1	91.860	258	12	4	1	251	278	23	9.77e-97	351
1565aef2-d405-43fb-9c5a-fd9d0d55cef6	NR_118998.1	92.245	245	12	3	14	251	262	18	5.88e-94	342
1565aef2-d405-43fb-9c5a-fd9d0d55cef6	NR_197695.1	90.698	258	15	4	1	251	277	22	9.84e-92	335
d284d460-09ab-49e3-b48a-0c8798f52963	NR_028665.1	92.095	253	16	4	3	254	1099	850	2.71e-97	353
d284d460-09ab-49e3-b48a-0c8798f52963	NR_112026.1	92.095	253	16	4	3	254	1064	815	2.71e-97	353
d284d460-09ab-49e3-b48a-0c8798f52963	NR_115239.1	92.095	253	16	4	3	254	1082	833	2.71e-97	353
d284d460-09ab-49e3-b48a-0c8798f52963	NR_117496.1	92.095	253	16	4	3	254	1082	833	2.71e-97	353
d284d460-09ab-49e3-b48a-0c8798f52963	NR_165741.1	92.095	253	16	4	3	254	1091	842	2.71e-97	353
cc5c9290-7d24-495d-8fde-c15d36b8a425	NR_043332.1	94.030	134	3	4	1	130	1353	1485	6.28e-51	198
cc5c9290-7d24-495d-8fde-c15d36b8a425	NR_074980.1	94.030	134	3	4	1	130	1380	1512	6.28e-51	198
cc5c9290-7d24-495d-8fde-c15d36b8a425	NR_113031.1	94.030	134	3	4	1	130	1380	1512	6.28e-51	198
cc5c9290-7d24-495d-8fde-c15d36b8a425	NR_115354.1	94.030	134	3	4	1	130	1353	1485	6.28e-51	198
cc5c9290-7d24-495d-8fde-c15d36b8a425	NR_115355.1	94.030	134	3	4	1	130	1353	1485	6.28e-51	198
0d027762-230c-451e-b5c6-9b494e3731cb	NR_024841.1	94.444	108	6	0	1	108	116	9	1.43e-41	167
0d027762-230c-451e-b5c6-9b494e3731cb	NR_042776.1	94.444	108	6	0	1	108	127	20	1.43e-41	167
0d027762-230c-451e-b5c6-9b494e3731cb	NR_042777.1	94.444	108	6	0	1	108	127	20	1.43e-41	167
0d027762-230c-451e-b5c6-9b494e3731cb	NR_042778.1	94.444	108	6	0	1	108	127	20	1.43e-41	167
0d027762-230c-451e-b5c6-9b494e3731cb	NR_118234.1	94.444	108	6	0	1	108	119	12	1.43e-41	167
a1d10480-57e9-41d4-a39d-3472faeff6a9	NR_119168.1	97.600	125	1	2	1	124	211	88	2.14e-55	213
a1d10480-57e9-41d4-a39d-3472faeff6a9	NR_163639.1	97.600	125	1	2	1	124	225	102	2.14e-55	213
a1d10480-57e9-41d4-a39d-3472faeff6a9	NR_119169.1	96.800	125	2	2	1	124	211	88	2.77e-54	209
a1d10480-57e9-41d4-a39d-3472faeff6a9	NR_041879.1	96.800	125	2	2	1	124	163	40	9.96e-54	207
a1d10480-57e9-41d4-a39d-3472faeff6a9	NR_043332.1	96.800	125	2	2	1	124	206	83	9.96e-54	207
11ba36c5-9b65-43c2-8491-db69dec7a76f	NR_024842.1	98.450	258	3	1	5	262	1472	1216	2.67e-127	453
11ba36c5-9b65-43c2-8491-db69dec7a76f	NR_115735.1	98.450	258	3	1	5	262	1448	1192	2.67e-127	453
11ba36c5-9b65-43c2-8491-db69dec7a76f	NR_115241.1	98.062	258	4	1	5	262	1457	1201	3.46e-126	449
11ba36c5-9b65-43c2-8491-db69dec7a76f	NR_178262.1	98.069	259	3	2	5	262	1352	1095	3.46e-126	449
11ba36c5-9b65-43c2-8491-db69dec7a76f	NR_179215.1	98.069	259	3	2	5	262	1474	1217	3.46e-126	449
9ae08e53-df6e-4160-869b-71eef1f10c63	NR_040821.1	98.837	258	0	3	1	256	1222	1478	2.02e-128	457
9ae08e53-df6e-4160-869b-71eef1f10c63	NR_024634.1	98.837	258	0	3	1	256	1233	1489	2.02e-128	457
9ae08e53-df6e-4160-869b-71eef1f10c63	NR_025148.1	98.837	258	0	3	1	256	1242	1498	2.02e-128	457
9ae08e53-df6e-4160-869b-71eef1f10c63	NR_027517.1	98.837	258	0	3	1	256	1242	1498	2.02e-128	457
9ae08e53-df6e-4160-869b-71eef1f10c63	NR_040820.1	98.837	258	0	3	1	256	1222	1478	2.02e-128	457
f9fd3840-19ec-4af4-bbeb-ec91b80733f6	NR_102895.1	92.169	166	5	7	1	160	184	21	1.02e-59	228
f9fd3840-19ec-4af4-bbeb-ec91b80733f6	NR_113113.1	91.566	166	6	7	1	160	164	1	4.75e-58	222
f9fd3840-19ec-4af4-bbeb-ec91b80733f6	NR_114305.1	90.361	166	8	7	1	160	176	13	1.03e-54	211
f9fd3840-19ec-4af4-bbeb-ec91b80733f6	NR_042843.1	91.139	158	6	7	1	152	156	1	3.70e-54	209
f9fd3840-19ec-4af4-bbeb-ec91b80733f6	NR_029148.1	89.024	164	10	7	3	160	182	21	8.00e-51	198
014a47b5-abda-4e1d-a08a-95027bc754f6	NR_024841.1	93.506	77	5	0	1	77	83	7	3.34e-26	115
014a47b5-abda-4e1d-a08a-95027bc754f6	NR_042776.1	93.506	77	5	0	1	77	94	18	3.34e-26	115
014a47b5-abda-4e1d-a08a-95027bc754f6	NR_042777.1	93.506	77	5	0	1	77	94	18	3.34e-26	115
014a47b5-abda-4e1d-a08a-95027bc754f6	NR_042778.1	93.506	77	5	0	1	77	94	18	3.34e-26	115
014a47b5-abda-4e1d-a08a-95027bc754f6	NR_118234.1	93.506	77	5	0	1	77	86	10	3.34e-26	115
4c7398f5-7a16-4c8e-9964-7c0a4becbe45	NR_042776.1	100.000	214	0	0	1	214	231	18	3.69e-110	396
4c7398f5-7a16-4c8e-9964-7c0a4becbe45	NR_042778.1	100.000	214	0	0	1	214	231	18	3.69e-110	396
4c7398f5-7a16-4c8e-9964-7c0a4becbe45	NR_118998.1	99.065	214	2	0	1	214	226	13	2.22e-107	387
4c7398f5-7a16-4c8e-9964-7c0a4becbe45	NR_042777.1	99.065	214	2	0	1	214	231	18	7.99e-107	385
4c7398f5-7a16-4c8e-9964-7c0a4becbe45	NR_197695.1	97.664	214	5	0	1	214	230	17	8.05e-102	368
e9e1d00b-bb73-4ef8-8f2c-39574815a7a7	NR_025902.1	92.636	258	13	6	1	254	1439	1184	3.46e-101	366
e9e1d00b-bb73-4ef8-8f2c-39574815a7a7	NR_040933.1	92.636	258	13	6	1	254	1483	1228	3.46e-101	366
e9e1d00b-bb73-4ef8-8f2c-39574815a7a7	NR_117717.1	92.636	258	13	6	1	254	1481	1226	3.46e-101	366
e9e1d00b-bb73-4ef8-8f2c-39574815a7a7	NR_121688.1	92.636	258	13	6	1	254	1481	1226	3.46e-101	366
e9e1d00b-bb73-4ef8-8f2c-39574815a7a7	NR_116766.1	92.636	258	13	6	1	254	1461	1206	3.46e-101	366
74203662-12d1-4171-a2d9-5422a0019712	NR_115241.1	96.667	180	3	3	1	179	393	570	3.10e-80	296
74203662-12d1-4171-a2d9-5422a0019712	NR_115735.1	96.667	180	3	3	1	179	384	561	3.10e-80	296
74203662-12d1-4171-a2d9-5422a0019712	NR_116211.1	96.667	180	3	3	1	179	316	493	3.10e-80	296
74203662-12d1-4171-a2d9-5422a0019712	NR_024842.1	96.111	180	4	3	1	179	408	585	4.01e-79	292
74203662-12d1-4171-a2d9-5422a0019712	NR_036936.1	96.111	180	4	3	1	179	393	570	1.44e-78	291
e78a7c49-257c-4389-9ce7-04d92c4239ee	NR_037088.1	95.977	174	3	4	1	174	591	422	3.14e-75	279
e78a7c49-257c-4389-9ce7-04d92c4239ee	NR_144750.1	92.437	119	7	2	5	123	606	490	7.09e-42	169
e78a7c49-257c-4389-9ce7-04d92c4239ee	NR_173659.1	87.333	150	15	4	6	155	598	453	7.09e-42	169
e78a7c49-257c-4389-9ce7-04d92c4239ee	NR_029284.1	88.321	137	11	5	30	166	548	417	4.27e-39	159
e78a7c49-257c-4389-9ce7-04d92c4239ee	NR_044864.1	88.321	137	11	5	30	166	558	427	4.27e-39	159
e21c63b9-b980-4b4e-bb9f-19a19014fe9c	NR_042878.1	93.617	141	8	1	1	141	128	267	7.49e-56	215
e21c63b9-b980-4b4e-bb9f-19a19014fe9c	NR_116168.1	94.326	141	7	1	1	141	149	288	7.49e-56	215
e21c63b9-b980-4b4e-bb9f-19a19014fe9c	NR_118762.1	92.908	141	9	1	1	141	152	291	4.51e-53	206
e21c63b9-b980-4b4e-bb9f-19a19014fe9c	NR_025423.1	91.489	141	11	1	1	141	133	272	3.51e-49	193
e21c63b9-b980-4b4e-bb9f-19a19014fe9c	NR_181946.1	91.489	141	11	1	1	141	134	273	3.51e-49	193
fdee8e07-0f94-43d8-8aac-7310e7fb6060	NR_025892.1	96.241	133	2	3	4	134	1394	1263	6.40e-56	215
fdee8e07-0f94-43d8-8aac-7310e7fb6060	NR_025902.1	96.241	133	2	3	4	134	1347	1216	6.40e-56	215
fdee8e07-0f94-43d8-8aac-7310e7fb6060	NR_040933.1	96.241	133	2	3	4	134	1391	1260	6.40e-56	215
fdee8e07-0f94-43d8-8aac-7310e7fb6060	NR_041988.1	96.241	133	2	3	4	134	1327	1196	6.40e-56	215
fdee8e07-0f94-43d8-8aac-7310e7fb6060	NR_104947.1	96.241	133	2	3	4	134	1342	1211	6.40e-56	215
b3973c5d-4ff1-4480-a212-cec4102939fb	NR_025892.1	89.937	159	11	5	1	156	901	745	2.23e-51	200
b3973c5d-4ff1-4480-a212-cec4102939fb	NR_028900.1	90.850	153	9	5	1	150	834	684	2.23e-51	200
b3973c5d-4ff1-4480-a212-cec4102939fb	NR_042976.1	89.937	159	11	5	1	156	884	728	2.23e-51	200
b3973c5d-4ff1-4480-a212-cec4102939fb	NR_118697.1	89.937	159	11	5	1	156	899	743	2.23e-51	200
b3973c5d-4ff1-4480-a212-cec4102939fb	NR_041989.1	89.937	159	11	5	1	156	834	678	2.23e-51	200
f32cf8c7-3774-44d3-b2af-507aa93b9d8c	NR_036936.1	93.452	168	7	4	1	165	167	1	3.10e-65	246
f32cf8c7-3774-44d3-b2af-507aa93b9d8c	NR_109720.1	93.827	162	6	4	1	159	161	1	1.44e-63	241
f32cf8c7-3774-44d3-b2af-507aa93b9d8c	NR_117425.1	91.813	171	10	4	1	168	170	1	6.72e-62	235
f32cf8c7-3774-44d3-b2af-507aa93b9d8c	NR_028664.1	91.329	173	9	6	1	170	188	19	8.69e-61	231
f32cf8c7-3774-44d3-b2af-507aa93b9d8c	NR_115560.1	91.329	173	9	6	1	170	185	16	8.69e-61	231
2eac2d14-3450-46fe-ba85-42c6acf13437	NR_104947.1	97.183	213	2	3	7	217	518	728	1.82e-98	357
2eac2d14-3450-46fe-ba85-42c6acf13437	NR_117717.1	97.183	213	2	3	7	217	566	776	1.82e-98	357
2eac2d14-3450-46fe-ba85-42c6acf13437	NR_117696.1	97.183	213	2	3	7	217	532	742	1.82e-98	357
2eac2d14-3450-46fe-ba85-42c6acf13437	NR_117701.1	97.183	213	2	3	7	217	545	755	1.82e-98	357
2eac2d14-3450-46fe-ba85-42c6acf13437	NR_121688.1	96.714	213	3	3	7	217	565	775	8.48e-97	351
58db9a2a-b0af-40f4-b331-0ff213d80fa5	NR_024842.1	92.908	141	5	3	1	137	1408	1269	1.83e-51	200
58db9a2a-b0af-40f4-b331-0ff213d80fa5	NR_036936.1	92.908	141	5	3	1	137	1393	1254	1.83e-51	200
58db9a2a-b0af-40f4-b331-0ff213d80fa5	NR_025453.1	92.908	141	5	3	1	137	1393	1254	1.83e-51	200
58db9a2a-b0af-40f4-b331-0ff213d80fa5	NR_028664.1	92.908	141	5	3	1	137	1414	1275	1.83e-51	200
58db9a2a-b0af-40f4-b331-0ff213d80fa5	NR_028665.1	92.908	141	5	3	1	137	1408	1269	1.83e-51	200
87d77234-178d-4ffb-a0f8-c006d161350d	NR_042776.1	96.117	206	2	4	1	200	223	18	9.74e-91	331
87d77234-178d-4ffb-a0f8-c006d161350d	NR_042778.1	96.117	206	2	4	1	200	223	18	9.74e-91	331
87d77234-178d-4ffb-a0f8-c006d161350d	NR_118998.1	95.146	206	4	4	1	200	218	13	5.86e-88	322
87d77234-178d-4ffb-a0f8-c006d161350d	NR_042777.1	95.146	206	4	4	1	200	223	18	2.11e-87	320
87d77234-178d-4ffb-a0f8-c006d161350d	NR_197695.1	93.689	206	7	4	1	200	222	17	2.12e-82	303
033944c5-87ae-454a-844d-b150b575afac	NR_024842.1	94.048	168	4	4	6	168	1323	1489	2.37e-66	250
033944c5-87ae-454a-844d-b150b575afac	NR_042052.1	94.048	168	4	4	6	168	1231	1397	2.37e-66	250
033944c5-87ae-454a-844d-b150b575afac	NR_042776.1	94.048	168	4	4	6	168	1333	1499	2.37e-66	250
033944c5-87ae-454a-844d-b150b575afac	NR_042777.1	94.048	168	4	4	6	168	1332	1498	2.37e-66	250
033944c5-87ae-454a-844d-b150b575afac	NR_114642.1	94.048	168	4	4	6	168	1290	1456	2.37e-66	250
6ef22faa-38fa-4f1b-b745-18f3235faf96	NR_116168.1	97.059	170	4	1	1	170	182	14	6.40e-77	285
6ef22faa-38fa-4f1b-b745-18f3235faf96	NR_042878.1	96.273	161	5	1	2	162	160	1	6.45e-72	268
6ef22faa-38fa-4f1b-b745-18f3235faf96	NR_118757.1	94.737	171	8	1	2	172	186	17	6.45e-72	268
6ef22faa-38fa-4f1b-b745-18f3235faf96	NR_118762.1	95.152	165	7	1	8	172	178	15	2.32e-71	267
6ef22faa-38fa-4f1b-b745-18f3235faf96	NR_179979.1	94.767	172	8	1	2	172	186	15	2.32e-71	267
a49527d3-f918-4567-9df5-8dae24a9aad4	NR_025904.1	95.683	139	5	1	1	139	1281	1418	6.66e-58	222
a49527d3-f918-4567-9df5-8dae24a9aad4	NR_026419.1	95.683	139	5	1	1	139	1270	1407	6.66e-58	222
a49527d3-f918-4567-9df5-8dae24a9aad4	NR_026420.1	95.683	139	5	1	1	139	1269	1406	6.66e-58	222
a49527d3-f918-4567-9df5-8dae24a9aad4	NR_179572.1	95.683	139	5	1	1	139	1289	1426	6.66e-58	222
a49527d3-f918-4567-9df5-8dae24a9aad4	NR_036920.1	94.964	139	6	1	1	139	1275	1412	3.10e-56	217
b5bbb829-d75d-4678-80f9-d61af83c1aed	NR_043332.1	97.688	173	1	3	1	171	1311	1482	1.09e-79	294
b5bbb829-d75d-4678-80f9-d61af83c1aed	NR_074980.1	97.688	173	1	3	1	171	1338	1509	1.09e-79	294
b5bbb829-d75d-4678-80f9-d61af83c1aed	NR_113031.1	97.688	173	1	3	1	171	1338	1509	1.09e-79	294
b5bbb829-d75d-4678-80f9-d61af83c1aed	NR_115354.1	97.688	173	1	3	1	171	1311	1482	1.09e-79	294
b5bbb829-d75d-4678-80f9-d61af83c1aed	NR_115355.1	97.688	173	1	3	1	171	1311	1482	1.09e-79	294
451f4a45-865d-4d8b-8719-7424c358b2f6	NR_156072.1	90.652	353	17	13	2	345	1146	1491	9.99e-128	455
451f4a45-865d-4d8b-8719-7424c358b2f6	NR_024842.1	90.368	353	18	13	2	345	1141	1486	4.65e-126	449
451f4a45-865d-4d8b-8719-7424c358b2f6	NR_028665.1	90.368	353	18	13	2	345	1141	1486	4.65e-126	449
451f4a45-865d-4d8b-8719-7424c358b2f6	NR_104972.1	90.368	353	18	13	2	345	1126	1471	4.65e-126	449
451f4a45-865d-4d8b-8719-7424c358b2f6	NR_114172.1	90.368	353	18	13	2	345	1124	1469	4.65e-126	449
ea382b00-c05a-4e75-81da-a14bf3a822f7	NR_044873.1	96.787	249	4	3	1	245	1217	1465	4.31e-115	412
ea382b00-c05a-4e75-81da-a14bf3a822f7	NR_026187.1	96.371	248	5	3	2	245	1215	1462	7.21e-113	405
ea382b00-c05a-4e75-81da-a14bf3a822f7	NR_028925.1	96.371	248	5	3	2	245	1221	1468	7.21e-113	405
ea382b00-c05a-4e75-81da-a14bf3a822f7	NR_074568.1	96.356	247	7	1	1	245	1227	1473	7.21e-113	405
ea382b00-c05a-4e75-81da-a14bf3a822f7	NR_112192.1	96.371	248	5	3	2	245	1203	1450	7.21e-113	405
316da481-29e3-4081-9d96-5ff4fcda4ea4	NR_042776.1	95.349	172	3	2	1	167	190	19	6.36e-72	268
316da481-29e3-4081-9d96-5ff4fcda4ea4	NR_042778.1	95.349	172	3	2	1	167	190	19	6.36e-72	268
316da481-29e3-4081-9d96-5ff4fcda4ea4	NR_118998.1	94.186	172	5	4	1	167	185	14	3.83e-69	259
316da481-29e3-4081-9d96-5ff4fcda4ea4	NR_042777.1	94.186	172	5	2	1	167	190	19	1.38e-68	257
316da481-29e3-4081-9d96-5ff4fcda4ea4	NR_197695.1	94.186	172	5	2	1	167	189	18	1.38e-68	257
c83592e2-fbe2-446f-ad0f-3e7f7a023b69	NR_115354.1	97.854	233	4	1	1	232	1250	1482	8.75e-112	401
c83592e2-fbe2-446f-ad0f-3e7f7a023b69	NR_115355.1	97.854	233	4	1	1	232	1250	1482	8.75e-112	401
c83592e2-fbe2-446f-ad0f-3e7f7a023b69	NR_163639.1	97.854	233	4	1	1	232	1265	1497	8.75e-112	401
c83592e2-fbe2-446f-ad0f-3e7f7a023b69	NR_179325.1	97.854	233	4	1	1	232	1224	1456	8.75e-112	401
c83592e2-fbe2-446f-ad0f-3e7f7a023b69	NR_119169.1	97.425	233	5	1	1	232	1255	1487	4.07e-110	396
31df031a-14e8-4718-b17f-169fb3692963	NR_024842.1	97.902	143	0	3	1	140	1347	1489	8.97e-65	244
31df031a-14e8-4718-b17f-169fb3692963	NR_041706.1	97.902	143	0	3	1	140	1342	1484	8.97e-65	244
31df031a-14e8-4718-b17f-169fb3692963	NR_042052.1	97.902	143	0	3	1	140	1255	1397	8.97e-65	244
31df031a-14e8-4718-b17f-169fb3692963	NR_025625.1	97.902	143	0	3	1	140	1341	1483	8.97e-65	244
31df031a-14e8-4718-b17f-169fb3692963	NR_028705.1	97.902	143	0	3	1	140	1345	1487	8.97e-65	244
4ac08608-4abc-4f06-9763-55832bb63c8b	NR_042776.1	97.838	185	1	2	1	183	1190	1007	2.47e-86	316
4ac08608-4abc-4f06-9763-55832bb63c8b	NR_042777.1	97.838	185	1	2	1	183	1189	1006	2.47e-86	316
4ac08608-4abc-4f06-9763-55832bb63c8b	NR_042778.1	97.838	185	1	2	1	183	1190	1007	2.47e-86	316
4ac08608-4abc-4f06-9763-55832bb63c8b	NR_118998.1	97.297	185	2	2	1	183	1184	1001	1.15e-84	311
4ac08608-4abc-4f06-9763-55832bb63c8b	NR_197695.1	97.297	185	2	2	1	183	1189	1006	1.15e-84	311
b217f3cd-2450-4e14-90f8-42c0eb1fea49	NR_042776.1	95.597	159	4	2	1	156	177	19	5.88e-67	252
b217f3cd-2450-4e14-90f8-42c0eb1fea49	NR_042777.1	95.597	159	4	2	1	156	177	19	5.88e-67	252
b217f3cd-2450-4e14-90f8-42c0eb1fea49	NR_042778.1	95.597	159	4	2	1	156	177	19	5.88e-67	252
b217f3cd-2450-4e14-90f8-42c0eb1fea49	NR_024841.1	94.969	159	5	2	1	156	166	8	2.74e-65	246
b217f3cd-2450-4e14-90f8-42c0eb1fea49	NR_041781.1	94.969	159	5	2	1	156	161	3	2.74e-65	246
3acf5964-8bb8-4583-b05d-88489b97f651	NR_028682.1	92.271	207	9	6	1	206	1277	1477	2.20e-77	287
3acf5964-8bb8-4583-b05d-88489b97f651	NR_025435.1	92.611	203	8	7	1	201	1274	1471	7.91e-77	285
3acf5964-8bb8-4583-b05d-88489b97f651	NR_180652.1	93.264	193	7	6	10	201	1275	1462	3.68e-75	279
3acf5964-8bb8-4583-b05d-88489b97f651	NR_024817.1	93.229	192	7	6	11	201	1270	1456	1.32e-74	278
3acf5964-8bb8-4583-b05d-88489b97f651	NR_036940.1	93.229	192	7	6	11	201	1294	1480	1.32e-74	278
57ff18f7-463a-4b69-b8ad-406316628101	NR_042776.1	97.391	230	3	3	9	235	1270	1499	6.88e-108	388
57ff18f7-463a-4b69-b8ad-406316628101	NR_042777.1	97.391	230	3	3	9	235	1269	1498	6.88e-108	388
57ff18f7-463a-4b69-b8ad-406316628101	NR_037101.1	96.970	231	3	3	9	235	1245	1475	8.90e-107	385
57ff18f7-463a-4b69-b8ad-406316628101	NR_040821.1	96.970	231	3	3	9	235	1245	1475	8.90e-107	385
57ff18f7-463a-4b69-b8ad-406316628101	NR_025148.1	96.970	231	3	3	9	235	1265	1495	8.90e-107	385
3a455a53-24de-450b-b778-2134a9332e55	NR_115355.1	92.248	258	5	11	1	247	1466	1213	9.65e-97	351
3a455a53-24de-450b-b778-2134a9332e55	NR_163639.1	92.248	258	5	11	1	247	1481	1228	9.65e-97	351
3a455a53-24de-450b-b778-2134a9332e55	NR_179325.1	92.248	258	5	11	1	247	1440	1187	9.65e-97	351
3a455a53-24de-450b-b778-2134a9332e55	NR_119169.1	91.829	257	8	11	1	247	1471	1218	4.49e-95	346
3a455a53-24de-450b-b778-2134a9332e55	NR_115354.1	91.473	258	7	11	1	247	1466	1213	2.09e-93	340
84050537-6cc6-4547-bb6a-891cd8ce57e8	NR_199543.1	97.581	248	1	4	1	247	1272	1515	2.55e-117	420
84050537-6cc6-4547-bb6a-891cd8ce57e8	NR_037101.1	97.177	248	2	4	1	247	1237	1480	1.19e-115	414
84050537-6cc6-4547-bb6a-891cd8ce57e8	NR_028666.1	97.177	248	2	4	1	247	1261	1504	1.19e-115	414
84050537-6cc6-4547-bb6a-891cd8ce57e8	NR_028833.1	97.177	248	2	4	1	247	1264	1507	1.19e-115	414
84050537-6cc6-4547-bb6a-891cd8ce57e8	NR_029052.1	97.177	248	2	4	1	247	1225	1468	1.19e-115	414
aba915c3-25ae-4afb-af79-ef190f21af00	NR_044873.1	91.848	368	15	13	1	364	358	2	4.80e-141	499
aba915c3-25ae-4afb-af79-ef190f21af00	NR_074568.1	91.328	369	15	14	1	364	369	13	1.04e-137	488
aba915c3-25ae-4afb-af79-ef190f21af00	NR_044712.2	90.515	369	18	14	1	364	378	22	2.25e-134	477
aba915c3-25ae-4afb-af79-ef190f21af00	NR_109752.1	89.730	370	20	17	1	364	380	23	2.93e-128	457
aba915c3-25ae-4afb-af79-ef190f21af00	NR_179993.1	89.488	371	21	16	1	365	370	12	3.79e-127	453
85e7eeac-553b-4a9f-9632-f8614aaca594	NR_041880.1	95.312	64	2	1	1	63	1304	1241	7.69e-22	100
85e7eeac-553b-4a9f-9632-f8614aaca594	NR_134226.1	95.312	64	2	1	1	63	1286	1223	7.69e-22	100
85e7eeac-553b-4a9f-9632-f8614aaca594	NR_025762.1	95.312	64	2	1	1	63	1326	1263	7.69e-22	100
85e7eeac-553b-4a9f-9632-f8614aaca594	NR_025046.1	95.312	64	2	1	1	63	1344	1281	7.69e-22	100
85e7eeac-553b-4a9f-9632-f8614aaca594	NR_029101.1	95.312	64	2	1	1	63	1310	1247	7.69e-22	100
99bed46f-df04-45b4-ad8a-a06b0d7551c2	NR_113039.1	92.353	170	8	4	9	177	178	13	1.90e-62	237
99bed46f-df04-45b4-ad8a-a06b0d7551c2	NR_025594.1	80.571	175	22	11	9	176	170	1	1.55e-28	124
99bed46f-df04-45b4-ad8a-a06b0d7551c2	NR_117779.1	79.558	181	30	7	1	179	184	9	5.56e-28	122
99bed46f-df04-45b4-ad8a-a06b0d7551c2	NR_104850.1	79.330	179	30	7	1	177	174	1	7.19e-27	119
99bed46f-df04-45b4-ad8a-a06b0d7551c2	NR_025771.1	79.518	166	28	5	13	177	169	9	3.35e-25	113
ded89c91-34c4-4197-9c11-229e17068da1	NR_115355.1	94.105	1408	45	26	17	1401	90	1482	0.0	2108
ded89c91-34c4-4197-9c11-229e17068da1	NR_179325.1	94.038	1409	45	27	17	1401	63	1456	0.0	2100
ded89c91-34c4-4197-9c11-229e17068da1	NR_119169.1	93.883	1406	52	23	17	1401	95	1487	0.0	2097
ded89c91-34c4-4197-9c11-229e17068da1	NR_163639.1	93.817	1407	47	29	17	1401	109	1497	0.0	2080
ded89c91-34c4-4197-9c11-229e17068da1	NR_113570.1	93.688	1410	49	28	17	1401	96	1490	0.0	2074
603581c2-f5b4-4848-92e4-3033791883de	NR_115355.1	91.718	652	42	12	1	649	843	1485	0.0	894
603581c2-f5b4-4848-92e4-3033791883de	NR_179325.1	91.718	652	42	12	1	649	817	1459	0.0	894
603581c2-f5b4-4848-92e4-3033791883de	NR_163639.1	91.718	652	41	13	1	649	859	1500	0.0	893
603581c2-f5b4-4848-92e4-3033791883de	NR_115354.1	91.258	652	45	12	1	649	843	1485	0.0	880
603581c2-f5b4-4848-92e4-3033791883de	NR_113570.1	91.118	653	45	13	1	649	850	1493	0.0	872
5d7491e3-3d6e-4cc5-868b-7a3c96fd5c84	NR_199547.1	95.849	265	5	5	40	300	418	156	2.42e-118	424
5d7491e3-3d6e-4cc5-868b-7a3c96fd5c84	NR_042928.1	95.472	265	6	5	40	300	438	176	1.12e-116	418
5d7491e3-3d6e-4cc5-868b-7a3c96fd5c84	NR_109720.1	95.472	265	6	5	40	300	434	172	1.12e-116	418
5d7491e3-3d6e-4cc5-868b-7a3c96fd5c84	NR_112026.1	95.472	265	6	5	40	300	421	159	1.12e-116	418
5d7491e3-3d6e-4cc5-868b-7a3c96fd5c84	NR_116206.1	95.094	265	7	5	40	300	363	101	1.45e-115	414
3d621f0d-f55a-4459-a7b1-e247be0c8629	NR_116168.1	95.137	1131	35	16	2	1121	371	1492	0.0	1766
3d621f0d-f55a-4459-a7b1-e247be0c8629	NR_118762.1	94.018	1120	46	17	2	1110	374	1483	0.0	1700
3d621f0d-f55a-4459-a7b1-e247be0c8629	NR_025423.1	93.067	1125	54	20	2	1113	355	1468	0.0	1624
3d621f0d-f55a-4459-a7b1-e247be0c8629	NR_042878.1	94.912	1022	34	14	2	1014	350	1362	0.0	1585
3d621f0d-f55a-4459-a7b1-e247be0c8629	NR_024897.1	91.740	1138	60	27	2	1121	370	1491	0.0	1550
1568e405-1746-4cf0-8755-d20db60ec9e0	NR_042776.1	90.566	424	24	14	21	435	434	18	2.05e-155	547
1568e405-1746-4cf0-8755-d20db60ec9e0	NR_042778.1	90.566	424	24	14	21	435	434	18	2.05e-155	547
1568e405-1746-4cf0-8755-d20db60ec9e0	NR_042777.1	90.094	424	26	14	21	435	434	18	4.44e-152	536
1568e405-1746-4cf0-8755-d20db60ec9e0	NR_118998.1	89.623	424	28	14	21	435	429	13	2.68e-149	527
1568e405-1746-4cf0-8755-d20db60ec9e0	NR_197695.1	89.387	424	29	14	21	435	433	17	4.48e-147	520
b9df8e1f-855e-45ab-bb00-db24714657e8	NR_117694.1	95.503	1312	36	21	1	1300	1301	1	0.0	2074
b9df8e1f-855e-45ab-bb00-db24714657e8	NR_041989.1	96.215	1268	30	16	1	1259	1259	1	0.0	2060
b9df8e1f-855e-45ab-bb00-db24714657e8	NR_025892.1	94.247	1321	52	22	1	1309	1326	18	0.0	2023
b9df8e1f-855e-45ab-bb00-db24714657e8	NR_121687.1	94.550	1321	49	21	1	1309	1321	12	0.0	2019
b9df8e1f-855e-45ab-bb00-db24714657e8	NR_117717.1	94.466	1319	53	18	1	1309	1321	13	0.0	2013
63a8729d-6101-4b1d-b24f-6f6b89fc2148	NR_028664.1	92.812	1266	47	31	4	1246	1259	15	0.0	1794
63a8729d-6101-4b1d-b24f-6f6b89fc2148	NR_179383.1	92.733	1266	48	31	4	1246	1263	19	0.0	1788
63a8729d-6101-4b1d-b24f-6f6b89fc2148	NR_179385.1	92.733	1266	48	31	4	1246	1260	16	0.0	1788
63a8729d-6101-4b1d-b24f-6f6b89fc2148	NR_199545.1	92.733	1266	48	31	4	1246	1256	12	0.0	1788
63a8729d-6101-4b1d-b24f-6f6b89fc2148	NR_028665.1	92.575	1266	50	31	4	1246	1253	9	0.0	1779
04f2cdfc-a85a-49c7-bd34-f959d93ed6a7	NR_041989.1	91.594	345	17	9	1	336	338	679	4.51e-131	466
04f2cdfc-a85a-49c7-bd34-f959d93ed6a7	NR_104947.1	91.014	345	19	9	1	336	353	694	9.77e-128	455
04f2cdfc-a85a-49c7-bd34-f959d93ed6a7	NR_117717.1	91.014	345	19	9	1	336	401	742	9.77e-128	455
04f2cdfc-a85a-49c7-bd34-f959d93ed6a7	NR_117696.1	91.014	345	19	9	1	336	367	708	9.77e-128	455
04f2cdfc-a85a-49c7-bd34-f959d93ed6a7	NR_117701.1	91.014	345	19	9	1	336	380	721	9.77e-128	455
2d443fb6-d61b-4a12-92c4-1332d119254a	NR_116168.1	96.213	1373	36	10	1	1364	1379	14	0.0	2233
2d443fb6-d61b-4a12-92c4-1332d119254a	NR_042878.1	95.971	1365	39	10	1	1356	1358	1	0.0	2213
2d443fb6-d61b-4a12-92c4-1332d119254a	NR_118762.1	94.323	1374	61	11	1	1365	1381	16	0.0	2130
2d443fb6-d61b-4a12-92c4-1332d119254a	NR_025423.1	94.602	1371	54	14	1	1359	1363	1	0.0	2104
2d443fb6-d61b-4a12-92c4-1332d119254a	NR_118143.1	94.375	1369	55	15	1	1356	1360	1	0.0	2084
41399eba-ff91-4940-ad8e-c46282cacb90	NR_025862.1	91.522	460	10	21	4	441	863	411	3.40e-173	606
41399eba-ff91-4940-ad8e-c46282cacb90	NR_180652.1	90.393	458	19	19	4	441	853	401	7.42e-165	579
41399eba-ff91-4940-ad8e-c46282cacb90	NR_026467.1	90.175	458	20	19	4	441	845	393	3.45e-163	573
41399eba-ff91-4940-ad8e-c46282cacb90	NR_025360.1	90.175	458	20	20	4	441	851	399	3.45e-163	573
41399eba-ff91-4940-ad8e-c46282cacb90	NR_042406.1	90.153	457	20	20	5	441	853	402	1.24e-162	571
0b22c899-99bd-47a1-b532-bdc9b44e8141	NR_179325.1	88.931	1048	55	47	1	1006	428	1456	0.0	1236
0b22c899-99bd-47a1-b532-bdc9b44e8141	NR_115355.1	88.836	1048	56	47	1	1006	454	1482	0.0	1230
0b22c899-99bd-47a1-b532-bdc9b44e8141	NR_163639.1	88.740	1048	56	48	1	1006	470	1497	0.0	1225
0b22c899-99bd-47a1-b532-bdc9b44e8141	NR_119169.1	88.550	1048	59	46	1	1006	459	1487	0.0	1218
0b22c899-99bd-47a1-b532-bdc9b44e8141	NR_113570.1	88.084	1049	63	48	1	1006	461	1490	0.0	1188
c7180742-d26c-4daf-a775-8532d4ea4b41	NR_044873.1	95.407	479	17	4	1	475	988	1465	0.0	758
c7180742-d26c-4daf-a775-8532d4ea4b41	NR_044895.1	95.208	480	18	4	4	480	985	1462	0.0	754
c7180742-d26c-4daf-a775-8532d4ea4b41	NR_117033.1	94.835	484	20	4	1	480	932	1414	0.0	750
c7180742-d26c-4daf-a775-8532d4ea4b41	NR_074568.1	94.824	483	20	4	1	480	998	1478	0.0	749
c7180742-d26c-4daf-a775-8532d4ea4b41	NR_181146.1	94.990	479	19	4	5	479	989	1466	0.0	747
fd3b9cbf-a60c-4b97-85c3-1b8c74fa6318	NR_044873.1	94.643	672	20	12	1	659	674	6	0.0	1027
fd3b9cbf-a60c-4b97-85c3-1b8c74fa6318	NR_074568.1	92.262	672	35	13	1	659	684	17	0.0	937
fd3b9cbf-a60c-4b97-85c3-1b8c74fa6318	NR_044712.2	91.815	672	38	13	1	659	693	26	0.0	926
fd3b9cbf-a60c-4b97-85c3-1b8c74fa6318	NR_109752.1	91.815	672	39	14	1	659	695	27	0.0	922
fd3b9cbf-a60c-4b97-85c3-1b8c74fa6318	NR_179993.1	91.815	672	39	14	1	659	685	17	0.0	922
91023493-54a2-44f9-9071-64d3ec2d10b8	NR_115355.1	98.262	1323	13	8	1	1319	171	1487	0.0	2309
91023493-54a2-44f9-9071-64d3ec2d10b8	NR_179325.1	98.262	1323	13	8	1	1319	145	1461	0.0	2307
91023493-54a2-44f9-9071-64d3ec2d10b8	NR_119169.1	98.035	1323	16	8	1	1319	176	1492	0.0	2296
91023493-54a2-44f9-9071-64d3ec2d10b8	NR_163639.1	97.961	1324	11	14	1	1319	190	1502	0.0	2281
91023493-54a2-44f9-9071-64d3ec2d10b8	NR_113570.1	97.659	1324	20	9	1	1319	178	1495	0.0	2263
ce5a3775-d5ac-4dfa-ac8a-43cc1569c36a	NR_115735.1	90.895	1285	60	35	6	1251	198	1464	0.0	1672
ce5a3775-d5ac-4dfa-ac8a-43cc1569c36a	NR_024842.1	90.747	1286	62	35	6	1252	222	1489	0.0	1666
ce5a3775-d5ac-4dfa-ac8a-43cc1569c36a	NR_115241.1	90.710	1281	62	35	6	1247	207	1469	0.0	1659
ce5a3775-d5ac-4dfa-ac8a-43cc1569c36a	NR_036936.1	90.647	1283	60	38	6	1247	207	1470	0.0	1650
ce5a3775-d5ac-4dfa-ac8a-43cc1569c36a	NR_109720.1	90.816	1274	57	39	6	1238	201	1455	0.0	1650
e18b097d-201a-4618-9b4f-bd2f61ed4e9b	NR_145929.1	78.678	469	76	22	1	450	540	77	4.70e-78	291
e18b097d-201a-4618-9b4f-bd2f61ed4e9b	NR_144748.1	78.587	467	77	19	1	450	553	93	6.08e-77	287
e18b097d-201a-4618-9b4f-bd2f61ed4e9b	NR_189249.1	78.587	467	77	21	1	450	562	102	6.08e-77	287
e18b097d-201a-4618-9b4f-bd2f61ed4e9b	NR_147398.1	78.233	464	84	17	1	450	569	109	2.83e-75	281
e18b097d-201a-4618-9b4f-bd2f61ed4e9b	NR_179603.1	76.952	525	92	28	1	507	535	22	1.70e-72	272
3aa85cc1-243d-43ca-be51-a4c809bbcfea	NR_125571.1	90.671	686	22	34	1	660	677	8	0.0	876
3aa85cc1-243d-43ca-be51-a4c809bbcfea	NR_125570.1	90.679	633	27	24	1	615	635	17	0.0	813
3aa85cc1-243d-43ca-be51-a4c809bbcfea	NR_029097.1	90.476	609	25	25	1	590	653	59	0.0	773
3aa85cc1-243d-43ca-be51-a4c809bbcfea	NR_044289.1	85.808	613	54	25	9	603	681	84	6.72e-177	619
3aa85cc1-243d-43ca-be51-a4c809bbcfea	NR_044715.2	85.621	612	57	24	9	603	708	111	8.69e-176	616
aaf2b571-0194-4dee-a4d5-5e1b5128e48b	NR_041989.1	98.098	368	4	2	1	366	1328	962	0.0	638
aaf2b571-0194-4dee-a4d5-5e1b5128e48b	NR_025892.1	97.826	368	5	2	1	366	1395	1029	0.0	634
aaf2b571-0194-4dee-a4d5-5e1b5128e48b	NR_040933.1	97.826	368	5	2	1	366	1392	1026	0.0	632
aaf2b571-0194-4dee-a4d5-5e1b5128e48b	NR_104947.1	97.826	368	5	2	1	366	1343	977	0.0	632
aaf2b571-0194-4dee-a4d5-5e1b5128e48b	NR_114040.1	97.826	368	5	2	1	366	1371	1005	0.0	632
2bd72e17-e40a-480f-8116-4b06853ae085	NR_025862.1	91.988	986	41	35	345	1302	987	12	0.0	1358
2bd72e17-e40a-480f-8116-4b06853ae085	NR_025862.1	90.657	289	11	13	1	280	1294	1013	4.09e-102	372
2bd72e17-e40a-480f-8116-4b06853ae085	NR_028682.1	90.385	988	52	40	345	1301	988	13	0.0	1258
2bd72e17-e40a-480f-8116-4b06853ae085	NR_028682.1	91.003	289	10	13	1	280	1295	1014	3.16e-103	375
2bd72e17-e40a-480f-8116-4b06853ae085	NR_026454.1	88.923	966	61	42	345	1274	964	9	0.0	1149
2bd72e17-e40a-480f-8116-4b06853ae085	NR_026454.1	90.311	289	12	13	1	280	1271	990	6.85e-100	364
2bd72e17-e40a-480f-8116-4b06853ae085	NR_042406.1	88.571	910	65	35	342	1222	981	82	0.0	1068
2bd72e17-e40a-480f-8116-4b06853ae085	NR_042406.1	89.431	246	16	8	39	280	1243	1004	5.44e-81	302
2bd72e17-e40a-480f-8116-4b06853ae085	NR_025863.1	86.660	997	84	46	342	1302	995	12	0.0	1066
2bd72e17-e40a-480f-8116-4b06853ae085	NR_025863.1	90.336	238	12	11	1	229	1299	1064	4.21e-82	305
d83a9071-0ced-4525-a15a-0cd1fcd38e9b	NR_042878.1	96.000	300	6	4	1	295	372	670	3.84e-136	483
d83a9071-0ced-4525-a15a-0cd1fcd38e9b	NR_116168.1	96.000	300	6	4	1	295	393	691	3.84e-136	483
d83a9071-0ced-4525-a15a-0cd1fcd38e9b	NR_118762.1	95.000	300	9	4	1	295	396	694	8.32e-133	472
d83a9071-0ced-4525-a15a-0cd1fcd38e9b	NR_118143.1	95.000	300	9	4	1	295	374	672	1.08e-131	468
d83a9071-0ced-4525-a15a-0cd1fcd38e9b	NR_042868.1	93.377	302	10	8	1	295	374	672	8.44e-123	438
cb2d302b-38bd-4b14-9ce4-327a5071400c	NR_199547.1	98.535	273	3	1	1	272	37	309	1.29e-135	481
cb2d302b-38bd-4b14-9ce4-327a5071400c	NR_042928.1	97.794	272	6	0	1	272	58	329	2.78e-132	470
cb2d302b-38bd-4b14-9ce4-327a5071400c	NR_112026.1	97.794	272	6	0	1	272	41	312	2.78e-132	470
cb2d302b-38bd-4b14-9ce4-327a5071400c	NR_109720.1	96.703	273	8	1	1	272	53	325	2.80e-127	453
cb2d302b-38bd-4b14-9ce4-327a5071400c	NR_165737.1	97.368	266	7	0	7	272	66	331	2.80e-127	453
aaf8e21f-9029-4267-9c28-894f8c20701d	NR_040933.1	98.176	329	3	1	10	338	1164	1489	9.39e-163	571
aaf8e21f-9029-4267-9c28-894f8c20701d	NR_117717.1	98.176	329	3	1	10	338	1162	1487	9.39e-163	571
aaf8e21f-9029-4267-9c28-894f8c20701d	NR_121688.1	98.176	329	3	1	10	338	1162	1487	9.39e-163	571
aaf8e21f-9029-4267-9c28-894f8c20701d	NR_117696.1	98.176	329	3	1	10	338	1129	1454	9.39e-163	571
aaf8e21f-9029-4267-9c28-894f8c20701d	NR_117701.1	98.176	329	3	1	10	338	1142	1467	9.39e-163	571
060fb5cc-20ed-4423-8729-54c6b4cc82a5	NR_116168.1	99.449	363	1	1	1	362	715	1077	0.0	658
060fb5cc-20ed-4423-8729-54c6b4cc82a5	NR_042878.1	99.174	363	2	1	1	362	694	1056	0.0	654
060fb5cc-20ed-4423-8729-54c6b4cc82a5	NR_118143.1	98.898	363	3	1	1	362	696	1058	0.0	647
060fb5cc-20ed-4423-8729-54c6b4cc82a5	NR_118762.1	96.970	363	9	2	1	362	718	1079	9.77e-178	621
060fb5cc-20ed-4423-8729-54c6b4cc82a5	NR_042885.1	96.694	363	11	1	1	362	694	1056	9.84e-173	604
4f8ea2f8-555c-4e57-8381-e75e908eb8ed	NR_028682.1	92.337	796	30	23	1	772	709	1497	0.0	1103
4f8ea2f8-555c-4e57-8381-e75e908eb8ed	NR_116890.1	91.165	781	41	19	1	760	697	1470	0.0	1035
4f8ea2f8-555c-4e57-8381-e75e908eb8ed	NR_119263.1	90.464	797	46	22	1	774	706	1495	0.0	1024
4f8ea2f8-555c-4e57-8381-e75e908eb8ed	NR_025445.1	90.327	796	48	21	1	774	700	1488	0.0	1016
4f8ea2f8-555c-4e57-8381-e75e908eb8ed	NR_040926.1	90.339	797	45	23	2	774	688	1476	0.0	1016
b5c9b625-b90a-4537-a9d1-93cdd4074f1e	NR_041879.1	100.000	52	0	0	12	63	611	560	9.09e-21	97.1
b5c9b625-b90a-4537-a9d1-93cdd4074f1e	NR_115355.1	100.000	52	0	0	12	63	654	603	9.09e-21	97.1
b5c9b625-b90a-4537-a9d1-93cdd4074f1e	NR_119169.1	100.000	52	0	0	12	63	659	608	9.09e-21	97.1
b5c9b625-b90a-4537-a9d1-93cdd4074f1e	NR_163639.1	100.000	52	0	0	12	63	670	619	9.09e-21	97.1
b5c9b625-b90a-4537-a9d1-93cdd4074f1e	NR_179325.1	100.000	52	0	0	12	63	628	577	9.09e-21	97.1
ce41903e-4f64-4355-95a8-1a5a41443cef	NR_028664.1	99.252	401	2	1	1	401	1097	1496	0.0	723
ce41903e-4f64-4355-95a8-1a5a41443cef	NR_036918.1	99.252	401	2	1	1	401	1093	1492	0.0	723
ce41903e-4f64-4355-95a8-1a5a41443cef	NR_042771.1	99.252	401	2	1	1	401	1094	1493	0.0	723
ce41903e-4f64-4355-95a8-1a5a41443cef	NR_199542.1	99.252	401	2	1	1	401	1111	1510	0.0	723
ce41903e-4f64-4355-95a8-1a5a41443cef	NR_199546.1	99.252	401	2	1	1	401	1111	1510	0.0	723
80f6ba7e-7713-42a8-853b-0a8ac1b359da	NR_179540.1	96.269	670	15	9	1	664	832	1497	0.0	1090
80f6ba7e-7713-42a8-853b-0a8ac1b359da	NR_117719.1	96.125	671	15	8	1	664	832	1498	0.0	1085
80f6ba7e-7713-42a8-853b-0a8ac1b359da	NR_028664.1	95.976	671	16	8	1	664	835	1501	0.0	1079
80f6ba7e-7713-42a8-853b-0a8ac1b359da	NR_179383.1	95.976	671	16	8	1	664	839	1505	0.0	1079
80f6ba7e-7713-42a8-853b-0a8ac1b359da	NR_175455.1	95.833	672	16	9	1	664	820	1487	0.0	1075
7f4a9826-bed6-4d91-8f9d-a8ef3cd066bb	NR_117719.1	97.073	820	9	9	1	816	685	1493	0.0	1367
7f4a9826-bed6-4d91-8f9d-a8ef3cd066bb	NR_028664.1	96.951	820	10	9	1	816	688	1496	0.0	1362
7f4a9826-bed6-4d91-8f9d-a8ef3cd066bb	NR_179383.1	96.951	820	10	9	1	816	692	1500	0.0	1362
7f4a9826-bed6-4d91-8f9d-a8ef3cd066bb	NR_042927.1	97.059	816	9	9	1	812	667	1471	0.0	1360
7f4a9826-bed6-4d91-8f9d-a8ef3cd066bb	NR_115734.1	97.059	816	9	9	1	812	668	1472	0.0	1360
86054f9e-d8c5-434c-ad7d-629f85eecd0e	NR_042776.1	96.189	551	5	12	5	550	557	18	0.0	887
86054f9e-d8c5-434c-ad7d-629f85eecd0e	NR_042778.1	95.826	551	7	12	5	550	557	18	0.0	876
86054f9e-d8c5-434c-ad7d-629f85eecd0e	NR_042777.1	95.644	551	7	13	5	550	556	18	0.0	869
86054f9e-d8c5-434c-ad7d-629f85eecd0e	NR_197695.1	95.281	551	10	12	5	550	556	17	0.0	859
86054f9e-d8c5-434c-ad7d-629f85eecd0e	NR_118998.1	95.100	551	11	14	5	550	552	13	0.0	856
38843337-5c9c-4f7f-8ff2-71c81e8590ff	NR_042051.1	90.600	883	55	21	1	870	998	131	0.0	1146
38843337-5c9c-4f7f-8ff2-71c81e8590ff	NR_115719.1	90.600	883	55	21	1	870	1038	171	0.0	1146
38843337-5c9c-4f7f-8ff2-71c81e8590ff	NR_037096.1	90.600	883	55	21	1	870	1044	177	0.0	1146
38843337-5c9c-4f7f-8ff2-71c81e8590ff	NR_181987.1	90.600	883	55	21	1	870	1053	186	0.0	1146
38843337-5c9c-4f7f-8ff2-71c81e8590ff	NR_104991.1	90.487	883	56	21	1	870	1026	159	0.0	1140
e825e6d7-b461-427f-8af5-e3b5ee2e8cb3	NR_024842.1	98.370	184	0	3	1	182	1307	1489	1.88e-87	320
e825e6d7-b461-427f-8af5-e3b5ee2e8cb3	NR_042052.1	98.370	184	0	3	1	182	1215	1397	1.88e-87	320
e825e6d7-b461-427f-8af5-e3b5ee2e8cb3	NR_042776.1	98.370	184	0	3	1	182	1317	1499	1.88e-87	320
e825e6d7-b461-427f-8af5-e3b5ee2e8cb3	NR_042777.1	98.370	184	0	3	1	182	1316	1498	1.88e-87	320
e825e6d7-b461-427f-8af5-e3b5ee2e8cb3	NR_114642.1	98.370	184	0	3	1	182	1274	1456	1.88e-87	320
0e9d2d47-37d7-4fe8-a5b2-7c644fa4a988	NR_115355.1	95.129	349	10	4	19	366	1140	1482	2.24e-154	544
0e9d2d47-37d7-4fe8-a5b2-7c644fa4a988	NR_163639.1	95.129	349	10	4	19	366	1155	1497	2.24e-154	544
0e9d2d47-37d7-4fe8-a5b2-7c644fa4a988	NR_179325.1	95.129	349	10	4	19	366	1114	1456	2.24e-154	544
0e9d2d47-37d7-4fe8-a5b2-7c644fa4a988	NR_119169.1	94.842	349	11	4	19	366	1145	1487	1.04e-152	538
0e9d2d47-37d7-4fe8-a5b2-7c644fa4a988	NR_115354.1	94.556	349	12	4	19	366	1140	1482	4.85e-151	532
4968940c-16cf-4125-aea3-a22d925347a7	NR_113121.1	96.700	697	13	10	1	691	705	13	0.0	1151
4968940c-16cf-4125-aea3-a22d925347a7	NR_026417.1	95.918	686	15	12	1	677	682	1	0.0	1101
4968940c-16cf-4125-aea3-a22d925347a7	NR_112878.1	92.253	697	44	10	1	691	705	13	0.0	979
4968940c-16cf-4125-aea3-a22d925347a7	NR_113116.1	90.948	696	53	10	1	690	692	1	0.0	928
4968940c-16cf-4125-aea3-a22d925347a7	NR_114640.1	90.421	689	56	10	1	683	685	1	0.0	905
818f52c7-bf77-4f8e-955a-43fb535ea3cf	NR_041989.1	90.286	525	17	28	1	503	603	91	0.0	656
818f52c7-bf77-4f8e-955a-43fb535ea3cf	NR_117694.1	88.952	525	24	28	1	503	645	133	1.82e-176	617
818f52c7-bf77-4f8e-955a-43fb535ea3cf	NR_117717.1	88.571	525	26	28	1	503	666	154	3.93e-173	606
818f52c7-bf77-4f8e-955a-43fb535ea3cf	NR_117696.1	88.571	525	26	28	1	503	632	120	3.93e-173	606
818f52c7-bf77-4f8e-955a-43fb535ea3cf	NR_117701.1	88.571	525	26	28	1	503	645	133	3.93e-173	606
7fc9dacc-656a-493a-a76c-983599a85731	NR_115355.1	96.769	1269	21	15	3	1258	221	1482	0.0	2098
7fc9dacc-656a-493a-a76c-983599a85731	NR_179325.1	96.769	1269	21	15	3	1258	195	1456	0.0	2098
7fc9dacc-656a-493a-a76c-983599a85731	NR_119169.1	96.454	1269	25	14	3	1258	226	1487	0.0	2082
7fc9dacc-656a-493a-a76c-983599a85731	NR_163639.1	96.378	1270	20	21	3	1258	240	1497	0.0	2067
7fc9dacc-656a-493a-a76c-983599a85731	NR_113570.1	96.142	1270	28	16	3	1258	228	1490	0.0	2054
65e527ea-bd17-4ce5-ba20-23638ec7da73	NR_125571.1	90.305	1083	61	38	4	1053	1077	6	0.0	1382
65e527ea-bd17-4ce5-ba20-23638ec7da73	NR_125570.1	89.866	1046	63	36	4	1017	1035	1	0.0	1304
65e527ea-bd17-4ce5-ba20-23638ec7da73	NR_029097.1	88.837	1066	72	39	4	1035	1053	1	0.0	1266
65e527ea-bd17-4ce5-ba20-23638ec7da73	NR_113410.1	83.980	1005	122	31	14	988	1009	14	0.0	928
65e527ea-bd17-4ce5-ba20-23638ec7da73	NR_181885.1	83.532	1008	121	36	14	988	1087	92	0.0	902
ecd8d5ec-a3c2-43b8-b71a-f533ea396cce	NR_042928.1	96.244	426	11	5	4	426	424	1	0.0	693
ecd8d5ec-a3c2-43b8-b71a-f533ea396cce	NR_109720.1	95.952	420	14	3	4	420	420	1	0.0	678
ecd8d5ec-a3c2-43b8-b71a-f533ea396cce	NR_199547.1	97.257	401	7	4	4	401	404	5	0.0	676
ecd8d5ec-a3c2-43b8-b71a-f533ea396cce	NR_036936.1	94.848	427	17	4	4	426	426	1	0.0	664
ecd8d5ec-a3c2-43b8-b71a-f533ea396cce	NR_112026.1	96.088	409	11	5	4	409	407	1	0.0	662
324b5737-0758-4d9b-9cd4-663102754c81	NR_024842.1	95.718	1261	29	19	1	1243	1260	7	0.0	2010
324b5737-0758-4d9b-9cd4-663102754c81	NR_115241.1	95.687	1252	29	19	1	1234	1245	1	0.0	1993
324b5737-0758-4d9b-9cd4-663102754c81	NR_115735.1	95.817	1243	26	20	1	1224	1236	1	0.0	1984
324b5737-0758-4d9b-9cd4-663102754c81	NR_178515.1	95.371	1253	31	20	1	1234	1245	1	0.0	1967
324b5737-0758-4d9b-9cd4-663102754c81	NR_165737.1	95.132	1253	34	20	1	1234	1245	1	0.0	1951
6610cd12-982e-4cb3-bb50-730916ccbe1b	NR_041989.1	88.516	1280	64	64	18	1246	1249	2	0.0	1472
6610cd12-982e-4cb3-bb50-730916ccbe1b	NR_117694.1	88.015	1310	71	67	18	1274	1291	15	0.0	1471
6610cd12-982e-4cb3-bb50-730916ccbe1b	NR_121687.1	87.634	1310	76	68	18	1274	1311	35	0.0	1443
6610cd12-982e-4cb3-bb50-730916ccbe1b	NR_117696.1	87.405	1310	79	67	18	1274	1278	2	0.0	1426
6610cd12-982e-4cb3-bb50-730916ccbe1b	NR_117717.1	87.328	1310	79	68	18	1274	1311	36	0.0	1419
5703e375-98fc-4598-8b3d-acedca149ef7	NR_024842.1	95.246	631	14	13	6	628	856	1478	0.0	985
5703e375-98fc-4598-8b3d-acedca149ef7	NR_115735.1	95.246	631	14	13	6	628	832	1454	0.0	985
5703e375-98fc-4598-8b3d-acedca149ef7	NR_036936.1	95.095	632	14	15	6	628	841	1464	0.0	979
5703e375-98fc-4598-8b3d-acedca149ef7	NR_042927.1	95.095	632	14	15	6	628	841	1464	0.0	979
5703e375-98fc-4598-8b3d-acedca149ef7	NR_115734.1	95.095	632	14	15	6	628	842	1465	0.0	979
aaba5d93-aade-474f-a95e-f961bd37788b	NR_115802.1	91.198	409	23	11	1	401	1437	1034	2.46e-154	544
aaba5d93-aade-474f-a95e-f961bd37788b	NR_134818.1	91.198	409	23	11	1	401	1450	1047	2.46e-154	544
aaba5d93-aade-474f-a95e-f961bd37788b	NR_040821.1	90.954	409	24	11	1	401	1437	1034	1.14e-152	538
aaba5d93-aade-474f-a95e-f961bd37788b	NR_025148.1	90.954	409	24	11	1	401	1457	1054	1.14e-152	538
aaba5d93-aade-474f-a95e-f961bd37788b	NR_037002.1	90.976	410	22	12	1	401	1457	1054	1.14e-152	538
192b8bff-4998-41d1-90ae-ee127154bcf2	NR_025903.1	97.061	1327	12	15	1	1310	1369	53	0.0	2209
192b8bff-4998-41d1-90ae-ee127154bcf2	NR_133753.1	96.910	1327	14	15	1	1310	1323	7	0.0	2198
192b8bff-4998-41d1-90ae-ee127154bcf2	NR_133752.1	96.849	1301	15	16	1	1284	1294	3	0.0	2152
192b8bff-4998-41d1-90ae-ee127154bcf2	NR_026419.1	95.482	1328	32	18	1	1310	1357	40	0.0	2095
192b8bff-4998-41d1-90ae-ee127154bcf2	NR_025904.1	95.485	1329	29	21	1	1310	1368	52	0.0	2093
192d09c5-3fe0-4e0a-9d81-4ef134797110	NR_044873.1	98.163	490	6	3	1	488	977	1465	0.0	852
192d09c5-3fe0-4e0a-9d81-4ef134797110	NR_074568.1	96.964	494	12	3	1	493	987	1478	0.0	826
192d09c5-3fe0-4e0a-9d81-4ef134797110	NR_109752.1	96.162	495	16	3	1	493	998	1491	0.0	806
192d09c5-3fe0-4e0a-9d81-4ef134797110	NR_025310.1	96.146	493	16	3	3	493	969	1460	0.0	802
192d09c5-3fe0-4e0a-9d81-4ef134797110	NR_044871.1	95.951	494	17	3	2	493	977	1469	0.0	798
28436f3f-a994-4b65-b4df-c3e5b6e548b0	NR_125570.1	95.370	972	21	21	1	957	433	1395	0.0	1524
28436f3f-a994-4b65-b4df-c3e5b6e548b0	NR_125571.1	95.057	971	25	20	1	957	475	1436	0.0	1506
28436f3f-a994-4b65-b4df-c3e5b6e548b0	NR_029097.1	95.815	932	18	18	1	919	451	1374	0.0	1485
28436f3f-a994-4b65-b4df-c3e5b6e548b0	NR_115211.1	89.002	982	73	31	1	959	493	1462	0.0	1182
28436f3f-a994-4b65-b4df-c3e5b6e548b0	NR_026409.1	88.889	981	77	27	1	959	501	1471	0.0	1179
7ac0b3c5-a822-4645-b94d-7283377b83f2	NR_102895.1	97.306	297	5	3	1	296	315	21	1.07e-141	501
7ac0b3c5-a822-4645-b94d-7283377b83f2	NR_113113.1	96.970	297	6	3	1	296	295	1	4.97e-140	496
7ac0b3c5-a822-4645-b94d-7283377b83f2	NR_042843.1	96.886	289	6	3	1	288	287	1	3.87e-136	483
7ac0b3c5-a822-4645-b94d-7283377b83f2	NR_114305.1	95.960	297	9	3	1	296	307	13	5.01e-135	479
7ac0b3c5-a822-4645-b94d-7283377b83f2	NR_116726.1	95.848	289	9	3	1	288	287	1	1.40e-130	464
50062ba9-849a-479a-a1a9-7222448f1db3	NR_115241.1	97.090	756	18	4	1	754	115	868	0.0	1271
50062ba9-849a-479a-a1a9-7222448f1db3	NR_115735.1	97.090	756	18	4	1	754	106	859	0.0	1271
50062ba9-849a-479a-a1a9-7222448f1db3	NR_116211.1	97.090	756	18	4	1	754	38	791	0.0	1271
50062ba9-849a-479a-a1a9-7222448f1db3	NR_024842.1	96.825	756	20	4	1	754	130	883	0.0	1264
50062ba9-849a-479a-a1a9-7222448f1db3	NR_178515.1	96.433	757	21	6	1	754	115	868	0.0	1243
685b1e9d-674d-42b5-b0b1-7f3426fab519	NR_109628.1	95.903	781	21	11	6	780	688	1463	0.0	1254
685b1e9d-674d-42b5-b0b1-7f3426fab519	NR_029148.1	96.229	769	19	10	6	769	715	1478	0.0	1251
685b1e9d-674d-42b5-b0b1-7f3426fab519	NR_113124.1	95.775	781	22	11	6	780	707	1482	0.0	1249
685b1e9d-674d-42b5-b0b1-7f3426fab519	NR_115327.1	96.104	770	19	11	6	769	687	1451	0.0	1245
685b1e9d-674d-42b5-b0b1-7f3426fab519	NR_042843.1	95.519	781	24	11	6	780	687	1462	0.0	1238
1569c974-a862-4edb-81cf-783d465058bf	NR_117694.1	95.124	1087	29	21	1	1077	1073	1	0.0	1692
1569c974-a862-4edb-81cf-783d465058bf	NR_041989.1	95.877	1043	23	17	1	1035	1031	1	0.0	1670
1569c974-a862-4edb-81cf-783d465058bf	NR_117717.1	94.059	1094	43	19	1	1086	1093	14	0.0	1640
1569c974-a862-4edb-81cf-783d465058bf	NR_025892.1	93.613	1096	44	24	1	1086	1098	19	0.0	1637
1569c974-a862-4edb-81cf-783d465058bf	NR_121687.1	93.978	1096	41	22	1	1086	1093	13	0.0	1635
350d7a36-c0d3-4d67-8184-c5afb718562e	NR_117719.1	92.400	1329	63	30	1	1306	180	1493	0.0	1860
350d7a36-c0d3-4d67-8184-c5afb718562e	NR_028664.1	92.377	1325	63	30	5	1306	187	1496	0.0	1853
350d7a36-c0d3-4d67-8184-c5afb718562e	NR_175455.1	92.308	1326	63	31	5	1306	172	1482	0.0	1847
350d7a36-c0d3-4d67-8184-c5afb718562e	NR_179383.1	92.302	1325	64	30	5	1306	191	1500	0.0	1847
350d7a36-c0d3-4d67-8184-c5afb718562e	NR_042927.1	92.354	1321	63	30	5	1302	166	1471	0.0	1845
b9b19235-47cb-4d12-8d11-2d96e3f9bddb	NR_133753.1	97.600	875	5	11	1	866	1200	333	0.0	1485
b9b19235-47cb-4d12-8d11-2d96e3f9bddb	NR_025903.1	97.600	875	5	11	1	866	1246	379	0.0	1485
b9b19235-47cb-4d12-8d11-2d96e3f9bddb	NR_133752.1	97.371	875	7	11	1	866	1171	304	0.0	1474
b9b19235-47cb-4d12-8d11-2d96e3f9bddb	NR_025904.1	96.918	876	9	13	1	866	1245	378	0.0	1452
b9b19235-47cb-4d12-8d11-2d96e3f9bddb	NR_026419.1	96.914	875	11	11	1	866	1234	367	0.0	1452
00d88776-acd2-4948-807f-272bb3d08753	NR_042776.1	97.846	882	9	9	13	890	894	19	0.0	1515
00d88776-acd2-4948-807f-272bb3d08753	NR_042777.1	97.732	882	9	10	13	890	893	19	0.0	1507
00d88776-acd2-4948-807f-272bb3d08753	NR_042778.1	97.619	882	11	9	13	890	894	19	0.0	1504
00d88776-acd2-4948-807f-272bb3d08753	NR_197695.1	97.392	882	13	9	13	890	893	18	0.0	1493
00d88776-acd2-4948-807f-272bb3d08753	NR_118998.1	97.052	882	16	9	13	890	889	14	0.0	1478
c6452010-f717-4150-a3ef-52ab27108c65	NR_044873.1	92.061	592	32	12	8	592	853	270	0.0	819
c6452010-f717-4150-a3ef-52ab27108c65	NR_025310.1	83.931	865	102	31	8	857	843	1	0.0	793
c6452010-f717-4150-a3ef-52ab27108c65	NR_179993.1	83.601	872	106	32	8	863	864	14	0.0	784
c6452010-f717-4150-a3ef-52ab27108c65	NR_043968.1	90.878	592	38	13	8	592	821	239	0.0	780
c6452010-f717-4150-a3ef-52ab27108c65	NR_109752.1	83.219	876	110	30	8	867	874	20	0.0	769
62c4b5f4-f378-439e-ace5-065a4be29b2c	NR_115355.1	96.226	636	13	8	1	630	852	1482	0.0	1031
62c4b5f4-f378-439e-ace5-065a4be29b2c	NR_163639.1	96.226	636	12	9	1	630	868	1497	0.0	1031
62c4b5f4-f378-439e-ace5-065a4be29b2c	NR_179325.1	96.226	636	13	8	1	630	826	1456	0.0	1031
62c4b5f4-f378-439e-ace5-065a4be29b2c	NR_119169.1	95.755	636	16	8	1	630	857	1487	0.0	1018
62c4b5f4-f378-439e-ace5-065a4be29b2c	NR_115354.1	95.755	636	16	8	1	630	852	1482	0.0	1016
26b0c555-9992-42ca-a6a9-ce02cf0485c2	NR_042776.1	92.391	276	19	2	5	279	1497	1223	6.54e-109	392
26b0c555-9992-42ca-a6a9-ce02cf0485c2	NR_042777.1	92.391	276	19	2	5	279	1496	1222	6.54e-109	392
26b0c555-9992-42ca-a6a9-ce02cf0485c2	NR_042778.1	92.391	276	19	2	5	279	1497	1223	6.54e-109	392
26b0c555-9992-42ca-a6a9-ce02cf0485c2	NR_118998.1	92.391	276	19	2	5	279	1491	1217	6.54e-109	392
26b0c555-9992-42ca-a6a9-ce02cf0485c2	NR_197695.1	92.391	276	19	2	5	279	1496	1222	6.54e-109	392
171604aa-ff70-4a2f-97c1-ca3104074e34	NR_029097.1	95.300	617	15	11	1	611	609	1	0.0	966
171604aa-ff70-4a2f-97c1-ca3104074e34	NR_125571.1	94.400	625	19	13	1	618	633	18	0.0	950
171604aa-ff70-4a2f-97c1-ca3104074e34	NR_125570.1	94.825	599	17	11	1	593	591	1	0.0	922
171604aa-ff70-4a2f-97c1-ca3104074e34	NR_165739.1	86.645	614	61	17	16	618	632	29	0.0	660
171604aa-ff70-4a2f-97c1-ca3104074e34	NR_116814.1	87.835	559	49	15	16	565	632	84	0.0	638
71c27ece-ea12-48f5-b5b0-8195e0c4363b	NR_024842.1	93.617	282	12	4	1	280	285	8	1.05e-116	418
71c27ece-ea12-48f5-b5b0-8195e0c4363b	NR_115241.1	93.796	274	11	4	1	272	270	1	2.27e-113	407
71c27ece-ea12-48f5-b5b0-8195e0c4363b	NR_115735.1	93.208	265	11	5	1	262	261	1	3.83e-106	383
71c27ece-ea12-48f5-b5b0-8195e0c4363b	NR_165737.1	90.909	275	17	7	1	272	270	1	4.99e-100	363
71c27ece-ea12-48f5-b5b0-8195e0c4363b	NR_178515.1	90.909	275	17	7	1	272	270	1	4.99e-100	363
719c1c37-2968-4f15-a689-d494a7b8ed13	NR_115241.1	94.340	636	22	12	1	629	630	2	0.0	963
719c1c37-2968-4f15-a689-d494a7b8ed13	NR_024842.1	94.025	636	24	12	1	629	645	17	0.0	955
719c1c37-2968-4f15-a689-d494a7b8ed13	NR_115735.1	94.268	628	22	12	1	621	621	1	0.0	948
719c1c37-2968-4f15-a689-d494a7b8ed13	NR_178515.1	93.878	637	23	14	1	629	630	2	0.0	946
719c1c37-2968-4f15-a689-d494a7b8ed13	NR_117425.1	92.925	636	31	11	1	629	633	5	0.0	913
3442a44d-3aea-4b9b-b7b3-1266e9ac12ea	NR_117694.1	94.846	1397	37	33	1	1375	79	1462	0.0	2148
3442a44d-3aea-4b9b-b7b3-1266e9ac12ea	NR_117692.1	94.122	1395	51	29	1	1375	79	1462	0.0	2093
3442a44d-3aea-4b9b-b7b3-1266e9ac12ea	NR_041989.1	95.403	1327	33	27	1	1307	37	1355	0.0	2087
3442a44d-3aea-4b9b-b7b3-1266e9ac12ea	NR_117696.1	93.978	1395	53	29	1	1375	66	1449	0.0	2082
3442a44d-3aea-4b9b-b7b3-1266e9ac12ea	NR_025902.1	93.911	1396	53	30	1	1375	56	1440	0.0	2078
418a0958-81b4-4235-9677-6eaffb814d22	NR_042878.1	93.628	769	23	20	5	756	983	224	0.0	1125
418a0958-81b4-4235-9677-6eaffb814d22	NR_116168.1	93.628	769	23	20	5	756	1004	245	0.0	1125
418a0958-81b4-4235-9677-6eaffb814d22	NR_118143.1	92.588	769	31	21	5	756	985	226	0.0	1083
418a0958-81b4-4235-9677-6eaffb814d22	NR_025423.1	92.428	766	32	20	8	756	985	229	0.0	1070
418a0958-81b4-4235-9677-6eaffb814d22	NR_118762.1	91.547	769	38	21	5	756	1006	248	0.0	1066
2afcc247-1e68-4026-8c08-a953de0d3e42	NR_026419.1	94.437	701	14	20	1	682	695	1	0.0	1055
2afcc247-1e68-4026-8c08-a953de0d3e42	NR_025903.1	92.645	707	26	21	1	688	707	8	0.0	994
2afcc247-1e68-4026-8c08-a953de0d3e42	NR_025904.1	91.819	709	28	24	1	688	706	7	0.0	961
2afcc247-1e68-4026-8c08-a953de0d3e42	NR_133753.1	92.632	665	24	20	1	647	661	4	0.0	933
2afcc247-1e68-4026-8c08-a953de0d3e42	NR_036920.1	90.368	706	41	23	1	688	700	4	0.0	902
ae4c0d41-747e-41ff-89d0-5841c535020b	NR_042776.1	95.896	536	8	11	4	533	543	16	0.0	856
ae4c0d41-747e-41ff-89d0-5841c535020b	NR_042778.1	95.522	536	10	11	4	533	543	16	0.0	845
ae4c0d41-747e-41ff-89d0-5841c535020b	NR_042777.1	95.336	536	10	11	4	533	542	16	0.0	837
ae4c0d41-747e-41ff-89d0-5841c535020b	NR_197695.1	94.972	537	11	14	4	533	542	15	0.0	828
ae4c0d41-747e-41ff-89d0-5841c535020b	NR_118998.1	94.590	536	15	11	4	533	538	11	0.0	819
c80a1f24-1eb0-4474-b6f9-0ec2760785c8	NR_042776.1	94.726	474	14	7	1	467	488	19	0.0	726
c80a1f24-1eb0-4474-b6f9-0ec2760785c8	NR_042777.1	94.304	474	16	7	1	467	488	19	0.0	715
c80a1f24-1eb0-4474-b6f9-0ec2760785c8	NR_042778.1	94.304	474	16	7	1	467	488	19	0.0	715
c80a1f24-1eb0-4474-b6f9-0ec2760785c8	NR_197695.1	93.882	474	18	7	1	467	487	18	0.0	704
c80a1f24-1eb0-4474-b6f9-0ec2760785c8	NR_118998.1	93.249	474	21	7	1	467	483	14	0.0	689
acb1a07f-f4a0-403d-a56c-85d5c304b0a2	NR_042928.1	97.945	1411	17	9	3	1408	65	1468	0.0	2435
acb1a07f-f4a0-403d-a56c-85d5c304b0a2	NR_179540.1	97.389	1417	21	13	3	1412	85	1492	0.0	2398
acb1a07f-f4a0-403d-a56c-85d5c304b0a2	NR_117719.1	97.316	1416	25	10	3	1412	85	1493	0.0	2392
acb1a07f-f4a0-403d-a56c-85d5c304b0a2	NR_028664.1	97.109	1418	28	10	1	1412	86	1496	0.0	2379
acb1a07f-f4a0-403d-a56c-85d5c304b0a2	NR_175455.1	97.107	1417	27	11	3	1412	73	1482	0.0	2377
