339d1856-d8ca-433f-8278-90b73c9551f1	NR_042776.1	94.089	1218	34	34	1232	2432	1490	294	0.0	1816
339d1856-d8ca-433f-8278-90b73c9551f1	NR_042776.1	84.764	1188	122	42	2	1150	278	1445	0.0	1136
339d1856-d8ca-433f-8278-90b73c9551f1	NR_042777.1	94.007	1218	34	34	1232	2432	1489	294	0.0	1808
339d1856-d8ca-433f-8278-90b73c9551f1	NR_042777.1	84.680	1188	122	43	2	1150	278	1444	0.0	1131
339d1856-d8ca-433f-8278-90b73c9551f1	NR_042778.1	94.872	1170	30	29	1275	2432	1445	294	0.0	1801
339d1856-d8ca-433f-8278-90b73c9551f1	NR_042778.1	84.764	1188	122	42	2	1150	278	1445	0.0	1136
339d1856-d8ca-433f-8278-90b73c9551f1	NR_197695.1	94.786	1170	31	29	1275	2432	1444	293	0.0	1796
339d1856-d8ca-433f-8278-90b73c9551f1	NR_197695.1	85.029	1189	117	44	2	1150	277	1444	0.0	1153
339d1856-d8ca-433f-8278-90b73c9551f1	NR_118998.1	94.274	1170	36	30	1275	2432	1439	289	0.0	1760
339d1856-d8ca-433f-8278-90b73c9551f1	NR_118998.1	84.330	1187	128	42	2	1150	273	1439	0.0	1109
beae1900-425d-407a-b97f-ebecb2fc52a3	NR_042928.1	98.214	1400	12	12	1	1393	1394	1	0.0	2435
beae1900-425d-407a-b97f-ebecb2fc52a3	NR_199547.1	98.330	1377	11	11	1	1370	1374	3	0.0	2405
beae1900-425d-407a-b97f-ebecb2fc52a3	NR_117719.1	97.372	1408	24	12	1	1401	1414	13	0.0	2383
beae1900-425d-407a-b97f-ebecb2fc52a3	NR_199545.1	97.372	1408	24	12	1	1401	1414	13	0.0	2383
beae1900-425d-407a-b97f-ebecb2fc52a3	NR_028664.1	97.301	1408	25	12	1	1401	1417	16	0.0	2377
5514a483-16ee-46dd-a734-41928d571551	NR_028664.1	96.121	1160	23	17	2	1149	345	1494	0.0	1873
5514a483-16ee-46dd-a734-41928d571551	NR_117719.1	96.121	1160	23	17	2	1149	342	1491	0.0	1873
5514a483-16ee-46dd-a734-41928d571551	NR_115240.1	96.114	1158	23	17	2	1147	322	1469	0.0	1869
5514a483-16ee-46dd-a734-41928d571551	NR_179383.1	96.034	1160	24	17	2	1149	349	1498	0.0	1868
5514a483-16ee-46dd-a734-41928d571551	NR_042927.1	96.028	1158	24	17	2	1147	324	1471	0.0	1864
ca81b367-fac2-440c-ac1d-707db58f5547	NR_133752.1	95.212	543	11	10	3	538	1169	635	0.0	845
ca81b367-fac2-440c-ac1d-707db58f5547	NR_133753.1	95.212	543	11	10	3	538	1198	664	0.0	845
ca81b367-fac2-440c-ac1d-707db58f5547	NR_025904.1	95.212	543	11	10	3	538	1243	709	0.0	845
ca81b367-fac2-440c-ac1d-707db58f5547	NR_025903.1	95.212	543	11	10	3	538	1244	710	0.0	845
ca81b367-fac2-440c-ac1d-707db58f5547	NR_026419.1	95.037	544	10	11	3	538	1232	698	0.0	839
3e1245c5-3e02-4f20-abb4-e894971918e2	NR_024842.1	97.493	359	4	5	9	366	1135	1489	7.78e-174	608
3e1245c5-3e02-4f20-abb4-e894971918e2	NR_115735.1	97.486	358	4	5	9	365	1111	1464	2.80e-173	606
3e1245c5-3e02-4f20-abb4-e894971918e2	NR_178262.1	97.222	360	4	6	9	366	1014	1369	1.01e-172	604
3e1245c5-3e02-4f20-abb4-e894971918e2	NR_179215.1	97.222	360	4	6	9	366	1136	1491	1.01e-172	604
3e1245c5-3e02-4f20-abb4-e894971918e2	NR_179720.1	97.222	360	4	6	9	366	1140	1495	1.01e-172	604
f0a632d4-f89d-48ff-bdeb-86845954000b	NR_026419.1	92.553	846	32	22	8	830	838	1	0.0	1184
f0a632d4-f89d-48ff-bdeb-86845954000b	NR_025903.1	91.452	854	41	23	8	838	850	6	0.0	1144
f0a632d4-f89d-48ff-bdeb-86845954000b	NR_025904.1	91.228	855	41	25	8	838	849	5	0.0	1133
f0a632d4-f89d-48ff-bdeb-86845954000b	NR_180160.1	81.548	840	109	37	29	838	843	20	0.0	651
f0a632d4-f89d-48ff-bdeb-86845954000b	NR_179097.1	81.332	841	110	38	29	838	825	1	0.0	641
6b461647-63ac-408a-baa1-adcc978147b2	NR_028664.1	88.000	750	50	29	8	734	753	21	0.0	850
6b461647-63ac-408a-baa1-adcc978147b2	NR_165744.1	88.000	750	50	29	8	734	739	7	0.0	850
6b461647-63ac-408a-baa1-adcc978147b2	NR_115240.1	87.952	747	50	29	8	731	730	1	0.0	845
6b461647-63ac-408a-baa1-adcc978147b2	NR_042928.1	87.834	748	49	30	8	731	730	1	0.0	839
6b461647-63ac-408a-baa1-adcc978147b2	NR_114172.1	87.818	747	51	29	8	731	730	1	0.0	839
00b558b0-f17c-4509-b032-0804b9e456ac	NR_024842.1	97.079	445	10	3	1	444	450	8	0.0	749
00b558b0-f17c-4509-b032-0804b9e456ac	NR_115241.1	97.254	437	9	3	1	436	435	1	0.0	737
00b558b0-f17c-4509-b032-0804b9e456ac	NR_115735.1	96.963	428	9	4	1	426	426	1	0.0	715
00b558b0-f17c-4509-b032-0804b9e456ac	NR_165737.1	96.119	438	12	5	1	436	435	1	0.0	710
00b558b0-f17c-4509-b032-0804b9e456ac	NR_178515.1	96.119	438	12	5	1	436	435	1	0.0	710
1f9d9af0-b759-4605-9e44-42b3cfe4a18a	NR_115355.1	89.610	770	45	31	24	769	722	1480	0.0	946
1f9d9af0-b759-4605-9e44-42b3cfe4a18a	NR_163639.1	89.610	770	44	33	24	769	738	1495	0.0	946
1f9d9af0-b759-4605-9e44-42b3cfe4a18a	NR_179325.1	89.610	770	45	31	24	769	696	1454	0.0	946
1f9d9af0-b759-4605-9e44-42b3cfe4a18a	NR_119169.1	89.221	770	48	31	24	769	727	1485	0.0	933
1f9d9af0-b759-4605-9e44-42b3cfe4a18a	NR_115354.1	89.221	770	48	31	24	769	722	1480	0.0	931
74cbf727-e4b4-4374-9f12-34d6af6d81dc	NR_028682.1	94.266	1273	42	25	1	1250	233	1497	0.0	1917
74cbf727-e4b4-4374-9f12-34d6af6d81dc	NR_025862.1	95.343	1181	30	18	1	1163	233	1406	0.0	1860
74cbf727-e4b4-4374-9f12-34d6af6d81dc	NR_180652.1	93.365	1266	60	18	1	1248	222	1481	0.0	1851
74cbf727-e4b4-4374-9f12-34d6af6d81dc	NR_036922.1	93.098	1275	62	20	1	1256	234	1501	0.0	1844
74cbf727-e4b4-4374-9f12-34d6af6d81dc	NR_024906.1	93.014	1274	66	17	1	1256	222	1490	0.0	1838
1d20de58-8265-4351-9cd7-f2170a39e4b1	NR_042776.1	97.822	1423	16	12	1	1413	87	1504	0.0	2442
1d20de58-8265-4351-9cd7-f2170a39e4b1	NR_042777.1	97.611	1423	18	13	1	1413	87	1503	0.0	2425
1d20de58-8265-4351-9cd7-f2170a39e4b1	NR_042778.1	97.540	1423	20	12	1	1413	87	1504	0.0	2420
1d20de58-8265-4351-9cd7-f2170a39e4b1	NR_197695.1	97.189	1423	25	12	1	1413	86	1503	0.0	2392
1d20de58-8265-4351-9cd7-f2170a39e4b1	NR_118998.1	96.908	1423	28	13	1	1413	82	1498	0.0	2372
d972f548-86bb-4e59-8598-a00b27691b83	NR_179540.1	96.218	714	12	13	1	701	1040	329	0.0	1155
d972f548-86bb-4e59-8598-a00b27691b83	NR_199547.1	96.218	714	12	13	1	701	1000	289	0.0	1155
d972f548-86bb-4e59-8598-a00b27691b83	NR_028664.1	96.078	714	13	13	1	701	1043	332	0.0	1149
d972f548-86bb-4e59-8598-a00b27691b83	NR_042927.1	96.078	714	13	13	1	701	1022	311	0.0	1149
d972f548-86bb-4e59-8598-a00b27691b83	NR_042928.1	96.078	714	13	13	1	701	1020	309	0.0	1149
6186829f-a1cf-4ddd-8719-5aa5ec416105	NR_179325.1	94.978	697	25	9	1	690	768	1461	0.0	1085
6186829f-a1cf-4ddd-8719-5aa5ec416105	NR_163639.1	94.828	696	26	10	1	690	811	1502	0.0	1077
6186829f-a1cf-4ddd-8719-5aa5ec416105	NR_115354.1	94.692	697	27	9	1	690	794	1487	0.0	1075
6186829f-a1cf-4ddd-8719-5aa5ec416105	NR_115355.1	94.692	697	27	9	1	690	794	1487	0.0	1074
6186829f-a1cf-4ddd-8719-5aa5ec416105	NR_074980.1	94.405	697	29	9	1	690	821	1514	0.0	1062
8c900c0e-a3d0-4774-b706-2008201e0268	NR_125570.1	92.330	1369	57	37	4	1335	38	1395	0.0	1903
8c900c0e-a3d0-4774-b706-2008201e0268	NR_029097.1	93.002	1329	48	35	4	1299	56	1372	0.0	1897
8c900c0e-a3d0-4774-b706-2008201e0268	NR_125571.1	92.263	1370	55	39	4	1335	80	1436	0.0	1897
8c900c0e-a3d0-4774-b706-2008201e0268	NR_042832.1	86.172	1374	134	41	4	1333	95	1456	0.0	1435
8c900c0e-a3d0-4774-b706-2008201e0268	NR_074809.1	85.952	1381	140	39	4	1341	115	1484	0.0	1426
825fa6c4-9ffc-4e9d-92d7-3fb08f560f2f	NR_044873.1	95.912	1223	27	18	1	1205	250	1467	0.0	1960
825fa6c4-9ffc-4e9d-92d7-3fb08f560f2f	NR_074568.1	94.199	1224	47	19	1	1207	261	1477	0.0	1845
825fa6c4-9ffc-4e9d-92d7-3fb08f560f2f	NR_025310.1	93.964	1226	48	21	1	1207	241	1459	0.0	1831
825fa6c4-9ffc-4e9d-92d7-3fb08f560f2f	NR_109752.1	93.959	1225	50	19	1	1207	272	1490	0.0	1831
825fa6c4-9ffc-4e9d-92d7-3fb08f560f2f	NR_043968.1	93.878	1225	49	21	1	1207	219	1435	0.0	1823
2ee97014-f1b2-4d28-a87a-19acbd4475bd	NR_115241.1	91.059	850	41	29	2	829	842	6	0.0	1116
2ee97014-f1b2-4d28-a87a-19acbd4475bd	NR_024842.1	90.824	850	43	29	2	829	857	21	0.0	1109
2ee97014-f1b2-4d28-a87a-19acbd4475bd	NR_115735.1	90.898	846	41	30	2	824	833	1	0.0	1103
2ee97014-f1b2-4d28-a87a-19acbd4475bd	NR_178515.1	90.482	851	44	31	2	829	842	6	0.0	1088
2ee97014-f1b2-4d28-a87a-19acbd4475bd	NR_165737.1	90.247	851	46	31	2	829	842	6	0.0	1077
5886674d-1a51-494a-9bf2-57ce717344de	NR_042776.1	96.120	1469	39	15	1	1458	1479	18	0.0	2381
5886674d-1a51-494a-9bf2-57ce717344de	NR_042778.1	95.916	1469	42	15	1	1458	1479	18	0.0	2364
5886674d-1a51-494a-9bf2-57ce717344de	NR_042777.1	95.916	1469	41	16	1	1458	1478	18	0.0	2362
5886674d-1a51-494a-9bf2-57ce717344de	NR_197695.1	95.507	1469	48	15	1	1458	1478	17	0.0	2331
5886674d-1a51-494a-9bf2-57ce717344de	NR_118998.1	95.303	1469	50	16	1	1458	1473	13	0.0	2314
4619f320-8c46-48ef-998b-05459bbb39ab	NR_026419.1	98.194	443	3	3	1	439	1043	1484	0.0	769
4619f320-8c46-48ef-998b-05459bbb39ab	NR_025904.1	96.163	443	11	4	1	439	1054	1494	0.0	719
4619f320-8c46-48ef-998b-05459bbb39ab	NR_025903.1	96.163	443	11	4	1	439	1055	1495	0.0	719
4619f320-8c46-48ef-998b-05459bbb39ab	NR_133752.1	96.181	419	11	3	1	415	980	1397	0.0	680
4619f320-8c46-48ef-998b-05459bbb39ab	NR_133753.1	96.181	419	11	3	1	415	1009	1426	0.0	680
f72f5958-20ff-4b54-b825-00ef9e18e17d	NR_028682.1	95.833	384	8	7	1	377	1115	1497	1.74e-175	614
f72f5958-20ff-4b54-b825-00ef9e18e17d	NR_025435.1	94.615	390	13	7	1	384	1112	1499	1.75e-170	597
f72f5958-20ff-4b54-b825-00ef9e18e17d	NR_025396.1	94.330	388	17	4	1	384	1086	1472	2.93e-168	590
f72f5958-20ff-4b54-b825-00ef9e18e17d	NR_036793.2	94.103	390	15	7	1	384	1123	1510	3.78e-167	586
f72f5958-20ff-4b54-b825-00ef9e18e17d	NR_042061.1	94.103	390	15	7	1	384	1105	1492	3.78e-167	586
04c2ab74-21ef-4f2c-a04f-35860241e00a	NR_025862.1	98.712	233	3	0	1	233	243	11	8.57e-117	418
04c2ab74-21ef-4f2c-a04f-35860241e00a	NR_028682.1	93.991	233	10	4	1	231	243	13	3.17e-96	350
04c2ab74-21ef-4f2c-a04f-35860241e00a	NR_025863.1	85.356	239	27	8	1	233	247	11	5.53e-64	243
04c2ab74-21ef-4f2c-a04f-35860241e00a	NR_026454.1	85.321	218	26	6	1	213	217	1	2.59e-57	220
04c2ab74-21ef-4f2c-a04f-35860241e00a	NR_113872.1	83.408	223	31	6	4	223	220	1	2.61e-52	204
1bf4afa8-433e-4847-aa02-4335f1daab3f	NR_036936.1	97.925	241	2	2	1	238	608	848	1.18e-115	414
1bf4afa8-433e-4847-aa02-4335f1daab3f	NR_029052.1	97.925	241	2	2	1	238	596	836	1.18e-115	414
1bf4afa8-433e-4847-aa02-4335f1daab3f	NR_103943.1	97.925	241	2	2	1	238	634	874	1.18e-115	414
1bf4afa8-433e-4847-aa02-4335f1daab3f	NR_024842.1	97.510	241	3	2	1	238	623	863	5.50e-114	409
1bf4afa8-433e-4847-aa02-4335f1daab3f	NR_028833.1	97.510	241	3	2	1	238	635	875	5.50e-114	409
9bd26a86-5a29-4f76-a488-4590b9874640	NR_179325.1	92.019	827	32	31	1	803	644	1460	0.0	1131
9bd26a86-5a29-4f76-a488-4590b9874640	NR_115355.1	91.898	827	33	31	1	803	670	1486	0.0	1125
9bd26a86-5a29-4f76-a488-4590b9874640	NR_119169.1	91.657	827	35	31	1	803	675	1491	0.0	1118
9bd26a86-5a29-4f76-a488-4590b9874640	NR_115354.1	91.657	827	35	31	1	803	670	1486	0.0	1114
9bd26a86-5a29-4f76-a488-4590b9874640	NR_163639.1	91.667	828	32	33	1	803	686	1501	0.0	1112
eb695d9f-2e2b-45af-a7d4-0b251acebb96	NR_024842.1	97.979	841	9	8	1	838	657	1492	0.0	1452
eb695d9f-2e2b-45af-a7d4-0b251acebb96	NR_115735.1	97.969	837	9	8	1	834	633	1464	0.0	1445
eb695d9f-2e2b-45af-a7d4-0b251acebb96	NR_156072.1	97.503	841	13	8	1	838	662	1497	0.0	1430
eb695d9f-2e2b-45af-a7d4-0b251acebb96	NR_115241.1	97.602	834	12	8	1	831	642	1470	0.0	1428
eb695d9f-2e2b-45af-a7d4-0b251acebb96	NR_165737.1	97.725	835	10	9	1	831	642	1471	0.0	1428
3af93749-1800-45b0-a762-03b4d797c6c0	NR_042776.1	98.018	908	10	8	10	913	596	1499	0.0	1570
3af93749-1800-45b0-a762-03b4d797c6c0	NR_042777.1	98.018	908	10	8	10	913	595	1498	0.0	1570
3af93749-1800-45b0-a762-03b4d797c6c0	NR_042778.1	97.797	908	12	8	10	913	596	1499	0.0	1559
3af93749-1800-45b0-a762-03b4d797c6c0	NR_197695.1	97.577	908	14	8	10	913	595	1498	0.0	1548
3af93749-1800-45b0-a762-03b4d797c6c0	NR_118998.1	97.247	908	16	9	10	913	591	1493	0.0	1530
385de286-be01-45d1-9819-4c25cb6e0363	NR_180875.1	94.560	386	17	4	1	385	1315	933	2.27e-169	593
385de286-be01-45d1-9819-4c25cb6e0363	NR_024842.1	94.301	386	18	4	1	385	1351	969	1.05e-167	588
385de286-be01-45d1-9819-4c25cb6e0363	NR_036936.1	94.301	386	18	4	1	385	1336	954	1.05e-167	588
385de286-be01-45d1-9819-4c25cb6e0363	NR_028665.1	94.301	386	18	4	1	385	1351	969	1.05e-167	588
385de286-be01-45d1-9819-4c25cb6e0363	NR_042927.1	94.301	386	18	4	1	385	1336	954	1.05e-167	588
f86d626a-dce2-4d13-be0a-0b725854f6ef	NR_163639.1	95.941	271	7	3	4	274	277	11	2.87e-122	436
f86d626a-dce2-4d13-be0a-0b725854f6ef	NR_119170.1	96.591	264	5	3	4	267	263	4	1.03e-121	435
f86d626a-dce2-4d13-be0a-0b725854f6ef	NR_119169.1	96.226	265	6	3	4	268	263	3	3.71e-121	433
f86d626a-dce2-4d13-be0a-0b725854f6ef	NR_074980.1	95.572	271	8	3	4	274	285	19	1.33e-120	431
f86d626a-dce2-4d13-be0a-0b725854f6ef	NR_113031.1	95.572	271	8	3	4	274	285	19	1.33e-120	431
4563e420-9ab9-41bb-9f67-ea8f06b6fa22	NR_178515.1	96.338	1147	24	16	1	1137	1144	6	0.0	1869
4563e420-9ab9-41bb-9f67-ea8f06b6fa22	NR_024842.1	96.161	1146	28	14	1	1137	1159	21	0.0	1862
4563e420-9ab9-41bb-9f67-ea8f06b6fa22	NR_115241.1	96.161	1146	28	14	1	1137	1144	6	0.0	1862
4563e420-9ab9-41bb-9f67-ea8f06b6fa22	NR_115735.1	96.235	1142	26	15	1	1132	1135	1	0.0	1855
4563e420-9ab9-41bb-9f67-ea8f06b6fa22	NR_165737.1	96.077	1147	27	16	1	1137	1144	6	0.0	1853
1805128d-9ac7-4f34-8013-d1e5030c4fe3	NR_179325.1	94.904	1099	25	20	1	1080	370	1456	0.0	1690
1805128d-9ac7-4f34-8013-d1e5030c4fe3	NR_115355.1	94.813	1099	26	20	1	1080	396	1482	0.0	1685
1805128d-9ac7-4f34-8013-d1e5030c4fe3	NR_163639.1	94.813	1099	25	23	1	1080	412	1497	0.0	1685
1805128d-9ac7-4f34-8013-d1e5030c4fe3	NR_119169.1	94.540	1099	29	20	1	1080	401	1487	0.0	1672
1805128d-9ac7-4f34-8013-d1e5030c4fe3	NR_113570.1	94.091	1100	33	24	1	1080	403	1490	0.0	1642
89c692a9-7cdc-41dd-a2cb-8a88a976b832	NR_025902.1	92.958	213	10	4	1	210	1235	1445	6.37e-83	305
89c692a9-7cdc-41dd-a2cb-8a88a976b832	NR_040933.1	92.958	213	10	4	1	210	1279	1489	6.37e-83	305
89c692a9-7cdc-41dd-a2cb-8a88a976b832	NR_117717.1	92.958	213	10	4	1	210	1277	1487	6.37e-83	305
89c692a9-7cdc-41dd-a2cb-8a88a976b832	NR_121688.1	92.958	213	10	4	1	210	1277	1487	6.37e-83	305
89c692a9-7cdc-41dd-a2cb-8a88a976b832	NR_117692.1	92.958	213	10	4	1	210	1257	1467	6.37e-83	305
dedd01e2-41b1-4573-bed8-cd9d507107dd	NR_042776.1	91.304	299	16	7	1	289	1205	1503	3.89e-111	399
dedd01e2-41b1-4573-bed8-cd9d507107dd	NR_042777.1	91.304	299	16	7	1	289	1204	1502	3.89e-111	399
dedd01e2-41b1-4573-bed8-cd9d507107dd	NR_042778.1	91.304	299	16	7	1	289	1205	1503	3.89e-111	399
dedd01e2-41b1-4573-bed8-cd9d507107dd	NR_118998.1	91.304	299	16	7	1	289	1199	1497	3.89e-111	399
dedd01e2-41b1-4573-bed8-cd9d507107dd	NR_197695.1	91.304	299	16	7	1	289	1204	1502	3.89e-111	399
a89184fc-cf31-45fc-b31e-3e6b4cbde6d1	NR_042776.1	91.150	226	10	8	2	220	1463	1241	1.10e-80	298
a89184fc-cf31-45fc-b31e-3e6b4cbde6d1	NR_042777.1	91.150	226	10	8	2	220	1462	1240	1.10e-80	298
a89184fc-cf31-45fc-b31e-3e6b4cbde6d1	NR_117425.1	91.150	226	11	7	2	220	1442	1219	1.10e-80	298
a89184fc-cf31-45fc-b31e-3e6b4cbde6d1	NR_179720.1	91.150	226	11	7	2	220	1459	1236	1.10e-80	298
a89184fc-cf31-45fc-b31e-3e6b4cbde6d1	NR_024842.1	90.708	226	11	8	2	220	1453	1231	5.11e-79	292
880f56a8-ac3c-44df-af33-d841be4bcb06	NR_044153.1	97.244	254	5	2	1	253	109	361	1.20e-120	431
880f56a8-ac3c-44df-af33-d841be4bcb06	NR_119168.1	97.244	254	5	2	1	253	114	366	4.31e-120	429
880f56a8-ac3c-44df-af33-d841be4bcb06	NR_119169.1	96.850	254	6	2	1	253	114	366	5.58e-119	425
880f56a8-ac3c-44df-af33-d841be4bcb06	NR_041879.1	96.850	254	6	2	1	253	66	318	2.01e-118	424
880f56a8-ac3c-44df-af33-d841be4bcb06	NR_043332.1	96.850	254	6	2	1	253	109	361	2.01e-118	424
157c4ff5-f0a9-495b-b14f-6ef83d6bc46d	NR_042776.1	98.235	170	1	2	16	184	186	18	3.26e-80	296
157c4ff5-f0a9-495b-b14f-6ef83d6bc46d	NR_042778.1	98.235	170	1	2	16	184	186	18	3.26e-80	296
157c4ff5-f0a9-495b-b14f-6ef83d6bc46d	NR_042777.1	98.795	166	1	1	19	184	182	18	1.17e-79	294
157c4ff5-f0a9-495b-b14f-6ef83d6bc46d	NR_197695.1	98.193	166	2	1	19	184	181	17	5.45e-78	289
157c4ff5-f0a9-495b-b14f-6ef83d6bc46d	NR_118234.1	98.182	165	2	1	22	186	171	8	1.96e-77	287
a813e966-7f41-426d-ba4e-4a5023b174e6	NR_115355.1	91.078	269	14	8	1	262	1217	1482	7.78e-98	355
a813e966-7f41-426d-ba4e-4a5023b174e6	NR_163639.1	91.078	269	14	8	1	262	1232	1497	7.78e-98	355
a813e966-7f41-426d-ba4e-4a5023b174e6	NR_179325.1	91.078	269	14	8	1	262	1191	1456	7.78e-98	355
a813e966-7f41-426d-ba4e-4a5023b174e6	NR_119169.1	90.706	269	15	8	1	262	1222	1487	3.62e-96	350
a813e966-7f41-426d-ba4e-4a5023b174e6	NR_115354.1	90.335	269	16	8	1	262	1217	1482	1.68e-94	344
781cbe1f-94dc-4e81-bc1f-a9607d6e7167	NR_037101.1	98.485	132	0	1	4	135	1393	1264	6.59e-61	231
781cbe1f-94dc-4e81-bc1f-a9607d6e7167	NR_040821.1	98.485	132	0	1	4	135	1393	1264	6.59e-61	231
781cbe1f-94dc-4e81-bc1f-a9607d6e7167	NR_042052.1	98.485	132	0	1	4	135	1316	1187	6.59e-61	231
781cbe1f-94dc-4e81-bc1f-a9607d6e7167	NR_025630.1	98.485	132	0	1	4	135	1392	1263	6.59e-61	231
781cbe1f-94dc-4e81-bc1f-a9607d6e7167	NR_024634.1	98.485	132	0	1	4	135	1404	1275	6.59e-61	231
1f4ef06d-5105-4f73-81d6-c7886c3c9bdd	NR_042776.1	98.387	124	0	2	1	124	944	1065	1.62e-56	217
1f4ef06d-5105-4f73-81d6-c7886c3c9bdd	NR_042777.1	98.387	124	0	2	1	124	943	1064	1.62e-56	217
1f4ef06d-5105-4f73-81d6-c7886c3c9bdd	NR_042778.1	98.387	124	0	2	1	124	944	1065	1.62e-56	217
1f4ef06d-5105-4f73-81d6-c7886c3c9bdd	NR_117425.1	97.581	124	1	2	1	124	922	1043	7.55e-55	211
1f4ef06d-5105-4f73-81d6-c7886c3c9bdd	NR_197695.1	97.581	124	1	2	1	124	943	1064	7.55e-55	211
dea84aba-46d6-4feb-bc2f-a270213f7a36	NR_024659.1	97.024	168	2	3	1	165	999	1166	2.84e-75	279
dea84aba-46d6-4feb-bc2f-a270213f7a36	NR_026471.1	97.024	168	2	3	1	165	1028	1195	2.84e-75	279
dea84aba-46d6-4feb-bc2f-a270213f7a36	NR_036918.1	97.024	168	2	3	1	165	1035	1202	2.84e-75	279
dea84aba-46d6-4feb-bc2f-a270213f7a36	NR_042776.1	97.024	168	2	3	1	165	1043	1210	2.84e-75	279
dea84aba-46d6-4feb-bc2f-a270213f7a36	NR_042777.1	97.024	168	2	3	1	165	1042	1209	2.84e-75	279
45c5fcc5-912d-499d-9899-f7c799b815d5	NR_044873.1	98.712	233	3	0	1	233	235	3	1.12e-115	414
45c5fcc5-912d-499d-9899-f7c799b815d5	NR_074568.1	98.283	233	4	0	1	233	246	14	5.21e-114	409
45c5fcc5-912d-499d-9899-f7c799b815d5	NR_044712.2	97.854	233	5	0	1	233	255	23	6.73e-113	405
45c5fcc5-912d-499d-9899-f7c799b815d5	NR_179993.1	93.590	234	14	1	1	233	247	14	1.15e-95	348
45c5fcc5-912d-499d-9899-f7c799b815d5	NR_109752.1	93.162	234	15	1	1	233	257	24	5.35e-94	342
f9ab0a09-199c-4e72-988c-76f821094c6f	NR_025892.1	94.012	167	6	4	4	166	224	58	6.89e-67	252
f9ab0a09-199c-4e72-988c-76f821094c6f	NR_117694.1	94.012	167	6	4	4	166	198	32	2.48e-66	250
f9ab0a09-199c-4e72-988c-76f821094c6f	NR_041989.1	94.872	156	4	4	4	155	156	1	1.49e-63	241
f9ab0a09-199c-4e72-988c-76f821094c6f	NR_117692.1	91.018	167	11	3	4	166	198	32	5.40e-58	222
f9ab0a09-199c-4e72-988c-76f821094c6f	NR_025902.1	90.476	168	11	4	4	166	176	9	2.51e-56	217
d086c678-5bb2-46b2-ac00-31ef553bece3	NR_136788.1	99.587	242	1	0	1	242	254	13	5.32e-124	442
d086c678-5bb2-46b2-ac00-31ef553bece3	NR_113082.1	97.107	242	7	0	1	242	254	13	5.40e-114	409
d086c678-5bb2-46b2-ac00-31ef553bece3	NR_026230.1	93.103	232	16	0	1	232	232	1	1.98e-98	357
d086c678-5bb2-46b2-ac00-31ef553bece3	NR_074234.1	89.388	245	20	6	1	242	261	20	2.62e-82	303
d086c678-5bb2-46b2-ac00-31ef553bece3	NR_113086.1	89.388	245	20	6	1	242	254	13	2.62e-82	303
ac261196-f696-4ce0-a068-57d510050bfd	NR_074980.1	96.296	135	3	2	1	134	152	19	1.45e-57	220
ac261196-f696-4ce0-a068-57d510050bfd	NR_113031.1	96.296	135	3	2	1	134	152	19	1.45e-57	220
ac261196-f696-4ce0-a068-57d510050bfd	NR_163639.1	96.296	135	3	2	1	134	144	11	1.45e-57	220
ac261196-f696-4ce0-a068-57d510050bfd	NR_119170.1	96.923	130	3	1	1	129	130	1	5.22e-57	219
ac261196-f696-4ce0-a068-57d510050bfd	NR_117759.1	97.638	127	2	1	1	126	128	2	1.88e-56	217
1fb42b90-b100-4632-8f94-e68eebf64907	NR_024842.1	93.925	214	7	4	1	210	1231	1020	8.18e-87	318
1fb42b90-b100-4632-8f94-e68eebf64907	NR_028664.1	93.925	214	7	4	1	210	1237	1026	8.18e-87	318
1fb42b90-b100-4632-8f94-e68eebf64907	NR_042928.1	93.925	214	7	4	1	210	1214	1003	8.18e-87	318
1fb42b90-b100-4632-8f94-e68eebf64907	NR_114172.1	93.925	214	7	4	1	210	1214	1003	8.18e-87	318
1fb42b90-b100-4632-8f94-e68eebf64907	NR_115240.1	93.925	214	7	4	1	210	1214	1003	8.18e-87	318
b38f2aca-897f-4f35-9943-098d4bcbf134	NR_199545.1	97.110	173	2	3	1	172	185	15	5.05e-78	289
b38f2aca-897f-4f35-9943-098d4bcbf134	NR_179385.1	96.532	173	3	3	1	172	189	19	2.35e-76	283
b38f2aca-897f-4f35-9943-098d4bcbf134	NR_024841.1	98.125	160	2	1	14	172	168	9	1.09e-74	278
b38f2aca-897f-4f35-9943-098d4bcbf134	NR_118234.1	97.546	163	3	1	14	175	171	9	1.09e-74	278
b38f2aca-897f-4f35-9943-098d4bcbf134	NR_165741.1	95.954	173	4	3	1	172	174	4	1.09e-74	278
d9ce7118-14f3-4edf-8633-1dc87f9b2e26	NR_028682.1	96.859	191	4	2	1	189	1418	1228	7.75e-87	318
d9ce7118-14f3-4edf-8633-1dc87f9b2e26	NR_179652.1	96.335	191	5	2	1	189	1421	1231	3.61e-85	313
d9ce7118-14f3-4edf-8633-1dc87f9b2e26	NR_025863.1	97.778	180	2	2	12	189	1411	1232	1.30e-84	311
d9ce7118-14f3-4edf-8633-1dc87f9b2e26	NR_026393.1	94.764	191	8	2	1	189	1396	1206	3.63e-80	296
d9ce7118-14f3-4edf-8633-1dc87f9b2e26	NR_026487.1	94.764	191	8	2	1	189	1389	1199	3.63e-80	296
b31630c3-bec4-4b45-96cb-4cd13437918a	NR_026295.1	94.595	74	2	2	1	72	1302	1229	1.22e-25	113
b31630c3-bec4-4b45-96cb-4cd13437918a	NR_025615.1	94.595	74	2	2	1	72	1314	1241	1.22e-25	113
b31630c3-bec4-4b45-96cb-4cd13437918a	NR_036769.1	94.595	74	2	2	1	72	1340	1267	1.22e-25	113
b31630c3-bec4-4b45-96cb-4cd13437918a	NR_036884.1	94.595	74	2	2	1	72	1251	1178	1.22e-25	113
b31630c3-bec4-4b45-96cb-4cd13437918a	NR_036972.1	94.595	74	2	2	1	72	1328	1255	1.22e-25	113
a3af17ed-8cba-47ea-9818-d2d5c0556bb1	NR_042052.1	98.104	211	1	3	1	209	1193	1402	1.01e-100	364
a3af17ed-8cba-47ea-9818-d2d5c0556bb1	NR_042776.1	98.104	211	1	3	1	209	1295	1504	1.01e-100	364
a3af17ed-8cba-47ea-9818-d2d5c0556bb1	NR_042777.1	98.104	211	1	3	1	209	1294	1503	1.01e-100	364
a3af17ed-8cba-47ea-9818-d2d5c0556bb1	NR_114642.1	98.104	211	1	3	1	209	1252	1461	1.01e-100	364
a3af17ed-8cba-47ea-9818-d2d5c0556bb1	NR_134817.1	98.104	211	1	3	1	209	1283	1492	1.01e-100	364
6f84e0ad-c229-4711-9270-865c5226d7da	NR_025902.1	100.000	88	0	0	5	92	1422	1335	1.56e-40	163
6f84e0ad-c229-4711-9270-865c5226d7da	NR_028844.1	100.000	88	0	0	5	92	1453	1366	1.56e-40	163
6f84e0ad-c229-4711-9270-865c5226d7da	NR_040933.1	100.000	88	0	0	5	92	1466	1379	1.56e-40	163
6f84e0ad-c229-4711-9270-865c5226d7da	NR_104944.1	100.000	88	0	0	5	92	1405	1318	1.56e-40	163
6f84e0ad-c229-4711-9270-865c5226d7da	NR_104947.1	100.000	88	0	0	5	92	1417	1330	1.56e-40	163
70da96ec-9e05-4649-a84c-0d6c5683f94f	NR_028664.1	94.891	137	4	3	1	134	152	16	8.28e-55	211
70da96ec-9e05-4649-a84c-0d6c5683f94f	NR_115560.1	94.891	137	4	3	1	134	149	13	8.28e-55	211
70da96ec-9e05-4649-a84c-0d6c5683f94f	NR_028665.1	94.161	137	5	3	1	134	146	10	3.85e-53	206
70da96ec-9e05-4649-a84c-0d6c5683f94f	NR_117719.1	94.161	137	5	3	1	134	149	13	3.85e-53	206
70da96ec-9e05-4649-a84c-0d6c5683f94f	NR_165744.1	94.161	137	5	3	1	134	138	2	3.85e-53	206
50ec5b6a-0558-43a7-b65f-c8825f83929e	NR_028664.1	93.333	165	8	3	1	162	183	19	1.38e-63	241
50ec5b6a-0558-43a7-b65f-c8825f83929e	NR_028665.1	93.333	165	8	3	1	162	177	13	1.38e-63	241
50ec5b6a-0558-43a7-b65f-c8825f83929e	NR_115560.1	92.442	172	8	4	1	169	180	11	1.38e-63	241
50ec5b6a-0558-43a7-b65f-c8825f83929e	NR_179383.1	93.333	165	8	3	1	162	187	23	1.38e-63	241
50ec5b6a-0558-43a7-b65f-c8825f83929e	NR_114172.1	93.750	160	7	3	1	157	160	1	1.78e-62	237
083cb9a0-92bb-4a74-8579-4fd9ecf24d1b	NR_136788.1	100.000	102	0	0	1	102	1282	1181	2.84e-48	189
083cb9a0-92bb-4a74-8579-4fd9ecf24d1b	NR_109439.1	98.039	102	2	0	1	102	1279	1178	6.16e-45	178
083cb9a0-92bb-4a74-8579-4fd9ecf24d1b	NR_117913.1	98.039	102	2	0	1	102	1271	1170	6.16e-45	178
083cb9a0-92bb-4a74-8579-4fd9ecf24d1b	NR_026136.1	98.000	100	2	0	3	102	1262	1163	7.96e-44	174
083cb9a0-92bb-4a74-8579-4fd9ecf24d1b	NR_113080.1	98.000	100	2	0	3	102	1282	1183	7.96e-44	174
6041e83a-dd4e-4209-9205-1db47b208473	NR_042843.1	88.710	186	4	9	54	225	460	278	1.52e-54	211
6041e83a-dd4e-4209-9205-1db47b208473	NR_102895.1	88.710	186	4	9	54	225	488	306	1.52e-54	211
6041e83a-dd4e-4209-9205-1db47b208473	NR_113113.1	88.710	186	4	9	54	225	468	286	1.52e-54	211
6041e83a-dd4e-4209-9205-1db47b208473	NR_102887.1	93.333	135	4	4	93	225	425	294	1.53e-49	195
6041e83a-dd4e-4209-9205-1db47b208473	NR_041313.1	92.593	135	5	4	93	225	428	297	7.14e-48	189
94572376-e0ff-4fea-a060-d51690c638de	NR_179383.1	92.116	241	12	6	4	242	252	17	3.31e-91	333
94572376-e0ff-4fea-a060-d51690c638de	NR_028664.1	91.701	241	13	6	4	242	248	13	1.54e-89	327
94572376-e0ff-4fea-a060-d51690c638de	NR_115560.1	91.983	237	13	5	4	239	245	14	1.54e-89	327
94572376-e0ff-4fea-a060-d51690c638de	NR_165744.1	91.983	237	13	5	4	239	234	3	1.54e-89	327
94572376-e0ff-4fea-a060-d51690c638de	NR_199545.1	91.701	241	13	6	4	242	245	10	1.54e-89	327
ff3d633f-edbd-4565-83a3-8b6a2c7e5698	NR_044682.2	97.115	104	1	2	1	104	19	120	8.06e-44	174
ff3d633f-edbd-4565-83a3-8b6a2c7e5698	NR_156993.1	97.115	104	1	2	1	104	8	109	8.06e-44	174
ff3d633f-edbd-4565-83a3-8b6a2c7e5698	NR_025073.1	97.087	103	1	2	1	103	16	116	2.90e-43	172
ff3d633f-edbd-4565-83a3-8b6a2c7e5698	NR_104930.1	97.059	102	1	2	3	104	1	100	1.04e-42	171
ff3d633f-edbd-4565-83a3-8b6a2c7e5698	NR_118756.1	96.154	104	2	2	1	104	18	119	1.04e-42	171
e8197422-72be-4d74-bf56-12d5e10366a2	NR_026419.1	95.926	270	4	5	1	264	1234	966	1.27e-120	431
e8197422-72be-4d74-bf56-12d5e10366a2	NR_133752.1	94.444	270	8	5	1	264	1171	903	5.94e-114	409
e8197422-72be-4d74-bf56-12d5e10366a2	NR_133753.1	94.444	270	8	5	1	264	1200	932	5.94e-114	409
e8197422-72be-4d74-bf56-12d5e10366a2	NR_025904.1	94.444	270	8	5	1	264	1245	977	5.94e-114	409
e8197422-72be-4d74-bf56-12d5e10366a2	NR_025903.1	94.444	270	8	5	1	264	1246	978	5.94e-114	409
0f2acdb1-35f8-4c7f-95a0-482855c1413b	NR_042776.1	96.203	237	3	1	1	237	1469	1239	3.18e-106	383
0f2acdb1-35f8-4c7f-95a0-482855c1413b	NR_042777.1	96.203	237	3	1	1	237	1468	1238	3.18e-106	383
0f2acdb1-35f8-4c7f-95a0-482855c1413b	NR_042778.1	95.781	237	4	1	1	237	1469	1239	1.48e-104	377
0f2acdb1-35f8-4c7f-95a0-482855c1413b	NR_118998.1	95.781	237	4	1	1	237	1463	1233	1.48e-104	377
0f2acdb1-35f8-4c7f-95a0-482855c1413b	NR_042052.1	95.359	237	5	1	1	237	1367	1137	6.89e-103	372
ba0f4d1d-3d8a-4bc7-8856-3bfb18ddb7e4	NR_044912.1	97.207	179	1	4	1	178	1254	1429	2.46e-81	300
ba0f4d1d-3d8a-4bc7-8856-3bfb18ddb7e4	NR_134817.1	97.207	179	1	4	1	178	1312	1487	2.46e-81	300
ba0f4d1d-3d8a-4bc7-8856-3bfb18ddb7e4	NR_179540.1	97.207	179	1	4	1	178	1317	1492	2.46e-81	300
ba0f4d1d-3d8a-4bc7-8856-3bfb18ddb7e4	NR_024842.1	96.648	179	2	4	1	178	1314	1489	1.14e-79	294
ba0f4d1d-3d8a-4bc7-8856-3bfb18ddb7e4	NR_042052.1	96.648	179	2	4	1	178	1222	1397	1.14e-79	294
1e4847bc-1135-4119-914e-eaeaea6f954f	NR_042776.1	97.890	237	3	2	17	253	264	30	6.06e-114	409
1e4847bc-1135-4119-914e-eaeaea6f954f	NR_042778.1	97.890	237	3	2	17	253	264	30	6.06e-114	409
1e4847bc-1135-4119-914e-eaeaea6f954f	NR_118998.1	97.845	232	3	2	17	248	259	30	1.01e-111	401
1e4847bc-1135-4119-914e-eaeaea6f954f	NR_042777.1	97.046	237	5	2	17	253	264	30	1.31e-110	398
1e4847bc-1135-4119-914e-eaeaea6f954f	NR_197695.1	96.203	237	7	1	17	253	263	29	2.84e-107	387
74cfa7bc-0509-424d-b0e8-1778a9456efe	NR_036979.1	93.069	101	6	1	10	109	1359	1259	2.01e-35	147
74cfa7bc-0509-424d-b0e8-1778a9456efe	NR_119086.1	93.069	101	6	1	10	109	1375	1275	2.01e-35	147
74cfa7bc-0509-424d-b0e8-1778a9456efe	NR_136466.1	92.308	104	6	2	10	111	1381	1278	2.01e-35	147
74cfa7bc-0509-424d-b0e8-1778a9456efe	NR_151898.1	93.069	101	6	1	10	109	1359	1259	2.01e-35	147
74cfa7bc-0509-424d-b0e8-1778a9456efe	NR_037101.1	92.233	103	7	1	10	111	1366	1264	7.23e-35	145
4855243c-6ad4-462c-99b7-6b951985837c	NR_024841.1	95.312	128	2	4	3	128	451	576	1.70e-51	200
4855243c-6ad4-462c-99b7-6b951985837c	NR_028664.1	94.656	131	3	4	1	128	454	583	1.70e-51	200
4855243c-6ad4-462c-99b7-6b951985837c	NR_028665.1	94.656	131	3	4	1	128	448	577	1.70e-51	200
4855243c-6ad4-462c-99b7-6b951985837c	NR_028666.1	95.312	128	2	4	3	128	461	586	1.70e-51	200
4855243c-6ad4-462c-99b7-6b951985837c	NR_042771.1	94.656	131	3	4	1	128	451	580	1.70e-51	200
60c81160-1c96-40d7-bef4-5bb6ece8f4c2	NR_024659.1	97.333	75	1	1	1	74	587	513	1.43e-29	126
60c81160-1c96-40d7-bef4-5bb6ece8f4c2	NR_036936.1	97.333	75	1	1	1	74	606	532	1.43e-29	126
60c81160-1c96-40d7-bef4-5bb6ece8f4c2	NR_109720.1	97.333	75	1	1	1	74	600	526	1.43e-29	126
60c81160-1c96-40d7-bef4-5bb6ece8f4c2	NR_115241.1	97.333	75	1	1	1	74	606	532	1.43e-29	126
60c81160-1c96-40d7-bef4-5bb6ece8f4c2	NR_115735.1	97.333	75	1	1	1	74	597	523	1.43e-29	126
49197df2-bf3e-43e1-9502-cdd4cb2c6a1b	NR_043332.1	95.614	114	3	2	1	112	1341	1228	5.34e-46	182
49197df2-bf3e-43e1-9502-cdd4cb2c6a1b	NR_074980.1	95.614	114	3	2	1	112	1368	1255	5.34e-46	182
49197df2-bf3e-43e1-9502-cdd4cb2c6a1b	NR_113031.1	95.614	114	3	2	1	112	1368	1255	5.34e-46	182
49197df2-bf3e-43e1-9502-cdd4cb2c6a1b	NR_113570.1	95.614	114	3	2	1	112	1348	1235	5.34e-46	182
49197df2-bf3e-43e1-9502-cdd4cb2c6a1b	NR_117759.1	95.614	114	3	2	1	112	1344	1231	5.34e-46	182
f7b86046-7042-46f0-8f9d-8d449d463bb6	NR_042928.1	94.769	325	5	11	1	318	325	6	5.56e-140	496
f7b86046-7042-46f0-8f9d-8d449d463bb6	NR_112026.1	95.208	313	5	9	1	308	308	1	3.34e-137	486
f7b86046-7042-46f0-8f9d-8d449d463bb6	NR_036936.1	93.333	330	11	10	1	322	327	1	5.60e-135	479
f7b86046-7042-46f0-8f9d-8d449d463bb6	NR_114537.1	94.304	316	10	7	1	311	314	2	2.01e-134	477
f7b86046-7042-46f0-8f9d-8d449d463bb6	NR_199547.1	95.114	307	6	8	1	302	305	3	7.24e-134	475
c11e0a95-1065-4712-9c19-0f0145f074aa	NR_180653.1	100.000	70	0	0	1	70	1479	1410	1.04e-30	130
c11e0a95-1065-4712-9c19-0f0145f074aa	NR_037101.1	98.571	70	1	0	1	70	1467	1398	4.86e-29	124
c11e0a95-1065-4712-9c19-0f0145f074aa	NR_036936.1	98.571	70	1	0	1	70	1467	1398	4.86e-29	124
c11e0a95-1065-4712-9c19-0f0145f074aa	NR_040821.1	98.571	70	1	0	1	70	1467	1398	4.86e-29	124
c11e0a95-1065-4712-9c19-0f0145f074aa	NR_025729.1	98.571	70	1	0	1	70	1485	1416	4.86e-29	124
35a33528-2656-4839-b947-dd6b71e500d7	NR_037101.1	97.590	83	1	1	1	83	1417	1336	6.21e-34	141
35a33528-2656-4839-b947-dd6b71e500d7	NR_024841.1	97.590	83	1	1	1	83	1431	1350	6.21e-34	141
35a33528-2656-4839-b947-dd6b71e500d7	NR_024842.1	97.590	83	1	1	1	83	1432	1351	6.21e-34	141
35a33528-2656-4839-b947-dd6b71e500d7	NR_024904.1	97.590	83	1	1	1	83	1443	1362	6.21e-34	141
35a33528-2656-4839-b947-dd6b71e500d7	NR_025609.1	97.590	83	1	1	1	83	1366	1285	6.21e-34	141
45450c50-8dc7-44fb-9aa0-f798034da40d	NR_024842.1	92.377	223	6	6	1	215	225	6	1.77e-83	307
45450c50-8dc7-44fb-9aa0-f798034da40d	NR_115241.1	92.019	213	6	6	1	205	210	1	6.41e-78	289
45450c50-8dc7-44fb-9aa0-f798034da40d	NR_115735.1	91.667	204	6	6	1	196	201	1	6.46e-73	272
45450c50-8dc7-44fb-9aa0-f798034da40d	NR_114413.1	87.892	223	16	6	1	215	233	14	8.41e-67	252
45450c50-8dc7-44fb-9aa0-f798034da40d	NR_117425.1	88.372	215	16	4	1	208	213	1	3.03e-66	250
3c9dbb8e-cd6f-4a2b-95ed-5a1d628784cf	NR_042776.1	97.647	170	3	1	1	170	186	18	1.37e-78	291
3c9dbb8e-cd6f-4a2b-95ed-5a1d628784cf	NR_042778.1	97.647	170	3	1	1	170	186	18	1.37e-78	291
3c9dbb8e-cd6f-4a2b-95ed-5a1d628784cf	NR_042777.1	97.605	167	3	1	4	170	183	18	6.36e-77	285
3c9dbb8e-cd6f-4a2b-95ed-5a1d628784cf	NR_197695.1	97.041	169	4	1	2	170	184	17	2.29e-76	283
3c9dbb8e-cd6f-4a2b-95ed-5a1d628784cf	NR_118234.1	96.491	171	4	2	1	171	177	9	8.23e-76	281
88ebc77e-a29a-4efa-b3ad-9044ed48f7e2	NR_179385.1	94.545	165	8	1	3	166	181	17	1.76e-67	254
88ebc77e-a29a-4efa-b3ad-9044ed48f7e2	NR_165741.1	93.939	165	9	1	3	166	166	2	8.17e-66	248
88ebc77e-a29a-4efa-b3ad-9044ed48f7e2	NR_199545.1	93.939	165	9	1	3	166	177	13	8.17e-66	248
88ebc77e-a29a-4efa-b3ad-9044ed48f7e2	NR_028665.1	93.293	164	10	1	4	166	173	10	1.37e-63	241
88ebc77e-a29a-4efa-b3ad-9044ed48f7e2	NR_042771.1	93.750	160	9	1	8	166	172	13	4.92e-63	239
4b65ddbe-f303-4f62-b08f-dc760c29f08d	NR_118905.1	95.327	107	2	1	10	113	905	1011	1.62e-41	167
4b65ddbe-f303-4f62-b08f-dc760c29f08d	NR_119224.1	95.327	107	2	1	10	113	796	902	1.62e-41	167
4b65ddbe-f303-4f62-b08f-dc760c29f08d	NR_042140.1	93.162	117	3	2	10	121	871	987	1.62e-41	167
4b65ddbe-f303-4f62-b08f-dc760c29f08d	NR_118876.1	95.327	107	2	1	10	113	928	1034	1.62e-41	167
4b65ddbe-f303-4f62-b08f-dc760c29f08d	NR_118906.1	95.327	107	2	1	10	113	905	1011	1.62e-41	167
67ab8888-be04-435c-90a5-13b15f574861	NR_041880.1	94.231	104	0	3	1	98	1395	1292	1.02e-37	154
67ab8888-be04-435c-90a5-13b15f574861	NR_043332.1	94.231	104	0	3	1	98	1439	1336	1.02e-37	154
67ab8888-be04-435c-90a5-13b15f574861	NR_074980.1	94.231	104	0	3	1	98	1466	1363	1.02e-37	154
67ab8888-be04-435c-90a5-13b15f574861	NR_113031.1	94.231	104	0	3	1	98	1466	1363	1.02e-37	154
67ab8888-be04-435c-90a5-13b15f574861	NR_113570.1	94.231	104	0	3	1	98	1446	1343	1.02e-37	154
70db8515-7e41-4768-a80c-d9efbdf2eaf0	NR_028682.1	96.124	129	2	3	1	127	138	11	1.02e-53	207
70db8515-7e41-4768-a80c-d9efbdf2eaf0	NR_025862.1	96.032	126	2	3	1	124	138	14	3.68e-53	206
70db8515-7e41-4768-a80c-d9efbdf2eaf0	NR_025863.1	87.786	131	7	9	1	124	142	14	8.14e-35	145
70db8515-7e41-4768-a80c-d9efbdf2eaf0	NR_042695.1	88.034	117	10	4	11	124	117	2	4.90e-32	135
70db8515-7e41-4768-a80c-d9efbdf2eaf0	NR_075014.2	87.500	120	11	4	11	127	136	18	4.90e-32	135
a57a4c28-8ef4-400a-800a-a7570d7dff9a	NR_026419.1	93.248	311	11	8	2	303	1172	1481	4.09e-126	449
a57a4c28-8ef4-400a-800a-a7570d7dff9a	NR_025904.1	91.640	311	15	9	2	303	1183	1491	3.20e-117	420
a57a4c28-8ef4-400a-800a-a7570d7dff9a	NR_025903.1	91.640	311	15	9	2	303	1184	1492	3.20e-117	420
a57a4c28-8ef4-400a-800a-a7570d7dff9a	NR_133752.1	92.759	290	12	7	2	283	1109	1397	1.93e-114	411
a57a4c28-8ef4-400a-800a-a7570d7dff9a	NR_133753.1	92.759	290	12	7	2	283	1138	1426	1.93e-114	411
7102f882-f5ce-4332-a9ff-cbc69c31898e	NR_025892.1	94.538	238	7	5	1	234	254	19	1.14e-100	364
7102f882-f5ce-4332-a9ff-cbc69c31898e	NR_117694.1	94.783	230	6	4	1	226	228	1	2.47e-97	353
7102f882-f5ce-4332-a9ff-cbc69c31898e	NR_121687.1	92.050	239	11	7	1	234	248	13	4.17e-90	329
7102f882-f5ce-4332-a9ff-cbc69c31898e	NR_117717.1	91.597	238	14	4	1	234	249	14	1.94e-88	324
7102f882-f5ce-4332-a9ff-cbc69c31898e	NR_121688.1	91.597	238	14	4	1	234	248	13	1.94e-88	324
defbbfbd-4c89-4f21-b549-bd22b57c2cd8	NR_115241.1	90.909	264	17	7	2	260	61	322	1.30e-95	348
defbbfbd-4c89-4f21-b549-bd22b57c2cd8	NR_024842.1	90.530	264	18	7	2	260	76	337	1.68e-94	344
defbbfbd-4c89-4f21-b549-bd22b57c2cd8	NR_115735.1	90.566	265	17	8	2	260	51	313	1.68e-94	344
defbbfbd-4c89-4f21-b549-bd22b57c2cd8	NR_116211.1	91.498	247	15	6	18	260	1	245	1.01e-91	335
defbbfbd-4c89-4f21-b549-bd22b57c2cd8	NR_117425.1	90.909	253	17	6	12	260	75	325	1.01e-91	335
865bb32e-5979-4c0f-8381-459e1ec40197	NR_041989.1	94.737	209	5	4	1	205	548	342	2.18e-87	320
865bb32e-5979-4c0f-8381-459e1ec40197	NR_104947.1	93.301	209	8	4	1	205	563	357	2.19e-82	303
865bb32e-5979-4c0f-8381-459e1ec40197	NR_117717.1	93.301	209	8	4	1	205	611	405	2.19e-82	303
865bb32e-5979-4c0f-8381-459e1ec40197	NR_121688.1	93.301	209	8	4	1	205	610	404	2.19e-82	303
865bb32e-5979-4c0f-8381-459e1ec40197	NR_117696.1	93.301	209	8	4	1	205	577	371	2.19e-82	303
15943535-ae5f-4b42-b172-48098432980a	NR_024842.1	92.958	284	8	9	1	274	1487	1206	2.86e-112	403
15943535-ae5f-4b42-b172-48098432980a	NR_042052.1	91.901	284	11	9	1	274	1395	1114	2.88e-107	387
15943535-ae5f-4b42-b172-48098432980a	NR_134817.1	91.901	284	11	9	1	274	1485	1204	2.88e-107	387
15943535-ae5f-4b42-b172-48098432980a	NR_179540.1	91.901	284	11	9	1	274	1490	1209	2.88e-107	387
15943535-ae5f-4b42-b172-48098432980a	NR_115730.1	91.873	283	11	9	2	274	1451	1171	1.04e-106	385
a27e6d50-8743-43f8-b8f3-db5fca45b044	NR_041879.1	90.909	66	3	3	64	127	1234	1170	5.00e-17	86.1
a27e6d50-8743-43f8-b8f3-db5fca45b044	NR_115355.1	90.909	66	3	3	64	127	1276	1212	5.00e-17	86.1
a27e6d50-8743-43f8-b8f3-db5fca45b044	NR_119169.1	90.909	66	3	3	64	127	1281	1217	5.00e-17	86.1
a27e6d50-8743-43f8-b8f3-db5fca45b044	NR_163639.1	90.909	66	3	3	64	127	1291	1227	5.00e-17	86.1
a27e6d50-8743-43f8-b8f3-db5fca45b044	NR_179325.1	90.909	66	3	3	64	127	1250	1186	5.00e-17	86.1
6c02ef85-ad86-4b78-a888-637b5ac4b708	NR_040821.1	96.234	239	5	2	1	235	1237	1475	6.91e-108	388
6c02ef85-ad86-4b78-a888-637b5ac4b708	NR_024634.1	96.234	239	5	2	1	235	1248	1486	6.91e-108	388
6c02ef85-ad86-4b78-a888-637b5ac4b708	NR_025148.1	96.234	239	5	2	1	235	1257	1495	6.91e-108	388
6c02ef85-ad86-4b78-a888-637b5ac4b708	NR_027517.1	96.234	239	5	2	1	235	1257	1495	6.91e-108	388
6c02ef85-ad86-4b78-a888-637b5ac4b708	NR_040820.1	96.234	239	5	2	1	235	1237	1475	6.91e-108	388
b23f7197-7c16-4683-8a4c-ee1b2ef6aa8c	NR_024842.1	98.936	188	1	1	4	190	1307	1494	7.02e-92	335
b23f7197-7c16-4683-8a4c-ee1b2ef6aa8c	NR_042052.1	98.936	188	1	1	4	190	1215	1402	7.02e-92	335
b23f7197-7c16-4683-8a4c-ee1b2ef6aa8c	NR_042776.1	98.936	188	1	1	4	190	1317	1504	7.02e-92	335
b23f7197-7c16-4683-8a4c-ee1b2ef6aa8c	NR_042777.1	98.936	188	1	1	4	190	1316	1503	7.02e-92	335
b23f7197-7c16-4683-8a4c-ee1b2ef6aa8c	NR_114642.1	98.936	188	1	1	4	190	1274	1461	7.02e-92	335
39231cec-48a8-44eb-be38-a58e7e0a8aa0	NR_199545.1	98.214	168	2	1	1	168	179	13	3.75e-79	292
39231cec-48a8-44eb-be38-a58e7e0a8aa0	NR_115560.1	97.633	169	3	1	1	169	179	12	4.85e-78	289
39231cec-48a8-44eb-be38-a58e7e0a8aa0	NR_165744.1	97.633	169	3	1	1	169	168	1	4.85e-78	289
39231cec-48a8-44eb-be38-a58e7e0a8aa0	NR_028664.1	97.619	168	3	1	1	168	182	16	1.74e-77	287
39231cec-48a8-44eb-be38-a58e7e0a8aa0	NR_179383.1	97.619	168	3	1	1	168	186	20	1.74e-77	287
969ce27b-f908-42ed-b74c-f60b086c056b	NR_116168.1	97.244	254	5	2	1	252	1472	1219	4.58e-120	429
969ce27b-f908-42ed-b74c-f60b086c056b	NR_118762.1	97.244	254	5	2	1	252	1474	1221	4.58e-120	429
969ce27b-f908-42ed-b74c-f60b086c056b	NR_115136.1	95.276	254	10	2	1	252	1457	1204	9.98e-112	401
969ce27b-f908-42ed-b74c-f60b086c056b	NR_115137.1	95.276	254	10	2	1	252	1457	1204	9.98e-112	401
969ce27b-f908-42ed-b74c-f60b086c056b	NR_115138.1	95.276	254	10	2	1	252	1457	1204	9.98e-112	401
26cbc730-ab0e-4b19-9127-8c8a9d553d7f	NR_025762.1	92.208	154	3	8	1	145	1015	862	3.30e-54	209
26cbc730-ab0e-4b19-9127-8c8a9d553d7f	NR_041879.1	92.208	154	3	8	1	145	994	841	3.30e-54	209
26cbc730-ab0e-4b19-9127-8c8a9d553d7f	NR_113570.1	92.208	154	3	8	1	145	1044	891	3.30e-54	209
26cbc730-ab0e-4b19-9127-8c8a9d553d7f	NR_115355.1	92.208	154	3	8	1	145	1037	884	3.30e-54	209
26cbc730-ab0e-4b19-9127-8c8a9d553d7f	NR_119169.1	92.208	154	3	8	1	145	1042	889	3.30e-54	209
d04f6e07-a63b-41aa-80bb-bac59cfa987b	NR_043332.1	98.165	109	0	2	4	111	132	25	4.23e-48	189
d04f6e07-a63b-41aa-80bb-bac59cfa987b	NR_074980.1	98.165	109	0	2	4	111	159	52	4.23e-48	189
d04f6e07-a63b-41aa-80bb-bac59cfa987b	NR_113031.1	98.165	109	0	2	4	111	159	52	4.23e-48	189
d04f6e07-a63b-41aa-80bb-bac59cfa987b	NR_115354.1	98.165	109	0	2	4	111	132	25	4.23e-48	189
d04f6e07-a63b-41aa-80bb-bac59cfa987b	NR_115355.1	98.165	109	0	2	4	111	132	25	4.23e-48	189
98c60872-ca0a-403a-95fc-5091edfbb44a	NR_037096.1	97.059	136	3	1	1	136	1390	1256	8.30e-60	228
98c60872-ca0a-403a-95fc-5091edfbb44a	NR_037101.1	96.350	137	3	2	1	136	1393	1258	1.07e-58	224
98c60872-ca0a-403a-95fc-5091edfbb44a	NR_040821.1	96.350	137	3	2	1	136	1393	1258	1.07e-58	224
98c60872-ca0a-403a-95fc-5091edfbb44a	NR_042052.1	96.350	137	3	2	1	136	1316	1181	1.07e-58	224
98c60872-ca0a-403a-95fc-5091edfbb44a	NR_025630.1	96.350	137	3	2	1	136	1392	1257	1.07e-58	224
9b3925dc-3bbe-4aca-8359-308126effd73	NR_025904.1	91.824	159	7	6	1	153	164	6	2.10e-56	217
9b3925dc-3bbe-4aca-8359-308126effd73	NR_026419.1	92.105	152	6	6	1	146	152	1	3.51e-54	209
9b3925dc-3bbe-4aca-8359-308126effd73	NR_025903.1	90.566	159	9	6	1	153	165	7	4.54e-53	206
9b3925dc-3bbe-4aca-8359-308126effd73	NR_133753.1	94.958	119	4	2	1	117	119	1	5.92e-47	185
9b3925dc-3bbe-4aca-8359-308126effd73	NR_036920.1	86.875	160	11	9	1	153	159	3	1.66e-42	171
e49a83f1-71ee-4e3b-bfdc-2490ad0db1bf	NR_115560.1	96.124	129	1	3	1	129	136	12	1.02e-53	207
e49a83f1-71ee-4e3b-bfdc-2490ad0db1bf	NR_113561.1	96.094	128	3	2	1	128	138	13	1.02e-53	207
e49a83f1-71ee-4e3b-bfdc-2490ad0db1bf	NR_028664.1	96.094	128	1	3	1	128	139	16	3.68e-53	206
e49a83f1-71ee-4e3b-bfdc-2490ad0db1bf	NR_179385.1	96.094	128	1	3	1	128	140	17	3.68e-53	206
e49a83f1-71ee-4e3b-bfdc-2490ad0db1bf	NR_199545.1	96.094	128	1	3	1	128	136	13	3.68e-53	206
b8331e8f-5b13-4f18-bdf5-9a9ac29ff538	NR_042776.1	90.947	243	12	8	5	240	257	18	9.24e-87	318
b8331e8f-5b13-4f18-bdf5-9a9ac29ff538	NR_042778.1	90.947	243	12	8	5	240	257	18	9.24e-87	318
b8331e8f-5b13-4f18-bdf5-9a9ac29ff538	NR_118998.1	90.123	243	14	8	5	240	252	13	5.56e-84	309
b8331e8f-5b13-4f18-bdf5-9a9ac29ff538	NR_042777.1	90.123	243	14	7	5	240	257	18	2.00e-83	307
b8331e8f-5b13-4f18-bdf5-9a9ac29ff538	NR_197695.1	88.889	243	17	7	5	240	256	17	2.01e-78	291
fa4e0a55-84b2-4970-a03b-b7908b805f1e	NR_041780.1	89.247	93	3	5	1	86	95	3	1.81e-24	110
fa4e0a55-84b2-4970-a03b-b7908b805f1e	NR_115560.1	89.130	92	3	5	1	86	102	12	6.49e-24	108
fa4e0a55-84b2-4970-a03b-b7908b805f1e	NR_165744.1	89.130	92	3	5	1	86	91	1	6.49e-24	108
fa4e0a55-84b2-4970-a03b-b7908b805f1e	NR_028664.1	89.011	91	3	5	1	85	105	16	2.34e-23	106
fa4e0a55-84b2-4970-a03b-b7908b805f1e	NR_028665.1	89.011	91	3	5	1	85	99	10	2.34e-23	106
6761f06e-7ef8-4842-8a1f-6c3da7d425c3	NR_028682.1	93.243	222	11	4	8	227	1236	1017	1.86e-88	324
6761f06e-7ef8-4842-8a1f-6c3da7d425c3	NR_042500.1	93.458	214	10	4	8	219	1166	955	1.12e-85	315
6761f06e-7ef8-4842-8a1f-6c3da7d425c3	NR_025862.1	92.342	222	13	4	8	227	1235	1016	4.02e-85	313
6761f06e-7ef8-4842-8a1f-6c3da7d425c3	NR_114365.1	92.342	222	13	4	8	227	1232	1013	4.02e-85	313
6761f06e-7ef8-4842-8a1f-6c3da7d425c3	NR_114385.1	92.342	222	13	4	8	227	1232	1013	4.02e-85	313
c9418e07-d0e2-4e80-be09-bc2395564c32	NR_028839.1	91.304	138	2	4	6	140	1172	1042	2.77e-45	180
c9418e07-d0e2-4e80-be09-bc2395564c32	NR_044091.1	91.304	138	2	4	6	140	1123	993	2.77e-45	180
c9418e07-d0e2-4e80-be09-bc2395564c32	NR_042940.1	90.580	138	3	4	6	140	1121	991	1.29e-43	174
c9418e07-d0e2-4e80-be09-bc2395564c32	NR_041879.1	88.406	138	6	4	6	140	1166	1036	1.30e-38	158
c9418e07-d0e2-4e80-be09-bc2395564c32	NR_179301.1	88.406	138	6	4	6	140	1227	1097	1.30e-38	158
9ff574b6-2fb8-47b8-9bef-7ebe20473345	NR_043332.1	100.000	94	0	0	1	94	1352	1445	7.09e-44	174
9ff574b6-2fb8-47b8-9bef-7ebe20473345	NR_074980.1	100.000	94	0	0	1	94	1379	1472	7.09e-44	174
9ff574b6-2fb8-47b8-9bef-7ebe20473345	NR_113031.1	100.000	94	0	0	1	94	1379	1472	7.09e-44	174
9ff574b6-2fb8-47b8-9bef-7ebe20473345	NR_113570.1	100.000	94	0	0	1	94	1359	1452	7.09e-44	174
9ff574b6-2fb8-47b8-9bef-7ebe20473345	NR_115354.1	100.000	94	0	0	1	94	1352	1445	7.09e-44	174
21cf343f-2e95-45a7-a446-04b424f3a595	NR_041879.1	99.138	116	0	1	1	116	1299	1185	9.29e-54	207
21cf343f-2e95-45a7-a446-04b424f3a595	NR_115355.1	99.138	116	0	1	1	116	1341	1227	9.29e-54	207
21cf343f-2e95-45a7-a446-04b424f3a595	NR_119169.1	99.138	116	0	1	1	116	1346	1232	9.29e-54	207
21cf343f-2e95-45a7-a446-04b424f3a595	NR_163639.1	99.138	116	0	1	1	116	1356	1242	9.29e-54	207
21cf343f-2e95-45a7-a446-04b424f3a595	NR_179325.1	99.138	116	0	1	1	116	1315	1201	9.29e-54	207
d28549c1-9bfc-4caf-ae2a-b21d5eba5274	NR_040821.1	92.369	249	7	9	1	239	1234	1480	1.52e-94	344
d28549c1-9bfc-4caf-ae2a-b21d5eba5274	NR_025148.1	92.369	249	7	9	1	239	1254	1500	1.52e-94	344
d28549c1-9bfc-4caf-ae2a-b21d5eba5274	NR_040820.1	92.369	249	7	9	1	239	1234	1480	1.52e-94	344
d28549c1-9bfc-4caf-ae2a-b21d5eba5274	NR_134818.1	92.369	249	7	9	1	239	1247	1493	1.52e-94	344
d28549c1-9bfc-4caf-ae2a-b21d5eba5274	NR_126177.1	92.369	249	7	9	1	239	1236	1482	1.52e-94	344
6c202fd3-b49c-49e7-978f-15d1b69261d0	NR_024842.1	95.238	126	2	4	4	126	1363	1487	2.28e-50	196
6c202fd3-b49c-49e7-978f-15d1b69261d0	NR_041706.1	95.238	126	2	4	4	126	1358	1482	2.28e-50	196
6c202fd3-b49c-49e7-978f-15d1b69261d0	NR_042052.1	95.238	126	2	4	4	126	1271	1395	2.28e-50	196
6c202fd3-b49c-49e7-978f-15d1b69261d0	NR_025625.1	95.238	126	2	4	4	126	1357	1481	2.28e-50	196
6c202fd3-b49c-49e7-978f-15d1b69261d0	NR_028705.1	95.238	126	2	4	4	126	1361	1485	2.28e-50	196
64d580f8-a28b-4425-911e-85f748e876da	NR_042776.1	93.496	123	3	2	1	118	88	210	7.28e-45	178
64d580f8-a28b-4425-911e-85f748e876da	NR_042778.1	93.496	123	3	2	1	118	88	210	7.28e-45	178
64d580f8-a28b-4425-911e-85f748e876da	NR_118998.1	92.683	123	4	2	1	118	83	205	9.42e-44	174
64d580f8-a28b-4425-911e-85f748e876da	NR_042777.1	91.870	123	5	2	1	118	88	210	1.58e-41	167
64d580f8-a28b-4425-911e-85f748e876da	NR_197695.1	91.057	123	6	2	1	118	87	209	7.33e-40	161
d823d5fa-62bd-4743-bd6b-b4f17b54ba28	NR_026419.1	91.716	338	21	7	1	333	1213	878	5.78e-130	462
d823d5fa-62bd-4743-bd6b-b4f17b54ba28	NR_133752.1	91.124	338	23	7	1	333	1150	815	1.25e-126	451
d823d5fa-62bd-4743-bd6b-b4f17b54ba28	NR_133753.1	91.124	338	23	7	1	333	1179	844	1.25e-126	451
d823d5fa-62bd-4743-bd6b-b4f17b54ba28	NR_025904.1	91.124	338	23	7	1	333	1224	889	1.25e-126	451
d823d5fa-62bd-4743-bd6b-b4f17b54ba28	NR_025903.1	91.124	338	23	7	1	333	1225	890	1.25e-126	451
71e8d794-d703-4ce4-b377-04bee4e01373	NR_026419.1	93.237	207	9	5	1	203	1269	1474	3.01e-81	300
71e8d794-d703-4ce4-b377-04bee4e01373	NR_025904.1	92.754	207	9	6	1	203	1280	1484	1.40e-79	294
71e8d794-d703-4ce4-b377-04bee4e01373	NR_025903.1	91.787	207	11	6	1	203	1281	1485	3.03e-76	283
71e8d794-d703-4ce4-b377-04bee4e01373	NR_026420.1	90.732	205	15	4	2	203	1269	1472	2.36e-72	270
71e8d794-d703-4ce4-b377-04bee4e01373	NR_179572.1	90.732	205	15	4	2	203	1289	1492	2.36e-72	270
48ce0dd0-f230-4dbc-8a02-daf652beffa0	NR_036920.1	99.034	207	1	1	5	210	1030	1236	2.18e-102	370
48ce0dd0-f230-4dbc-8a02-daf652beffa0	NR_133752.1	99.034	207	1	1	5	210	962	1168	2.18e-102	370
48ce0dd0-f230-4dbc-8a02-daf652beffa0	NR_133753.1	99.034	207	1	1	5	210	991	1197	2.18e-102	370
48ce0dd0-f230-4dbc-8a02-daf652beffa0	NR_025904.1	99.034	207	1	1	5	210	1036	1242	2.18e-102	370
48ce0dd0-f230-4dbc-8a02-daf652beffa0	NR_025903.1	99.034	207	1	1	5	210	1037	1243	2.18e-102	370
107cdf99-7b39-4432-87ed-ad0b86727cd1	NR_025903.1	94.595	259	4	8	5	255	262	6	5.76e-109	392
107cdf99-7b39-4432-87ed-ad0b86727cd1	NR_025904.1	90.769	260	12	10	5	255	261	5	2.74e-92	337
107cdf99-7b39-4432-87ed-ad0b86727cd1	NR_026419.1	90.079	252	14	9	5	247	250	1	3.57e-86	316
107cdf99-7b39-4432-87ed-ad0b86727cd1	NR_133753.1	93.780	209	5	6	5	207	216	10	2.15e-83	307
107cdf99-7b39-4432-87ed-ad0b86727cd1	NR_036920.1	87.984	258	21	8	5	255	256	2	4.64e-80	296
f95327de-f538-40df-a425-3d12d253d05b	NR_024842.1	96.729	214	7	0	1	214	221	8	1.74e-98	357
f95327de-f538-40df-a425-3d12d253d05b	NR_115241.1	96.602	206	7	0	1	206	206	1	4.88e-94	342
f95327de-f538-40df-a425-3d12d253d05b	NR_115735.1	95.939	197	7	1	1	196	197	1	8.22e-87	318
f95327de-f538-40df-a425-3d12d253d05b	NR_114413.1	91.905	210	17	0	5	214	225	16	1.39e-79	294
f95327de-f538-40df-a425-3d12d253d05b	NR_165737.1	92.611	203	13	2	5	206	202	1	1.79e-78	291
42812f96-662a-4944-ba4d-8c9613342fa2	NR_133752.1	97.938	97	2	0	1	97	301	205	3.66e-42	169
42812f96-662a-4944-ba4d-8c9613342fa2	NR_133753.1	97.938	97	2	0	1	97	330	234	3.66e-42	169
42812f96-662a-4944-ba4d-8c9613342fa2	NR_025904.1	97.938	97	2	0	1	97	375	279	3.66e-42	169
42812f96-662a-4944-ba4d-8c9613342fa2	NR_026419.1	97.938	97	2	0	1	97	364	268	3.66e-42	169
42812f96-662a-4944-ba4d-8c9613342fa2	NR_025903.1	97.938	97	2	0	1	97	376	280	3.66e-42	169
c17fded6-5097-4f09-9323-23b4baf2c07b	NR_026419.1	99.160	119	1	0	1	119	1357	1239	5.66e-56	215
c17fded6-5097-4f09-9323-23b4baf2c07b	NR_133752.1	96.639	119	4	0	1	119	1294	1176	5.70e-51	198
c17fded6-5097-4f09-9323-23b4baf2c07b	NR_133753.1	96.639	119	4	0	1	119	1323	1205	5.70e-51	198
c17fded6-5097-4f09-9323-23b4baf2c07b	NR_025903.1	96.639	119	4	0	1	119	1369	1251	5.70e-51	198
c17fded6-5097-4f09-9323-23b4baf2c07b	NR_025904.1	95.798	119	5	0	1	119	1368	1250	2.65e-49	193
cdf42e7f-ef54-446b-8263-9e2736d8358b	NR_116168.1	92.996	257	10	7	1	254	265	14	9.66e-102	368
cdf42e7f-ef54-446b-8263-9e2736d8358b	NR_042878.1	91.968	249	12	7	1	246	244	1	9.73e-97	351
cdf42e7f-ef54-446b-8263-9e2736d8358b	NR_118762.1	90.734	259	16	7	1	256	268	15	4.53e-95	346
cdf42e7f-ef54-446b-8263-9e2736d8358b	NR_025423.1	88.976	254	18	8	1	249	249	1	7.68e-83	305
cdf42e7f-ef54-446b-8263-9e2736d8358b	NR_118749.1	88.327	257	20	8	5	256	268	17	3.58e-81	300
ec944218-88aa-436a-8ae6-db4147f20cbf	NR_115241.1	97.175	354	6	3	1	352	724	373	5.80e-170	595
ec944218-88aa-436a-8ae6-db4147f20cbf	NR_115735.1	97.175	354	6	3	1	352	715	364	5.80e-170	595
ec944218-88aa-436a-8ae6-db4147f20cbf	NR_116211.1	97.175	354	6	3	1	352	647	296	5.80e-170	595
ec944218-88aa-436a-8ae6-db4147f20cbf	NR_024842.1	96.893	354	7	3	1	352	739	388	7.50e-169	592
ec944218-88aa-436a-8ae6-db4147f20cbf	NR_036936.1	96.893	354	7	3	1	352	724	373	2.70e-168	590
8134171a-dac8-43de-ae65-85f9a042cf5c	NR_074980.1	97.633	169	2	2	4	170	181	13	4.88e-78	289
8134171a-dac8-43de-ae65-85f9a042cf5c	NR_113031.1	97.633	169	2	2	4	170	181	13	4.88e-78	289
8134171a-dac8-43de-ae65-85f9a042cf5c	NR_163639.1	97.633	169	2	2	4	170	173	5	4.88e-78	289
8134171a-dac8-43de-ae65-85f9a042cf5c	NR_119168.1	97.484	159	2	2	4	160	159	1	1.77e-72	270
8134171a-dac8-43de-ae65-85f9a042cf5c	NR_119169.1	97.484	159	2	2	4	160	159	1	1.77e-72	270
62647c8e-7d6b-4caa-b7ce-6e4ae260ce19	NR_042776.1	92.000	250	9	6	2	241	1248	1000	1.97e-93	340
62647c8e-7d6b-4caa-b7ce-6e4ae260ce19	NR_042777.1	92.000	250	9	6	2	241	1247	999	1.97e-93	340
62647c8e-7d6b-4caa-b7ce-6e4ae260ce19	NR_042778.1	92.000	250	9	6	2	241	1248	1000	1.97e-93	340
62647c8e-7d6b-4caa-b7ce-6e4ae260ce19	NR_197695.1	92.000	250	9	5	2	241	1247	999	1.97e-93	340
62647c8e-7d6b-4caa-b7ce-6e4ae260ce19	NR_118998.1	91.600	250	10	6	2	241	1242	994	9.17e-92	335
150da275-19d2-40f9-9261-b8012129dfd1	NR_133752.1	95.882	170	5	2	1	168	639	808	1.38e-73	274
150da275-19d2-40f9-9261-b8012129dfd1	NR_133753.1	95.882	170	5	2	1	168	668	837	1.38e-73	274
150da275-19d2-40f9-9261-b8012129dfd1	NR_025904.1	95.882	170	5	2	1	168	713	882	1.38e-73	274
150da275-19d2-40f9-9261-b8012129dfd1	NR_026419.1	95.882	170	5	2	1	168	702	871	1.38e-73	274
150da275-19d2-40f9-9261-b8012129dfd1	NR_025903.1	95.882	170	5	2	1	168	714	883	1.38e-73	274
b5078e4b-b637-462c-8e75-1c4ff509125d	NR_028682.1	90.562	1049	45	41	1	1015	1492	464	0.0	1339
b5078e4b-b637-462c-8e75-1c4ff509125d	NR_180652.1	90.153	1046	53	38	1	1015	1479	453	0.0	1315
b5078e4b-b637-462c-8e75-1c4ff509125d	NR_116890.1	90.096	1040	49	41	9	1015	1470	452	0.0	1301
b5078e4b-b637-462c-8e75-1c4ff509125d	NR_113798.1	90.373	1018	49	36	1	986	1476	476	0.0	1291
b5078e4b-b637-462c-8e75-1c4ff509125d	NR_025211.1	90.177	1018	51	40	1	986	1482	482	0.0	1280
dcac74ba-9571-48f1-8198-560ee6108d6b	NR_148589.1	93.182	352	10	12	1	344	1128	1473	9.96e-143	505
dcac74ba-9571-48f1-8198-560ee6108d6b	NR_181481.1	93.182	352	10	12	1	344	1156	1501	9.96e-143	505
dcac74ba-9571-48f1-8198-560ee6108d6b	NR_181935.1	93.182	352	10	12	1	344	1163	1508	9.96e-143	505
dcac74ba-9571-48f1-8198-560ee6108d6b	NR_028666.1	92.898	352	11	12	1	344	1152	1497	4.63e-141	499
dcac74ba-9571-48f1-8198-560ee6108d6b	NR_028833.1	92.898	352	11	12	1	344	1155	1500	4.63e-141	499
06ab101b-281f-479c-aef9-a11c9d80579b	NR_179540.1	97.047	1219	20	14	16	1226	285	1495	0.0	2037
06ab101b-281f-479c-aef9-a11c9d80579b	NR_117719.1	96.965	1219	22	13	16	1226	285	1496	0.0	2032
06ab101b-281f-479c-aef9-a11c9d80579b	NR_028664.1	96.883	1219	23	13	16	1226	288	1499	0.0	2026
06ab101b-281f-479c-aef9-a11c9d80579b	NR_179383.1	96.883	1219	23	13	16	1226	292	1503	0.0	2026
06ab101b-281f-479c-aef9-a11c9d80579b	NR_175455.1	96.803	1220	23	14	16	1226	273	1485	0.0	2023
5aec0d4a-274c-4264-82a7-c2c5e1d37192	NR_042776.1	91.378	1357	56	49	1	1317	169	1504	0.0	1801
5aec0d4a-274c-4264-82a7-c2c5e1d37192	NR_042777.1	91.157	1357	58	50	1	1317	169	1503	0.0	1784
5aec0d4a-274c-4264-82a7-c2c5e1d37192	NR_042778.1	91.150	1356	61	47	1	1317	169	1504	0.0	1784
5aec0d4a-274c-4264-82a7-c2c5e1d37192	NR_197695.1	90.862	1357	63	49	1	1317	168	1503	0.0	1762
5aec0d4a-274c-4264-82a7-c2c5e1d37192	NR_118998.1	90.701	1355	68	47	1	1317	164	1498	0.0	1751
1fcb0df0-ce62-48e8-9d57-d571891d44c4	NR_028664.1	94.085	1454	42	37	5	1434	1449	16	0.0	2169
1fcb0df0-ce62-48e8-9d57-d571891d44c4	NR_115240.1	94.240	1441	40	36	5	1421	1426	5	0.0	2161
1fcb0df0-ce62-48e8-9d57-d571891d44c4	NR_179385.1	93.896	1458	45	37	1	1434	1454	17	0.0	2159
1fcb0df0-ce62-48e8-9d57-d571891d44c4	NR_199545.1	93.896	1458	45	37	1	1434	1450	13	0.0	2159
1fcb0df0-ce62-48e8-9d57-d571891d44c4	NR_115732.1	94.171	1441	40	37	5	1421	1428	8	0.0	2156
10c8e8ad-5857-45ed-967d-d9871960fc79	NR_074980.1	95.461	1322	34	22	24	1329	1323	12	0.0	2085
10c8e8ad-5857-45ed-967d-d9871960fc79	NR_113031.1	95.461	1322	34	22	24	1329	1323	12	0.0	2085
10c8e8ad-5857-45ed-967d-d9871960fc79	NR_117759.1	95.416	1309	34	22	24	1316	1299	1	0.0	2063
10c8e8ad-5857-45ed-967d-d9871960fc79	NR_043332.1	95.406	1306	34	22	24	1313	1296	1	0.0	2060
10c8e8ad-5857-45ed-967d-d9871960fc79	NR_113570.1	95.126	1313	37	23	24	1319	1303	1	0.0	2045
2ffe6352-825b-44c3-9ba7-e038b89af06e	NR_115241.1	91.011	890	40	27	4	874	980	112	0.0	1164
2ffe6352-825b-44c3-9ba7-e038b89af06e	NR_115735.1	91.011	890	40	27	4	874	971	103	0.0	1164
2ffe6352-825b-44c3-9ba7-e038b89af06e	NR_116211.1	91.011	890	40	27	4	874	903	35	0.0	1164
2ffe6352-825b-44c3-9ba7-e038b89af06e	NR_024842.1	90.787	890	42	27	4	874	995	127	0.0	1157
2ffe6352-825b-44c3-9ba7-e038b89af06e	NR_178515.1	90.562	890	44	30	4	874	980	112	0.0	1142
ca31b53f-c59c-422b-8292-74e449210d59	NR_074980.1	89.780	773	47	27	16	771	770	13	0.0	961
ca31b53f-c59c-422b-8292-74e449210d59	NR_113031.1	89.780	773	47	27	16	771	770	13	0.0	961
ca31b53f-c59c-422b-8292-74e449210d59	NR_119168.1	89.908	763	46	26	16	762	748	1	0.0	953
ca31b53f-c59c-422b-8292-74e449210d59	NR_117759.1	89.619	761	48	26	16	760	746	1	0.0	941
ca31b53f-c59c-422b-8292-74e449210d59	NR_043332.1	89.578	758	48	26	16	757	743	1	0.0	935
5f462bc7-724e-417b-88c6-bee887be413c	NR_113570.1	97.886	1230	15	10	1	1226	268	1490	0.0	2117
5f462bc7-724e-417b-88c6-bee887be413c	NR_043332.1	97.640	1229	19	9	1	1226	261	1482	0.0	2106
5f462bc7-724e-417b-88c6-bee887be413c	NR_074980.1	97.722	1229	18	9	1	1226	288	1509	0.0	2106
5f462bc7-724e-417b-88c6-bee887be413c	NR_113031.1	97.722	1229	18	9	1	1226	288	1509	0.0	2106
5f462bc7-724e-417b-88c6-bee887be413c	NR_115355.1	97.315	1229	23	9	1	1226	261	1482	0.0	2078
5560aaae-590f-4c6a-bb35-91e778588b6b	NR_113570.1	97.086	549	5	9	1	549	583	1120	0.0	915
5560aaae-590f-4c6a-bb35-91e778588b6b	NR_044091.1	97.086	549	5	9	1	549	490	1027	0.0	915
5560aaae-590f-4c6a-bb35-91e778588b6b	NR_043332.1	97.212	538	6	7	12	549	585	1113	0.0	905
5560aaae-590f-4c6a-bb35-91e778588b6b	NR_074980.1	96.721	549	7	9	1	549	603	1140	0.0	904
5560aaae-590f-4c6a-bb35-91e778588b6b	NR_113031.1	96.721	549	7	9	1	549	603	1140	0.0	904
9bc80cd3-934f-4ba5-80e9-c2665f9c6b95	NR_042776.1	94.396	1374	37	27	2	1345	131	1494	0.0	2074
9bc80cd3-934f-4ba5-80e9-c2665f9c6b95	NR_042777.1	94.178	1374	39	28	2	1345	131	1493	0.0	2056
9bc80cd3-934f-4ba5-80e9-c2665f9c6b95	NR_042778.1	94.105	1374	41	27	2	1345	131	1494	0.0	2052
9bc80cd3-934f-4ba5-80e9-c2665f9c6b95	NR_197695.1	93.886	1374	44	27	2	1345	130	1493	0.0	2036
9bc80cd3-934f-4ba5-80e9-c2665f9c6b95	NR_118998.1	93.709	1367	48	26	8	1345	131	1488	0.0	2013
5992dda9-c424-498b-b867-1b8a9b625356	NR_041989.1	98.168	764	6	7	6	767	1347	590	0.0	1327
5992dda9-c424-498b-b867-1b8a9b625356	NR_117694.1	98.037	764	7	7	6	767	1389	632	0.0	1321
5992dda9-c424-498b-b867-1b8a9b625356	NR_025892.1	97.644	764	10	7	6	767	1414	657	0.0	1310
5992dda9-c424-498b-b867-1b8a9b625356	NR_121687.1	97.775	764	9	7	6	767	1409	652	0.0	1310
5992dda9-c424-498b-b867-1b8a9b625356	NR_178369.1	97.775	764	9	7	6	767	1360	603	0.0	1310
943f869d-0f1a-4aa0-9278-a934e034ebd5	NR_173637.1	77.612	536	89	26	29	546	574	52	1.21e-79	296
943f869d-0f1a-4aa0-9278-a934e034ebd5	NR_044093.1	75.885	593	101	33	66	631	590	13	3.40e-70	265
943f869d-0f1a-4aa0-9278-a934e034ebd5	NR_041935.1	80.682	352	53	11	94	437	515	171	1.58e-68	259
943f869d-0f1a-4aa0-9278-a934e034ebd5	NR_113383.1	80.682	352	53	11	94	437	559	215	1.58e-68	259
943f869d-0f1a-4aa0-9278-a934e034ebd5	NR_027228.1	79.521	376	59	15	94	460	548	182	2.65e-66	252
0b5a65f7-9721-49b7-ac26-8845b6de9c8b	NR_115355.1	97.188	1387	14	17	1	1376	113	1485	0.0	2326
0b5a65f7-9721-49b7-ac26-8845b6de9c8b	NR_179325.1	97.190	1388	13	18	1	1376	86	1459	0.0	2324
0b5a65f7-9721-49b7-ac26-8845b6de9c8b	NR_119169.1	96.900	1387	18	17	1	1376	118	1490	0.0	2307
0b5a65f7-9721-49b7-ac26-8845b6de9c8b	NR_163639.1	96.900	1387	14	21	1	1376	132	1500	0.0	2296
0b5a65f7-9721-49b7-ac26-8845b6de9c8b	NR_113570.1	96.760	1389	18	19	1	1376	119	1493	0.0	2290
17761f35-c9db-45ca-be24-0bac66bbccb9	NR_113570.1	89.060	521	27	23	7	510	1215	708	5.09e-177	619
17761f35-c9db-45ca-be24-0bac66bbccb9	NR_163639.1	89.017	519	30	22	7	510	1223	717	1.83e-176	617
17761f35-c9db-45ca-be24-0bac66bbccb9	NR_025762.1	88.868	521	28	23	7	510	1186	679	2.37e-175	614
17761f35-c9db-45ca-be24-0bac66bbccb9	NR_115355.1	88.868	521	28	23	7	510	1208	701	2.37e-175	614
17761f35-c9db-45ca-be24-0bac66bbccb9	NR_179325.1	88.868	521	28	23	7	510	1182	675	2.37e-175	614
aebaf8f4-9375-450a-93ce-3c32ff5eace9	NR_026419.1	95.029	1026	26	20	4	1011	1019	1	0.0	1589
aebaf8f4-9375-450a-93ce-3c32ff5eace9	NR_025903.1	93.816	1035	38	19	4	1020	1031	5	0.0	1533
aebaf8f4-9375-450a-93ce-3c32ff5eace9	NR_025904.1	93.256	1038	38	26	4	1020	1030	4	0.0	1500
aebaf8f4-9375-450a-93ce-3c32ff5eace9	NR_133753.1	93.756	993	36	19	4	978	985	1	0.0	1467
aebaf8f4-9375-450a-93ce-3c32ff5eace9	NR_036920.1	91.876	1034	57	22	4	1020	1024	1	0.0	1419
8572fdf8-8568-4b57-9a53-c7fb94d1f61b	NR_118234.1	92.958	852	39	19	1	838	850	6	0.0	1221
8572fdf8-8568-4b57-9a53-c7fb94d1f61b	NR_199545.1	93.034	847	41	16	1	836	851	12	0.0	1221
8572fdf8-8568-4b57-9a53-c7fb94d1f61b	NR_179385.1	92.916	847	42	16	1	836	855	16	0.0	1216
8572fdf8-8568-4b57-9a53-c7fb94d1f61b	NR_179540.1	92.807	848	41	18	1	836	851	12	0.0	1210
8572fdf8-8568-4b57-9a53-c7fb94d1f61b	NR_028664.1	92.680	847	44	16	1	836	854	15	0.0	1205
8d4ca8e6-eb08-43e0-9924-1572876b99d2	NR_028664.1	88.281	384	18	18	1	363	393	16	1.38e-121	435
8d4ca8e6-eb08-43e0-9924-1572876b99d2	NR_199545.1	88.021	384	19	18	1	363	390	13	6.41e-120	429
8d4ca8e6-eb08-43e0-9924-1572876b99d2	NR_165741.1	87.760	384	20	18	1	363	379	2	2.98e-118	424
8d4ca8e6-eb08-43e0-9924-1572876b99d2	NR_114172.1	88.032	376	18	18	1	355	370	1	3.86e-117	420
8d4ca8e6-eb08-43e0-9924-1572876b99d2	NR_115240.1	88.032	376	18	18	1	355	370	1	3.86e-117	420
baa8fad5-46df-41e6-b87b-3d2c174e2022	NR_179540.1	98.329	1197	9	7	2	1189	298	1492	0.0	2089
baa8fad5-46df-41e6-b87b-3d2c174e2022	NR_117719.1	98.247	1198	9	8	2	1189	298	1493	0.0	2085
baa8fad5-46df-41e6-b87b-3d2c174e2022	NR_179383.1	98.247	1198	9	8	2	1189	305	1500	0.0	2085
baa8fad5-46df-41e6-b87b-3d2c174e2022	NR_042928.1	98.324	1193	9	7	2	1185	278	1468	0.0	2082
baa8fad5-46df-41e6-b87b-3d2c174e2022	NR_175455.1	98.165	1199	9	9	2	1189	286	1482	0.0	2080
10a7867b-c654-4c58-84e4-1c7c6a8a9fdb	NR_117719.1	95.415	1047	22	20	20	1050	457	1493	0.0	1644
10a7867b-c654-4c58-84e4-1c7c6a8a9fdb	NR_179383.1	95.320	1047	23	20	20	1050	464	1500	0.0	1639
10a7867b-c654-4c58-84e4-1c7c6a8a9fdb	NR_179540.1	95.315	1046	24	19	20	1050	457	1492	0.0	1637
10a7867b-c654-4c58-84e4-1c7c6a8a9fdb	NR_028664.1	95.224	1047	24	19	20	1050	460	1496	0.0	1633
10a7867b-c654-4c58-84e4-1c7c6a8a9fdb	NR_175455.1	95.229	1048	23	21	20	1050	445	1482	0.0	1633
5730b9ea-aba2-4159-a563-e856e8ca7feb	NR_115355.1	95.992	1048	18	14	1	1029	445	1487	0.0	1681
5730b9ea-aba2-4159-a563-e856e8ca7feb	NR_179325.1	95.992	1048	18	14	1	1029	419	1461	0.0	1681
5730b9ea-aba2-4159-a563-e856e8ca7feb	NR_163639.1	95.992	1048	17	17	1	1029	461	1502	0.0	1679
5730b9ea-aba2-4159-a563-e856e8ca7feb	NR_119169.1	95.706	1048	21	14	1	1029	450	1492	0.0	1668
5730b9ea-aba2-4159-a563-e856e8ca7feb	NR_113570.1	95.234	1049	25	15	1	1029	452	1495	0.0	1637
29238455-c943-4408-8bf4-321337906a6e	NR_042776.1	90.695	1064	46	34	9	1045	462	1499	0.0	1367
29238455-c943-4408-8bf4-321337906a6e	NR_042777.1	90.602	1064	46	35	9	1045	462	1498	0.0	1362
29238455-c943-4408-8bf4-321337906a6e	NR_042778.1	90.508	1064	48	34	9	1045	462	1499	0.0	1356
29238455-c943-4408-8bf4-321337906a6e	NR_118998.1	90.405	1063	50	33	9	1045	457	1493	0.0	1351
29238455-c943-4408-8bf4-321337906a6e	NR_197695.1	90.320	1064	50	34	9	1045	461	1498	0.0	1345
6c908150-f563-4a7f-b640-a97b67ace225	NR_117694.1	95.805	739	15	13	4	730	735	1	0.0	1179
6c908150-f563-4a7f-b640-a97b67ace225	NR_117717.1	95.027	744	25	9	3	736	757	16	0.0	1158
6c908150-f563-4a7f-b640-a97b67ace225	NR_121688.1	94.892	744	26	9	3	736	756	15	0.0	1153
6c908150-f563-4a7f-b640-a97b67ace225	NR_117701.1	95.122	738	24	9	3	730	736	1	0.0	1153
6c908150-f563-4a7f-b640-a97b67ace225	NR_041989.1	96.839	696	9	10	4	689	693	1	0.0	1151
608ec3c3-b085-494f-82c7-f9a05ae9d886	NR_042928.1	97.517	1329	18	13	1	1318	144	1468	0.0	2257
608ec3c3-b085-494f-82c7-f9a05ae9d886	NR_117719.1	97.081	1336	25	12	1	1325	164	1496	0.0	2239
608ec3c3-b085-494f-82c7-f9a05ae9d886	NR_179540.1	96.933	1337	24	15	1	1325	164	1495	0.0	2226
608ec3c3-b085-494f-82c7-f9a05ae9d886	NR_199547.1	97.696	1302	15	13	1	1291	124	1421	0.0	2224
608ec3c3-b085-494f-82c7-f9a05ae9d886	NR_175455.1	96.859	1337	27	13	1	1325	152	1485	0.0	2222
d311acf7-669b-4fca-aa10-ad17e188ff7d	NR_042776.1	91.903	951	26	36	196	1122	576	1499	0.0	1282
d311acf7-669b-4fca-aa10-ad17e188ff7d	NR_042777.1	91.903	951	26	36	196	1122	575	1498	0.0	1282
d311acf7-669b-4fca-aa10-ad17e188ff7d	NR_042778.1	91.693	951	28	36	196	1122	576	1499	0.0	1271
d311acf7-669b-4fca-aa10-ad17e188ff7d	NR_197695.1	91.483	951	30	36	196	1122	575	1498	0.0	1260
d311acf7-669b-4fca-aa10-ad17e188ff7d	NR_126177.1	91.176	952	32	38	196	1122	553	1477	0.0	1245
baf5043c-eab7-45b6-9cb8-800fb4d08de1	NR_042776.1	91.459	562	14	12	1	536	950	1503	0.0	741
baf5043c-eab7-45b6-9cb8-800fb4d08de1	NR_042777.1	91.459	562	14	12	1	536	949	1502	0.0	741
baf5043c-eab7-45b6-9cb8-800fb4d08de1	NR_042778.1	91.103	562	16	12	1	536	950	1503	0.0	730
baf5043c-eab7-45b6-9cb8-800fb4d08de1	NR_197695.1	90.925	562	17	12	1	536	949	1502	0.0	725
baf5043c-eab7-45b6-9cb8-800fb4d08de1	NR_118998.1	90.569	562	19	12	1	536	944	1497	0.0	713
7bb2ca93-15fa-4d8e-8080-472bcade8b88	NR_113570.1	94.186	430	13	10	1	422	1219	794	0.0	645
7bb2ca93-15fa-4d8e-8080-472bcade8b88	NR_025762.1	93.953	430	14	10	1	422	1190	765	0.0	640
7bb2ca93-15fa-4d8e-8080-472bcade8b88	NR_115355.1	93.953	430	14	10	1	422	1212	787	0.0	640
7bb2ca93-15fa-4d8e-8080-472bcade8b88	NR_179325.1	93.953	430	14	10	1	422	1186	761	0.0	640
7bb2ca93-15fa-4d8e-8080-472bcade8b88	NR_163639.1	93.939	429	14	10	1	422	1227	804	0.0	638
be18c790-5536-462a-b89b-521462a8c03f	NR_178262.1	92.388	381	19	6	1	377	995	1369	1.38e-151	534
be18c790-5536-462a-b89b-521462a8c03f	NR_179215.1	92.388	381	19	6	1	377	1117	1491	1.38e-151	534
be18c790-5536-462a-b89b-521462a8c03f	NR_024842.1	92.368	380	20	5	1	377	1116	1489	4.96e-151	532
be18c790-5536-462a-b89b-521462a8c03f	NR_115735.1	92.348	379	20	5	1	376	1092	1464	1.78e-150	531
be18c790-5536-462a-b89b-521462a8c03f	NR_028666.1	92.126	381	20	6	1	377	1125	1499	6.41e-150	529
54a1d7a9-bb1b-4bbb-9b33-62374283c9c2	NR_042776.1	96.445	422	10	5	1	421	864	447	0.0	691
54a1d7a9-bb1b-4bbb-9b33-62374283c9c2	NR_042777.1	96.209	422	10	6	1	421	863	447	0.0	686
54a1d7a9-bb1b-4bbb-9b33-62374283c9c2	NR_042778.1	96.209	422	11	5	1	421	864	447	0.0	686
54a1d7a9-bb1b-4bbb-9b33-62374283c9c2	NR_197695.1	96.209	422	11	5	1	421	863	446	0.0	686
54a1d7a9-bb1b-4bbb-9b33-62374283c9c2	NR_118998.1	95.972	422	12	5	1	421	859	442	0.0	680
defc2e67-9df2-4c37-a39e-cfde97ab5d40	NR_042776.1	94.595	518	10	13	1	504	1270	757	0.0	785
defc2e67-9df2-4c37-a39e-cfde97ab5d40	NR_042777.1	94.595	518	10	13	1	504	1269	756	0.0	785
defc2e67-9df2-4c37-a39e-cfde97ab5d40	NR_042778.1	94.595	518	10	13	1	504	1270	757	0.0	785
defc2e67-9df2-4c37-a39e-cfde97ab5d40	NR_197695.1	94.208	518	12	13	1	504	1269	756	0.0	774
defc2e67-9df2-4c37-a39e-cfde97ab5d40	NR_024659.1	94.015	518	13	13	1	504	1226	713	0.0	769
a2b91a3b-bf35-4a86-b829-19730e3074ac	NR_115735.1	93.177	1319	45	34	1	1287	119	1424	0.0	1895
a2b91a3b-bf35-4a86-b829-19730e3074ac	NR_024842.1	93.025	1319	47	34	1	1287	143	1448	0.0	1888
a2b91a3b-bf35-4a86-b829-19730e3074ac	NR_115241.1	93.025	1319	47	34	1	1287	128	1433	0.0	1888
a2b91a3b-bf35-4a86-b829-19730e3074ac	NR_165737.1	92.798	1319	48	35	1	1286	128	1432	0.0	1866
a2b91a3b-bf35-4a86-b829-19730e3074ac	NR_116211.1	93.111	1292	44	34	1	1260	51	1329	0.0	1851
c5e858df-ecac-4f55-9159-8c37a1c20b40	NR_025863.1	93.359	768	28	21	1	756	1374	618	0.0	1122
c5e858df-ecac-4f55-9159-8c37a1c20b40	NR_026481.1	89.710	758	55	21	3	750	1336	592	0.0	946
c5e858df-ecac-4f55-9159-8c37a1c20b40	NR_028682.1	89.253	763	57	23	1	751	1370	621	0.0	931
c5e858df-ecac-4f55-9159-8c37a1c20b40	NR_180911.1	89.105	771	54	28	1	756	1359	604	0.0	931
c5e858df-ecac-4f55-9159-8c37a1c20b40	NR_026454.1	88.961	770	58	25	1	756	1346	590	0.0	926
c66de9f3-80f0-4477-b8b1-616773ce2b91	NR_025862.1	93.889	540	18	14	3	534	862	330	0.0	804
c66de9f3-80f0-4477-b8b1-616773ce2b91	NR_026454.1	92.647	544	19	20	3	534	839	305	0.0	763
c66de9f3-80f0-4477-b8b1-616773ce2b91	NR_180652.1	92.407	540	26	14	3	534	852	320	0.0	756
c66de9f3-80f0-4477-b8b1-616773ce2b91	NR_042406.1	92.237	541	27	14	2	534	854	321	0.0	752
c66de9f3-80f0-4477-b8b1-616773ce2b91	NR_114015.1	92.265	543	23	18	2	534	854	321	0.0	752
45425cf1-cc42-42d9-a99f-d4d7b8da3cce	NR_040821.1	98.760	242	2	1	1	241	1234	1475	4.16e-120	429
45425cf1-cc42-42d9-a99f-d4d7b8da3cce	NR_025148.1	98.760	242	2	1	1	241	1254	1495	4.16e-120	429
45425cf1-cc42-42d9-a99f-d4d7b8da3cce	NR_040820.1	98.760	242	2	1	1	241	1234	1475	4.16e-120	429
45425cf1-cc42-42d9-a99f-d4d7b8da3cce	NR_134818.1	98.760	242	2	1	1	241	1247	1488	4.16e-120	429
45425cf1-cc42-42d9-a99f-d4d7b8da3cce	NR_126177.1	98.760	242	2	1	1	241	1236	1477	4.16e-120	429
5dd4a4b1-2e8b-4ea7-832c-d8f8d8d5401c	NR_042928.1	97.061	1327	24	13	1	1322	152	1468	0.0	2220
5dd4a4b1-2e8b-4ea7-832c-d8f8d8d5401c	NR_117719.1	96.547	1332	32	12	3	1329	174	1496	0.0	2193
5dd4a4b1-2e8b-4ea7-832c-d8f8d8d5401c	NR_175455.1	96.674	1323	29	13	13	1329	172	1485	0.0	2185
5dd4a4b1-2e8b-4ea7-832c-d8f8d8d5401c	NR_028664.1	96.396	1332	34	12	3	1329	177	1499	0.0	2182
5dd4a4b1-2e8b-4ea7-832c-d8f8d8d5401c	NR_199547.1	97.154	1300	22	13	1	1295	132	1421	0.0	2182
2c2db05c-1919-44d1-87eb-65cbac5611a5	NR_044091.1	97.160	669	13	5	1	667	23	687	0.0	1125
2c2db05c-1919-44d1-87eb-65cbac5611a5	NR_113570.1	96.119	670	19	6	1	667	115	780	0.0	1086
2c2db05c-1919-44d1-87eb-65cbac5611a5	NR_119168.1	95.964	669	21	5	1	667	114	778	0.0	1081
2c2db05c-1919-44d1-87eb-65cbac5611a5	NR_074980.1	95.815	669	22	5	1	667	136	800	0.0	1075
2c2db05c-1919-44d1-87eb-65cbac5611a5	NR_113031.1	95.815	669	22	5	1	667	136	800	0.0	1075
b49a2645-a45d-4e71-bc51-7a1a373f15e1	NR_025892.1	94.178	292	12	3	1	287	310	19	6.36e-124	442
b49a2645-a45d-4e71-bc51-7a1a373f15e1	NR_117694.1	94.366	284	11	3	1	279	284	1	1.38e-120	431
b49a2645-a45d-4e71-bc51-7a1a373f15e1	NR_121687.1	92.123	292	18	4	1	287	304	13	2.32e-113	407
b49a2645-a45d-4e71-bc51-7a1a373f15e1	NR_104830.1	91.156	294	20	4	1	288	299	6	1.81e-109	394
b49a2645-a45d-4e71-bc51-7a1a373f15e1	NR_117692.1	91.901	284	18	3	1	279	284	1	6.49e-109	392
698d5819-cb78-42f3-9aee-97d3ff4a6961	NR_025903.1	93.307	1255	39	33	1	1226	1244	6	0.0	1810
698d5819-cb78-42f3-9aee-97d3ff4a6961	NR_133753.1	93.069	1212	41	31	1	1183	1198	1	0.0	1733
698d5819-cb78-42f3-9aee-97d3ff4a6961	NR_025904.1	91.965	1257	52	38	1	1226	1243	5	0.0	1716
698d5819-cb78-42f3-9aee-97d3ff4a6961	NR_026419.1	92.029	1242	55	32	1	1212	1232	5	0.0	1705
698d5819-cb78-42f3-9aee-97d3ff4a6961	NR_133752.1	93.226	1181	40	29	1	1155	1169	3	0.0	1701
267f1300-33a0-44d7-aa6a-75150bb2feb9	NR_042776.1	99.105	447	2	2	13	457	1051	1497	0.0	802
267f1300-33a0-44d7-aa6a-75150bb2feb9	NR_042777.1	99.105	447	2	2	13	457	1050	1496	0.0	802
267f1300-33a0-44d7-aa6a-75150bb2feb9	NR_042778.1	98.658	447	4	2	13	457	1051	1497	0.0	791
267f1300-33a0-44d7-aa6a-75150bb2feb9	NR_118998.1	98.658	447	4	2	13	457	1045	1491	0.0	791
267f1300-33a0-44d7-aa6a-75150bb2feb9	NR_197695.1	98.658	447	4	2	13	457	1050	1496	0.0	791
2a1036d2-bdc5-48a4-83d9-eb1e0ebff2fa	NR_114395.1	90.664	1039	70	21	1	1019	460	1491	0.0	1356
2a1036d2-bdc5-48a4-83d9-eb1e0ebff2fa	NR_041983.1	91.853	982	59	16	1	967	428	1403	0.0	1352
2a1036d2-bdc5-48a4-83d9-eb1e0ebff2fa	NR_179528.1	91.684	986	60	17	1	970	445	1424	0.0	1347
2a1036d2-bdc5-48a4-83d9-eb1e0ebff2fa	NR_179535.1	90.444	1036	73	20	1	1019	463	1489	0.0	1341
2a1036d2-bdc5-48a4-83d9-eb1e0ebff2fa	NR_119102.1	91.813	965	56	18	1	949	430	1387	0.0	1332
83f8e54e-313f-4c3e-aca6-0000a172f3b7	NR_134818.1	93.939	462	18	8	19	476	1033	1488	0.0	689
83f8e54e-313f-4c3e-aca6-0000a172f3b7	NR_179540.1	92.917	480	22	9	2	476	1020	1492	0.0	688
83f8e54e-313f-4c3e-aca6-0000a172f3b7	NR_040820.1	93.723	462	19	8	19	476	1020	1475	0.0	684
83f8e54e-313f-4c3e-aca6-0000a172f3b7	NR_126177.1	93.723	462	19	8	19	476	1022	1477	0.0	684
83f8e54e-313f-4c3e-aca6-0000a172f3b7	NR_126178.1	93.723	462	19	8	19	476	1020	1475	0.0	684
fc242c43-370f-4197-894a-f0903eba94d7	NR_115354.1	94.043	789	22	20	1	774	707	1485	0.0	1175
fc242c43-370f-4197-894a-f0903eba94d7	NR_179325.1	94.043	789	22	20	1	774	681	1459	0.0	1173
fc242c43-370f-4197-894a-f0903eba94d7	NR_074980.1	93.790	789	24	20	1	774	734	1512	0.0	1162
fc242c43-370f-4197-894a-f0903eba94d7	NR_113031.1	93.790	789	24	20	1	774	734	1512	0.0	1162
fc242c43-370f-4197-894a-f0903eba94d7	NR_115355.1	93.790	789	24	20	1	774	707	1485	0.0	1162
696bf0f5-fdfd-43b8-8f9d-2522294f8779	NR_041989.1	91.373	510	23	16	1	495	1235	732	0.0	678
696bf0f5-fdfd-43b8-8f9d-2522294f8779	NR_117694.1	91.176	510	24	16	1	495	1277	774	0.0	673
696bf0f5-fdfd-43b8-8f9d-2522294f8779	NR_178369.1	91.176	510	24	17	1	495	1248	745	0.0	673
696bf0f5-fdfd-43b8-8f9d-2522294f8779	NR_028900.1	90.980	510	25	17	1	495	1235	732	0.0	667
696bf0f5-fdfd-43b8-8f9d-2522294f8779	NR_043459.1	90.980	510	25	17	1	495	1301	798	0.0	667
9faf71a7-ed7e-457f-97d4-3e5e800888a7	NR_179540.1	96.812	941	21	7	1	934	554	1492	0.0	1563
9faf71a7-ed7e-457f-97d4-3e5e800888a7	NR_028664.1	96.706	941	23	6	1	934	557	1496	0.0	1559
9faf71a7-ed7e-457f-97d4-3e5e800888a7	NR_117719.1	96.706	941	23	6	1	934	554	1493	0.0	1559
9faf71a7-ed7e-457f-97d4-3e5e800888a7	NR_179383.1	96.706	941	23	6	1	934	561	1500	0.0	1559
9faf71a7-ed7e-457f-97d4-3e5e800888a7	NR_042927.1	96.798	937	22	6	1	930	536	1471	0.0	1557
1c27db69-e94c-4ddd-89fc-f2f3c906c946	NR_115355.1	94.886	704	18	15	1	693	791	1487	0.0	1085
1c27db69-e94c-4ddd-89fc-f2f3c906c946	NR_179325.1	94.886	704	18	15	1	693	765	1461	0.0	1085
1c27db69-e94c-4ddd-89fc-f2f3c906c946	NR_163639.1	94.879	703	18	15	1	693	808	1502	0.0	1083
1c27db69-e94c-4ddd-89fc-f2f3c906c946	NR_115354.1	94.602	704	20	15	1	693	791	1487	0.0	1075
1c27db69-e94c-4ddd-89fc-f2f3c906c946	NR_119169.1	94.460	704	21	15	1	693	796	1492	0.0	1072
b00c4098-0013-4178-b87c-d798bcd008d6	NR_109628.1	90.102	788	42	33	1	774	682	1447	0.0	990
b00c4098-0013-4178-b87c-d798bcd008d6	NR_042843.1	89.721	788	45	33	1	774	681	1446	0.0	974
b00c4098-0013-4178-b87c-d798bcd008d6	NR_102895.1	89.721	788	45	33	1	774	709	1474	0.0	974
b00c4098-0013-4178-b87c-d798bcd008d6	NR_113113.1	89.721	788	45	33	1	774	689	1454	0.0	974
b00c4098-0013-4178-b87c-d798bcd008d6	NR_113124.1	89.721	788	45	33	1	774	701	1466	0.0	974
40f9a8e6-68ff-48e5-b4ab-93c470e16218	NR_163639.1	93.717	382	17	7	2	380	1076	1453	5.09e-161	566
40f9a8e6-68ff-48e5-b4ab-93c470e16218	NR_179325.1	93.717	382	17	7	2	380	1035	1412	5.09e-161	566
40f9a8e6-68ff-48e5-b4ab-93c470e16218	NR_115355.1	93.455	382	18	7	2	380	1061	1438	2.37e-159	560
40f9a8e6-68ff-48e5-b4ab-93c470e16218	NR_041880.1	93.194	382	19	7	2	380	1017	1394	1.10e-157	555
40f9a8e6-68ff-48e5-b4ab-93c470e16218	NR_115354.1	93.194	382	19	7	2	380	1061	1438	1.10e-157	555
2a8e97ed-5782-4ce2-b6fe-f273e8383a90	NR_178262.1	97.706	218	1	3	1	217	1141	1355	6.93e-103	372
2a8e97ed-5782-4ce2-b6fe-f273e8383a90	NR_179215.1	97.706	218	1	3	1	217	1263	1477	6.93e-103	372
2a8e97ed-5782-4ce2-b6fe-f273e8383a90	NR_024842.1	97.696	217	2	2	1	217	1262	1475	2.49e-102	370
2a8e97ed-5782-4ce2-b6fe-f273e8383a90	NR_042928.1	97.696	217	2	2	1	217	1245	1458	2.49e-102	370
2a8e97ed-5782-4ce2-b6fe-f273e8383a90	NR_115730.1	97.696	217	2	2	1	217	1227	1440	2.49e-102	370
188b344d-1e9b-4291-9b59-f0a90cf1f810	NR_041989.1	95.516	669	15	13	1	663	333	992	0.0	1055
188b344d-1e9b-4291-9b59-f0a90cf1f810	NR_121687.1	94.328	670	21	14	1	663	395	1054	0.0	1011
188b344d-1e9b-4291-9b59-f0a90cf1f810	NR_117694.1	94.337	671	19	16	1	663	375	1034	0.0	1011
188b344d-1e9b-4291-9b59-f0a90cf1f810	NR_044614.1	94.179	670	22	14	1	663	401	1060	0.0	1007
188b344d-1e9b-4291-9b59-f0a90cf1f810	NR_104947.1	94.170	669	24	13	1	663	348	1007	0.0	1005
931e532c-a2fc-45e5-b73b-4ee48c4cccf9	NR_042776.1	94.087	389	13	8	4	386	1115	1499	4.98e-166	582
931e532c-a2fc-45e5-b73b-4ee48c4cccf9	NR_042777.1	94.087	389	13	8	4	386	1114	1498	4.98e-166	582
931e532c-a2fc-45e5-b73b-4ee48c4cccf9	NR_042778.1	93.573	389	15	8	4	386	1115	1499	1.08e-162	571
931e532c-a2fc-45e5-b73b-4ee48c4cccf9	NR_118998.1	93.573	389	15	8	4	386	1109	1493	1.08e-162	571
931e532c-a2fc-45e5-b73b-4ee48c4cccf9	NR_197695.1	93.573	389	15	8	4	386	1114	1498	1.08e-162	571
5eeda85f-48bb-407f-afc0-306d8a617bed	NR_179540.1	92.987	827	30	21	30	837	675	1492	0.0	1181
5eeda85f-48bb-407f-afc0-306d8a617bed	NR_117719.1	92.866	827	32	20	30	837	675	1493	0.0	1175
5eeda85f-48bb-407f-afc0-306d8a617bed	NR_028664.1	92.754	828	31	23	30	837	678	1496	0.0	1170
5eeda85f-48bb-407f-afc0-306d8a617bed	NR_179383.1	92.754	828	31	23	30	837	682	1500	0.0	1170
5eeda85f-48bb-407f-afc0-306d8a617bed	NR_042927.1	92.840	824	30	23	30	833	657	1471	0.0	1168
8ccfbec1-0501-402d-9c07-071adc319c98	NR_179325.1	91.231	1129	58	33	1	1108	348	1456	0.0	1498
8ccfbec1-0501-402d-9c07-071adc319c98	NR_115355.1	91.143	1129	59	33	1	1108	374	1482	0.0	1493
8ccfbec1-0501-402d-9c07-071adc319c98	NR_163639.1	90.965	1129	59	36	1	1108	391	1497	0.0	1480
8ccfbec1-0501-402d-9c07-071adc319c98	NR_134138.1	83.333	1140	129	50	1	1108	310	1420	0.0	996
8ccfbec1-0501-402d-9c07-071adc319c98	NR_043650.1	83.216	1138	134	47	1	1108	310	1420	0.0	990
12c54f3e-dc8f-4977-a6bd-851b66d731c9	NR_042928.1	96.503	429	8	7	1	425	426	1	0.0	702
12c54f3e-dc8f-4977-a6bd-851b66d731c9	NR_109720.1	96.454	423	10	5	1	419	422	1	0.0	693
12c54f3e-dc8f-4977-a6bd-851b66d731c9	NR_036936.1	95.571	429	14	5	1	425	428	1	0.0	684
12c54f3e-dc8f-4977-a6bd-851b66d731c9	NR_199547.1	97.291	406	5	6	1	402	406	3	0.0	684
12c54f3e-dc8f-4977-a6bd-851b66d731c9	NR_112026.1	96.602	412	7	7	1	408	409	1	0.0	676
66d9966a-116b-42c4-ba4d-4c01638b58ad	NR_042928.1	98.395	623	3	6	20	641	617	1	0.0	1088
66d9966a-116b-42c4-ba4d-4c01638b58ad	NR_109720.1	98.055	617	7	4	20	635	613	1	0.0	1068
66d9966a-116b-42c4-ba4d-4c01638b58ad	NR_199547.1	98.833	600	1	5	20	618	597	3	0.0	1064
66d9966a-116b-42c4-ba4d-4c01638b58ad	NR_112026.1	98.350	606	3	6	20	624	600	1	0.0	1057
66d9966a-116b-42c4-ba4d-4c01638b58ad	NR_165747.1	97.432	623	9	6	20	641	617	1	0.0	1055
7bc3725a-b3f9-4f9d-b149-25bd4b0c2ba9	NR_042776.1	96.325	381	8	5	1	376	397	18	1.02e-177	621
7bc3725a-b3f9-4f9d-b149-25bd4b0c2ba9	NR_042778.1	96.063	381	9	5	1	376	397	18	4.75e-176	616
7bc3725a-b3f9-4f9d-b149-25bd4b0c2ba9	NR_118998.1	95.801	381	10	5	1	376	392	13	6.14e-175	612
7bc3725a-b3f9-4f9d-b149-25bd4b0c2ba9	NR_042777.1	95.801	381	10	5	1	376	397	18	2.21e-174	610
7bc3725a-b3f9-4f9d-b149-25bd4b0c2ba9	NR_197695.1	95.013	381	13	5	1	376	396	17	2.22e-169	593
2e188913-b5ab-4cdd-982f-f60299a6ef4b	NR_118659.1	88.413	958	80	29	2	946	534	1473	0.0	1203
2e188913-b5ab-4cdd-982f-f60299a6ef4b	NR_025742.1	86.515	964	99	30	9	960	531	1475	0.0	1031
2e188913-b5ab-4cdd-982f-f60299a6ef4b	NR_199439.1	86.256	975	98	35	2	960	537	1491	0.0	1026
2e188913-b5ab-4cdd-982f-f60299a6ef4b	NR_181561.1	86.458	960	99	29	9	956	516	1456	0.0	1024
2e188913-b5ab-4cdd-982f-f60299a6ef4b	NR_181562.1	86.458	960	99	29	9	956	516	1456	0.0	1024
bbbbd36d-1757-4d14-bf2c-f3024245c006	NR_044873.1	97.496	1278	20	10	7	1275	1277	3	0.0	2172
bbbbd36d-1757-4d14-bf2c-f3024245c006	NR_074568.1	95.931	1278	39	10	7	1275	1287	14	0.0	2060
bbbbd36d-1757-4d14-bf2c-f3024245c006	NR_044712.2	95.618	1278	43	10	7	1275	1296	23	0.0	2045
bbbbd36d-1757-4d14-bf2c-f3024245c006	NR_109752.1	94.844	1280	50	13	7	1275	1298	24	0.0	1984
bbbbd36d-1757-4d14-bf2c-f3024245c006	NR_025310.1	94.973	1273	48	13	7	1269	1267	1	0.0	1982
0e221bf0-08e9-41d3-b350-edb8a254f5cd	NR_026419.1	94.286	385	13	5	1	383	811	434	1.77e-165	580
0e221bf0-08e9-41d3-b350-edb8a254f5cd	NR_133753.1	93.766	385	15	5	1	383	777	400	3.82e-162	569
0e221bf0-08e9-41d3-b350-edb8a254f5cd	NR_025903.1	93.766	385	15	5	1	383	823	446	3.82e-162	569
0e221bf0-08e9-41d3-b350-edb8a254f5cd	NR_026469.1	93.506	385	16	5	1	383	813	436	4.94e-161	566
0e221bf0-08e9-41d3-b350-edb8a254f5cd	NR_133752.1	93.506	385	16	6	1	383	748	371	1.78e-160	564
fc9e05ad-1c40-4c3e-a37f-35130d50c481	NR_117692.1	92.638	1467	70	34	3	1448	21	1470	0.0	2076
fc9e05ad-1c40-4c3e-a37f-35130d50c481	NR_117696.1	92.643	1468	68	37	3	1448	8	1457	0.0	2076
fc9e05ad-1c40-4c3e-a37f-35130d50c481	NR_117717.1	92.575	1468	68	38	3	1448	42	1490	0.0	2069
fc9e05ad-1c40-4c3e-a37f-35130d50c481	NR_121688.1	92.507	1468	70	37	3	1448	41	1490	0.0	2065
fc9e05ad-1c40-4c3e-a37f-35130d50c481	NR_117701.1	92.507	1468	70	37	3	1448	21	1470	0.0	2065
eea91f4a-361d-42dd-b412-d3707b93f5aa	NR_119168.1	95.402	783	15	17	1	771	776	3	0.0	1227
eea91f4a-361d-42dd-b412-d3707b93f5aa	NR_074980.1	95.165	786	17	17	1	774	798	22	0.0	1221
eea91f4a-361d-42dd-b412-d3707b93f5aa	NR_113031.1	95.165	786	17	17	1	774	798	22	0.0	1221
eea91f4a-361d-42dd-b412-d3707b93f5aa	NR_117759.1	95.147	783	17	17	1	771	774	1	0.0	1218
eea91f4a-361d-42dd-b412-d3707b93f5aa	NR_115355.1	95.122	779	19	15	1	768	771	1	0.0	1214
bc7cd5e9-3356-4454-ac34-b14690f0307d	NR_042776.1	92.985	613	23	17	1	596	456	1065	0.0	876
bc7cd5e9-3356-4454-ac34-b14690f0307d	NR_042778.1	92.822	613	24	17	1	596	456	1065	0.0	870
bc7cd5e9-3356-4454-ac34-b14690f0307d	NR_042777.1	92.822	613	23	18	1	596	456	1064	0.0	869
bc7cd5e9-3356-4454-ac34-b14690f0307d	NR_197695.1	92.659	613	25	17	1	596	455	1064	0.0	865
bc7cd5e9-3356-4454-ac34-b14690f0307d	NR_118998.1	92.007	613	28	19	1	596	451	1059	0.0	841
ab2c664a-0f7c-464d-b3cf-c803380621c0	NR_115355.1	96.892	1126	21	13	6	1126	1117	1	0.0	1877
ab2c664a-0f7c-464d-b3cf-c803380621c0	NR_119169.1	97.115	1109	21	10	21	1126	1106	6	0.0	1866
ab2c664a-0f7c-464d-b3cf-c803380621c0	NR_163639.1	96.063	1143	24	20	6	1141	1132	4	0.0	1842
ab2c664a-0f7c-464d-b3cf-c803380621c0	NR_113570.1	96.362	1127	26	14	6	1126	1124	7	0.0	1840
ab2c664a-0f7c-464d-b3cf-c803380621c0	NR_041879.1	97.502	1081	16	10	6	1082	1074	1	0.0	1836
6feb86c0-0f30-4d49-a354-319805be4a27	NR_044873.1	98.138	376	6	1	1	375	377	2	0.0	654
6feb86c0-0f30-4d49-a354-319805be4a27	NR_074568.1	97.340	376	9	1	1	375	388	13	0.0	638
6feb86c0-0f30-4d49-a354-319805be4a27	NR_044712.2	96.543	376	12	1	1	375	397	22	2.17e-179	627
6feb86c0-0f30-4d49-a354-319805be4a27	NR_109752.1	94.695	377	18	2	1	375	399	23	1.33e-166	584
6feb86c0-0f30-4d49-a354-319805be4a27	NR_179993.1	94.695	377	18	2	1	375	389	13	1.33e-166	584
1c5bcd30-6ca0-434e-84ad-f6ac937c9c0c	NR_117694.1	86.162	542	41	30	1	519	531	1	1.49e-157	555
1c5bcd30-6ca0-434e-84ad-f6ac937c9c0c	NR_025892.1	84.686	542	49	30	1	519	557	27	3.25e-149	527
1c5bcd30-6ca0-434e-84ad-f6ac937c9c0c	NR_041989.1	86.573	499	36	27	1	478	489	1	1.51e-147	521
1c5bcd30-6ca0-434e-84ad-f6ac937c9c0c	NR_117692.1	84.658	541	51	28	1	519	531	1	3.27e-144	510
1c5bcd30-6ca0-434e-84ad-f6ac937c9c0c	NR_117717.1	84.473	541	52	28	1	519	552	22	1.52e-142	505
df46c899-73d0-4a25-ae2b-4c314f278670	NR_115735.1	93.130	1281	48	32	7	1260	197	1464	0.0	1842
df46c899-73d0-4a25-ae2b-4c314f278670	NR_165737.1	93.302	1269	47	31	7	1250	206	1461	0.0	1838
df46c899-73d0-4a25-ae2b-4c314f278670	NR_024842.1	92.980	1282	50	32	7	1261	221	1489	0.0	1836
df46c899-73d0-4a25-ae2b-4c314f278670	NR_115241.1	93.060	1268	51	30	7	1250	206	1460	0.0	1825
df46c899-73d0-4a25-ae2b-4c314f278670	NR_109720.1	92.987	1269	51	31	7	1250	200	1455	0.0	1816
fb96fe75-abe6-4b0e-9c86-42ecfd30dc43	NR_024712.1	93.899	377	7	11	1	363	948	574	1.07e-157	555
fb96fe75-abe6-4b0e-9c86-42ecfd30dc43	NR_027203.1	93.899	377	7	10	1	363	948	574	1.07e-157	555
fb96fe75-abe6-4b0e-9c86-42ecfd30dc43	NR_028608.1	93.899	377	6	13	1	363	941	568	3.84e-157	553
fb96fe75-abe6-4b0e-9c86-42ecfd30dc43	NR_027191.1	92.126	381	10	13	1	363	931	553	3.01e-148	523
fb96fe75-abe6-4b0e-9c86-42ecfd30dc43	NR_036995.1	91.270	378	12	16	1	363	959	588	6.56e-140	496
f5476580-7a14-4e41-9de2-224f7c915f3e	NR_115355.1	95.008	1262	28	28	6	1246	1248	1	0.0	1953
f5476580-7a14-4e41-9de2-224f7c915f3e	NR_119169.1	94.870	1267	30	28	6	1251	1253	1	0.0	1953
f5476580-7a14-4e41-9de2-224f7c915f3e	NR_163639.1	94.757	1278	28	31	6	1262	1263	4	0.0	1953
f5476580-7a14-4e41-9de2-224f7c915f3e	NR_074980.1	94.733	1272	33	28	13	1264	1267	10	0.0	1947
f5476580-7a14-4e41-9de2-224f7c915f3e	NR_113031.1	94.733	1272	33	28	13	1264	1267	10	0.0	1947
4c250c3e-eac0-46fb-970b-47df5a152d7f	NR_025206.1	91.800	1317	94	13	5	1311	137	1449	0.0	1821
4c250c3e-eac0-46fb-970b-47df5a152d7f	NR_104899.1	91.654	1318	97	13	3	1311	149	1462	0.0	1814
4c250c3e-eac0-46fb-970b-47df5a152d7f	NR_115211.1	91.597	1321	96	15	1	1311	152	1467	0.0	1810
4c250c3e-eac0-46fb-970b-47df5a152d7f	NR_026493.1	91.554	1326	88	22	1	1311	157	1473	0.0	1807
4c250c3e-eac0-46fb-970b-47df5a152d7f	NR_026494.1	91.515	1320	99	13	1	1311	155	1470	0.0	1805
bffa1458-a3f1-4463-b72f-05d2f6f127ca	NR_163639.1	91.801	1244	54	42	1	1222	1222	5	0.0	1688
bffa1458-a3f1-4463-b72f-05d2f6f127ca	NR_074980.1	91.647	1245	60	37	1	1223	1234	12	0.0	1683
bffa1458-a3f1-4463-b72f-05d2f6f127ca	NR_113031.1	91.647	1245	60	37	1	1223	1234	12	0.0	1683
bffa1458-a3f1-4463-b72f-05d2f6f127ca	NR_119169.1	91.653	1234	59	38	1	1212	1212	1	0.0	1676
bffa1458-a3f1-4463-b72f-05d2f6f127ca	NR_115355.1	91.782	1229	57	38	1	1207	1207	1	0.0	1674
9b75cb85-ab8d-4b9d-b284-44cd7e4fb6b0	NR_042776.1	94.194	999	36	19	33	1020	1005	18	0.0	1504
9b75cb85-ab8d-4b9d-b284-44cd7e4fb6b0	NR_042778.1	93.994	999	38	19	33	1020	1005	18	0.0	1493
9b75cb85-ab8d-4b9d-b284-44cd7e4fb6b0	NR_042777.1	93.994	999	37	20	33	1020	1004	18	0.0	1491
9b75cb85-ab8d-4b9d-b284-44cd7e4fb6b0	NR_197695.1	93.694	999	41	19	33	1020	1004	17	0.0	1476
9b75cb85-ab8d-4b9d-b284-44cd7e4fb6b0	NR_118234.1	93.313	1002	45	20	30	1020	1000	10	0.0	1459
df07fb4c-a3bb-4283-8477-678a531b5f47	NR_113570.1	95.475	906	24	15	12	909	595	1491	0.0	1430
df07fb4c-a3bb-4283-8477-678a531b5f47	NR_043332.1	95.359	905	26	14	12	909	588	1483	0.0	1428
df07fb4c-a3bb-4283-8477-678a531b5f47	NR_074980.1	95.359	905	26	14	12	909	615	1510	0.0	1424
df07fb4c-a3bb-4283-8477-678a531b5f47	NR_113031.1	95.359	905	26	14	12	909	615	1510	0.0	1424
df07fb4c-a3bb-4283-8477-678a531b5f47	NR_115355.1	95.359	905	26	14	12	909	588	1483	0.0	1424
b00cf262-f091-481f-8352-53bfcc90ec24	NR_179540.1	95.459	1013	21	18	3	1000	490	1492	0.0	1592
b00cf262-f091-481f-8352-53bfcc90ec24	NR_117719.1	95.360	1013	23	17	3	1000	490	1493	0.0	1589
b00cf262-f091-481f-8352-53bfcc90ec24	NR_028664.1	95.262	1013	24	17	3	1000	493	1496	0.0	1583
b00cf262-f091-481f-8352-53bfcc90ec24	NR_179383.1	95.262	1013	24	17	3	1000	497	1500	0.0	1583
b00cf262-f091-481f-8352-53bfcc90ec24	NR_042927.1	95.342	1009	23	17	3	996	472	1471	0.0	1581
857dc873-b728-40da-b8e6-9fb116b09922	NR_116168.1	93.429	700	21	15	1	681	707	14	0.0	1014
857dc873-b728-40da-b8e6-9fb116b09922	NR_042878.1	93.064	692	23	15	1	673	686	1	0.0	998
857dc873-b728-40da-b8e6-9fb116b09922	NR_118762.1	91.453	702	35	15	1	683	710	15	0.0	966
857dc873-b728-40da-b8e6-9fb116b09922	NR_118143.1	91.210	694	34	19	1	673	688	1	0.0	920
857dc873-b728-40da-b8e6-9fb116b09922	NR_025423.1	90.961	697	36	18	1	676	691	1	0.0	913
9e3c39ec-b59c-42fe-bfaa-6a0ee9b1f30c	NR_042928.1	97.074	376	5	6	1	374	372	1	6.16e-180	628
9e3c39ec-b59c-42fe-bfaa-6a0ee9b1f30c	NR_109720.1	97.027	370	7	4	1	368	368	1	3.71e-177	619
9e3c39ec-b59c-42fe-bfaa-6a0ee9b1f30c	NR_036936.1	96.011	376	11	4	1	374	374	1	2.23e-174	610
9e3c39ec-b59c-42fe-bfaa-6a0ee9b1f30c	NR_199547.1	98.017	353	2	5	1	351	352	3	8.03e-174	608
9e3c39ec-b59c-42fe-bfaa-6a0ee9b1f30c	NR_112026.1	97.214	359	4	6	1	357	355	1	3.74e-172	603
63d731c4-9246-43c3-980c-b01921b5f9ad	NR_199541.1	94.783	690	17	15	1	681	1352	673	0.0	1057
63d731c4-9246-43c3-980c-b01921b5f9ad	NR_180625.1	94.630	689	20	12	1	681	1356	677	0.0	1051
63d731c4-9246-43c3-980c-b01921b5f9ad	NR_028664.1	94.485	689	21	12	1	681	1397	718	0.0	1046
63d731c4-9246-43c3-980c-b01921b5f9ad	NR_115240.1	94.485	689	21	12	1	681	1374	695	0.0	1046
63d731c4-9246-43c3-980c-b01921b5f9ad	NR_115732.1	94.485	689	21	12	1	681	1376	697	0.0	1046
33c3dfbb-6afd-4a07-951c-b1d7cf18bb18	NR_133752.1	88.178	516	30	24	1	496	662	1166	5.10e-167	586
33c3dfbb-6afd-4a07-951c-b1d7cf18bb18	NR_133753.1	88.178	516	30	24	1	496	691	1195	5.10e-167	586
33c3dfbb-6afd-4a07-951c-b1d7cf18bb18	NR_025904.1	88.178	516	30	24	1	496	736	1240	5.10e-167	586
33c3dfbb-6afd-4a07-951c-b1d7cf18bb18	NR_025903.1	88.178	516	30	24	1	496	737	1241	5.10e-167	586
33c3dfbb-6afd-4a07-951c-b1d7cf18bb18	NR_026419.1	87.791	516	32	24	1	496	725	1229	1.10e-163	575
2c64138d-3c60-4f78-97eb-6d562038270b	NR_109720.1	96.355	1015	20	13	1	1003	397	1406	0.0	1653
2c64138d-3c60-4f78-97eb-6d562038270b	NR_115735.1	96.355	1015	20	13	1	1003	394	1403	0.0	1653
2c64138d-3c60-4f78-97eb-6d562038270b	NR_178515.1	96.351	1014	20	13	1	1002	403	1411	0.0	1652
2c64138d-3c60-4f78-97eb-6d562038270b	NR_024842.1	96.256	1015	21	13	1	1003	418	1427	0.0	1650
2c64138d-3c60-4f78-97eb-6d562038270b	NR_036936.1	96.256	1015	21	13	1	1003	403	1412	0.0	1648
078375a7-4113-4e2b-8710-c077bbc5fbd2	NR_178515.1	93.523	633	29	10	1	625	629	1	0.0	931
078375a7-4113-4e2b-8710-c077bbc5fbd2	NR_165737.1	93.207	633	31	11	1	625	629	1	0.0	920
078375a7-4113-4e2b-8710-c077bbc5fbd2	NR_114413.1	92.824	641	34	11	1	633	652	16	0.0	918
078375a7-4113-4e2b-8710-c077bbc5fbd2	NR_117719.1	92.824	641	32	12	1	633	647	13	0.0	917
078375a7-4113-4e2b-8710-c077bbc5fbd2	NR_175455.1	92.645	639	33	12	1	631	635	3	0.0	907
b053e9e4-3d1d-4765-8c08-cc3024415d01	NR_115355.1	96.697	333	6	3	1	332	1158	1486	4.26e-156	549
b053e9e4-3d1d-4765-8c08-cc3024415d01	NR_163639.1	96.697	333	6	3	1	332	1173	1501	4.26e-156	549
b053e9e4-3d1d-4765-8c08-cc3024415d01	NR_179325.1	96.697	333	6	3	1	332	1132	1460	4.26e-156	549
b053e9e4-3d1d-4765-8c08-cc3024415d01	NR_119169.1	96.396	333	7	3	1	332	1163	1491	1.98e-154	544
b053e9e4-3d1d-4765-8c08-cc3024415d01	NR_115354.1	96.096	333	8	3	1	332	1158	1486	9.22e-153	538
5d8ab178-e0d4-462b-a3d1-84442ab9ada4	NR_024841.1	96.584	322	1	7	6	321	1213	896	6.90e-149	525
5d8ab178-e0d4-462b-a3d1-84442ab9ada4	NR_028665.1	96.584	322	1	7	6	321	1214	897	6.90e-149	525
5d8ab178-e0d4-462b-a3d1-84442ab9ada4	NR_042927.1	96.584	322	1	7	6	321	1199	882	6.90e-149	525
5d8ab178-e0d4-462b-a3d1-84442ab9ada4	NR_112026.1	96.584	322	1	7	6	321	1179	862	6.90e-149	525
5d8ab178-e0d4-462b-a3d1-84442ab9ada4	NR_113260.1	96.584	322	1	7	6	321	1199	882	6.90e-149	525
550692d6-47e5-4a86-98b7-6b8494187bde	NR_042776.1	93.886	1145	40	20	12	1140	1148	18	0.0	1700
550692d6-47e5-4a86-98b7-6b8494187bde	NR_042778.1	93.712	1145	42	20	12	1140	1148	18	0.0	1688
550692d6-47e5-4a86-98b7-6b8494187bde	NR_042777.1	93.636	1147	38	24	12	1140	1147	18	0.0	1681
550692d6-47e5-4a86-98b7-6b8494187bde	NR_197695.1	93.368	1146	44	22	12	1140	1147	17	0.0	1666
550692d6-47e5-4a86-98b7-6b8494187bde	NR_118998.1	92.920	1144	52	20	12	1140	1142	13	0.0	1639
19a100ca-2175-4937-aeb3-c2e1a1897602	NR_165747.1	94.068	472	17	8	9	474	467	1	0.0	706
19a100ca-2175-4937-aeb3-c2e1a1897602	NR_042928.1	93.856	472	18	8	9	474	467	1	0.0	701
19a100ca-2175-4937-aeb3-c2e1a1897602	NR_179385.1	93.333	480	21	8	9	482	491	17	0.0	699
19a100ca-2175-4937-aeb3-c2e1a1897602	NR_199545.1	93.333	480	21	8	9	482	487	13	0.0	699
19a100ca-2175-4937-aeb3-c2e1a1897602	NR_028664.1	93.125	480	22	8	9	482	490	16	0.0	693
ecdb7c05-3e17-4d01-bca6-2c25d073cfad	NR_042776.1	87.542	1196	88	49	1	1158	1190	18	0.0	1327
ecdb7c05-3e17-4d01-bca6-2c25d073cfad	NR_042777.1	87.448	1195	90	48	1	1158	1189	18	0.0	1321
ecdb7c05-3e17-4d01-bca6-2c25d073cfad	NR_042778.1	87.375	1196	90	49	1	1158	1190	18	0.0	1315
ecdb7c05-3e17-4d01-bca6-2c25d073cfad	NR_197695.1	87.375	1196	90	50	1	1158	1189	17	0.0	1315
ecdb7c05-3e17-4d01-bca6-2c25d073cfad	NR_118998.1	86.706	1196	97	50	1	1158	1184	13	0.0	1273
b0840d31-0d37-4c98-9365-7a915cc2b3b5	NR_041989.1	86.161	224	13	14	32	238	581	359	5.76e-59	226
b0840d31-0d37-4c98-9365-7a915cc2b3b5	NR_104947.1	85.268	224	15	14	32	238	596	374	1.25e-55	215
b0840d31-0d37-4c98-9365-7a915cc2b3b5	NR_117717.1	85.268	224	15	14	32	238	644	422	1.25e-55	215
b0840d31-0d37-4c98-9365-7a915cc2b3b5	NR_117696.1	85.268	224	15	14	32	238	610	388	1.25e-55	215
b0840d31-0d37-4c98-9365-7a915cc2b3b5	NR_117701.1	85.268	224	15	14	32	238	623	401	1.25e-55	215
bdbb2968-671e-49c3-aab3-e204e50d5eaf	NR_117694.1	92.897	901	30	26	1	886	586	1467	0.0	1279
bdbb2968-671e-49c3-aab3-e204e50d5eaf	NR_117692.1	92.564	901	33	25	1	886	586	1467	0.0	1262
bdbb2968-671e-49c3-aab3-e204e50d5eaf	NR_121687.1	92.453	901	34	26	1	886	606	1487	0.0	1256
bdbb2968-671e-49c3-aab3-e204e50d5eaf	NR_117696.1	92.453	901	34	26	1	886	573	1454	0.0	1256
bdbb2968-671e-49c3-aab3-e204e50d5eaf	NR_025902.1	92.342	901	35	25	1	886	564	1445	0.0	1251
7de00f1b-c591-41e0-9b34-d90b619e6810	NR_042776.1	96.986	365	4	6	1	362	1139	1499	2.76e-173	606
7de00f1b-c591-41e0-9b34-d90b619e6810	NR_042777.1	96.986	365	4	6	1	362	1138	1498	2.76e-173	606
7de00f1b-c591-41e0-9b34-d90b619e6810	NR_042778.1	96.438	365	6	6	1	362	1139	1499	5.97e-170	595
7de00f1b-c591-41e0-9b34-d90b619e6810	NR_118998.1	96.438	365	6	6	1	362	1133	1493	5.97e-170	595
7de00f1b-c591-41e0-9b34-d90b619e6810	NR_179540.1	96.438	365	6	6	1	362	1132	1492	5.97e-170	595
34bda467-9412-40fe-a2ab-8e729a0764c5	NR_117694.1	92.503	907	35	25	1	881	900	1	0.0	1267
34bda467-9412-40fe-a2ab-8e729a0764c5	NR_041989.1	93.163	863	30	21	1	839	858	1	0.0	1240
34bda467-9412-40fe-a2ab-8e729a0764c5	NR_117717.1	91.621	907	48	21	1	884	920	19	0.0	1229
34bda467-9412-40fe-a2ab-8e729a0764c5	NR_121687.1	91.648	910	43	24	1	884	920	18	0.0	1229
34bda467-9412-40fe-a2ab-8e729a0764c5	NR_117701.1	91.722	906	44	23	1	881	900	1	0.0	1229
8e88192d-1f90-4fd8-a37b-36fdd377b157	NR_116168.1	98.022	910	12	6	19	927	918	14	0.0	1576
8e88192d-1f90-4fd8-a37b-36fdd377b157	NR_042878.1	97.672	902	15	6	19	919	897	1	0.0	1554
8e88192d-1f90-4fd8-a37b-36fdd377b157	NR_118762.1	95.724	912	33	6	19	929	921	15	0.0	1496
8e88192d-1f90-4fd8-a37b-36fdd377b157	NR_118143.1	95.243	904	35	8	19	919	899	1	0.0	1426
8e88192d-1f90-4fd8-a37b-36fdd377b157	NR_025423.1	94.928	907	38	8	19	922	902	1	0.0	1413
27a096e3-dcfb-4199-8c22-60f8d32bfe63	NR_028682.1	92.701	959	24	29	1	919	545	1497	0.0	1341
27a096e3-dcfb-4199-8c22-60f8d32bfe63	NR_119263.1	91.979	960	32	27	1	921	542	1495	0.0	1304
27a096e3-dcfb-4199-8c22-60f8d32bfe63	NR_180652.1	92.034	954	33	26	1	917	534	1481	0.0	1301
27a096e3-dcfb-4199-8c22-60f8d32bfe63	NR_025197.1	91.779	961	31	31	1	920	512	1465	0.0	1293
27a096e3-dcfb-4199-8c22-60f8d32bfe63	NR_113798.1	91.762	959	34	26	1	920	529	1481	0.0	1291
eae7827c-e835-48c4-951c-db39a5204ad1	NR_180875.1	96.958	263	6	2	1	262	1224	963	2.11e-123	440
eae7827c-e835-48c4-951c-db39a5204ad1	NR_024841.1	96.578	263	7	2	1	262	1259	998	9.80e-122	435
eae7827c-e835-48c4-951c-db39a5204ad1	NR_024842.1	96.591	264	5	3	1	262	1260	999	9.80e-122	435
eae7827c-e835-48c4-951c-db39a5204ad1	NR_036936.1	96.578	263	7	2	1	262	1245	984	9.80e-122	435
eae7827c-e835-48c4-951c-db39a5204ad1	NR_028665.1	96.578	263	7	2	1	262	1260	999	9.80e-122	435
1f76df17-6221-4862-8e25-3830395a4b1b	NR_041989.1	92.532	549	21	16	1	535	741	199	0.0	769
1f76df17-6221-4862-8e25-3830395a4b1b	NR_117717.1	91.803	549	25	17	1	535	804	262	0.0	747
1f76df17-6221-4862-8e25-3830395a4b1b	NR_117696.1	91.803	549	25	17	1	535	770	228	0.0	747
1f76df17-6221-4862-8e25-3830395a4b1b	NR_117701.1	91.803	549	25	17	1	535	783	241	0.0	747
1f76df17-6221-4862-8e25-3830395a4b1b	NR_104947.1	91.621	549	26	17	1	535	756	214	0.0	741
ff947257-d88c-4d26-bc63-38869e1da611	NR_042776.1	96.571	1458	23	20	1	1442	56	1502	0.0	2390
ff947257-d88c-4d26-bc63-38869e1da611	NR_042777.1	96.365	1458	25	21	1	1442	56	1501	0.0	2374
ff947257-d88c-4d26-bc63-38869e1da611	NR_042778.1	96.296	1458	27	20	1	1442	56	1502	0.0	2368
ff947257-d88c-4d26-bc63-38869e1da611	NR_197695.1	95.953	1458	32	20	1	1442	55	1501	0.0	2340
ff947257-d88c-4d26-bc63-38869e1da611	NR_118998.1	95.813	1457	35	20	1	1442	51	1496	0.0	2331
0b05d337-c17b-464b-9865-2e81da8d006c	NR_042776.1	97.984	645	5	1	1	637	860	1504	0.0	1112
0b05d337-c17b-464b-9865-2e81da8d006c	NR_042777.1	97.984	645	5	1	1	637	859	1503	0.0	1112
0b05d337-c17b-464b-9865-2e81da8d006c	NR_042778.1	97.674	645	7	1	1	637	860	1504	0.0	1101
0b05d337-c17b-464b-9865-2e81da8d006c	NR_036936.1	96.075	637	16	5	1	628	835	1471	0.0	1029
0b05d337-c17b-464b-9865-2e81da8d006c	NR_152678.1	95.666	646	19	5	1	637	855	1500	0.0	1029
be1ec8f3-dcb2-473b-baa0-25076984da8b	NR_042776.1	91.575	546	23	20	1	533	553	18	0.0	732
be1ec8f3-dcb2-473b-baa0-25076984da8b	NR_042777.1	91.209	546	24	21	1	533	552	18	0.0	721
be1ec8f3-dcb2-473b-baa0-25076984da8b	NR_042778.1	91.209	546	25	20	1	533	553	18	0.0	721
be1ec8f3-dcb2-473b-baa0-25076984da8b	NR_197695.1	91.209	546	25	20	1	533	552	17	0.0	721
be1ec8f3-dcb2-473b-baa0-25076984da8b	NR_118998.1	90.293	546	30	20	1	533	548	13	0.0	695
37b45b66-ada6-494b-87eb-aee58d03e2fc	NR_024842.1	98.073	519	4	5	12	527	979	1494	0.0	898
37b45b66-ada6-494b-87eb-aee58d03e2fc	NR_115735.1	98.246	513	3	5	12	521	955	1464	0.0	893
37b45b66-ada6-494b-87eb-aee58d03e2fc	NR_028664.1	97.692	520	5	6	12	527	985	1501	0.0	887
37b45b66-ada6-494b-87eb-aee58d03e2fc	NR_165737.1	98.239	511	2	6	12	518	964	1471	0.0	887
37b45b66-ada6-494b-87eb-aee58d03e2fc	NR_156072.1	97.495	519	7	5	12	527	984	1499	0.0	881
28f77d90-36d1-4bb6-9596-54444ffc7c2f	NR_117694.1	91.980	611	22	21	1	594	601	1	0.0	832
28f77d90-36d1-4bb6-9596-54444ffc7c2f	NR_117717.1	91.558	616	31	16	1	602	622	14	0.0	830
28f77d90-36d1-4bb6-9596-54444ffc7c2f	NR_121688.1	91.396	616	32	16	1	602	621	13	0.0	824
28f77d90-36d1-4bb6-9596-54444ffc7c2f	NR_117701.1	91.447	608	31	16	1	594	601	1	0.0	815
28f77d90-36d1-4bb6-9596-54444ffc7c2f	NR_041989.1	93.110	566	18	16	1	552	559	1	0.0	809
bec99519-cab4-447c-99bd-b014f005b982	NR_042776.1	98.016	252	4	1	10	260	269	18	2.70e-122	436
bec99519-cab4-447c-99bd-b014f005b982	NR_042778.1	98.000	250	4	1	12	260	267	18	3.49e-121	433
bec99519-cab4-447c-99bd-b014f005b982	NR_042777.1	97.222	252	6	1	10	260	269	18	5.85e-119	425
bec99519-cab4-447c-99bd-b014f005b982	NR_118998.1	97.200	250	6	1	12	260	262	13	2.10e-118	424
bec99519-cab4-447c-99bd-b014f005b982	NR_197695.1	96.429	252	8	1	10	260	268	17	1.27e-115	414
38774cdb-d7a3-4a5b-ab9d-f7fda845f2aa	NR_042776.1	91.797	1402	64	41	1	1361	1409	18	0.0	1905
38774cdb-d7a3-4a5b-ab9d-f7fda845f2aa	NR_042777.1	91.583	1402	66	42	1	1361	1408	18	0.0	1888
38774cdb-d7a3-4a5b-ab9d-f7fda845f2aa	NR_042778.1	91.583	1402	67	41	1	1361	1409	18	0.0	1888
38774cdb-d7a3-4a5b-ab9d-f7fda845f2aa	NR_197695.1	91.369	1402	70	40	1	1361	1408	17	0.0	1871
38774cdb-d7a3-4a5b-ab9d-f7fda845f2aa	NR_118998.1	90.942	1402	75	40	1	1361	1403	13	0.0	1840
437ac9ab-7af4-43b8-92df-aa9c57f74d14	NR_025862.1	92.527	736	34	17	1	726	743	19	0.0	1042
437ac9ab-7af4-43b8-92df-aa9c57f74d14	NR_028682.1	90.650	738	45	20	1	726	744	19	0.0	959
437ac9ab-7af4-43b8-92df-aa9c57f74d14	NR_026454.1	90.131	689	46	19	1	675	720	40	0.0	876
437ac9ab-7af4-43b8-92df-aa9c57f74d14	NR_180652.1	89.410	661	52	15	1	651	733	81	0.0	817
437ac9ab-7af4-43b8-92df-aa9c57f74d14	NR_025435.1	89.157	664	52	16	1	652	741	86	0.0	809
96eb1e3b-5268-4561-b220-14f0b2f0e49a	NR_117694.1	95.455	484	11	9	1	478	479	1	0.0	761
96eb1e3b-5268-4561-b220-14f0b2f0e49a	NR_117717.1	94.908	491	16	8	1	486	500	14	0.0	760
96eb1e3b-5268-4561-b220-14f0b2f0e49a	NR_121688.1	94.908	491	16	7	1	486	499	13	0.0	760
96eb1e3b-5268-4561-b220-14f0b2f0e49a	NR_025892.1	94.309	492	17	9	1	486	505	19	0.0	752
96eb1e3b-5268-4561-b220-14f0b2f0e49a	NR_117701.1	94.824	483	16	8	1	478	479	1	0.0	745
ed8fe6d8-ff54-45a2-972d-cda8416120e9	NR_042776.1	97.098	448	7	6	10	454	1052	1496	0.0	750
ed8fe6d8-ff54-45a2-972d-cda8416120e9	NR_042777.1	97.098	448	7	6	10	454	1051	1495	0.0	750
ed8fe6d8-ff54-45a2-972d-cda8416120e9	NR_042778.1	96.652	448	9	6	10	454	1052	1496	0.0	739
ed8fe6d8-ff54-45a2-972d-cda8416120e9	NR_118998.1	96.652	448	9	6	10	454	1046	1490	0.0	739
ed8fe6d8-ff54-45a2-972d-cda8416120e9	NR_197695.1	96.652	448	9	6	10	454	1051	1495	0.0	739
6078bbe9-df3e-4045-acd9-9f4dc23a97da	NR_026419.1	90.617	1247	71	41	1	1222	259	1484	0.0	1613
6078bbe9-df3e-4045-acd9-9f4dc23a97da	NR_025903.1	90.297	1247	74	42	1	1222	271	1495	0.0	1589
6078bbe9-df3e-4045-acd9-9f4dc23a97da	NR_133753.1	90.736	1209	68	39	1	1186	225	1412	0.0	1572
6078bbe9-df3e-4045-acd9-9f4dc23a97da	NR_133752.1	90.571	1209	70	39	1	1186	196	1383	0.0	1561
6078bbe9-df3e-4045-acd9-9f4dc23a97da	NR_025904.1	89.904	1248	77	43	1	1222	270	1494	0.0	1561
857c7bc2-860d-4e8b-a1cb-99b39726f719	NR_042776.1	96.279	430	9	5	1	427	1074	1499	0.0	699
857c7bc2-860d-4e8b-a1cb-99b39726f719	NR_042777.1	96.279	430	9	5	1	427	1073	1498	0.0	699
857c7bc2-860d-4e8b-a1cb-99b39726f719	NR_042051.1	95.824	431	10	6	1	427	1001	1427	0.0	689
857c7bc2-860d-4e8b-a1cb-99b39726f719	NR_115719.1	95.824	431	10	6	1	427	1041	1467	0.0	689
857c7bc2-860d-4e8b-a1cb-99b39726f719	NR_042052.1	95.814	430	11	5	1	427	972	1397	0.0	688
91357ff2-9345-491e-8382-7317cc39f7ed	NR_042776.1	89.050	1242	84	43	6	1208	1246	18	0.0	1493
91357ff2-9345-491e-8382-7317cc39f7ed	NR_042778.1	88.889	1242	86	43	6	1208	1246	18	0.0	1482
91357ff2-9345-491e-8382-7317cc39f7ed	NR_197695.1	88.808	1242	87	43	6	1208	1245	17	0.0	1476
91357ff2-9345-491e-8382-7317cc39f7ed	NR_042777.1	88.808	1242	86	44	6	1208	1245	18	0.0	1474
91357ff2-9345-491e-8382-7317cc39f7ed	NR_118998.1	88.486	1242	90	44	6	1208	1240	13	0.0	1454
763cc9c6-584a-4489-996f-b214f22f2bd7	NR_026419.1	96.667	540	8	9	1	530	945	1484	0.0	889
763cc9c6-584a-4489-996f-b214f22f2bd7	NR_025903.1	95.185	540	15	10	1	530	957	1495	0.0	843
763cc9c6-584a-4489-996f-b214f22f2bd7	NR_025904.1	95.000	540	16	10	1	530	956	1494	0.0	837
763cc9c6-584a-4489-996f-b214f22f2bd7	NR_133752.1	95.736	516	15	7	1	509	882	1397	0.0	824
763cc9c6-584a-4489-996f-b214f22f2bd7	NR_133753.1	95.736	516	15	7	1	509	911	1426	0.0	824
b3ada567-d5a4-47e1-a30c-09e3860aeca8	NR_042843.1	93.657	536	21	9	1	527	931	1462	0.0	789
b3ada567-d5a4-47e1-a30c-09e3860aeca8	NR_102895.1	93.657	536	21	9	1	527	959	1490	0.0	789
b3ada567-d5a4-47e1-a30c-09e3860aeca8	NR_113113.1	93.657	536	21	9	1	527	939	1470	0.0	789
b3ada567-d5a4-47e1-a30c-09e3860aeca8	NR_109628.1	93.470	536	22	9	1	527	932	1463	0.0	784
b3ada567-d5a4-47e1-a30c-09e3860aeca8	NR_113124.1	93.097	536	24	9	1	527	951	1482	0.0	773
d64cd9ac-bafc-40dd-80b2-e4686a2e9b79	NR_163639.1	87.146	459	37	21	1	449	449	3	1.66e-141	501
d64cd9ac-bafc-40dd-80b2-e4686a2e9b79	NR_074980.1	87.118	458	38	20	1	447	460	13	5.99e-141	499
d64cd9ac-bafc-40dd-80b2-e4686a2e9b79	NR_113031.1	87.118	458	38	20	1	447	460	13	5.99e-141	499
d64cd9ac-bafc-40dd-80b2-e4686a2e9b79	NR_119168.1	87.082	449	35	21	1	437	438	1	4.66e-137	486
d64cd9ac-bafc-40dd-80b2-e4686a2e9b79	NR_119169.1	86.637	449	37	21	1	437	438	1	7.80e-135	479
e8427827-a619-4353-b0fc-3b43a521fd1f	NR_074980.1	92.857	462	20	11	12	463	471	13	0.0	658
e8427827-a619-4353-b0fc-3b43a521fd1f	NR_113031.1	92.857	462	20	11	12	463	471	13	0.0	658
e8427827-a619-4353-b0fc-3b43a521fd1f	NR_163639.1	92.873	463	17	14	12	464	460	4	0.0	658
e8427827-a619-4353-b0fc-3b43a521fd1f	NR_119168.1	92.920	452	19	11	12	453	449	1	0.0	645
e8427827-a619-4353-b0fc-3b43a521fd1f	NR_119169.1	92.478	452	21	11	12	453	449	1	0.0	638
f203e2ce-5e69-43e0-8ebb-52cd16531137	NR_025289.1	92.321	573	20	17	1	551	1358	788	0.0	795
f203e2ce-5e69-43e0-8ebb-52cd16531137	NR_118780.1	92.334	574	19	18	1	551	1365	794	0.0	793
f203e2ce-5e69-43e0-8ebb-52cd16531137	NR_133037.1	88.510	557	37	21	1	534	1383	831	0.0	649
f203e2ce-5e69-43e0-8ebb-52cd16531137	NR_144737.1	87.805	574	44	19	1	551	1384	814	0.0	649
f203e2ce-5e69-43e0-8ebb-52cd16531137	NR_173621.1	87.197	578	43	24	1	551	1394	821	9.07e-180	628
233cbb5d-7608-4093-8e08-30fd9f5f37ff	NR_102936.1	91.194	1374	70	42	1	1337	1371	12	0.0	1820
233cbb5d-7608-4093-8e08-30fd9f5f37ff	NR_113159.1	91.194	1374	70	42	1	1337	1371	12	0.0	1820
233cbb5d-7608-4093-8e08-30fd9f5f37ff	NR_026093.1	90.726	1294	68	43	1	1258	1278	1	0.0	1677
233cbb5d-7608-4093-8e08-30fd9f5f37ff	NR_113038.1	89.107	1377	94	45	1	1337	1372	12	0.0	1661
233cbb5d-7608-4093-8e08-30fd9f5f37ff	NR_036819.1	89.035	1368	94	45	1	1328	1352	1	0.0	1644
6c11f852-572a-4dd5-b31d-5c3c17ecb7ee	NR_178515.1	96.098	1230	29	13	1	1216	1225	1	0.0	1988
6c11f852-572a-4dd5-b31d-5c3c17ecb7ee	NR_114413.1	95.880	1238	32	13	1	1224	1248	16	0.0	1986
6c11f852-572a-4dd5-b31d-5c3c17ecb7ee	NR_042927.1	95.854	1230	32	13	1	1216	1225	1	0.0	1971
6c11f852-572a-4dd5-b31d-5c3c17ecb7ee	NR_165737.1	95.854	1230	32	13	1	1216	1225	1	0.0	1971
6c11f852-572a-4dd5-b31d-5c3c17ecb7ee	NR_115734.1	95.691	1230	34	13	1	1216	1226	2	0.0	1964
b0836311-e29c-431b-8402-1bb023d3182e	NR_165737.1	91.749	509	18	19	1	501	979	1471	0.0	686
b0836311-e29c-431b-8402-1bb023d3182e	NR_028664.1	91.423	513	20	19	1	505	1000	1496	0.0	682
b0836311-e29c-431b-8402-1bb023d3182e	NR_024842.1	91.228	513	20	20	1	505	994	1489	0.0	675
b0836311-e29c-431b-8402-1bb023d3182e	NR_199956.1	91.033	513	22	19	1	505	999	1495	0.0	671
b0836311-e29c-431b-8402-1bb023d3182e	NR_199974.1	91.068	515	18	23	1	505	1006	1502	0.0	671
94da95ba-214f-4fa5-a52d-b0896cf9d838	NR_028664.1	93.246	1140	41	25	1	1115	368	1496	0.0	1646
94da95ba-214f-4fa5-a52d-b0896cf9d838	NR_117719.1	93.246	1140	41	25	1	1115	365	1493	0.0	1646
94da95ba-214f-4fa5-a52d-b0896cf9d838	NR_179383.1	93.158	1140	42	25	1	1115	372	1500	0.0	1640
94da95ba-214f-4fa5-a52d-b0896cf9d838	NR_115240.1	93.222	1136	41	25	1	1111	345	1469	0.0	1639
94da95ba-214f-4fa5-a52d-b0896cf9d838	NR_175455.1	93.076	1141	42	26	1	1115	353	1482	0.0	1635
59e2427e-92c1-4893-be96-02843a3a344c	NR_042194.1	86.314	738	69	27	6	722	1317	591	0.0	774
59e2427e-92c1-4893-be96-02843a3a344c	NR_159082.1	86.314	738	69	27	6	722	1320	594	0.0	774
59e2427e-92c1-4893-be96-02843a3a344c	NR_159087.1	86.314	738	69	27	6	722	1299	573	0.0	774
59e2427e-92c1-4893-be96-02843a3a344c	NR_180272.1	86.333	739	67	29	6	722	1257	531	0.0	774
59e2427e-92c1-4893-be96-02843a3a344c	NR_180273.1	86.333	739	67	29	6	722	1257	531	0.0	774
03b12491-5979-4e21-851a-d5825b6f42b6	NR_042928.1	89.270	233	16	7	52	279	229	1	4.09e-76	283
03b12491-5979-4e21-851a-d5825b6f42b6	NR_199547.1	92.347	196	9	4	52	243	209	16	2.46e-73	274
03b12491-5979-4e21-851a-d5825b6f42b6	NR_036936.1	87.983	233	21	5	52	279	231	1	3.19e-72	270
03b12491-5979-4e21-851a-d5825b6f42b6	NR_109720.1	88.546	227	19	5	52	273	225	1	1.15e-71	268
03b12491-5979-4e21-851a-d5825b6f42b6	NR_115560.1	86.777	242	23	8	52	288	249	12	1.92e-69	261
99da1fe0-12d5-435e-b8f9-5ac668487710	NR_042928.1	96.210	1372	35	16	1	1363	1364	1	0.0	2230
99da1fe0-12d5-435e-b8f9-5ac668487710	NR_199547.1	96.442	1349	32	15	1	1340	1344	3	0.0	2211
99da1fe0-12d5-435e-b8f9-5ac668487710	NR_112026.1	96.285	1346	34	15	9	1346	1338	1	0.0	2196
99da1fe0-12d5-435e-b8f9-5ac668487710	NR_117719.1	95.497	1377	45	16	1	1368	1384	16	0.0	2183
99da1fe0-12d5-435e-b8f9-5ac668487710	NR_179540.1	95.431	1379	42	20	1	1368	1384	16	0.0	2178
f49ea369-2438-4d28-bc79-40aeb8a0d7fd	NR_026419.1	93.140	1239	50	30	1	1213	1230	1	0.0	1784
f49ea369-2438-4d28-bc79-40aeb8a0d7fd	NR_025903.1	92.154	1249	60	33	1	1222	1242	5	0.0	1729
f49ea369-2438-4d28-bc79-40aeb8a0d7fd	NR_025904.1	91.687	1251	62	37	1	1222	1241	4	0.0	1696
f49ea369-2438-4d28-bc79-40aeb8a0d7fd	NR_133753.1	92.046	1207	58	33	1	1180	1196	1	0.0	1663
f49ea369-2438-4d28-bc79-40aeb8a0d7fd	NR_133752.1	94.393	1070	41	17	1	1059	1167	106	0.0	1626
