32183025-ba89-4bb4-9f66-0bb9b1da5c3a	NR_163639.1	98.928	373	2	2	1	372	375	4	0.0	665
32183025-ba89-4bb4-9f66-0bb9b1da5c3a	NR_074980.1	98.919	370	2	2	3	371	381	13	0.0	660
32183025-ba89-4bb4-9f66-0bb9b1da5c3a	NR_113031.1	98.919	370	2	2	3	371	381	13	0.0	660
32183025-ba89-4bb4-9f66-0bb9b1da5c3a	NR_119168.1	99.167	360	1	2	3	361	359	1	0.0	647
32183025-ba89-4bb4-9f66-0bb9b1da5c3a	NR_119169.1	98.889	360	2	2	3	361	359	1	0.0	643
b3f78af7-6cc6-4f02-a5a5-33f8f49758ee	NR_044873.1	95.161	496	9	11	6	491	975	1465	0.0	769
b3f78af7-6cc6-4f02-a5a5-33f8f49758ee	NR_074568.1	93.976	498	15	11	8	496	987	1478	0.0	739
b3f78af7-6cc6-4f02-a5a5-33f8f49758ee	NR_178796.1	93.387	499	17	13	8	496	985	1477	0.0	725
b3f78af7-6cc6-4f02-a5a5-33f8f49758ee	NR_178939.1	93.387	499	17	13	8	496	986	1478	0.0	725
b3f78af7-6cc6-4f02-a5a5-33f8f49758ee	NR_044871.1	93.373	498	18	11	9	496	977	1469	0.0	723
692d6d11-6a4b-45e3-b523-1eaa2ce3ecd0	NR_042776.1	97.317	559	7	4	1	553	574	18	0.0	942
692d6d11-6a4b-45e3-b523-1eaa2ce3ecd0	NR_042778.1	96.959	559	9	4	1	553	574	18	0.0	931
692d6d11-6a4b-45e3-b523-1eaa2ce3ecd0	NR_042777.1	96.780	559	9	5	1	553	573	18	0.0	924
692d6d11-6a4b-45e3-b523-1eaa2ce3ecd0	NR_197695.1	96.422	559	12	4	1	553	573	17	0.0	915
692d6d11-6a4b-45e3-b523-1eaa2ce3ecd0	NR_118998.1	96.064	559	14	4	1	553	569	13	0.0	905
64838de2-36f7-4d9a-94b5-df9e87f8361b	NR_041879.1	94.583	480	13	12	1	471	1045	570	0.0	730
64838de2-36f7-4d9a-94b5-df9e87f8361b	NR_115355.1	94.583	480	13	12	1	471	1088	613	0.0	730
64838de2-36f7-4d9a-94b5-df9e87f8361b	NR_119169.1	94.583	480	13	12	1	471	1093	618	0.0	730
64838de2-36f7-4d9a-94b5-df9e87f8361b	NR_025762.1	94.375	480	14	12	1	471	1066	591	0.0	725
64838de2-36f7-4d9a-94b5-df9e87f8361b	NR_179325.1	94.375	480	14	12	1	471	1062	587	0.0	725
cb9e75ab-1e1b-45fc-83cf-7a63353438fa	NR_113570.1	98.030	863	10	7	1	862	637	1493	0.0	1493
cb9e75ab-1e1b-45fc-83cf-7a63353438fa	NR_043332.1	97.912	862	12	6	1	862	630	1485	0.0	1491
cb9e75ab-1e1b-45fc-83cf-7a63353438fa	NR_074980.1	97.912	862	12	6	1	862	657	1512	0.0	1487
cb9e75ab-1e1b-45fc-83cf-7a63353438fa	NR_113031.1	97.912	862	12	6	1	862	657	1512	0.0	1487
cb9e75ab-1e1b-45fc-83cf-7a63353438fa	NR_115354.1	97.564	862	15	6	1	862	630	1485	0.0	1472
e8ca2c85-ad55-451b-bfd1-94012ffe2d3d	NR_136788.1	96.736	337	5	5	5	338	1317	984	2.59e-158	556
e8ca2c85-ad55-451b-bfd1-94012ffe2d3d	NR_026230.1	92.878	337	18	5	5	338	1295	962	3.44e-137	486
e8ca2c85-ad55-451b-bfd1-94012ffe2d3d	NR_113082.1	92.604	338	17	7	5	338	1317	984	5.76e-135	479
e8ca2c85-ad55-451b-bfd1-94012ffe2d3d	NR_026136.1	89.677	310	21	9	5	309	1299	996	1.29e-106	385
e8ca2c85-ad55-451b-bfd1-94012ffe2d3d	NR_113080.1	89.677	310	21	9	5	309	1319	1016	1.29e-106	385
9daf1340-53a4-4b2f-8970-e1e0d3853c91	NR_178262.1	92.138	1361	70	30	1	1336	19	1367	0.0	1886
9daf1340-53a4-4b2f-8970-e1e0d3853c91	NR_179215.1	92.138	1361	70	30	1	1336	141	1489	0.0	1886
9daf1340-53a4-4b2f-8970-e1e0d3853c91	NR_036918.1	91.997	1362	70	32	1	1336	142	1490	0.0	1875
9daf1340-53a4-4b2f-8970-e1e0d3853c91	NR_115737.1	91.991	1361	70	32	1	1335	128	1475	0.0	1873
9daf1340-53a4-4b2f-8970-e1e0d3853c91	NR_112704.1	91.868	1365	65	35	1	1336	44	1391	0.0	1864
f3412882-8d8e-4d2f-b8b8-751b6a682a1a	NR_028682.1	97.429	350	4	5	1	347	1150	1497	7.43e-169	592
f3412882-8d8e-4d2f-b8b8-751b6a682a1a	NR_025435.1	97.101	345	6	4	7	349	1152	1494	5.79e-165	579
f3412882-8d8e-4d2f-b8b8-751b6a682a1a	NR_036793.2	96.522	345	8	4	7	349	1163	1505	1.25e-161	568
f3412882-8d8e-4d2f-b8b8-751b6a682a1a	NR_119273.1	96.522	345	8	4	7	349	1163	1505	1.25e-161	568
f3412882-8d8e-4d2f-b8b8-751b6a682a1a	NR_042061.1	96.522	345	8	4	7	349	1145	1487	1.25e-161	568
c475bb07-830c-4018-b8ac-e01d6fbbe299	NR_116168.1	94.935	1461	37	26	2	1436	1463	14	0.0	2254
c475bb07-830c-4018-b8ac-e01d6fbbe299	NR_042878.1	95.501	1356	35	21	88	1428	1345	1	0.0	2152
c475bb07-830c-4018-b8ac-e01d6fbbe299	NR_118762.1	93.092	1462	63	27	2	1437	1465	16	0.0	2148
c475bb07-830c-4018-b8ac-e01d6fbbe299	NR_025423.1	92.049	1459	75	30	2	1431	1447	1	0.0	2013
c475bb07-830c-4018-b8ac-e01d6fbbe299	NR_118143.1	93.225	1358	64	23	88	1428	1347	1	0.0	1975
bfe8906f-8143-4f77-9fd7-b9424df14e38	NR_179325.1	94.864	662	15	15	1	646	730	1388	0.0	1016
bfe8906f-8143-4f77-9fd7-b9424df14e38	NR_115355.1	94.713	662	16	15	1	646	756	1414	0.0	1011
bfe8906f-8143-4f77-9fd7-b9424df14e38	NR_041879.1	94.570	663	16	16	1	646	713	1372	0.0	1007
bfe8906f-8143-4f77-9fd7-b9424df14e38	NR_119169.1	94.411	662	18	15	1	646	761	1419	0.0	1003
bfe8906f-8143-4f77-9fd7-b9424df14e38	NR_163639.1	94.562	662	15	17	1	646	773	1429	0.0	1003
291255af-46a9-492b-8e37-2e4068c6a369	NR_028682.1	95.312	128	5	1	1	128	139	13	4.76e-52	202
291255af-46a9-492b-8e37-2e4068c6a369	NR_025862.1	94.574	129	6	1	1	129	139	12	4.76e-52	202
291255af-46a9-492b-8e37-2e4068c6a369	NR_025863.1	88.095	126	9	6	9	129	136	12	8.14e-35	145
291255af-46a9-492b-8e37-2e4068c6a369	NR_043095.1	86.822	129	6	7	10	128	141	14	1.76e-31	134
291255af-46a9-492b-8e37-2e4068c6a369	NR_104995.1	86.400	125	11	6	7	130	120	1	6.34e-31	132
1f2a4990-22a9-495f-ba07-074f68c29fb1	NR_115355.1	95.233	965	22	18	1	953	530	1482	0.0	1506
1f2a4990-22a9-495f-ba07-074f68c29fb1	NR_179325.1	95.233	965	22	18	1	953	504	1456	0.0	1506
1f2a4990-22a9-495f-ba07-074f68c29fb1	NR_119169.1	94.922	965	25	18	1	953	535	1487	0.0	1493
1f2a4990-22a9-495f-ba07-074f68c29fb1	NR_163639.1	95.031	966	21	21	1	953	546	1497	0.0	1493
1f2a4990-22a9-495f-ba07-074f68c29fb1	NR_115354.1	94.508	965	29	17	1	953	530	1482	0.0	1471
85014995-ac70-435d-ad9c-d906a609843c	NR_044873.1	97.683	1424	16	12	1	1411	48	1467	0.0	2431
85014995-ac70-435d-ad9c-d906a609843c	NR_074568.1	96.278	1424	35	11	1	1412	59	1476	0.0	2320
85014995-ac70-435d-ad9c-d906a609843c	NR_044712.2	96.334	1391	37	9	1	1383	68	1452	0.0	2281
85014995-ac70-435d-ad9c-d906a609843c	NR_025310.1	95.161	1426	49	14	1	1412	39	1458	0.0	2233
85014995-ac70-435d-ad9c-d906a609843c	NR_109752.1	95.091	1426	51	14	1	1412	69	1489	0.0	2228
dd73fef4-e800-4a56-9b07-ae6c77243510	NR_025863.1	94.129	511	22	7	9	511	1411	901	0.0	776
dd73fef4-e800-4a56-9b07-ae6c77243510	NR_026481.1	90.698	516	38	9	1	508	1383	870	0.0	678
dd73fef4-e800-4a56-9b07-ae6c77243510	NR_044754.1	90.019	521	38	13	1	511	1412	896	0.0	665
dd73fef4-e800-4a56-9b07-ae6c77243510	NR_028682.1	90.173	519	37	13	1	508	1415	900	0.0	664
dd73fef4-e800-4a56-9b07-ae6c77243510	NR_025862.1	90.411	511	35	13	9	508	1406	899	0.0	662
aee55481-7d19-45e6-bf28-224641a6f9ba	NR_163639.1	96.708	729	11	13	1	724	724	4	0.0	1201
aee55481-7d19-45e6-bf28-224641a6f9ba	NR_119169.1	96.936	718	12	10	1	713	713	1	0.0	1199
aee55481-7d19-45e6-bf28-224641a6f9ba	NR_115355.1	97.055	713	11	10	1	708	708	1	0.0	1195
aee55481-7d19-45e6-bf28-224641a6f9ba	NR_074980.1	96.429	728	16	10	1	723	735	13	0.0	1192
aee55481-7d19-45e6-bf28-224641a6f9ba	NR_113031.1	96.429	728	16	10	1	723	735	13	0.0	1192
b365f97e-ba96-4dba-b69e-8eece955a9f4	NR_165747.1	91.275	298	18	8	4	299	296	5	4.26e-111	399
b365f97e-ba96-4dba-b69e-8eece955a9f4	NR_042928.1	90.940	298	19	8	4	299	296	5	1.98e-109	394
b365f97e-ba96-4dba-b69e-8eece955a9f4	NR_199545.1	89.103	312	23	11	4	312	316	13	2.00e-104	377
b365f97e-ba96-4dba-b69e-8eece955a9f4	NR_112026.1	91.336	277	16	8	4	278	279	9	9.29e-103	372
b365f97e-ba96-4dba-b69e-8eece955a9f4	NR_179385.1	88.782	312	24	11	4	312	320	17	9.29e-103	372
d1cdf63d-f2bb-4619-8a5b-15083c87b586	NR_042776.1	96.993	765	13	8	6	764	720	1480	0.0	1277
d1cdf63d-f2bb-4619-8a5b-15083c87b586	NR_042777.1	96.993	765	13	8	6	764	719	1479	0.0	1277
d1cdf63d-f2bb-4619-8a5b-15083c87b586	NR_042778.1	96.301	784	17	10	6	781	720	1499	0.0	1277
d1cdf63d-f2bb-4619-8a5b-15083c87b586	NR_197695.1	96.471	765	17	8	6	764	719	1479	0.0	1254
d1cdf63d-f2bb-4619-8a5b-15083c87b586	NR_118998.1	95.663	784	21	11	6	781	715	1493	0.0	1247
e9726466-c1cb-4326-b2ff-41eae1f37bef	NR_042776.1	97.067	1466	22	16	8	1457	42	1502	0.0	2449
e9726466-c1cb-4326-b2ff-41eae1f37bef	NR_042777.1	96.860	1465	26	17	8	1457	42	1501	0.0	2433
e9726466-c1cb-4326-b2ff-41eae1f37bef	NR_042778.1	96.862	1466	25	16	8	1457	42	1502	0.0	2433
e9726466-c1cb-4326-b2ff-41eae1f37bef	NR_197695.1	96.524	1467	28	18	8	1457	41	1501	0.0	2405
e9726466-c1cb-4326-b2ff-41eae1f37bef	NR_118998.1	96.385	1466	31	17	8	1457	37	1496	0.0	2396
b3fb68bc-97d6-4147-b8b5-285fa6647bcb	NR_118998.1	94.432	880	28	20	1	866	622	1494	0.0	1334
b3fb68bc-97d6-4147-b8b5-285fa6647bcb	NR_118942.1	92.147	815	44	18	1	802	525	1332	0.0	1177
b3fb68bc-97d6-4147-b8b5-285fa6647bcb	NR_118937.1	92.147	815	46	16	1	802	525	1334	0.0	1149
b3fb68bc-97d6-4147-b8b5-285fa6647bcb	NR_118933.1	90.429	815	60	16	1	802	525	1334	0.0	1081
b3fb68bc-97d6-4147-b8b5-285fa6647bcb	NR_025435.1	89.093	871	68	24	14	866	634	1495	0.0	1057
deb05c56-447a-4d10-80f4-763b925cb1e1	NR_042776.1	93.573	529	19	14	1	520	541	19	0.0	774
deb05c56-447a-4d10-80f4-763b925cb1e1	NR_042778.1	93.195	529	21	14	1	520	541	19	0.0	763
deb05c56-447a-4d10-80f4-763b925cb1e1	NR_042777.1	93.006	529	21	15	1	520	540	19	0.0	758
deb05c56-447a-4d10-80f4-763b925cb1e1	NR_118998.1	93.346	511	22	11	1	503	536	30	0.0	747
deb05c56-447a-4d10-80f4-763b925cb1e1	NR_197695.1	92.628	529	24	14	1	520	540	18	0.0	747
48719aa7-5401-4f4c-90c7-c8c4b49b29ce	NR_199541.1	95.798	595	11	13	1	590	790	1375	0.0	948
48719aa7-5401-4f4c-90c7-c8c4b49b29ce	NR_180625.1	95.630	595	12	13	1	590	794	1379	0.0	942
48719aa7-5401-4f4c-90c7-c8c4b49b29ce	NR_028664.1	95.462	595	13	13	1	590	835	1420	0.0	937
48719aa7-5401-4f4c-90c7-c8c4b49b29ce	NR_028665.1	95.462	595	13	13	1	590	829	1414	0.0	937
48719aa7-5401-4f4c-90c7-c8c4b49b29ce	NR_114172.1	95.462	595	13	13	1	590	812	1397	0.0	937
3b88efc5-769c-43c4-8675-71455802ed26	NR_042776.1	98.000	500	6	3	1	497	1001	1499	0.0	865
3b88efc5-769c-43c4-8675-71455802ed26	NR_042777.1	98.000	500	6	3	1	497	1000	1498	0.0	865
3b88efc5-769c-43c4-8675-71455802ed26	NR_042778.1	97.600	500	8	3	1	497	1001	1499	0.0	854
3b88efc5-769c-43c4-8675-71455802ed26	NR_118998.1	97.400	500	9	3	1	497	995	1493	0.0	848
3b88efc5-769c-43c4-8675-71455802ed26	NR_197695.1	97.400	500	9	3	1	497	1000	1498	0.0	848
b8d86c9e-b851-423a-bdd6-6a0f1f3361e8	NR_113121.1	92.663	736	30	22	1	718	1237	508	0.0	1038
b8d86c9e-b851-423a-bdd6-6a0f1f3361e8	NR_026417.1	92.527	736	31	22	1	718	1214	485	0.0	1033
b8d86c9e-b851-423a-bdd6-6a0f1f3361e8	NR_042843.1	86.703	737	72	21	1	718	1217	488	0.0	795
b8d86c9e-b851-423a-bdd6-6a0f1f3361e8	NR_102895.1	86.703	737	72	21	1	718	1245	516	0.0	795
b8d86c9e-b851-423a-bdd6-6a0f1f3361e8	NR_113113.1	86.703	737	72	21	1	718	1225	496	0.0	795
d6b36e2d-22ae-4464-a87b-cd72dbedace7	NR_115735.1	96.000	1425	34	17	1	1410	39	1455	0.0	2294
d6b36e2d-22ae-4464-a87b-cd72dbedace7	NR_024842.1	95.927	1424	36	16	1	1410	64	1479	0.0	2292
d6b36e2d-22ae-4464-a87b-cd72dbedace7	NR_115241.1	95.857	1424	37	16	1	1410	49	1464	0.0	2289
d6b36e2d-22ae-4464-a87b-cd72dbedace7	NR_165737.1	95.372	1426	41	19	1	1410	49	1465	0.0	2244
d6b36e2d-22ae-4464-a87b-cd72dbedace7	NR_036936.1	95.099	1408	44	19	19	1410	67	1465	0.0	2194
8c779453-7718-4978-8220-788b8b82a2a0	NR_116168.1	91.892	740	30	21	1	722	149	876	0.0	1007
8c779453-7718-4978-8220-788b8b82a2a0	NR_042878.1	91.610	739	34	19	1	722	128	855	0.0	1003
8c779453-7718-4978-8220-788b8b82a2a0	NR_118762.1	90.270	740	42	22	1	722	152	879	0.0	963
8c779453-7718-4978-8220-788b8b82a2a0	NR_118143.1	90.013	741	42	20	1	722	130	857	0.0	931
8c779453-7718-4978-8220-788b8b82a2a0	NR_025423.1	91.053	693	40	17	1	683	133	813	0.0	917
e574badb-fc85-4f59-8b34-c4015cb468bf	NR_114413.1	92.609	663	28	20	3	655	667	16	0.0	933
e574badb-fc85-4f59-8b34-c4015cb468bf	NR_178515.1	92.802	653	29	17	3	646	644	1	0.0	929
e574badb-fc85-4f59-8b34-c4015cb468bf	NR_042927.1	93.168	644	25	18	3	636	644	10	0.0	928
e574badb-fc85-4f59-8b34-c4015cb468bf	NR_115734.1	93.012	644	26	18	3	636	645	11	0.0	924
e574badb-fc85-4f59-8b34-c4015cb468bf	NR_165737.1	92.496	653	31	17	3	646	644	1	0.0	918
f9091023-e5a1-410c-a3de-12337ac7b5f4	NR_042776.1	93.146	963	36	26	24	968	980	30	0.0	1386
f9091023-e5a1-410c-a3de-12337ac7b5f4	NR_042778.1	92.939	963	38	26	24	968	980	30	0.0	1375
f9091023-e5a1-410c-a3de-12337ac7b5f4	NR_042777.1	92.835	963	38	27	24	968	979	30	0.0	1367
f9091023-e5a1-410c-a3de-12337ac7b5f4	NR_197695.1	92.523	963	42	26	24	968	979	29	0.0	1352
f9091023-e5a1-410c-a3de-12337ac7b5f4	NR_118998.1	92.420	963	42	27	24	968	974	25	0.0	1347
72be0c55-05ca-4570-9ce5-ec8fbfc8ecc7	NR_115355.1	96.026	1384	29	19	1	1369	110	1482	0.0	2231
72be0c55-05ca-4570-9ce5-ec8fbfc8ecc7	NR_179325.1	96.029	1385	28	20	1	1369	83	1456	0.0	2228
72be0c55-05ca-4570-9ce5-ec8fbfc8ecc7	NR_119169.1	95.809	1384	32	19	1	1369	115	1487	0.0	2218
72be0c55-05ca-4570-9ce5-ec8fbfc8ecc7	NR_163639.1	95.812	1385	26	25	1	1369	129	1497	0.0	2207
72be0c55-05ca-4570-9ce5-ec8fbfc8ecc7	NR_113570.1	95.455	1386	35	21	1	1369	116	1490	0.0	2185
620f4921-a0c0-4fc6-85cf-9b7fc8dd4073	NR_025862.1	91.835	1188	54	33	1	1160	234	1406	0.0	1622
620f4921-a0c0-4fc6-85cf-9b7fc8dd4073	NR_116890.1	89.699	1262	78	41	1	1228	222	1465	0.0	1563
620f4921-a0c0-4fc6-85cf-9b7fc8dd4073	NR_026454.1	90.856	1192	61	37	1	1160	208	1383	0.0	1554
620f4921-a0c0-4fc6-85cf-9b7fc8dd4073	NR_042054.1	89.091	1265	87	42	1	1232	244	1490	0.0	1524
620f4921-a0c0-4fc6-85cf-9b7fc8dd4073	NR_114785.2	88.933	1265	87	42	1	1232	242	1486	0.0	1511
70f8dbfa-3d26-472a-8643-32687c928bc5	NR_043332.1	95.290	276	7	6	10	281	1214	1487	3.72e-121	433
70f8dbfa-3d26-472a-8643-32687c928bc5	NR_074980.1	95.290	276	7	6	10	281	1241	1514	3.72e-121	433
70f8dbfa-3d26-472a-8643-32687c928bc5	NR_113031.1	95.290	276	7	6	10	281	1241	1514	3.72e-121	433
70f8dbfa-3d26-472a-8643-32687c928bc5	NR_113570.1	94.946	277	7	7	10	281	1221	1495	1.73e-119	427
70f8dbfa-3d26-472a-8643-32687c928bc5	NR_119168.1	94.565	276	9	6	10	281	1219	1492	6.23e-119	425
c70e7862-2d1f-4afa-a5ce-cf0e839b159b	NR_044873.1	91.868	1242	45	44	67	1278	1232	17	0.0	1683
c70e7862-2d1f-4afa-a5ce-cf0e839b159b	NR_074568.1	90.572	1241	62	43	67	1278	1242	28	0.0	1592
c70e7862-2d1f-4afa-a5ce-cf0e839b159b	NR_044712.2	90.169	1241	67	43	67	1278	1251	37	0.0	1574
c70e7862-2d1f-4afa-a5ce-cf0e839b159b	NR_025310.1	89.936	1242	68	45	67	1278	1222	8	0.0	1548
c70e7862-2d1f-4afa-a5ce-cf0e839b159b	NR_178360.1	90.204	1225	67	41	67	1263	1209	10	0.0	1548
310c6896-db0f-44de-9ab6-83266afae502	NR_074980.1	97.544	733	10	7	1	731	783	1509	0.0	1247
310c6896-db0f-44de-9ab6-83266afae502	NR_113031.1	97.544	733	10	7	1	731	783	1509	0.0	1247
310c6896-db0f-44de-9ab6-83266afae502	NR_043332.1	97.271	733	12	7	1	731	756	1482	0.0	1240
310c6896-db0f-44de-9ab6-83266afae502	NR_113570.1	97.275	734	11	8	1	731	763	1490	0.0	1236
310c6896-db0f-44de-9ab6-83266afae502	NR_115354.1	97.135	733	13	7	1	731	756	1482	0.0	1232
a13b365e-f3a0-477c-95e3-a57b07714196	NR_041879.1	95.701	535	8	11	3	526	1	531	0.0	846
a13b365e-f3a0-477c-95e3-a57b07714196	NR_179325.1	95.539	538	8	11	1	526	15	548	0.0	846
a13b365e-f3a0-477c-95e3-a57b07714196	NR_115355.1	95.345	537	10	10	1	526	42	574	0.0	843
a13b365e-f3a0-477c-95e3-a57b07714196	NR_119168.1	95.345	537	10	10	1	526	47	579	0.0	839
a13b365e-f3a0-477c-95e3-a57b07714196	NR_119169.1	95.158	537	11	10	1	526	47	579	0.0	837
b7fb32f4-dea5-4326-848a-f7aaf9613e15	NR_117694.1	93.600	1000	32	21	13	999	487	1467	0.0	1463
b7fb32f4-dea5-4326-848a-f7aaf9613e15	NR_121687.1	93.300	1000	35	22	13	999	507	1487	0.0	1447
b7fb32f4-dea5-4326-848a-f7aaf9613e15	NR_117692.1	93.200	1000	36	22	13	999	487	1467	0.0	1441
b7fb32f4-dea5-4326-848a-f7aaf9613e15	NR_117696.1	93.100	1000	37	22	13	999	474	1454	0.0	1435
b7fb32f4-dea5-4326-848a-f7aaf9613e15	NR_025902.1	93.000	1000	38	22	13	999	465	1445	0.0	1430
17115efd-ad9c-429c-9cc9-24bb11cb3f91	NR_042928.1	94.407	1323	39	26	1	1299	1318	7	0.0	2001
17115efd-ad9c-429c-9cc9-24bb11cb3f91	NR_199547.1	94.717	1306	35	25	1	1282	1298	3	0.0	1999
17115efd-ad9c-429c-9cc9-24bb11cb3f91	NR_112026.1	94.436	1312	37	27	1	1288	1300	1	0.0	1988
17115efd-ad9c-429c-9cc9-24bb11cb3f91	NR_117719.1	93.428	1339	50	28	1	1314	1338	13	0.0	1951
17115efd-ad9c-429c-9cc9-24bb11cb3f91	NR_199545.1	93.428	1339	50	28	1	1314	1338	13	0.0	1951
eec2c381-5bcc-4217-a5fc-56610edca8a9	NR_044091.1	93.798	258	10	6	1	255	175	429	3.45e-106	383
eec2c381-5bcc-4217-a5fc-56610edca8a9	NR_025762.1	93.600	250	9	7	9	255	248	493	3.48e-101	366
eec2c381-5bcc-4217-a5fc-56610edca8a9	NR_041879.1	93.200	250	10	7	9	255	227	472	1.62e-99	361
eec2c381-5bcc-4217-a5fc-56610edca8a9	NR_113570.1	93.200	250	10	7	9	255	277	522	1.62e-99	361
eec2c381-5bcc-4217-a5fc-56610edca8a9	NR_115355.1	93.200	250	10	7	9	255	270	515	1.62e-99	361
bae5c315-c84f-4e35-bb72-53bd14bcf028	NR_043589.1	93.798	774	18	20	1	759	759	1	0.0	1136
bae5c315-c84f-4e35-bb72-53bd14bcf028	NR_117641.1	89.833	777	45	23	1	759	761	1	0.0	966
bae5c315-c84f-4e35-bb72-53bd14bcf028	NR_042847.1	92.857	672	22	16	1	658	734	75	0.0	952
bae5c315-c84f-4e35-bb72-53bd14bcf028	NR_042847.1	100.000	42	0	0	718	759	42	1	5.81e-14	78.7
bae5c315-c84f-4e35-bb72-53bd14bcf028	NR_118652.1	92.560	672	24	16	1	658	760	101	0.0	944
bae5c315-c84f-4e35-bb72-53bd14bcf028	NR_118652.1	97.959	49	1	0	718	766	68	20	9.65e-17	87.9
bae5c315-c84f-4e35-bb72-53bd14bcf028	NR_180817.1	92.113	672	27	16	1	658	756	97	0.0	924
bae5c315-c84f-4e35-bb72-53bd14bcf028	NR_180817.1	100.000	49	0	0	718	766	64	16	7.46e-18	91.6
4e331012-2ae4-4c37-9f27-e137de5a8fa8	NR_042928.1	92.246	1380	48	48	1	1354	122	1468	0.0	1901
4e331012-2ae4-4c37-9f27-e137de5a8fa8	NR_117719.1	91.937	1389	54	48	1	1363	142	1498	0.0	1892
4e331012-2ae4-4c37-9f27-e137de5a8fa8	NR_175455.1	91.727	1390	56	49	1	1363	130	1487	0.0	1875
4e331012-2ae4-4c37-9f27-e137de5a8fa8	NR_179540.1	91.727	1390	54	51	1	1363	142	1497	0.0	1873
4e331012-2ae4-4c37-9f27-e137de5a8fa8	NR_199547.1	92.387	1353	44	48	1	1327	102	1421	0.0	1873
351c744b-6f4b-4da7-bf5e-4cb149550c0c	NR_042776.1	95.960	198	1	7	1	193	393	588	9.86e-86	315
351c744b-6f4b-4da7-bf5e-4cb149550c0c	NR_197695.1	95.960	198	1	7	1	193	392	587	9.86e-86	315
351c744b-6f4b-4da7-bf5e-4cb149550c0c	NR_042777.1	95.431	197	3	6	1	193	393	587	4.59e-84	309
351c744b-6f4b-4da7-bf5e-4cb149550c0c	NR_042778.1	95.455	198	2	7	1	193	393	588	4.59e-84	309
351c744b-6f4b-4da7-bf5e-4cb149550c0c	NR_028664.1	94.444	198	4	7	1	193	389	584	9.93e-81	298
ec55d19c-c599-4ccf-a6f1-522f70812bf2	NR_116168.1	96.622	1125	24	11	2	1122	376	1490	0.0	1855
ec55d19c-c599-4ccf-a6f1-522f70812bf2	NR_118762.1	95.430	1116	36	12	2	1113	379	1483	0.0	1786
ec55d19c-c599-4ccf-a6f1-522f70812bf2	NR_025423.1	94.380	1121	45	15	2	1116	360	1468	0.0	1705
ec55d19c-c599-4ccf-a6f1-522f70812bf2	NR_042878.1	96.650	1015	23	9	2	1012	355	1362	0.0	1677
ec55d19c-c599-4ccf-a6f1-522f70812bf2	NR_024897.1	93.292	1133	48	23	1	1122	374	1489	0.0	1646
32c5e117-c903-4f58-9e78-14a4781d6852	NR_036936.1	91.439	1320	42	51	8	1270	166	1471	0.0	1748
32c5e117-c903-4f58-9e78-14a4781d6852	NR_109720.1	91.387	1312	42	51	8	1262	160	1457	0.0	1731
32c5e117-c903-4f58-9e78-14a4781d6852	NR_115735.1	90.943	1325	46	54	5	1271	154	1462	0.0	1714
32c5e117-c903-4f58-9e78-14a4781d6852	NR_165737.1	90.930	1323	49	51	5	1270	163	1471	0.0	1712
32c5e117-c903-4f58-9e78-14a4781d6852	NR_024842.1	90.868	1325	47	54	5	1271	178	1486	0.0	1711
dee25767-b2ae-4ac6-9ac9-327a0f250921	NR_026419.1	94.837	736	20	13	1	725	702	1430	0.0	1133
dee25767-b2ae-4ac6-9ac9-327a0f250921	NR_133752.1	94.022	736	26	13	1	725	639	1367	0.0	1099
dee25767-b2ae-4ac6-9ac9-327a0f250921	NR_133753.1	94.022	736	26	13	1	725	668	1396	0.0	1099
dee25767-b2ae-4ac6-9ac9-327a0f250921	NR_025904.1	94.030	737	24	14	1	725	713	1441	0.0	1099
dee25767-b2ae-4ac6-9ac9-327a0f250921	NR_025903.1	94.022	736	26	13	1	725	714	1442	0.0	1099
da6261f3-2514-4d3f-befb-4bae7aa35cf7	NR_117425.1	95.418	502	13	9	1	498	177	672	0.0	791
da6261f3-2514-4d3f-befb-4bae7aa35cf7	NR_115241.1	95.210	501	16	8	1	498	174	669	0.0	785
da6261f3-2514-4d3f-befb-4bae7aa35cf7	NR_115735.1	95.210	501	16	8	1	498	165	660	0.0	785
da6261f3-2514-4d3f-befb-4bae7aa35cf7	NR_116211.1	95.210	501	16	8	1	498	97	592	0.0	785
da6261f3-2514-4d3f-befb-4bae7aa35cf7	NR_024842.1	94.810	501	18	8	1	498	189	684	0.0	778
b8a621f9-b207-44eb-867a-e1b6f8d8e875	NR_036936.1	97.431	1129	17	8	1	1121	347	1471	0.0	1914
b8a621f9-b207-44eb-867a-e1b6f8d8e875	NR_109720.1	97.502	1121	16	9	1	1113	341	1457	0.0	1905
b8a621f9-b207-44eb-867a-e1b6f8d8e875	NR_115735.1	97.173	1132	19	10	1	1124	338	1464	0.0	1901
b8a621f9-b207-44eb-867a-e1b6f8d8e875	NR_024842.1	97.087	1133	20	10	1	1125	362	1489	0.0	1899
b8a621f9-b207-44eb-867a-e1b6f8d8e875	NR_028664.1	96.999	1133	22	8	1	1125	368	1496	0.0	1893
ef737c95-cd94-4e2e-9aa2-c5bd45387ca7	NR_041722.2	97.538	325	6	2	1	324	1495	1172	8.98e-158	555
ef737c95-cd94-4e2e-9aa2-c5bd45387ca7	NR_028736.1	97.538	325	6	2	1	324	1484	1161	8.98e-158	555
ef737c95-cd94-4e2e-9aa2-c5bd45387ca7	NR_041721.1	97.538	325	6	2	1	324	1483	1160	8.98e-158	555
ef737c95-cd94-4e2e-9aa2-c5bd45387ca7	NR_112704.1	97.538	325	6	2	1	324	1379	1056	8.98e-158	555
ef737c95-cd94-4e2e-9aa2-c5bd45387ca7	NR_112705.1	97.538	325	6	2	1	324	1379	1056	8.98e-158	555
08387f10-70ac-4506-8f0f-5fea24a2403f	NR_115354.1	93.361	723	25	19	1	716	776	1482	0.0	1050
08387f10-70ac-4506-8f0f-5fea24a2403f	NR_115355.1	93.223	723	26	19	1	716	776	1482	0.0	1042
08387f10-70ac-4506-8f0f-5fea24a2403f	NR_179325.1	93.223	723	26	20	1	716	750	1456	0.0	1042
08387f10-70ac-4506-8f0f-5fea24a2403f	NR_163639.1	93.213	722	26	20	1	716	793	1497	0.0	1040
08387f10-70ac-4506-8f0f-5fea24a2403f	NR_113570.1	93.094	724	26	20	1	716	783	1490	0.0	1038
a101e639-d451-47e7-b4ec-e43c45687735	NR_026419.1	92.727	1375	48	43	1	1344	1354	1	0.0	1938
a101e639-d451-47e7-b4ec-e43c45687735	NR_025903.1	91.600	1381	66	43	1	1351	1366	6	0.0	1862
a101e639-d451-47e7-b4ec-e43c45687735	NR_133753.1	91.854	1338	62	40	1	1309	1320	1	0.0	1823
a101e639-d451-47e7-b4ec-e43c45687735	NR_025904.1	90.889	1383	72	45	1	1351	1365	5	0.0	1807
a101e639-d451-47e7-b4ec-e43c45687735	NR_133752.1	92.154	1300	62	34	1	1277	1291	9	0.0	1799
4b11f741-8498-45f8-bb70-98ae62aaf542	NR_134817.1	86.585	246	16	13	5	241	1250	1487	7.45e-68	255
4b11f741-8498-45f8-bb70-98ae62aaf542	NR_179540.1	86.585	246	16	13	5	241	1255	1492	7.45e-68	255
4b11f741-8498-45f8-bb70-98ae62aaf542	NR_042776.1	86.975	238	16	12	13	241	1268	1499	2.68e-67	254
4b11f741-8498-45f8-bb70-98ae62aaf542	NR_042777.1	86.975	238	16	12	13	241	1267	1498	2.68e-67	254
4b11f741-8498-45f8-bb70-98ae62aaf542	NR_042778.1	86.975	238	16	12	13	241	1268	1499	2.68e-67	254
7f4ebbb2-4259-4581-8ed6-1212497b7821	NR_119169.1	96.627	1097	15	17	1	1083	1089	1	0.0	1805
7f4ebbb2-4259-4581-8ed6-1212497b7821	NR_115355.1	96.612	1092	15	17	1	1078	1084	1	0.0	1796
7f4ebbb2-4259-4581-8ed6-1212497b7821	NR_163639.1	96.303	1109	13	23	1	1094	1099	4	0.0	1796
7f4ebbb2-4259-4581-8ed6-1212497b7821	NR_074980.1	96.206	1107	20	17	1	1093	1111	13	0.0	1792
7f4ebbb2-4259-4581-8ed6-1212497b7821	NR_113031.1	96.206	1107	20	17	1	1093	1111	13	0.0	1792
48fb814e-d48d-44db-90c4-573423746953	NR_115735.1	95.806	1049	20	19	1	1035	1236	198	0.0	1672
48fb814e-d48d-44db-90c4-573423746953	NR_116211.1	95.806	1049	20	19	1	1035	1168	130	0.0	1672
48fb814e-d48d-44db-90c4-573423746953	NR_024842.1	95.615	1049	22	19	1	1035	1260	222	0.0	1664
48fb814e-d48d-44db-90c4-573423746953	NR_115241.1	95.615	1049	22	19	1	1035	1245	207	0.0	1664
48fb814e-d48d-44db-90c4-573423746953	NR_109720.1	95.520	1049	23	19	1	1035	1239	201	0.0	1655
218e85e2-ccc5-4178-81cf-6ab128952d4d	NR_042776.1	97.066	1227	14	17	9	1214	1243	18	0.0	2047
218e85e2-ccc5-4178-81cf-6ab128952d4d	NR_042778.1	96.903	1227	16	17	9	1214	1243	18	0.0	2036
218e85e2-ccc5-4178-81cf-6ab128952d4d	NR_042777.1	96.822	1227	16	18	9	1214	1242	18	0.0	2028
218e85e2-ccc5-4178-81cf-6ab128952d4d	NR_197695.1	96.496	1227	21	16	9	1214	1242	17	0.0	2008
218e85e2-ccc5-4178-81cf-6ab128952d4d	NR_118998.1	96.251	1227	23	17	9	1214	1237	13	0.0	1991
b2cc8075-b80c-42b4-a728-7acab84efb35	NR_028664.1	94.653	1384	39	32	1	1368	1380	16	0.0	2113
b2cc8075-b80c-42b4-a728-7acab84efb35	NR_179385.1	94.509	1384	41	32	1	1368	1381	17	0.0	2102
b2cc8075-b80c-42b4-a728-7acab84efb35	NR_199545.1	94.509	1384	41	32	1	1368	1377	13	0.0	2102
b2cc8075-b80c-42b4-a728-7acab84efb35	NR_115240.1	94.622	1376	39	32	1	1360	1357	1	0.0	2098
b2cc8075-b80c-42b4-a728-7acab84efb35	NR_165744.1	94.440	1385	42	32	1	1369	1366	1	0.0	2098
905480c2-1b87-4ba0-a217-e732532b34ee	NR_043604.1	92.703	1343	61	32	23	1338	1333	1	0.0	1903
905480c2-1b87-4ba0-a217-e732532b34ee	NR_118512.1	92.703	1343	61	32	23	1338	1333	1	0.0	1903
905480c2-1b87-4ba0-a217-e732532b34ee	NR_197757.1	90.896	1351	83	37	23	1345	1352	14	0.0	1777
905480c2-1b87-4ba0-a217-e732532b34ee	NR_156802.1	90.680	1352	86	33	23	1345	1354	14	0.0	1762
905480c2-1b87-4ba0-a217-e732532b34ee	NR_156805.1	90.680	1352	86	33	23	1345	1354	14	0.0	1762
376a0671-bda9-4dc4-bfc9-67561b09e26f	NR_024842.1	97.191	178	2	2	1	178	1318	1492	8.61e-81	298
376a0671-bda9-4dc4-bfc9-67561b09e26f	NR_042052.1	97.191	178	2	2	1	178	1226	1400	8.61e-81	298
376a0671-bda9-4dc4-bfc9-67561b09e26f	NR_042776.1	97.191	178	2	2	1	178	1328	1502	8.61e-81	298
376a0671-bda9-4dc4-bfc9-67561b09e26f	NR_042777.1	97.191	178	2	2	1	178	1327	1501	8.61e-81	298
376a0671-bda9-4dc4-bfc9-67561b09e26f	NR_114642.1	97.191	178	2	2	1	178	1285	1459	8.61e-81	298
b678aa6b-f3e5-4f12-b1cb-154ae0544c1c	NR_037101.1	94.898	196	1	6	9	195	1280	1475	9.71e-81	298
b678aa6b-f3e5-4f12-b1cb-154ae0544c1c	NR_040821.1	94.898	196	1	6	9	195	1280	1475	9.71e-81	298
b678aa6b-f3e5-4f12-b1cb-154ae0544c1c	NR_025148.1	94.898	196	1	6	9	195	1300	1495	9.71e-81	298
b678aa6b-f3e5-4f12-b1cb-154ae0544c1c	NR_028664.1	94.898	196	1	6	9	195	1301	1496	9.71e-81	298
b678aa6b-f3e5-4f12-b1cb-154ae0544c1c	NR_028666.1	94.898	196	1	6	9	195	1304	1499	9.71e-81	298
3839e2ce-929e-499e-8f4d-561b008fd3a7	NR_042776.1	94.262	244	3	6	1	235	1443	1202	4.09e-100	363
3839e2ce-929e-499e-8f4d-561b008fd3a7	NR_042777.1	94.262	244	3	6	1	235	1442	1201	4.09e-100	363
3839e2ce-929e-499e-8f4d-561b008fd3a7	NR_042778.1	93.852	244	4	6	1	235	1443	1202	1.90e-98	357
3839e2ce-929e-499e-8f4d-561b008fd3a7	NR_118998.1	93.852	244	4	6	1	235	1437	1196	1.90e-98	357
3839e2ce-929e-499e-8f4d-561b008fd3a7	NR_197695.1	93.852	244	4	6	1	235	1442	1201	1.90e-98	357
24b3078b-3341-433c-88dc-318f008f86d2	NR_025904.1	98.383	371	3	3	1	370	217	585	0.0	649
24b3078b-3341-433c-88dc-318f008f86d2	NR_133752.1	97.305	371	7	3	1	370	143	511	2.20e-179	627
24b3078b-3341-433c-88dc-318f008f86d2	NR_133753.1	96.765	371	9	3	1	370	172	540	4.76e-176	616
24b3078b-3341-433c-88dc-318f008f86d2	NR_025903.1	96.765	371	9	3	1	370	218	586	4.76e-176	616
24b3078b-3341-433c-88dc-318f008f86d2	NR_026419.1	96.247	373	7	6	1	370	206	574	1.03e-172	604
8ebfa3a9-d8ad-4ccf-b89a-8342cbae1bce	NR_115355.1	94.476	1249	48	19	35	1265	237	1482	0.0	1905
8ebfa3a9-d8ad-4ccf-b89a-8342cbae1bce	NR_179325.1	94.476	1249	48	19	35	1265	211	1456	0.0	1905
8ebfa3a9-d8ad-4ccf-b89a-8342cbae1bce	NR_119169.1	94.155	1249	52	19	35	1265	242	1487	0.0	1886
8ebfa3a9-d8ad-4ccf-b89a-8342cbae1bce	NR_163639.1	94.160	1250	46	25	35	1265	256	1497	0.0	1879
8ebfa3a9-d8ad-4ccf-b89a-8342cbae1bce	NR_115354.1	93.910	1248	57	18	35	1265	237	1482	0.0	1869
7e8e652f-8278-454b-a2a2-7c866f0f9b19	NR_026419.1	87.715	1335	73	69	8	1284	1315	14	0.0	1472
7e8e652f-8278-454b-a2a2-7c866f0f9b19	NR_025903.1	87.278	1352	81	70	8	1300	1327	8	0.0	1459
7e8e652f-8278-454b-a2a2-7c866f0f9b19	NR_133753.1	87.357	1313	78	69	8	1264	1281	1	0.0	1424
7e8e652f-8278-454b-a2a2-7c866f0f9b19	NR_025904.1	86.696	1353	87	73	8	1300	1326	7	0.0	1415
7e8e652f-8278-454b-a2a2-7c866f0f9b19	NR_133752.1	87.217	1283	78	67	8	1235	1252	1	0.0	1382
ef8b47f3-04bd-4101-b115-f477c78e48c9	NR_115355.1	95.050	808	17	17	1	793	683	1482	0.0	1249
ef8b47f3-04bd-4101-b115-f477c78e48c9	NR_179325.1	94.926	808	18	17	1	793	657	1456	0.0	1243
ef8b47f3-04bd-4101-b115-f477c78e48c9	NR_119169.1	94.678	808	20	17	1	793	688	1487	0.0	1236
ef8b47f3-04bd-4101-b115-f477c78e48c9	NR_163639.1	94.685	809	17	20	1	793	699	1497	0.0	1232
ef8b47f3-04bd-4101-b115-f477c78e48c9	NR_115354.1	94.554	808	21	17	1	793	683	1482	0.0	1229
e8f786a5-6da5-4b23-b5ff-3f098638cb44	NR_115355.1	96.217	793	14	14	1	779	1212	422	0.0	1284
e8f786a5-6da5-4b23-b5ff-3f098638cb44	NR_179325.1	96.217	793	14	14	1	779	1186	396	0.0	1284
e8f786a5-6da5-4b23-b5ff-3f098638cb44	NR_041879.1	96.096	794	14	15	1	779	1170	379	0.0	1279
e8f786a5-6da5-4b23-b5ff-3f098638cb44	NR_119169.1	95.965	793	16	14	1	779	1217	427	0.0	1277
e8f786a5-6da5-4b23-b5ff-3f098638cb44	NR_163639.1	95.970	794	13	17	1	779	1227	438	0.0	1271
d5498766-5e78-4dc2-8700-dfc045f29e8f	NR_042928.1	94.667	375	11	8	1	371	370	1	2.93e-163	573
d5498766-5e78-4dc2-8700-dfc045f29e8f	NR_199547.1	95.739	352	7	7	1	348	350	3	2.28e-159	560
d5498766-5e78-4dc2-8700-dfc045f29e8f	NR_109720.1	94.309	369	14	6	1	365	366	1	8.20e-159	558
d5498766-5e78-4dc2-8700-dfc045f29e8f	NR_165747.1	93.600	375	15	8	1	371	370	1	1.37e-156	551
d5498766-5e78-4dc2-8700-dfc045f29e8f	NR_036936.1	93.067	375	19	6	1	371	372	1	2.30e-154	544
7d850b46-e769-498a-a175-870a6b9f5eec	NR_026419.1	96.401	917	17	13	2	909	910	1	0.0	1496
7d850b46-e769-498a-a175-870a6b9f5eec	NR_025903.1	95.027	925	29	13	2	917	922	6	0.0	1437
7d850b46-e769-498a-a175-870a6b9f5eec	NR_025904.1	94.283	927	32	16	2	917	921	5	0.0	1399
7d850b46-e769-498a-a175-870a6b9f5eec	NR_133753.1	95.023	884	27	13	2	876	876	1	0.0	1373
7d850b46-e769-498a-a175-870a6b9f5eec	NR_036920.1	92.958	923	49	12	2	917	915	2	0.0	1330
4f407135-31d0-4b20-9326-610820ee1355	NR_115355.1	97.067	341	6	3	1	339	1149	1487	9.33e-163	571
4f407135-31d0-4b20-9326-610820ee1355	NR_163639.1	97.067	341	6	3	1	339	1164	1502	9.33e-163	571
4f407135-31d0-4b20-9326-610820ee1355	NR_179325.1	97.067	341	6	3	1	339	1123	1461	9.33e-163	571
4f407135-31d0-4b20-9326-610820ee1355	NR_119169.1	96.774	341	7	3	1	339	1154	1492	4.34e-161	566
4f407135-31d0-4b20-9326-610820ee1355	NR_115354.1	96.481	341	8	3	1	339	1149	1487	2.02e-159	560
d76b8001-55aa-46ae-99b2-5fbee6c9e750	NR_025903.1	95.602	1387	30	22	1	1362	1387	7	0.0	2194
d76b8001-55aa-46ae-99b2-5fbee6c9e750	NR_133753.1	95.753	1342	28	20	1	1318	1341	5	0.0	2135
d76b8001-55aa-46ae-99b2-5fbee6c9e750	NR_025904.1	94.597	1388	42	24	1	1362	1386	6	0.0	2117
d76b8001-55aa-46ae-99b2-5fbee6c9e750	NR_026419.1	94.565	1380	45	21	1	1355	1375	1	0.0	2106
d76b8001-55aa-46ae-99b2-5fbee6c9e750	NR_133752.1	95.520	1317	30	20	1	1293	1312	1	0.0	2078
776e862f-8d00-4d5b-b3e2-1657f870f93c	NR_118998.1	90.669	1061	61	32	10	1054	455	1493	0.0	1376
776e862f-8d00-4d5b-b3e2-1657f870f93c	NR_118937.1	89.296	1009	66	36	2	991	349	1334	0.0	1247
776e862f-8d00-4d5b-b3e2-1657f870f93c	NR_118941.1	88.591	1008	77	30	1	991	348	1334	0.0	1247
776e862f-8d00-4d5b-b3e2-1657f870f93c	NR_118942.1	88.171	1006	79	34	3	991	350	1332	0.0	1212
776e862f-8d00-4d5b-b3e2-1657f870f93c	NR_118935.1	87.940	995	85	29	10	989	358	1332	0.0	1181
ae52773d-a2a9-4f1e-b0c4-6465e0a35660	NR_042776.1	94.787	1055	26	26	1	1031	1067	18	0.0	1616
ae52773d-a2a9-4f1e-b0c4-6465e0a35660	NR_042778.1	94.597	1055	28	26	1	1031	1067	18	0.0	1605
ae52773d-a2a9-4f1e-b0c4-6465e0a35660	NR_042777.1	94.502	1055	28	27	1	1031	1066	18	0.0	1600
ae52773d-a2a9-4f1e-b0c4-6465e0a35660	NR_197695.1	94.123	1055	33	26	1	1031	1066	17	0.0	1578
ae52773d-a2a9-4f1e-b0c4-6465e0a35660	NR_118998.1	93.649	1055	37	27	1	1031	1061	13	0.0	1552
a4744d7a-63ed-4501-8a6b-2623b086bc4a	NR_044873.1	95.502	289	6	5	1	282	303	15	8.01e-128	455
a4744d7a-63ed-4501-8a6b-2623b086bc4a	NR_074568.1	94.464	289	9	7	1	282	314	26	8.07e-123	438
a4744d7a-63ed-4501-8a6b-2623b086bc4a	NR_044712.2	93.426	289	12	7	1	282	323	35	1.75e-119	427
a4744d7a-63ed-4501-8a6b-2623b086bc4a	NR_024785.1	93.382	272	12	4	1	267	271	1	1.37e-110	398
a4744d7a-63ed-4501-8a6b-2623b086bc4a	NR_025310.1	91.696	289	17	6	1	282	294	6	1.77e-109	394
972a8df9-c12b-4ed3-a022-497bb1c479da	NR_044873.1	91.346	312	8	13	1	295	350	659	6.64e-114	409
972a8df9-c12b-4ed3-a022-497bb1c479da	NR_024785.1	89.423	312	12	17	1	295	318	625	2.42e-103	374
972a8df9-c12b-4ed3-a022-497bb1c479da	NR_074568.1	88.782	312	15	16	1	295	361	669	1.46e-100	364
972a8df9-c12b-4ed3-a022-497bb1c479da	NR_044712.2	88.782	312	15	16	1	295	370	678	1.46e-100	364
972a8df9-c12b-4ed3-a022-497bb1c479da	NR_179993.1	88.710	310	15	16	1	293	362	668	1.89e-99	361
b1222213-588c-429e-a61c-0d833f377aa6	NR_179540.1	93.229	576	15	19	12	576	935	1497	0.0	826
b1222213-588c-429e-a61c-0d833f377aa6	NR_024842.1	93.043	575	18	17	12	576	932	1494	0.0	821
b1222213-588c-429e-a61c-0d833f377aa6	NR_028664.1	93.056	576	17	18	12	576	938	1501	0.0	821
b1222213-588c-429e-a61c-0d833f377aa6	NR_028665.1	93.056	576	16	19	12	576	932	1494	0.0	821
b1222213-588c-429e-a61c-0d833f377aa6	NR_117719.1	93.068	577	15	20	12	576	935	1498	0.0	821
95ce14a9-5c4e-4d76-b0af-9e59f7eefa1f	NR_116168.1	94.340	424	14	9	4	418	451	29	0.0	641
95ce14a9-5c4e-4d76-b0af-9e59f7eefa1f	NR_042878.1	93.396	424	18	9	4	418	430	8	7.03e-180	628
95ce14a9-5c4e-4d76-b0af-9e59f7eefa1f	NR_118762.1	91.274	424	27	9	4	418	454	32	1.19e-167	588
95ce14a9-5c4e-4d76-b0af-9e59f7eefa1f	NR_025423.1	91.549	426	24	11	4	418	435	11	2.58e-164	577
95ce14a9-5c4e-4d76-b0af-9e59f7eefa1f	NR_042883.1	90.307	423	29	12	7	418	429	8	2.62e-154	544
e1d42b29-8c98-4c49-adb0-3adbff4611b2	NR_178262.1	95.263	380	5	8	1	371	994	1369	2.85e-168	590
e1d42b29-8c98-4c49-adb0-3adbff4611b2	NR_179215.1	95.263	380	5	8	1	371	1116	1491	2.85e-168	590
e1d42b29-8c98-4c49-adb0-3adbff4611b2	NR_024842.1	94.987	379	7	7	1	371	1115	1489	1.33e-166	584
e1d42b29-8c98-4c49-adb0-3adbff4611b2	NR_028666.1	95.000	380	6	8	1	371	1124	1499	1.33e-166	584
e1d42b29-8c98-4c49-adb0-3adbff4611b2	NR_028833.1	95.000	380	6	8	1	371	1127	1502	1.33e-166	584
3dc5e6be-2553-48f7-bcc5-41604bfaa4ad	NR_041879.1	93.560	559	20	15	1	549	430	982	0.0	819
3dc5e6be-2553-48f7-bcc5-41604bfaa4ad	NR_115355.1	93.560	559	20	15	1	549	473	1025	0.0	819
3dc5e6be-2553-48f7-bcc5-41604bfaa4ad	NR_119169.1	93.560	559	20	15	1	549	478	1030	0.0	819
3dc5e6be-2553-48f7-bcc5-41604bfaa4ad	NR_179325.1	93.381	559	21	15	1	549	447	999	0.0	813
3dc5e6be-2553-48f7-bcc5-41604bfaa4ad	NR_025762.1	93.023	559	23	15	1	549	451	1003	0.0	802
b7a5992c-7173-4d72-be24-eb0ea25ff924	NR_042776.1	96.199	1289	24	17	1	1271	1299	18	0.0	2085
b7a5992c-7173-4d72-be24-eb0ea25ff924	NR_042777.1	95.966	1289	26	18	1	1271	1298	18	0.0	2069
b7a5992c-7173-4d72-be24-eb0ea25ff924	NR_042778.1	95.966	1289	27	17	1	1271	1299	18	0.0	2069
b7a5992c-7173-4d72-be24-eb0ea25ff924	NR_197695.1	95.656	1289	31	16	1	1271	1298	17	0.0	2047
b7a5992c-7173-4d72-be24-eb0ea25ff924	NR_118998.1	95.419	1288	35	15	1	1271	1293	13	0.0	2032
68855861-dea9-4989-931e-94395d2a2974	NR_037101.1	94.464	289	8	8	1	283	1186	1472	8.16e-123	438
68855861-dea9-4989-931e-94395d2a2974	NR_040821.1	94.464	289	8	8	1	283	1186	1472	8.16e-123	438
68855861-dea9-4989-931e-94395d2a2974	NR_025148.1	94.464	289	8	8	1	283	1206	1492	8.16e-123	438
68855861-dea9-4989-931e-94395d2a2974	NR_040820.1	94.464	289	8	8	1	283	1186	1472	8.16e-123	438
68855861-dea9-4989-931e-94395d2a2974	NR_115728.1	94.464	289	8	8	1	283	1178	1464	8.16e-123	438
1d92530b-e445-4174-ae7d-423a7b906ace	NR_042776.1	94.088	795	25	17	1	780	1181	394	0.0	1188
1d92530b-e445-4174-ae7d-423a7b906ace	NR_042778.1	93.962	795	26	17	1	780	1181	394	0.0	1182
1d92530b-e445-4174-ae7d-423a7b906ace	NR_042777.1	93.962	795	25	18	1	780	1180	394	0.0	1181
1d92530b-e445-4174-ae7d-423a7b906ace	NR_197695.1	93.836	795	27	17	1	780	1180	393	0.0	1177
1d92530b-e445-4174-ae7d-423a7b906ace	NR_118998.1	93.082	795	32	18	1	780	1175	389	0.0	1142
74c0331d-5ee1-4eea-98fb-87ef34e34ab5	NR_042776.1	96.823	787	20	4	27	809	717	1502	0.0	1310
74c0331d-5ee1-4eea-98fb-87ef34e34ab5	NR_042777.1	96.823	787	20	4	27	809	716	1501	0.0	1310
74c0331d-5ee1-4eea-98fb-87ef34e34ab5	NR_042778.1	96.569	787	22	4	27	809	717	1502	0.0	1299
74c0331d-5ee1-4eea-98fb-87ef34e34ab5	NR_197695.1	96.315	787	24	4	27	809	716	1501	0.0	1288
74c0331d-5ee1-4eea-98fb-87ef34e34ab5	NR_118998.1	96.183	786	26	4	27	809	712	1496	0.0	1282
8ff2056b-dba9-4615-be5e-0bcaf7996004	NR_115735.1	92.341	1371	58	30	1	1336	106	1464	0.0	1906
8ff2056b-dba9-4615-be5e-0bcaf7996004	NR_024842.1	92.201	1372	60	30	1	1337	130	1489	0.0	1901
8ff2056b-dba9-4615-be5e-0bcaf7996004	NR_115241.1	92.105	1368	61	30	1	1333	115	1470	0.0	1890
8ff2056b-dba9-4615-be5e-0bcaf7996004	NR_165737.1	91.673	1369	66	31	1	1333	115	1471	0.0	1853
8ff2056b-dba9-4615-be5e-0bcaf7996004	NR_036936.1	91.454	1369	69	31	1	1333	115	1471	0.0	1836
67f8a3cd-5e73-4542-86de-838d835ed4ad	NR_179383.1	92.674	1406	56	38	36	1413	114	1500	0.0	1982
67f8a3cd-5e73-4542-86de-838d835ed4ad	NR_028664.1	92.603	1406	57	38	36	1413	110	1496	0.0	1977
67f8a3cd-5e73-4542-86de-838d835ed4ad	NR_175455.1	92.537	1407	57	39	36	1413	95	1482	0.0	1973
67f8a3cd-5e73-4542-86de-838d835ed4ad	NR_117719.1	92.532	1406	58	38	36	1413	107	1493	0.0	1971
67f8a3cd-5e73-4542-86de-838d835ed4ad	NR_179385.1	92.532	1406	57	39	36	1413	111	1496	0.0	1971
57ed8ad7-39f9-419b-9afb-4daee893bd47	NR_042776.1	94.624	837	24	16	1	822	849	19	0.0	1277
57ed8ad7-39f9-419b-9afb-4daee893bd47	NR_042777.1	94.498	836	26	15	1	822	848	19	0.0	1271
57ed8ad7-39f9-419b-9afb-4daee893bd47	NR_042778.1	94.385	837	26	16	1	822	849	19	0.0	1266
57ed8ad7-39f9-419b-9afb-4daee893bd47	NR_197695.1	93.907	837	30	16	1	822	848	18	0.0	1243
57ed8ad7-39f9-419b-9afb-4daee893bd47	NR_118998.1	93.787	837	31	16	1	822	844	14	0.0	1240
4e459569-a1d2-4332-94cd-aba5ce94fe73	NR_042928.1	96.598	1411	18	24	3	1390	65	1468	0.0	2313
4e459569-a1d2-4332-94cd-aba5ce94fe73	NR_117719.1	96.184	1415	25	23	3	1394	85	1493	0.0	2287
4e459569-a1d2-4332-94cd-aba5ce94fe73	NR_199547.1	96.753	1386	15	24	1	1363	43	1421	0.0	2283
4e459569-a1d2-4332-94cd-aba5ce94fe73	NR_042927.1	96.176	1412	25	23	2	1390	66	1471	0.0	2281
4e459569-a1d2-4332-94cd-aba5ce94fe73	NR_115734.1	96.176	1412	25	23	2	1390	67	1472	0.0	2281
302d1fe4-a45c-4f6b-8ee0-c8376a3bfda3	NR_041989.1	90.707	764	26	35	22	756	1160	413	0.0	976
302d1fe4-a45c-4f6b-8ee0-c8376a3bfda3	NR_117694.1	90.576	764	27	35	22	756	1202	455	0.0	970
302d1fe4-a45c-4f6b-8ee0-c8376a3bfda3	NR_121687.1	90.445	764	28	35	22	756	1222	475	0.0	965
302d1fe4-a45c-4f6b-8ee0-c8376a3bfda3	NR_028900.1	90.052	764	31	35	22	756	1160	413	0.0	948
302d1fe4-a45c-4f6b-8ee0-c8376a3bfda3	NR_117692.1	89.921	764	32	35	22	756	1202	455	0.0	942
0e316f52-1680-4af5-a2ad-a91c4203d753	NR_024842.1	95.704	582	16	7	26	599	588	8	0.0	931
0e316f52-1680-4af5-a2ad-a91c4203d753	NR_115241.1	95.993	574	14	7	26	591	573	1	0.0	924
0e316f52-1680-4af5-a2ad-a91c4203d753	NR_115735.1	95.752	565	14	8	26	581	564	1	0.0	902
0e316f52-1680-4af5-a2ad-a91c4203d753	NR_117425.1	94.801	577	21	8	26	594	576	1	0.0	891
0e316f52-1680-4af5-a2ad-a91c4203d753	NR_178515.1	94.609	575	20	9	26	591	573	1	0.0	880
2ac26940-69a9-43b9-b278-2c51a20d240a	NR_113570.1	93.165	395	15	9	1	384	778	385	3.81e-162	569
2ac26940-69a9-43b9-b278-2c51a20d240a	NR_074980.1	92.911	395	16	9	1	384	798	405	1.77e-160	564
2ac26940-69a9-43b9-b278-2c51a20d240a	NR_113031.1	92.911	395	16	9	1	384	798	405	1.77e-160	564
2ac26940-69a9-43b9-b278-2c51a20d240a	NR_119168.1	92.911	395	16	9	1	384	776	383	1.77e-160	564
2ac26940-69a9-43b9-b278-2c51a20d240a	NR_043332.1	92.658	395	17	9	1	384	771	378	2.29e-159	560
585e1a4e-7539-4862-b121-6b1473925870	NR_115355.1	94.510	674	22	11	1	664	669	1	0.0	1029
585e1a4e-7539-4862-b121-6b1473925870	NR_119169.1	94.387	677	23	11	1	667	674	3	0.0	1029
585e1a4e-7539-4862-b121-6b1473925870	NR_163639.1	93.786	692	22	18	1	681	685	4	0.0	1020
585e1a4e-7539-4862-b121-6b1473925870	NR_074980.1	93.343	691	28	16	1	680	696	13	0.0	1005
585e1a4e-7539-4862-b121-6b1473925870	NR_113031.1	93.343	691	28	16	1	680	696	13	0.0	1005
657118f4-0629-4e95-864e-b1fc4fa63ca4	NR_044873.1	90.832	469	22	19	1	461	1010	1465	9.98e-174	608
657118f4-0629-4e95-864e-b1fc4fa63ca4	NR_178796.1	90.063	473	27	18	1	466	1018	1477	7.77e-170	595
657118f4-0629-4e95-864e-b1fc4fa63ca4	NR_178939.1	90.063	473	27	18	1	466	1019	1478	7.77e-170	595
657118f4-0629-4e95-864e-b1fc4fa63ca4	NR_044895.1	89.873	474	25	21	1	466	1004	1462	1.30e-167	588
657118f4-0629-4e95-864e-b1fc4fa63ca4	NR_074568.1	89.852	473	27	19	1	466	1020	1478	1.30e-167	588
ecd4680c-0af1-4f4d-a7dc-4e78b93ea23b	NR_165737.1	92.781	1496	57	38	2	1474	1468	1	0.0	2117
ecd4680c-0af1-4f4d-a7dc-4e78b93ea23b	NR_042927.1	92.585	1497	58	38	2	1474	1468	1	0.0	2100
ecd4680c-0af1-4f4d-a7dc-4e78b93ea23b	NR_114413.1	93.047	1467	51	36	39	1481	1456	17	0.0	2097
ecd4680c-0af1-4f4d-a7dc-4e78b93ea23b	NR_024842.1	92.338	1501	67	35	2	1481	1482	9	0.0	2093
ecd4680c-0af1-4f4d-a7dc-4e78b93ea23b	NR_115734.1	92.452	1497	60	38	2	1474	1469	2	0.0	2093
b28ca32e-bd43-4c4f-bace-88830d653b5c	NR_042843.1	98.662	523	5	2	1	522	817	296	0.0	926
b28ca32e-bd43-4c4f-bace-88830d653b5c	NR_102895.1	98.662	523	5	2	1	522	845	324	0.0	926
b28ca32e-bd43-4c4f-bace-88830d653b5c	NR_113113.1	98.662	523	5	2	1	522	825	304	0.0	926
b28ca32e-bd43-4c4f-bace-88830d653b5c	NR_114305.1	97.323	523	12	2	1	522	837	316	0.0	887
b28ca32e-bd43-4c4f-bace-88830d653b5c	NR_116726.1	97.323	523	12	2	1	522	817	296	0.0	887
b59f0bff-0266-471d-999f-bce3ea440663	NR_042776.1	97.449	1215	16	9	4	1211	1358	152	0.0	2058
b59f0bff-0266-471d-999f-bce3ea440663	NR_042777.1	97.202	1215	18	10	4	1211	1357	152	0.0	2041
b59f0bff-0266-471d-999f-bce3ea440663	NR_042778.1	97.202	1215	19	9	4	1211	1358	152	0.0	2041
b59f0bff-0266-471d-999f-bce3ea440663	NR_197695.1	96.955	1215	22	9	4	1211	1357	151	0.0	2025
b59f0bff-0266-471d-999f-bce3ea440663	NR_118998.1	96.705	1214	26	8	4	1211	1352	147	0.0	2008
e796d60a-5007-49ff-9c5c-4f6f05e20e74	NR_116168.1	96.151	1351	26	22	3	1338	152	1491	0.0	2183
e796d60a-5007-49ff-9c5c-4f6f05e20e74	NR_118762.1	94.705	1341	44	23	3	1328	155	1483	0.0	2093
e796d60a-5007-49ff-9c5c-4f6f05e20e74	NR_025423.1	93.834	1346	53	25	3	1331	136	1468	0.0	1999
e796d60a-5007-49ff-9c5c-4f6f05e20e74	NR_042878.1	95.894	1242	26	21	3	1229	131	1362	0.0	1995
e796d60a-5007-49ff-9c5c-4f6f05e20e74	NR_115546.2	92.472	1355	70	28	3	1339	161	1501	0.0	1908
735b759d-c035-4eb2-b72b-ebd610600e13	NR_044873.1	95.719	1238	28	22	1	1227	238	1461	0.0	1969
735b759d-c035-4eb2-b72b-ebd610600e13	NR_074568.1	94.008	1235	52	20	1	1227	249	1469	0.0	1851
735b759d-c035-4eb2-b72b-ebd610600e13	NR_025310.1	93.700	1238	52	24	1	1227	229	1451	0.0	1831
735b759d-c035-4eb2-b72b-ebd610600e13	NR_109752.1	93.694	1237	54	22	1	1227	260	1482	0.0	1831
735b759d-c035-4eb2-b72b-ebd610600e13	NR_044712.2	93.506	1232	58	20	1	1224	258	1475	0.0	1823
6eff48da-800e-495a-91b4-259beaa11fd8	NR_119169.1	93.812	808	21	22	4	793	799	3	0.0	1192
6eff48da-800e-495a-91b4-259beaa11fd8	NR_163639.1	93.431	822	22	26	4	807	811	4	0.0	1190
6eff48da-800e-495a-91b4-259beaa11fd8	NR_115355.1	93.789	805	21	23	4	790	794	1	0.0	1184
6eff48da-800e-495a-91b4-259beaa11fd8	NR_074980.1	93.040	819	27	25	4	804	821	15	0.0	1170
6eff48da-800e-495a-91b4-259beaa11fd8	NR_113031.1	93.040	819	27	25	4	804	821	15	0.0	1170
68a1bde9-c297-4678-bb4f-72dcaeb4c317	NR_029097.1	96.718	1158	18	16	2	1147	1150	1	0.0	1910
68a1bde9-c297-4678-bb4f-72dcaeb4c317	NR_125571.1	95.773	1183	28	18	2	1171	1174	1	0.0	1890
68a1bde9-c297-4678-bb4f-72dcaeb4c317	NR_125570.1	96.482	1137	22	15	2	1128	1132	4	0.0	1862
68a1bde9-c297-4678-bb4f-72dcaeb4c317	NR_181885.1	88.806	1206	104	27	2	1187	1195	1	0.0	1452
68a1bde9-c297-4678-bb4f-72dcaeb4c317	NR_159147.1	88.484	1207	108	27	2	1188	1197	2	0.0	1430
67b205aa-b416-4bdf-ad94-131048d78d34	NR_042928.1	94.972	1233	44	16	1	1224	1224	1	0.0	1917
67b205aa-b416-4bdf-ad94-131048d78d34	NR_117425.1	94.741	1236	47	16	1	1226	1229	2	0.0	1906
67b205aa-b416-4bdf-ad94-131048d78d34	NR_199547.1	95.124	1210	42	15	1	1201	1204	3	0.0	1892
67b205aa-b416-4bdf-ad94-131048d78d34	NR_109720.1	94.540	1227	51	14	1	1218	1220	1	0.0	1881
67b205aa-b416-4bdf-ad94-131048d78d34	NR_112026.1	94.819	1216	44	17	1	1207	1206	1	0.0	1881
3109205a-f81a-4438-8d94-cc91796dc653	NR_042776.1	98.924	1208	3	6	1	1203	1310	108	0.0	2150
3109205a-f81a-4438-8d94-cc91796dc653	NR_042778.1	98.675	1208	6	6	1	1203	1310	108	0.0	2134
3109205a-f81a-4438-8d94-cc91796dc653	NR_042777.1	98.675	1208	5	7	1	1203	1309	108	0.0	2132
3109205a-f81a-4438-8d94-cc91796dc653	NR_197695.1	98.344	1208	10	6	1	1203	1309	107	0.0	2111
3109205a-f81a-4438-8d94-cc91796dc653	NR_118998.1	97.930	1208	14	6	1	1203	1304	103	0.0	2084
e6acd2ce-8168-41d0-9ad0-c1437b272d26	NR_042776.1	96.096	1255	26	16	1	1243	253	1496	0.0	2025
e6acd2ce-8168-41d0-9ad0-c1437b272d26	NR_042777.1	96.013	1254	28	16	1	1243	253	1495	0.0	2019
e6acd2ce-8168-41d0-9ad0-c1437b272d26	NR_042778.1	95.777	1255	30	16	1	1243	253	1496	0.0	2002
e6acd2ce-8168-41d0-9ad0-c1437b272d26	NR_197695.1	95.777	1255	30	17	1	1243	252	1495	0.0	2002
e6acd2ce-8168-41d0-9ad0-c1437b272d26	NR_118998.1	95.139	1255	37	17	1	1243	248	1490	0.0	1958
2350e721-1dd5-4aba-a3ed-9ffdc273ed6b	NR_042776.1	95.028	543	13	11	1	536	1225	690	0.0	841
2350e721-1dd5-4aba-a3ed-9ffdc273ed6b	NR_042777.1	95.028	543	13	11	1	536	1224	689	0.0	841
2350e721-1dd5-4aba-a3ed-9ffdc273ed6b	NR_042778.1	95.028	543	13	11	1	536	1225	690	0.0	841
2350e721-1dd5-4aba-a3ed-9ffdc273ed6b	NR_197695.1	94.659	543	15	11	1	536	1224	689	0.0	830
2350e721-1dd5-4aba-a3ed-9ffdc273ed6b	NR_118998.1	94.291	543	16	12	1	536	1219	685	0.0	817
316b4d69-b54a-40fd-899e-d858d118d70f	NR_117717.1	96.920	487	8	6	1	484	1008	1490	0.0	809
316b4d69-b54a-40fd-899e-d858d118d70f	NR_117696.1	96.920	487	8	6	1	484	975	1457	0.0	809
316b4d69-b54a-40fd-899e-d858d118d70f	NR_025902.1	96.715	487	9	6	1	484	966	1448	0.0	804
316b4d69-b54a-40fd-899e-d858d118d70f	NR_121688.1	96.715	487	9	6	1	484	1008	1490	0.0	804
316b4d69-b54a-40fd-899e-d858d118d70f	NR_159079.1	96.715	487	9	6	1	484	984	1466	0.0	804
2d6666b5-c024-4fc6-a09c-22f030987aaa	NR_042928.1	93.434	1462	47	37	1	1429	1458	13	0.0	2122
2d6666b5-c024-4fc6-a09c-22f030987aaa	NR_199547.1	93.584	1434	44	38	18	1418	1421	3	0.0	2095
2d6666b5-c024-4fc6-a09c-22f030987aaa	NR_117719.1	92.955	1462	55	36	1	1429	1479	33	0.0	2085
2d6666b5-c024-4fc6-a09c-22f030987aaa	NR_028664.1	92.886	1462	56	36	1	1429	1482	36	0.0	2080
2d6666b5-c024-4fc6-a09c-22f030987aaa	NR_115240.1	92.886	1462	56	36	1	1429	1459	13	0.0	2080
16489a51-87d0-4e38-a5b8-ec37f46c40f5	NR_026419.1	95.873	727	14	13	1	717	764	1484	0.0	1162
16489a51-87d0-4e38-a5b8-ec37f46c40f5	NR_025904.1	94.911	727	20	14	1	717	775	1494	0.0	1122
16489a51-87d0-4e38-a5b8-ec37f46c40f5	NR_025903.1	94.773	727	21	14	1	717	776	1495	0.0	1116
16489a51-87d0-4e38-a5b8-ec37f46c40f5	NR_133752.1	94.737	703	21	13	1	693	701	1397	0.0	1079
16489a51-87d0-4e38-a5b8-ec37f46c40f5	NR_133753.1	94.737	703	21	13	1	693	730	1426	0.0	1079
fb6efffb-8f51-4af3-ad39-bf90de3412d9	NR_044421.1	86.842	266	32	3	73	336	1195	1459	2.57e-79	294
fb6efffb-8f51-4af3-ad39-bf90de3412d9	NR_029071.1	86.517	267	32	4	73	336	1177	1442	3.32e-78	291
fb6efffb-8f51-4af3-ad39-bf90de3412d9	NR_042189.1	86.517	267	32	4	73	336	1156	1421	3.32e-78	291
fb6efffb-8f51-4af3-ad39-bf90de3412d9	NR_043861.1	86.517	267	32	4	73	336	1130	1395	3.32e-78	291
fb6efffb-8f51-4af3-ad39-bf90de3412d9	NR_043166.1	86.517	267	32	4	73	336	1177	1442	3.32e-78	291
541cead6-d20e-4d75-97b8-ab192a93b960	NR_115241.1	94.134	1091	34	20	1	1072	26	1105	0.0	1635
541cead6-d20e-4d75-97b8-ab192a93b960	NR_115735.1	94.139	1092	33	21	1	1072	16	1096	0.0	1633
541cead6-d20e-4d75-97b8-ab192a93b960	NR_024842.1	94.042	1091	35	20	1	1072	41	1120	0.0	1631
541cead6-d20e-4d75-97b8-ab192a93b960	NR_178515.1	93.864	1092	35	23	1	1072	26	1105	0.0	1616
541cead6-d20e-4d75-97b8-ab192a93b960	NR_165737.1	93.590	1092	38	23	1	1072	26	1105	0.0	1600
42d6428a-d5c3-484c-ad8f-e40ad41fd7fc	NR_113121.1	95.033	302	10	5	1	299	1140	1439	3.05e-132	470
42d6428a-d5c3-484c-ad8f-e40ad41fd7fc	NR_026417.1	94.737	304	9	6	1	299	1117	1418	3.94e-131	466
42d6428a-d5c3-484c-ad8f-e40ad41fd7fc	NR_112878.1	94.314	299	12	5	1	296	1140	1436	3.07e-127	453
42d6428a-d5c3-484c-ad8f-e40ad41fd7fc	NR_113107.1	93.645	299	14	5	1	296	1028	1324	6.65e-124	442
42d6428a-d5c3-484c-ad8f-e40ad41fd7fc	NR_113106.1	92.977	299	16	5	1	296	1142	1438	1.11e-121	435
68430e03-47d7-49d2-9b9d-1ec71eb6b96b	NR_044873.1	93.342	766	23	27	1	751	1324	572	0.0	1107
68430e03-47d7-49d2-9b9d-1ec71eb6b96b	NR_074568.1	92.298	766	30	28	1	751	1334	583	0.0	1061
68430e03-47d7-49d2-9b9d-1ec71eb6b96b	NR_044712.2	92.037	766	32	28	1	751	1343	592	0.0	1051
68430e03-47d7-49d2-9b9d-1ec71eb6b96b	NR_109752.1	91.645	766	35	27	1	751	1345	594	0.0	1033
68430e03-47d7-49d2-9b9d-1ec71eb6b96b	NR_043968.1	91.656	767	33	30	1	751	1292	541	0.0	1033
169eb015-2ccc-44c3-9cf6-152ad478a914	NR_025904.1	96.296	1242	29	16	1	1233	261	1494	0.0	2023
169eb015-2ccc-44c3-9cf6-152ad478a914	NR_025903.1	95.491	1242	39	16	1	1233	262	1495	0.0	1967
169eb015-2ccc-44c3-9cf6-152ad478a914	NR_133752.1	95.649	1218	37	15	1	1209	187	1397	0.0	1941
169eb015-2ccc-44c3-9cf6-152ad478a914	NR_026419.1	95.093	1243	43	16	1	1233	250	1484	0.0	1941
169eb015-2ccc-44c3-9cf6-152ad478a914	NR_133753.1	95.484	1218	39	15	1	1209	216	1426	0.0	1930
d5bbc261-2468-4721-bce8-4e59f1f62c40	NR_115355.1	92.301	1195	46	35	1	1162	301	1482	0.0	1655
d5bbc261-2468-4721-bce8-4e59f1f62c40	NR_179325.1	92.301	1195	46	35	1	1162	275	1456	0.0	1655
d5bbc261-2468-4721-bce8-4e59f1f62c40	NR_119169.1	91.967	1195	50	35	1	1162	306	1487	0.0	1639
d5bbc261-2468-4721-bce8-4e59f1f62c40	NR_113570.1	91.973	1196	49	36	1	1162	308	1490	0.0	1633
d5bbc261-2468-4721-bce8-4e59f1f62c40	NR_163639.1	91.973	1196	44	41	1	1162	320	1497	0.0	1629
fdd2667c-067a-4303-afcb-c4447f3954b9	NR_036936.1	94.109	1392	38	34	6	1371	1458	85	0.0	2078
fdd2667c-067a-4303-afcb-c4447f3954b9	NR_109720.1	93.966	1392	40	34	6	1371	1452	79	0.0	2065
fdd2667c-067a-4303-afcb-c4447f3954b9	NR_180875.1	93.994	1382	39	33	17	1371	1428	64	0.0	2060
fdd2667c-067a-4303-afcb-c4447f3954b9	NR_199541.1	93.900	1377	42	32	21	1371	1421	61	0.0	2039
fdd2667c-067a-4303-afcb-c4447f3954b9	NR_165737.1	93.534	1392	46	34	6	1371	1458	85	0.0	2032
6cdadaa9-3ba4-4fd5-8fd5-acd865873f38	NR_044873.1	94.631	596	22	9	1	589	1230	638	0.0	915
6cdadaa9-3ba4-4fd5-8fd5-acd865873f38	NR_074568.1	93.792	596	27	9	1	589	1240	648	0.0	887
6cdadaa9-3ba4-4fd5-8fd5-acd865873f38	NR_044712.2	93.456	596	29	9	1	589	1249	657	0.0	880
6cdadaa9-3ba4-4fd5-8fd5-acd865873f38	NR_043968.1	93.132	597	29	11	1	589	1198	606	0.0	865
6cdadaa9-3ba4-4fd5-8fd5-acd865873f38	NR_025310.1	92.965	597	30	11	1	589	1220	628	0.0	859
436b0414-723c-4862-a993-b5b4aa33b25f	NR_042776.1	97.727	528	9	3	1	526	976	1502	0.0	905
436b0414-723c-4862-a993-b5b4aa33b25f	NR_042777.1	97.727	528	9	3	1	526	975	1501	0.0	905
436b0414-723c-4862-a993-b5b4aa33b25f	NR_042778.1	97.348	528	11	3	1	526	976	1502	0.0	894
436b0414-723c-4862-a993-b5b4aa33b25f	NR_197695.1	97.159	528	12	3	1	526	975	1501	0.0	889
436b0414-723c-4862-a993-b5b4aa33b25f	NR_118998.1	96.780	528	14	3	1	526	970	1496	0.0	878
a7f32643-740e-430b-aaae-c4203773a7d3	NR_028664.1	95.103	388	8	9	1	384	1221	841	1.36e-171	601
a7f32643-740e-430b-aaae-c4203773a7d3	NR_042928.1	95.103	388	8	9	1	384	1198	818	1.36e-171	601
a7f32643-740e-430b-aaae-c4203773a7d3	NR_115240.1	95.103	388	8	9	1	384	1198	818	1.36e-171	601
a7f32643-740e-430b-aaae-c4203773a7d3	NR_115732.1	95.103	388	8	9	1	384	1200	820	1.36e-171	601
a7f32643-740e-430b-aaae-c4203773a7d3	NR_116207.1	95.103	388	8	9	1	384	1063	683	1.36e-171	601
aeeaa167-a4ac-4590-8ddf-7149347c9f4e	NR_118941.1	87.842	987	92	23	12	982	360	1334	0.0	1192
aeeaa167-a4ac-4590-8ddf-7149347c9f4e	NR_118942.1	87.234	987	96	26	12	982	360	1332	0.0	1151
aeeaa167-a4ac-4590-8ddf-7149347c9f4e	NR_025211.1	86.654	1019	95	35	50	1043	484	1486	0.0	1090
aeeaa167-a4ac-4590-8ddf-7149347c9f4e	NR_025445.1	86.542	1018	101	30	50	1045	485	1488	0.0	1088
aeeaa167-a4ac-4590-8ddf-7149347c9f4e	NR_104715.1	86.640	1018	95	35	50	1042	483	1484	0.0	1088
ef7038c6-27dd-4a39-978b-4982dd802c18	NR_116168.1	95.556	360	9	7	1	355	371	14	3.52e-162	569
ef7038c6-27dd-4a39-978b-4982dd802c18	NR_042878.1	94.318	352	13	7	1	347	350	1	7.68e-154	542
ef7038c6-27dd-4a39-978b-4982dd802c18	NR_118762.1	92.113	355	22	6	6	356	368	16	6.03e-145	512
ef7038c6-27dd-4a39-978b-4982dd802c18	NR_025423.1	92.717	357	17	9	1	350	355	1	2.80e-143	507
ef7038c6-27dd-4a39-978b-4982dd802c18	NR_118749.1	91.317	357	23	8	6	356	372	18	4.72e-136	483
5d0925d8-dbdc-4945-a8a9-8894456a6f52	NR_115355.1	96.554	1248	15	19	1	1225	1243	1	0.0	2045
5d0925d8-dbdc-4945-a8a9-8894456a6f52	NR_119169.1	96.246	1252	19	19	1	1229	1248	2	0.0	2034
5d0925d8-dbdc-4945-a8a9-8894456a6f52	NR_074980.1	96.041	1263	21	20	1	1239	1270	13	0.0	2028
5d0925d8-dbdc-4945-a8a9-8894456a6f52	NR_113031.1	96.041	1263	21	20	1	1239	1270	13	0.0	2028
5d0925d8-dbdc-4945-a8a9-8894456a6f52	NR_163639.1	95.968	1265	16	25	1	1240	1258	4	0.0	2021
32ae0421-a97e-4c4a-bb91-998c0f0709ec	NR_042776.1	93.492	461	15	12	1	450	1043	1499	0.0	671
32ae0421-a97e-4c4a-bb91-998c0f0709ec	NR_042777.1	93.492	461	15	12	1	450	1042	1498	0.0	671
32ae0421-a97e-4c4a-bb91-998c0f0709ec	NR_042778.1	93.059	461	17	12	1	450	1043	1499	0.0	660
32ae0421-a97e-4c4a-bb91-998c0f0709ec	NR_118998.1	93.059	461	17	12	1	450	1037	1493	0.0	660
32ae0421-a97e-4c4a-bb91-998c0f0709ec	NR_197695.1	93.059	461	17	12	1	450	1042	1498	0.0	660
e114048a-3adb-4099-8ed6-22f6d260a268	NR_025863.1	91.516	1108	45	39	1	1072	1122	28	0.0	1487
e114048a-3adb-4099-8ed6-22f6d260a268	NR_026454.1	85.830	1108	98	47	3	1068	1092	2	0.0	1122
e114048a-3adb-4099-8ed6-22f6d260a268	NR_156076.1	89.588	874	59	25	3	853	1112	248	0.0	1081
e114048a-3adb-4099-8ed6-22f6d260a268	NR_156076.1	96.875	32	1	0	1041	1072	43	12	1.40e-06	54.7
e114048a-3adb-4099-8ed6-22f6d260a268	NR_158022.1	89.588	874	59	26	3	853	1105	241	0.0	1081
e114048a-3adb-4099-8ed6-22f6d260a268	NR_158022.1	96.875	32	1	0	1041	1072	39	8	1.40e-06	54.7
e114048a-3adb-4099-8ed6-22f6d260a268	NR_179157.1	89.588	874	59	25	3	853	1104	240	0.0	1081
e114048a-3adb-4099-8ed6-22f6d260a268	NR_179157.1	96.875	32	1	0	1041	1072	39	8	1.40e-06	54.7
8711f6ec-fbf4-4bca-af61-f536fa10aa13	NR_036936.1	95.812	764	18	13	1	755	1144	386	0.0	1221
8711f6ec-fbf4-4bca-af61-f536fa10aa13	NR_109720.1	95.681	764	19	13	1	755	1138	380	0.0	1216
8711f6ec-fbf4-4bca-af61-f536fa10aa13	NR_115735.1	95.681	764	19	13	1	755	1135	377	0.0	1216
8711f6ec-fbf4-4bca-af61-f536fa10aa13	NR_116211.1	95.681	764	19	13	1	755	1067	309	0.0	1216
8711f6ec-fbf4-4bca-af61-f536fa10aa13	NR_178515.1	95.681	764	19	13	1	755	1144	386	0.0	1216
f2bd4386-3850-4521-9708-92790a63dd96	NR_042878.1	96.796	905	19	8	1	899	276	1176	0.0	1504
f2bd4386-3850-4521-9708-92790a63dd96	NR_116168.1	96.796	905	19	8	1	899	297	1197	0.0	1502
f2bd4386-3850-4521-9708-92790a63dd96	NR_118143.1	96.022	905	26	8	1	899	278	1178	0.0	1465
f2bd4386-3850-4521-9708-92790a63dd96	NR_118762.1	94.912	904	37	7	1	899	300	1199	0.0	1439
f2bd4386-3850-4521-9708-92790a63dd96	NR_025423.1	94.917	905	36	8	1	899	281	1181	0.0	1408
e950f083-4dd5-46a7-9953-1d62e2d50f4e	NR_199545.1	97.561	1394	26	8	1	1393	1402	16	0.0	2379
e950f083-4dd5-46a7-9953-1d62e2d50f4e	NR_179385.1	97.418	1394	28	8	1	1393	1406	20	0.0	2368
e950f083-4dd5-46a7-9953-1d62e2d50f4e	NR_179383.1	97.276	1395	28	9	1	1393	1409	23	0.0	2357
e950f083-4dd5-46a7-9953-1d62e2d50f4e	NR_028664.1	97.204	1395	29	9	1	1393	1405	19	0.0	2351
e950f083-4dd5-46a7-9953-1d62e2d50f4e	NR_115240.1	97.266	1390	28	9	1	1388	1382	1	0.0	2348
bba30a94-ffd0-4a03-9883-ebf3492da71e	NR_042776.1	94.492	1289	43	21	1	1275	227	1501	0.0	1962
bba30a94-ffd0-4a03-9883-ebf3492da71e	NR_042777.1	94.410	1288	45	22	1	1275	227	1500	0.0	1954
bba30a94-ffd0-4a03-9883-ebf3492da71e	NR_042778.1	94.182	1289	47	21	1	1275	227	1501	0.0	1940
bba30a94-ffd0-4a03-9883-ebf3492da71e	NR_197695.1	94.182	1289	47	21	1	1275	226	1500	0.0	1940
bba30a94-ffd0-4a03-9883-ebf3492da71e	NR_118998.1	93.716	1289	52	20	1	1275	222	1495	0.0	1905
98437722-7a51-4794-968e-4c7ea8bdcfff	NR_042776.1	95.918	147	4	2	1	145	166	20	1.59e-62	237
98437722-7a51-4794-968e-4c7ea8bdcfff	NR_042777.1	95.918	147	4	2	1	145	166	20	1.59e-62	237
98437722-7a51-4794-968e-4c7ea8bdcfff	NR_042778.1	95.918	147	4	2	1	145	166	20	1.59e-62	237
98437722-7a51-4794-968e-4c7ea8bdcfff	NR_024841.1	95.238	147	5	2	1	145	155	9	7.38e-61	231
98437722-7a51-4794-968e-4c7ea8bdcfff	NR_118234.1	95.238	147	5	2	1	145	158	12	7.38e-61	231
82b3497e-7227-41ca-8efa-009805b4ba33	NR_163639.1	90.683	161	7	6	18	171	163	4	1.42e-53	207
82b3497e-7227-41ca-8efa-009805b4ba33	NR_074980.1	90.625	160	7	6	18	170	171	13	5.09e-53	206
82b3497e-7227-41ca-8efa-009805b4ba33	NR_113031.1	90.625	160	7	6	18	170	171	13	5.09e-53	206
82b3497e-7227-41ca-8efa-009805b4ba33	NR_119168.1	90.000	150	7	5	18	160	149	1	1.84e-47	187
82b3497e-7227-41ca-8efa-009805b4ba33	NR_119169.1	90.000	150	7	5	18	160	149	1	1.84e-47	187
cdb76aec-b8f0-48ed-9170-a0c10b05232b	NR_043332.1	91.667	120	3	6	1	117	1370	1485	2.64e-39	159
cdb76aec-b8f0-48ed-9170-a0c10b05232b	NR_074980.1	91.667	120	3	6	1	117	1397	1512	2.64e-39	159
cdb76aec-b8f0-48ed-9170-a0c10b05232b	NR_113031.1	91.667	120	3	6	1	117	1397	1512	2.64e-39	159
cdb76aec-b8f0-48ed-9170-a0c10b05232b	NR_115354.1	91.667	120	3	6	1	117	1370	1485	2.64e-39	159
cdb76aec-b8f0-48ed-9170-a0c10b05232b	NR_115355.1	91.667	120	3	6	1	117	1370	1485	2.64e-39	159
15d8197b-4dec-4990-9e47-7c11e3b84bb4	NR_042776.1	98.675	151	0	2	1	149	1056	906	2.05e-71	267
15d8197b-4dec-4990-9e47-7c11e3b84bb4	NR_042777.1	98.675	151	0	2	1	149	1055	905	2.05e-71	267
15d8197b-4dec-4990-9e47-7c11e3b84bb4	NR_042778.1	98.675	151	0	2	1	149	1056	906	2.05e-71	267
15d8197b-4dec-4990-9e47-7c11e3b84bb4	NR_117425.1	98.013	151	1	2	1	149	1034	884	9.56e-70	261
15d8197b-4dec-4990-9e47-7c11e3b84bb4	NR_197695.1	98.013	151	1	2	1	149	1055	905	9.56e-70	261
9e779304-d0da-4a6c-b1c0-92d2d6c19dbb	NR_042776.1	96.685	181	4	2	3	182	197	18	2.44e-81	300
9e779304-d0da-4a6c-b1c0-92d2d6c19dbb	NR_042778.1	96.685	181	4	2	3	182	197	18	2.44e-81	300
9e779304-d0da-4a6c-b1c0-92d2d6c19dbb	NR_118998.1	95.580	181	6	2	3	182	192	13	1.47e-78	291
9e779304-d0da-4a6c-b1c0-92d2d6c19dbb	NR_042777.1	98.193	166	2	1	18	182	183	18	5.28e-78	289
9e779304-d0da-4a6c-b1c0-92d2d6c19dbb	NR_197695.1	95.580	181	6	2	3	182	196	17	5.28e-78	289
2b361cfe-22f4-48bc-bbed-73009b3b7910	NR_037101.1	91.667	156	7	6	4	158	206	356	9.99e-55	211
2b361cfe-22f4-48bc-bbed-73009b3b7910	NR_024659.1	91.195	159	8	6	1	158	184	337	9.99e-55	211
2b361cfe-22f4-48bc-bbed-73009b3b7910	NR_024841.1	91.195	159	8	6	1	158	217	370	9.99e-55	211
2b361cfe-22f4-48bc-bbed-73009b3b7910	NR_024842.1	91.667	156	7	6	4	158	221	371	9.99e-55	211
2b361cfe-22f4-48bc-bbed-73009b3b7910	NR_036936.1	91.195	159	8	6	1	158	203	356	9.99e-55	211
25fd80c9-16be-4bac-9bef-3cc0d79c796b	NR_042776.1	97.126	174	1	2	4	174	190	18	1.44e-78	291
25fd80c9-16be-4bac-9bef-3cc0d79c796b	NR_042778.1	97.126	174	1	2	4	174	190	18	1.44e-78	291
25fd80c9-16be-4bac-9bef-3cc0d79c796b	NR_042777.1	97.605	167	0	2	11	174	183	18	2.41e-76	283
25fd80c9-16be-4bac-9bef-3cc0d79c796b	NR_118998.1	95.977	174	3	2	4	174	185	13	8.67e-76	281
25fd80c9-16be-4bac-9bef-3cc0d79c796b	NR_197695.1	97.024	168	1	2	10	174	183	17	3.12e-75	279
7b3f861d-5db5-4581-be6a-15203a21beb1	NR_111994.1	93.064	173	8	4	1	170	1358	1187	2.32e-66	250
7b3f861d-5db5-4581-be6a-15203a21beb1	NR_024842.1	94.479	163	6	3	1	160	1427	1265	8.34e-66	248
7b3f861d-5db5-4581-be6a-15203a21beb1	NR_036936.1	94.479	163	6	3	1	160	1412	1250	8.34e-66	248
7b3f861d-5db5-4581-be6a-15203a21beb1	NR_025453.1	94.479	163	6	3	1	160	1412	1250	8.34e-66	248
7b3f861d-5db5-4581-be6a-15203a21beb1	NR_028664.1	94.479	163	6	3	1	160	1433	1271	8.34e-66	248
c5b90ae6-d957-42b9-9df7-62e3ed3f1576	NR_116168.1	92.086	278	14	6	3	276	1218	1491	1.04e-106	385
c5b90ae6-d957-42b9-9df7-62e3ed3f1576	NR_118762.1	92.164	268	13	6	3	266	1220	1483	8.07e-103	372
c5b90ae6-d957-42b9-9df7-62e3ed3f1576	NR_126284.1	90.335	269	18	5	3	267	1198	1462	4.89e-95	346
c5b90ae6-d957-42b9-9df7-62e3ed3f1576	NR_115136.1	90.000	270	19	7	3	268	1203	1468	6.33e-94	342
c5b90ae6-d957-42b9-9df7-62e3ed3f1576	NR_115137.1	90.000	270	19	7	3	268	1203	1468	6.33e-94	342
cbacdba8-c0c6-4bbf-9011-309b54a00b24	NR_042776.1	96.390	277	8	2	6	281	1224	1499	8.04e-128	455
cbacdba8-c0c6-4bbf-9011-309b54a00b24	NR_042777.1	96.390	277	8	2	6	281	1223	1498	8.04e-128	455
cbacdba8-c0c6-4bbf-9011-309b54a00b24	NR_042052.1	95.668	277	10	2	6	281	1122	1397	1.74e-124	444
cbacdba8-c0c6-4bbf-9011-309b54a00b24	NR_042778.1	95.668	277	10	2	6	281	1224	1499	1.74e-124	444
cbacdba8-c0c6-4bbf-9011-309b54a00b24	NR_114642.1	95.668	277	10	2	6	281	1181	1456	1.74e-124	444
05e5c164-36a7-4aca-a0e4-3e1fbe3e25a4	NR_179385.1	96.226	212	4	3	1	208	228	17	1.31e-94	344
05e5c164-36a7-4aca-a0e4-3e1fbe3e25a4	NR_165741.1	95.755	212	5	3	1	208	213	2	6.08e-93	339
05e5c164-36a7-4aca-a0e4-3e1fbe3e25a4	NR_199545.1	95.755	212	5	3	1	208	224	13	6.08e-93	339
05e5c164-36a7-4aca-a0e4-3e1fbe3e25a4	NR_115560.1	94.836	213	7	3	1	209	224	12	3.66e-90	329
05e5c164-36a7-4aca-a0e4-3e1fbe3e25a4	NR_028664.1	94.811	212	7	3	1	208	227	16	1.32e-89	327
cbe1e3b0-ca04-4bbf-9c98-7252b7e7428d	NR_118876.1	88.000	75	7	2	8	81	1489	1416	6.94e-19	91.6
cbe1e3b0-ca04-4bbf-9c98-7252b7e7428d	NR_118902.1	88.060	67	7	1	8	74	1469	1404	4.18e-16	82.4
cbe1e3b0-ca04-4bbf-9c98-7252b7e7428d	NR_118961.1	93.750	48	2	1	34	81	1439	1393	6.99e-14	75.0
cbe1e3b0-ca04-4bbf-9c98-7252b7e7428d	NR_118942.1	93.023	43	2	1	34	76	1330	1289	4.21e-11	65.8
cbe1e3b0-ca04-4bbf-9c98-7252b7e7428d	NR_118969.1	90.244	41	3	1	34	74	1435	1396	9.11e-08	54.7
a1c9ab6d-55af-4ea3-82e3-d2f184bffa87	NR_042776.1	90.000	180	9	7	1	172	1174	996	1.43e-58	224
a1c9ab6d-55af-4ea3-82e3-d2f184bffa87	NR_042777.1	90.000	180	9	7	1	172	1173	995	1.43e-58	224
a1c9ab6d-55af-4ea3-82e3-d2f184bffa87	NR_042778.1	90.000	180	9	7	1	172	1174	996	1.43e-58	224
a1c9ab6d-55af-4ea3-82e3-d2f184bffa87	NR_118998.1	89.444	180	10	7	1	172	1168	990	6.67e-57	219
a1c9ab6d-55af-4ea3-82e3-d2f184bffa87	NR_197695.1	89.444	180	10	7	1	172	1173	995	6.67e-57	219
f32607b1-fe23-4c4a-8c3f-f05ac9aa32ed	NR_042928.1	95.028	181	6	3	4	183	179	1	9.34e-76	281
f32607b1-fe23-4c4a-8c3f-f05ac9aa32ed	NR_036936.1	94.475	181	9	1	4	183	181	1	3.36e-75	279
f32607b1-fe23-4c4a-8c3f-f05ac9aa32ed	NR_199547.1	98.726	157	0	2	4	159	159	4	1.21e-74	278
f32607b1-fe23-4c4a-8c3f-f05ac9aa32ed	NR_109720.1	95.402	174	7	1	4	176	175	2	4.34e-74	276
f32607b1-fe23-4c4a-8c3f-f05ac9aa32ed	NR_112026.1	96.341	164	3	3	4	166	162	1	2.61e-71	267
b13719ef-cfba-43bd-9b62-06b192ca5931	NR_040821.1	92.308	156	8	2	1	153	1400	1246	5.75e-57	219
b13719ef-cfba-43bd-9b62-06b192ca5931	NR_042052.1	92.308	156	8	2	1	153	1323	1169	5.75e-57	219
b13719ef-cfba-43bd-9b62-06b192ca5931	NR_025630.1	92.308	156	8	2	1	153	1399	1245	5.75e-57	219
b13719ef-cfba-43bd-9b62-06b192ca5931	NR_024634.1	92.308	156	8	2	1	153	1411	1257	5.75e-57	219
b13719ef-cfba-43bd-9b62-06b192ca5931	NR_025148.1	92.308	156	8	2	1	153	1420	1266	5.75e-57	219
af4817f9-68ce-4707-a9c0-c5364d16ae9b	NR_037003.1	93.023	43	3	0	1	43	1324	1282	4.83e-11	63.9
af4817f9-68ce-4707-a9c0-c5364d16ae9b	NR_114621.1	93.023	43	3	0	1	43	1324	1282	4.83e-11	63.9
af4817f9-68ce-4707-a9c0-c5364d16ae9b	NR_114622.1	93.023	43	3	0	1	43	1324	1282	4.83e-11	63.9
af4817f9-68ce-4707-a9c0-c5364d16ae9b	NR_114623.1	93.023	43	3	0	1	43	1133	1091	4.83e-11	63.9
af4817f9-68ce-4707-a9c0-c5364d16ae9b	NR_114624.1	93.023	43	3	0	1	43	1323	1281	4.83e-11	63.9
5d8a7f0c-c4ab-4667-adc2-ce1ae2018297	NR_125571.1	96.183	131	3	1	1	129	133	3	7.20e-56	215
5d8a7f0c-c4ab-4667-adc2-ce1ae2018297	NR_029097.1	93.578	109	5	1	1	107	109	1	9.52e-40	161
5d8a7f0c-c4ab-4667-adc2-ce1ae2018297	NR_125570.1	96.703	91	1	1	1	89	91	1	2.06e-36	150
5d8a7f0c-c4ab-4667-adc2-ce1ae2018297	NR_028682.1	81.379	145	13	12	8	149	146	13	4.52e-23	106
5d8a7f0c-c4ab-4667-adc2-ce1ae2018297	NR_108860.1	81.538	130	18	5	24	149	128	1	5.85e-22	102
fbcae6dc-af4f-4591-aa63-6772eb4d854d	NR_117717.1	97.638	127	1	2	1	127	150	26	1.84e-56	217
fbcae6dc-af4f-4591-aa63-6772eb4d854d	NR_121688.1	97.638	127	1	2	1	127	149	25	1.84e-56	217
fbcae6dc-af4f-4591-aa63-6772eb4d854d	NR_117701.1	97.638	127	1	2	1	127	129	5	1.84e-56	217
fbcae6dc-af4f-4591-aa63-6772eb4d854d	NR_121687.1	96.800	125	2	2	3	127	147	25	1.11e-53	207
fbcae6dc-af4f-4591-aa63-6772eb4d854d	NR_118659.1	95.238	126	4	2	1	126	149	26	1.44e-52	204
2c60ad1c-1439-40a5-bc1b-bf5228e90431	NR_024841.1	94.531	128	3	3	4	130	1399	1275	8.19e-50	195
2c60ad1c-1439-40a5-bc1b-bf5228e90431	NR_024842.1	94.531	128	3	3	4	130	1400	1276	8.19e-50	195
2c60ad1c-1439-40a5-bc1b-bf5228e90431	NR_036936.1	94.531	128	3	3	4	130	1385	1261	8.19e-50	195
2c60ad1c-1439-40a5-bc1b-bf5228e90431	NR_041722.2	94.531	128	3	3	4	130	1420	1296	8.19e-50	195
2c60ad1c-1439-40a5-bc1b-bf5228e90431	NR_025453.1	94.531	128	3	3	4	130	1385	1261	8.19e-50	195
e400555c-ac7a-4b9e-818d-075cff5051a8	NR_026230.1	98.837	86	1	0	1	86	1173	1088	8.98e-38	154
e400555c-ac7a-4b9e-818d-075cff5051a8	NR_113082.1	98.837	86	1	0	1	86	1195	1110	8.98e-38	154
e400555c-ac7a-4b9e-818d-075cff5051a8	NR_136788.1	98.837	86	1	0	1	86	1195	1110	8.98e-38	154
e400555c-ac7a-4b9e-818d-075cff5051a8	NR_113014.1	92.771	83	6	0	1	83	1192	1110	9.11e-28	121
e400555c-ac7a-4b9e-818d-075cff5051a8	NR_113072.1	92.771	83	6	0	1	83	1192	1110	9.11e-28	121
61a7b0c5-f469-466d-bd04-acd19293061f	NR_042878.1	92.727	220	9	7	1	217	1160	945	1.38e-84	311
61a7b0c5-f469-466d-bd04-acd19293061f	NR_116168.1	92.727	220	9	7	1	217	1181	966	1.38e-84	311
61a7b0c5-f469-466d-bd04-acd19293061f	NR_118143.1	92.727	220	9	7	1	217	1162	947	1.38e-84	311
61a7b0c5-f469-466d-bd04-acd19293061f	NR_025338.1	92.273	220	10	7	1	217	1172	957	6.40e-83	305
61a7b0c5-f469-466d-bd04-acd19293061f	NR_041979.1	92.273	220	10	7	1	217	1164	949	6.40e-83	305
a4ca6a3c-7576-430f-8503-201d43fd8c70	NR_163639.1	97.535	284	3	3	1	283	284	4	3.69e-136	483
a4ca6a3c-7576-430f-8503-201d43fd8c70	NR_074980.1	97.173	283	4	3	1	282	292	13	6.17e-134	475
a4ca6a3c-7576-430f-8503-201d43fd8c70	NR_113031.1	97.173	283	4	3	1	282	292	13	6.17e-134	475
a4ca6a3c-7576-430f-8503-201d43fd8c70	NR_119169.1	97.436	273	3	3	1	272	270	1	1.34e-130	464
a4ca6a3c-7576-430f-8503-201d43fd8c70	NR_119170.1	97.436	273	3	3	1	272	270	1	1.34e-130	464
d84cfcc9-d57b-4257-806e-2ec7e41a2647	NR_043332.1	98.174	219	1	2	1	217	1268	1485	3.74e-105	379
d84cfcc9-d57b-4257-806e-2ec7e41a2647	NR_074980.1	98.174	219	1	2	1	217	1295	1512	3.74e-105	379
d84cfcc9-d57b-4257-806e-2ec7e41a2647	NR_113031.1	98.174	219	1	2	1	217	1295	1512	3.74e-105	379
d84cfcc9-d57b-4257-806e-2ec7e41a2647	NR_115354.1	98.174	219	1	2	1	217	1268	1485	3.74e-105	379
d84cfcc9-d57b-4257-806e-2ec7e41a2647	NR_115355.1	98.174	219	1	2	1	217	1268	1485	3.74e-105	379
041ab24a-1d0d-46c7-821a-d88fb81febd2	NR_042776.1	96.078	255	4	6	1	253	279	29	1.63e-114	411
041ab24a-1d0d-46c7-821a-d88fb81febd2	NR_042778.1	95.686	255	5	6	1	253	279	29	7.59e-113	405
041ab24a-1d0d-46c7-821a-d88fb81febd2	NR_042777.1	95.294	255	6	6	1	253	279	29	3.53e-111	399
041ab24a-1d0d-46c7-821a-d88fb81febd2	NR_118998.1	94.510	255	8	6	1	253	274	24	2.12e-108	390
041ab24a-1d0d-46c7-821a-d88fb81febd2	NR_197695.1	94.118	255	9	6	1	253	278	28	3.55e-106	383
4da2f54a-cfa5-409a-8168-b94c9627d1e2	NR_133752.1	98.469	196	1	2	1	195	407	601	1.22e-94	344
4da2f54a-cfa5-409a-8168-b94c9627d1e2	NR_133753.1	98.469	196	1	2	1	195	436	630	1.22e-94	344
4da2f54a-cfa5-409a-8168-b94c9627d1e2	NR_025904.1	98.469	196	1	2	1	195	481	675	1.22e-94	344
4da2f54a-cfa5-409a-8168-b94c9627d1e2	NR_026419.1	98.469	196	1	2	1	195	470	664	1.22e-94	344
4da2f54a-cfa5-409a-8168-b94c9627d1e2	NR_025903.1	98.469	196	1	2	1	195	482	676	1.22e-94	344
14092019-979a-428d-8fdc-1a5c31310b0a	NR_024842.1	96.479	142	2	2	1	140	1408	1268	6.81e-61	231
14092019-979a-428d-8fdc-1a5c31310b0a	NR_036936.1	96.479	142	2	2	1	140	1393	1253	6.81e-61	231
14092019-979a-428d-8fdc-1a5c31310b0a	NR_025453.1	96.479	142	2	2	1	140	1393	1253	6.81e-61	231
14092019-979a-428d-8fdc-1a5c31310b0a	NR_028664.1	96.479	142	2	2	1	140	1414	1274	6.81e-61	231
14092019-979a-428d-8fdc-1a5c31310b0a	NR_028665.1	96.479	142	2	2	1	140	1408	1268	6.81e-61	231
a4037e6c-27d5-4bfd-83bf-60e8129a06f4	NR_179383.1	97.619	168	2	2	1	166	192	25	1.79e-77	287
a4037e6c-27d5-4bfd-83bf-60e8129a06f4	NR_115560.1	95.429	175	6	2	1	173	185	11	1.08e-74	278
a4037e6c-27d5-4bfd-83bf-60e8129a06f4	NR_028664.1	96.429	168	4	2	1	166	188	21	3.88e-74	276
a4037e6c-27d5-4bfd-83bf-60e8129a06f4	NR_028665.1	96.429	168	4	2	1	166	182	15	3.88e-74	276
a4037e6c-27d5-4bfd-83bf-60e8129a06f4	NR_114172.1	96.970	165	3	2	1	163	165	1	3.88e-74	276
cb989e33-8363-4a9a-b153-9ff0edd3d72c	NR_041989.1	93.989	183	6	5	1	181	931	1110	5.52e-73	272
cb989e33-8363-4a9a-b153-9ff0edd3d72c	NR_028900.1	93.443	183	7	5	1	181	931	1110	2.57e-71	267
cb989e33-8363-4a9a-b153-9ff0edd3d72c	NR_043458.1	93.443	183	7	5	1	181	994	1173	2.57e-71	267
cb989e33-8363-4a9a-b153-9ff0edd3d72c	NR_043459.1	93.443	183	7	5	1	181	997	1176	2.57e-71	267
cb989e33-8363-4a9a-b153-9ff0edd3d72c	NR_104947.1	93.443	183	7	5	1	181	946	1125	2.57e-71	267
61f6380e-7274-4685-91ef-d4d1e4cf618f	NR_179385.1	95.984	249	5	5	20	264	264	17	3.57e-111	399
61f6380e-7274-4685-91ef-d4d1e4cf618f	NR_199545.1	95.984	249	5	5	20	264	260	13	3.57e-111	399
61f6380e-7274-4685-91ef-d4d1e4cf618f	NR_028664.1	95.582	249	6	4	20	264	263	16	1.66e-109	394
61f6380e-7274-4685-91ef-d4d1e4cf618f	NR_115560.1	95.238	252	7	4	19	266	261	11	1.66e-109	394
61f6380e-7274-4685-91ef-d4d1e4cf618f	NR_165741.1	95.582	249	6	5	20	264	249	2	1.66e-109	394
0dacc130-dc64-4277-b5e2-c571b9c2a32a	NR_040821.1	93.855	179	9	2	1	177	1241	1419	6.66e-72	268
0dacc130-dc64-4277-b5e2-c571b9c2a32a	NR_025630.1	93.855	179	9	2	1	177	1240	1418	6.66e-72	268
0dacc130-dc64-4277-b5e2-c571b9c2a32a	NR_024634.1	93.855	179	9	2	1	177	1252	1430	6.66e-72	268
0dacc130-dc64-4277-b5e2-c571b9c2a32a	NR_025148.1	93.855	179	9	2	1	177	1261	1439	6.66e-72	268
0dacc130-dc64-4277-b5e2-c571b9c2a32a	NR_027517.1	93.855	179	9	2	1	177	1261	1439	6.66e-72	268
f234b9d9-c789-4726-adfe-b4882f353edf	NR_136788.1	96.581	351	3	8	1	345	1062	715	2.63e-163	573
f234b9d9-c789-4726-adfe-b4882f353edf	NR_026230.1	93.447	351	14	8	1	345	1040	693	1.25e-146	518
f234b9d9-c789-4726-adfe-b4882f353edf	NR_113082.1	93.466	352	12	10	1	345	1062	715	5.83e-145	512
f234b9d9-c789-4726-adfe-b4882f353edf	NR_136443.1	90.598	351	24	8	1	345	1024	677	2.77e-128	457
f234b9d9-c789-4726-adfe-b4882f353edf	NR_152035.1	91.437	327	18	9	1	320	1065	742	2.79e-123	440
bd12d26d-2625-4f67-9403-2a3e8237cddf	NR_025359.1	95.455	132	4	2	1	131	1363	1493	2.95e-54	209
bd12d26d-2625-4f67-9403-2a3e8237cddf	NR_027217.1	95.455	132	4	2	1	131	1342	1472	2.95e-54	209
bd12d26d-2625-4f67-9403-2a3e8237cddf	NR_044741.1	95.455	132	4	2	1	131	1324	1454	2.95e-54	209
bd12d26d-2625-4f67-9403-2a3e8237cddf	NR_180040.1	95.455	132	4	2	1	131	1366	1496	2.95e-54	209
bd12d26d-2625-4f67-9403-2a3e8237cddf	NR_181946.1	95.420	131	4	2	1	130	1345	1474	1.06e-53	207
31477acb-7116-4024-ae6b-fff7c45d8379	NR_133753.1	97.753	89	0	2	2	88	410	498	3.05e-37	152
31477acb-7116-4024-ae6b-fff7c45d8379	NR_025903.1	97.753	89	0	2	2	88	456	544	3.05e-37	152
31477acb-7116-4024-ae6b-fff7c45d8379	NR_026419.1	96.667	90	1	1	1	88	443	532	3.94e-36	148
31477acb-7116-4024-ae6b-fff7c45d8379	NR_026469.1	96.667	90	1	1	1	88	445	534	3.94e-36	148
31477acb-7116-4024-ae6b-fff7c45d8379	NR_133752.1	96.629	89	1	2	2	88	381	469	1.42e-35	147
25cd852b-7903-4514-8348-f34816c308a7	NR_115355.1	93.506	154	6	4	1	153	1272	1122	3.49e-59	226
25cd852b-7903-4514-8348-f34816c308a7	NR_119169.1	93.506	154	6	4	1	153	1277	1127	3.49e-59	226
25cd852b-7903-4514-8348-f34816c308a7	NR_041879.1	93.421	152	6	4	1	151	1230	1082	4.51e-58	222
25cd852b-7903-4514-8348-f34816c308a7	NR_163639.1	93.421	152	6	4	1	151	1287	1139	4.51e-58	222
25cd852b-7903-4514-8348-f34816c308a7	NR_179325.1	93.421	152	6	4	1	151	1246	1098	4.51e-58	222
4f644ddb-3c6e-40c2-90bb-0d10f62b2624	NR_041879.1	96.599	147	2	3	1	145	609	464	1.22e-63	241
4f644ddb-3c6e-40c2-90bb-0d10f62b2624	NR_115355.1	96.599	147	2	3	1	145	652	507	1.22e-63	241
4f644ddb-3c6e-40c2-90bb-0d10f62b2624	NR_119169.1	96.599	147	2	3	1	145	657	512	1.22e-63	241
4f644ddb-3c6e-40c2-90bb-0d10f62b2624	NR_163639.1	96.599	147	2	3	1	145	668	523	1.22e-63	241
4f644ddb-3c6e-40c2-90bb-0d10f62b2624	NR_179325.1	96.599	147	2	3	1	145	626	481	1.22e-63	241
26ada242-10e6-4c9e-a85e-4f0554468c68	NR_024841.1	90.094	212	10	9	1	202	396	606	1.00e-70	265
26ada242-10e6-4c9e-a85e-4f0554468c68	NR_028664.1	90.047	211	12	7	1	202	403	613	1.00e-70	265
26ada242-10e6-4c9e-a85e-4f0554468c68	NR_028665.1	90.047	211	12	7	1	202	397	607	1.00e-70	265
26ada242-10e6-4c9e-a85e-4f0554468c68	NR_028666.1	90.094	212	10	9	1	202	406	616	1.00e-70	265
26ada242-10e6-4c9e-a85e-4f0554468c68	NR_042771.1	90.047	211	12	7	1	202	400	610	1.00e-70	265
2d908edc-220e-4900-8a31-f1cfd435c056	NR_025762.1	91.304	230	13	6	1	226	769	995	1.89e-83	307
2d908edc-220e-4900-8a31-f1cfd435c056	NR_041879.1	91.304	230	13	6	1	226	748	974	1.89e-83	307
2d908edc-220e-4900-8a31-f1cfd435c056	NR_113570.1	91.304	230	13	6	1	226	798	1024	1.89e-83	307
2d908edc-220e-4900-8a31-f1cfd435c056	NR_115355.1	91.304	230	13	6	1	226	791	1017	1.89e-83	307
2d908edc-220e-4900-8a31-f1cfd435c056	NR_119169.1	91.304	230	13	6	1	226	796	1022	1.89e-83	307
1b0ab914-149d-4fa2-98a0-c40a7e071217	NR_113570.1	98.077	104	0	2	1	102	182	79	1.67e-45	180
1b0ab914-149d-4fa2-98a0-c40a7e071217	NR_041880.1	98.969	97	0	1	7	102	125	29	2.79e-43	172
1b0ab914-149d-4fa2-98a0-c40a7e071217	NR_041879.1	97.087	103	2	1	1	102	132	30	2.79e-43	172
1b0ab914-149d-4fa2-98a0-c40a7e071217	NR_115354.1	98.969	97	0	1	7	102	169	73	2.79e-43	172
1b0ab914-149d-4fa2-98a0-c40a7e071217	NR_119170.1	98.969	97	0	1	7	102	174	78	2.79e-43	172
cbf3d6c4-3ef9-4826-be97-4c8d71fafead	NR_025902.1	96.330	109	0	1	1	105	1419	1311	2.24e-44	176
cbf3d6c4-3ef9-4826-be97-4c8d71fafead	NR_028844.1	96.330	109	0	1	1	105	1450	1342	2.24e-44	176
cbf3d6c4-3ef9-4826-be97-4c8d71fafead	NR_040933.1	96.330	109	0	1	1	105	1463	1355	2.24e-44	176
cbf3d6c4-3ef9-4826-be97-4c8d71fafead	NR_104944.1	96.330	109	0	1	1	105	1402	1294	2.24e-44	176
cbf3d6c4-3ef9-4826-be97-4c8d71fafead	NR_104947.1	96.330	109	0	1	1	105	1414	1306	2.24e-44	176
45313e7c-2c83-4520-9e54-3828b9a14510	NR_041879.1	97.403	154	2	2	1	153	501	349	9.49e-70	261
45313e7c-2c83-4520-9e54-3828b9a14510	NR_113570.1	97.403	154	2	2	1	153	551	399	9.49e-70	261
45313e7c-2c83-4520-9e54-3828b9a14510	NR_115355.1	97.403	154	2	2	1	153	544	392	9.49e-70	261
45313e7c-2c83-4520-9e54-3828b9a14510	NR_119169.1	97.403	154	2	2	1	153	549	397	9.49e-70	261
45313e7c-2c83-4520-9e54-3828b9a14510	NR_163639.1	97.403	154	2	2	1	153	560	408	9.49e-70	261
57ab2440-79dd-4808-be0f-542b2120457a	NR_026419.1	94.089	203	3	7	1	194	1278	1480	2.72e-81	300
57ab2440-79dd-4808-be0f-542b2120457a	NR_025904.1	93.596	203	3	8	1	194	1289	1490	1.26e-79	294
57ab2440-79dd-4808-be0f-542b2120457a	NR_025903.1	93.103	203	4	8	1	194	1290	1491	5.88e-78	289
57ab2440-79dd-4808-be0f-542b2120457a	NR_026420.1	91.584	202	9	6	1	194	1277	1478	5.92e-73	272
57ab2440-79dd-4808-be0f-542b2120457a	NR_179572.1	91.584	202	9	6	1	194	1297	1498	5.92e-73	272
c4b40dd0-0deb-48b3-9c9a-60fb47fa8f63	NR_025144.1	92.754	138	4	5	16	150	1415	1281	9.61e-50	195
c4b40dd0-0deb-48b3-9c9a-60fb47fa8f63	NR_025891.1	92.754	138	4	5	16	150	1439	1305	9.61e-50	195
c4b40dd0-0deb-48b3-9c9a-60fb47fa8f63	NR_025892.1	92.754	138	4	5	16	150	1438	1304	9.61e-50	195
c4b40dd0-0deb-48b3-9c9a-60fb47fa8f63	NR_025902.1	92.754	138	4	5	16	150	1391	1257	9.61e-50	195
c4b40dd0-0deb-48b3-9c9a-60fb47fa8f63	NR_028844.1	92.754	138	4	5	16	150	1422	1288	9.61e-50	195
68a5aa23-40d3-4ec4-a404-f0596e7c7ca6	NR_037101.1	96.703	91	3	0	8	98	1326	1416	3.46e-37	152
68a5aa23-40d3-4ec4-a404-f0596e7c7ca6	NR_024841.1	96.703	91	3	0	8	98	1340	1430	3.46e-37	152
68a5aa23-40d3-4ec4-a404-f0596e7c7ca6	NR_024842.1	96.703	91	3	0	8	98	1341	1431	3.46e-37	152
68a5aa23-40d3-4ec4-a404-f0596e7c7ca6	NR_024904.1	96.703	91	3	0	8	98	1352	1442	3.46e-37	152
68a5aa23-40d3-4ec4-a404-f0596e7c7ca6	NR_025609.1	96.703	91	3	0	8	98	1275	1365	3.46e-37	152
f886045a-6957-460d-89d9-e4a406f9e4ee	NR_116168.1	97.727	88	2	0	12	99	101	14	3.55e-37	152
f886045a-6957-460d-89d9-e4a406f9e4ee	NR_118762.1	94.382	89	5	0	12	100	104	16	7.68e-34	141
f886045a-6957-460d-89d9-e4a406f9e4ee	NR_136472.1	94.382	89	5	0	12	100	100	12	9.94e-33	137
f886045a-6957-460d-89d9-e4a406f9e4ee	NR_042878.1	96.250	80	3	0	12	91	80	1	1.29e-31	134
f886045a-6957-460d-89d9-e4a406f9e4ee	NR_024896.1	93.182	88	6	0	12	99	100	13	1.66e-30	130
500bb8af-6f68-4f39-9a0f-1e3b211ad920	NR_042776.1	98.039	153	0	1	1	150	381	533	2.62e-70	263
500bb8af-6f68-4f39-9a0f-1e3b211ad920	NR_197695.1	98.039	153	0	1	1	150	380	532	2.62e-70	263
500bb8af-6f68-4f39-9a0f-1e3b211ad920	NR_042777.1	97.386	153	0	2	1	150	381	532	1.22e-68	257
500bb8af-6f68-4f39-9a0f-1e3b211ad920	NR_042778.1	97.386	153	1	1	1	150	381	533	1.22e-68	257
500bb8af-6f68-4f39-9a0f-1e3b211ad920	NR_118942.1	96.104	154	1	3	1	150	279	431	7.33e-66	248
2c22eb04-8870-4abd-8a8f-c6a14f7543eb	NR_024842.1	90.141	142	5	7	1	139	1408	1273	3.13e-44	176
2c22eb04-8870-4abd-8a8f-c6a14f7543eb	NR_036936.1	90.141	142	5	7	1	139	1393	1258	3.13e-44	176
2c22eb04-8870-4abd-8a8f-c6a14f7543eb	NR_025453.1	90.141	142	5	7	1	139	1393	1258	3.13e-44	176
2c22eb04-8870-4abd-8a8f-c6a14f7543eb	NR_028664.1	90.141	142	5	7	1	139	1414	1279	3.13e-44	176
2c22eb04-8870-4abd-8a8f-c6a14f7543eb	NR_028665.1	90.141	142	5	7	1	139	1408	1273	3.13e-44	176
6f7a78fe-a6ae-44cf-8207-f7d9ba7deb17	NR_026419.1	95.028	181	5	4	1	180	1159	1336	8.73e-76	281
6f7a78fe-a6ae-44cf-8207-f7d9ba7deb17	NR_133752.1	92.818	181	9	4	1	180	1096	1273	4.09e-69	259
6f7a78fe-a6ae-44cf-8207-f7d9ba7deb17	NR_133753.1	92.818	181	9	4	1	180	1125	1302	4.09e-69	259
6f7a78fe-a6ae-44cf-8207-f7d9ba7deb17	NR_025904.1	92.818	181	9	4	1	180	1170	1347	4.09e-69	259
6f7a78fe-a6ae-44cf-8207-f7d9ba7deb17	NR_025903.1	92.818	181	9	4	1	180	1171	1348	4.09e-69	259
750825c3-1121-404c-a2f0-18e860419abe	NR_119169.1	98.020	101	1	1	15	115	1352	1451	9.23e-44	174
750825c3-1121-404c-a2f0-18e860419abe	NR_119170.1	98.020	101	1	1	15	115	1352	1451	9.23e-44	174
750825c3-1121-404c-a2f0-18e860419abe	NR_119168.1	97.030	101	2	1	15	115	1352	1451	1.19e-42	171
750825c3-1121-404c-a2f0-18e860419abe	NR_043332.1	97.030	101	2	1	15	115	1347	1446	4.29e-42	169
750825c3-1121-404c-a2f0-18e860419abe	NR_074980.1	97.030	101	2	1	15	115	1374	1473	4.29e-42	169
3d2f0a47-c46c-4ebd-950c-c5cae8f73492	NR_115737.1	97.857	280	4	2	1	280	1199	1476	3.75e-136	483
3d2f0a47-c46c-4ebd-950c-c5cae8f73492	NR_028666.1	97.849	279	4	2	1	279	1220	1496	1.35e-135	481
3d2f0a47-c46c-4ebd-950c-c5cae8f73492	NR_028833.1	97.849	279	4	2	1	279	1223	1499	1.35e-135	481
3d2f0a47-c46c-4ebd-950c-c5cae8f73492	NR_029052.1	97.849	279	4	2	1	279	1184	1460	1.35e-135	481
3d2f0a47-c46c-4ebd-950c-c5cae8f73492	NR_036918.1	97.849	279	4	2	1	279	1213	1489	1.35e-135	481
1f5669ab-4b72-4dae-8818-e8f58531a051	NR_037101.1	96.124	129	2	1	1	126	1347	1475	1.02e-53	207
1f5669ab-4b72-4dae-8818-e8f58531a051	NR_040821.1	96.124	129	2	1	1	126	1347	1475	1.02e-53	207
1f5669ab-4b72-4dae-8818-e8f58531a051	NR_025148.1	96.124	129	2	1	1	126	1367	1495	1.02e-53	207
1f5669ab-4b72-4dae-8818-e8f58531a051	NR_028664.1	96.124	129	2	1	1	126	1368	1496	1.02e-53	207
1f5669ab-4b72-4dae-8818-e8f58531a051	NR_028666.1	96.124	129	2	1	1	126	1371	1499	1.02e-53	207
a2ff2dcf-e09a-49a8-ae14-c7803780e51f	NR_025904.1	94.068	118	3	4	5	118	122	5	2.65e-44	176
a2ff2dcf-e09a-49a8-ae14-c7803780e51f	NR_025903.1	92.373	118	5	4	5	118	123	6	5.73e-41	165
a2ff2dcf-e09a-49a8-ae14-c7803780e51f	NR_036920.1	92.308	117	5	4	5	118	117	2	2.06e-40	163
a2ff2dcf-e09a-49a8-ae14-c7803780e51f	NR_026419.1	93.636	110	3	4	5	110	110	1	7.41e-40	161
a2ff2dcf-e09a-49a8-ae14-c7803780e51f	NR_026420.1	90.909	110	6	3	5	110	110	1	7.46e-35	145
df005b78-eb9d-49b8-a080-b9ab9c87b3dc	NR_026030.1	92.079	101	5	2	1	99	610	709	2.87e-33	139
df005b78-eb9d-49b8-a080-b9ab9c87b3dc	NR_024860.1	92.157	102	3	4	1	99	633	732	2.87e-33	139
df005b78-eb9d-49b8-a080-b9ab9c87b3dc	NR_025266.1	92.157	102	3	4	1	99	549	648	2.87e-33	139
df005b78-eb9d-49b8-a080-b9ab9c87b3dc	NR_042871.1	92.079	101	5	2	1	99	608	707	2.87e-33	139
df005b78-eb9d-49b8-a080-b9ab9c87b3dc	NR_042878.1	92.079	101	5	2	1	99	606	705	2.87e-33	139
e6af08cd-6ccc-40b4-a5ec-0d9b93dc12e8	NR_043332.1	99.301	143	0	1	1	142	1340	1482	1.15e-68	257
e6af08cd-6ccc-40b4-a5ec-0d9b93dc12e8	NR_074980.1	99.301	143	0	1	1	142	1367	1509	1.15e-68	257
e6af08cd-6ccc-40b4-a5ec-0d9b93dc12e8	NR_113031.1	99.301	143	0	1	1	142	1367	1509	1.15e-68	257
e6af08cd-6ccc-40b4-a5ec-0d9b93dc12e8	NR_115354.1	99.301	143	0	1	1	142	1340	1482	1.15e-68	257
e6af08cd-6ccc-40b4-a5ec-0d9b93dc12e8	NR_115355.1	99.301	143	0	1	1	142	1340	1482	1.15e-68	257
5b88c21d-5e7c-4bd2-b3a1-d324bf4d09ff	NR_042776.1	96.104	231	3	5	4	229	1424	1195	6.64e-103	372
5b88c21d-5e7c-4bd2-b3a1-d324bf4d09ff	NR_042777.1	96.104	231	3	5	4	229	1423	1194	6.64e-103	372
5b88c21d-5e7c-4bd2-b3a1-d324bf4d09ff	NR_042778.1	95.671	231	4	5	4	229	1424	1195	3.09e-101	366
5b88c21d-5e7c-4bd2-b3a1-d324bf4d09ff	NR_118998.1	95.671	231	4	5	4	229	1418	1189	3.09e-101	366
5b88c21d-5e7c-4bd2-b3a1-d324bf4d09ff	NR_197695.1	95.671	231	4	5	4	229	1423	1194	3.09e-101	366
a68c7fd5-d35c-423b-9ae3-9ea467600b40	NR_042776.1	99.338	151	1	0	1	151	1267	1417	1.20e-73	274
a68c7fd5-d35c-423b-9ae3-9ea467600b40	NR_042777.1	99.338	151	1	0	1	151	1266	1416	1.20e-73	274
a68c7fd5-d35c-423b-9ae3-9ea467600b40	NR_040821.1	99.333	150	1	0	2	151	1243	1392	4.32e-73	272
a68c7fd5-d35c-423b-9ae3-9ea467600b40	NR_025630.1	99.333	150	1	0	2	151	1242	1391	4.32e-73	272
a68c7fd5-d35c-423b-9ae3-9ea467600b40	NR_024634.1	99.333	150	1	0	2	151	1254	1403	4.32e-73	272
d9718ad2-0726-4659-850a-d20ef497e1a7	NR_024842.1	96.212	132	2	2	1	131	1408	1279	2.28e-55	213
d9718ad2-0726-4659-850a-d20ef497e1a7	NR_036936.1	96.212	132	2	2	1	131	1393	1264	2.28e-55	213
d9718ad2-0726-4659-850a-d20ef497e1a7	NR_025453.1	96.212	132	2	2	1	131	1393	1264	2.28e-55	213
d9718ad2-0726-4659-850a-d20ef497e1a7	NR_028664.1	96.212	132	2	2	1	131	1414	1285	2.28e-55	213
d9718ad2-0726-4659-850a-d20ef497e1a7	NR_028665.1	96.212	132	2	2	1	131	1408	1279	2.28e-55	213
827fe0c2-b759-4372-ba18-29857a578d64	NR_115354.1	96.970	165	2	3	7	169	169	6	1.58e-73	274
827fe0c2-b759-4372-ba18-29857a578d64	NR_119170.1	96.970	165	2	3	7	169	174	11	1.58e-73	274
827fe0c2-b759-4372-ba18-29857a578d64	NR_115355.1	95.322	171	5	3	1	169	175	6	5.69e-73	272
827fe0c2-b759-4372-ba18-29857a578d64	NR_119169.1	95.833	168	4	3	4	169	177	11	2.05e-72	270
827fe0c2-b759-4372-ba18-29857a578d64	NR_119168.1	95.833	168	4	3	4	169	177	11	7.36e-72	268
206dd50b-37ba-47d0-89dd-678ed1bc2e2d	NR_116168.1	90.833	120	8	3	1	118	140	22	1.02e-38	158
206dd50b-37ba-47d0-89dd-678ed1bc2e2d	NR_042878.1	89.167	120	10	3	1	118	119	1	1.70e-36	150
206dd50b-37ba-47d0-89dd-678ed1bc2e2d	NR_118762.1	86.667	120	13	3	1	118	143	25	1.33e-32	137
206dd50b-37ba-47d0-89dd-678ed1bc2e2d	NR_148656.1	90.000	70	5	2	47	114	74	5	3.76e-18	89.8
fa6cae52-641e-4d89-9fcf-b6b1dea5df35	NR_025892.1	95.745	141	0	4	1	135	159	19	3.90e-58	222
fa6cae52-641e-4d89-9fcf-b6b1dea5df35	NR_117694.1	94.737	133	1	4	1	127	133	1	5.07e-52	202
fa6cae52-641e-4d89-9fcf-b6b1dea5df35	NR_117717.1	92.908	141	4	4	1	135	154	14	1.83e-51	200
fa6cae52-641e-4d89-9fcf-b6b1dea5df35	NR_121687.1	92.908	141	4	4	1	135	153	13	1.83e-51	200
fa6cae52-641e-4d89-9fcf-b6b1dea5df35	NR_121688.1	92.908	141	4	4	1	135	153	13	1.83e-51	200
f09b3f37-363f-4e6e-8361-3a43337c8e81	NR_125571.1	90.840	131	11	1	1	130	131	1	3.43e-44	176
f09b3f37-363f-4e6e-8361-3a43337c8e81	NR_029097.1	85.981	107	14	1	1	106	107	1	2.72e-25	113
f09b3f37-363f-4e6e-8361-3a43337c8e81	NR_104843.1	85.185	108	8	8	48	150	112	8	1.64e-22	104
f09b3f37-363f-4e6e-8361-3a43337c8e81	NR_125570.1	87.640	89	10	1	1	88	89	1	5.90e-22	102
f09b3f37-363f-4e6e-8361-3a43337c8e81	NR_114315.1	79.333	150	23	7	5	149	148	2	2.12e-21	100
92f24399-e5d6-41ea-a0e7-9d7b6e84c7d5	NR_044091.1	100.000	126	0	0	1	126	175	300	1.66e-61	233
92f24399-e5d6-41ea-a0e7-9d7b6e84c7d5	NR_041880.1	99.206	126	1	0	1	126	217	342	7.72e-60	228
92f24399-e5d6-41ea-a0e7-9d7b6e84c7d5	NR_134226.1	99.206	126	1	0	1	126	199	324	7.72e-60	228
92f24399-e5d6-41ea-a0e7-9d7b6e84c7d5	NR_025762.1	99.206	126	1	0	1	126	239	364	7.72e-60	228
92f24399-e5d6-41ea-a0e7-9d7b6e84c7d5	NR_025046.1	99.206	126	1	0	1	126	257	382	7.72e-60	228
16c11215-0541-401c-aa7a-d7476100aaef	NR_180875.1	86.257	342	24	20	1	325	1000	665	1.26e-96	351
16c11215-0541-401c-aa7a-d7476100aaef	NR_024842.1	86.297	343	22	22	1	325	1036	701	4.52e-96	350
16c11215-0541-401c-aa7a-d7476100aaef	NR_109720.1	86.297	343	22	22	1	325	1015	680	4.52e-96	350
16c11215-0541-401c-aa7a-d7476100aaef	NR_115735.1	86.297	343	22	22	1	325	1012	677	4.52e-96	350
16c11215-0541-401c-aa7a-d7476100aaef	NR_116211.1	86.297	343	22	22	1	325	944	609	4.52e-96	350
fa9c9070-16a4-4662-aac9-b0c9150e1078	NR_042776.1	97.674	258	5	1	1	258	279	23	5.81e-124	442
fa9c9070-16a4-4662-aac9-b0c9150e1078	NR_042778.1	97.287	258	6	1	1	258	279	23	2.70e-122	436
fa9c9070-16a4-4662-aac9-b0c9150e1078	NR_042777.1	96.899	258	7	1	1	258	279	23	1.26e-120	431
fa9c9070-16a4-4662-aac9-b0c9150e1078	NR_118998.1	96.124	258	9	1	1	258	274	18	7.56e-118	422
fa9c9070-16a4-4662-aac9-b0c9150e1078	NR_197695.1	95.736	258	10	1	1	258	278	22	1.27e-115	414
7cd4d478-8c60-44fc-adaf-ee8a4e2fc906	NR_042776.1	97.638	127	2	1	1	127	574	449	1.72e-56	217
7cd4d478-8c60-44fc-adaf-ee8a4e2fc906	NR_197695.1	97.638	127	2	1	1	127	573	448	1.72e-56	217
7cd4d478-8c60-44fc-adaf-ee8a4e2fc906	NR_042777.1	96.850	127	2	2	1	127	573	449	7.99e-55	211
7cd4d478-8c60-44fc-adaf-ee8a4e2fc906	NR_042778.1	96.850	127	3	1	1	127	574	449	7.99e-55	211
7cd4d478-8c60-44fc-adaf-ee8a4e2fc906	NR_028664.1	96.774	124	3	1	1	124	570	448	3.72e-53	206
7da15679-5055-4da6-bda6-47079abfbf2f	NR_133752.1	98.266	173	2	1	1	172	54	226	6.36e-82	302
7da15679-5055-4da6-bda6-47079abfbf2f	NR_133753.1	97.688	173	3	1	1	172	83	255	2.96e-80	296
7da15679-5055-4da6-bda6-47079abfbf2f	NR_025903.1	97.688	173	3	1	1	172	129	301	2.96e-80	296
7da15679-5055-4da6-bda6-47079abfbf2f	NR_026419.1	92.529	174	11	2	1	172	116	289	8.40e-66	248
7da15679-5055-4da6-bda6-47079abfbf2f	NR_025904.1	91.954	174	11	3	1	172	128	300	1.41e-63	241
27aef6b6-60e5-48cc-899d-3657aebed24d	NR_024842.1	97.345	113	1	1	1	111	1377	1489	8.87e-49	191
27aef6b6-60e5-48cc-899d-3657aebed24d	NR_041706.1	97.345	113	1	1	1	111	1372	1484	8.87e-49	191
27aef6b6-60e5-48cc-899d-3657aebed24d	NR_042052.1	97.345	113	1	1	1	111	1285	1397	8.87e-49	191
27aef6b6-60e5-48cc-899d-3657aebed24d	NR_025036.1	97.345	113	1	1	1	111	1381	1493	8.87e-49	191
27aef6b6-60e5-48cc-899d-3657aebed24d	NR_025625.1	97.345	113	1	1	1	111	1371	1483	8.87e-49	191
2af74d6c-6ab0-46ab-89dd-3cc5b8d4bba2	NR_041879.1	96.581	117	2	2	1	116	1299	1184	2.57e-49	193
2af74d6c-6ab0-46ab-89dd-3cc5b8d4bba2	NR_115355.1	96.581	117	2	2	1	116	1341	1226	2.57e-49	193
2af74d6c-6ab0-46ab-89dd-3cc5b8d4bba2	NR_119169.1	96.581	117	2	2	1	116	1346	1231	2.57e-49	193
2af74d6c-6ab0-46ab-89dd-3cc5b8d4bba2	NR_163639.1	96.581	117	2	2	1	116	1356	1241	2.57e-49	193
2af74d6c-6ab0-46ab-89dd-3cc5b8d4bba2	NR_179325.1	96.581	117	2	2	1	116	1315	1200	2.57e-49	193
131dd878-ec67-414f-8521-35beb399ffea	NR_109720.1	91.772	158	6	7	5	157	1152	997	2.76e-55	213
131dd878-ec67-414f-8521-35beb399ffea	NR_116213.1	91.772	158	6	7	5	157	1081	926	2.76e-55	213
131dd878-ec67-414f-8521-35beb399ffea	NR_117719.1	91.772	158	6	7	5	157	1176	1021	2.76e-55	213
131dd878-ec67-414f-8521-35beb399ffea	NR_027214.1	91.772	158	6	7	5	157	1156	1001	2.76e-55	213
131dd878-ec67-414f-8521-35beb399ffea	NR_165744.1	91.772	158	6	7	5	157	1165	1010	2.76e-55	213
18f007b4-f19b-457c-9d59-ed2896927c9b	NR_024842.1	94.672	244	7	4	14	255	1250	1489	2.09e-103	374
18f007b4-f19b-457c-9d59-ed2896927c9b	NR_134817.1	96.104	231	5	3	27	255	1259	1487	2.09e-103	374
18f007b4-f19b-457c-9d59-ed2896927c9b	NR_178262.1	96.121	232	4	4	27	255	1140	1369	2.09e-103	374
18f007b4-f19b-457c-9d59-ed2896927c9b	NR_179215.1	96.121	232	4	4	27	255	1262	1491	2.09e-103	374
18f007b4-f19b-457c-9d59-ed2896927c9b	NR_179540.1	96.104	231	5	3	27	255	1264	1492	2.09e-103	374
849da654-bc3f-4ccc-8258-5befa5a82961	NR_042843.1	96.458	367	9	4	1	364	1233	868	3.60e-172	603
849da654-bc3f-4ccc-8258-5befa5a82961	NR_102895.1	96.458	367	9	4	1	364	1261	896	3.60e-172	603
849da654-bc3f-4ccc-8258-5befa5a82961	NR_113113.1	96.458	367	9	4	1	364	1241	876	3.60e-172	603
849da654-bc3f-4ccc-8258-5befa5a82961	NR_175509.1	96.185	367	10	4	1	364	1253	888	1.68e-170	597
849da654-bc3f-4ccc-8258-5befa5a82961	NR_113105.1	95.913	367	11	4	1	364	1241	876	7.79e-169	592
e6c22d8f-7727-43ca-8c2f-56be868630e2	NR_042776.1	94.444	216	4	8	1	210	1263	1050	4.81e-89	326
e6c22d8f-7727-43ca-8c2f-56be868630e2	NR_042777.1	94.444	216	4	8	1	210	1262	1049	4.81e-89	326
e6c22d8f-7727-43ca-8c2f-56be868630e2	NR_042778.1	94.444	216	4	8	1	210	1263	1050	4.81e-89	326
e6c22d8f-7727-43ca-8c2f-56be868630e2	NR_118998.1	94.444	216	4	8	1	210	1257	1044	4.81e-89	326
e6c22d8f-7727-43ca-8c2f-56be868630e2	NR_197695.1	94.444	216	4	8	1	210	1262	1049	4.81e-89	326
057557b3-bb38-46e8-bcfa-93eb74b02743	NR_028664.1	92.278	259	14	6	4	258	277	21	4.65e-100	363
057557b3-bb38-46e8-bcfa-93eb74b02743	NR_179383.1	92.278	259	14	6	4	258	281	25	4.65e-100	363
057557b3-bb38-46e8-bcfa-93eb74b02743	NR_028665.1	91.892	259	15	6	4	258	271	15	2.16e-98	357
057557b3-bb38-46e8-bcfa-93eb74b02743	NR_114172.1	92.188	256	14	6	4	255	254	1	2.16e-98	357
057557b3-bb38-46e8-bcfa-93eb74b02743	NR_115240.1	92.188	256	14	6	4	255	254	1	2.16e-98	357
942712dd-6684-4e0e-ae81-5eaf50f77c00	NR_115355.1	97.619	252	3	3	1	251	1237	1486	4.33e-120	429
942712dd-6684-4e0e-ae81-5eaf50f77c00	NR_163639.1	97.619	252	3	3	1	251	1252	1501	4.33e-120	429
942712dd-6684-4e0e-ae81-5eaf50f77c00	NR_179325.1	97.619	252	3	3	1	251	1211	1460	4.33e-120	429
942712dd-6684-4e0e-ae81-5eaf50f77c00	NR_119169.1	97.222	252	4	3	1	251	1242	1491	2.02e-118	424
942712dd-6684-4e0e-ae81-5eaf50f77c00	NR_115354.1	96.825	252	5	3	1	251	1237	1486	9.38e-117	418
1fc1d58e-1006-4184-b85a-bb5ce685823a	NR_163639.1	90.500	200	8	6	8	197	202	4	2.18e-67	254
1fc1d58e-1006-4184-b85a-bb5ce685823a	NR_074980.1	89.950	199	9	6	8	196	210	13	3.65e-65	246
1fc1d58e-1006-4184-b85a-bb5ce685823a	NR_113031.1	89.950	199	9	6	8	196	210	13	3.65e-65	246
1fc1d58e-1006-4184-b85a-bb5ce685823a	NR_119168.1	89.947	189	8	6	8	186	188	1	2.84e-61	233
1fc1d58e-1006-4184-b85a-bb5ce685823a	NR_119169.1	89.947	189	8	6	8	186	188	1	2.84e-61	233
fa0360bb-7977-4222-bfc9-cc5ec9f3e188	NR_025892.1	90.370	135	8	4	4	134	169	36	4.22e-43	172
fa0360bb-7977-4222-bfc9-cc5ec9f3e188	NR_117694.1	89.630	135	9	4	4	134	143	10	1.96e-41	167
fa0360bb-7977-4222-bfc9-cc5ec9f3e188	NR_117717.1	88.148	135	11	4	4	134	164	31	4.25e-38	156
fa0360bb-7977-4222-bfc9-cc5ec9f3e188	NR_121688.1	88.148	135	11	4	4	134	163	30	4.25e-38	156
fa0360bb-7977-4222-bfc9-cc5ec9f3e188	NR_117701.1	88.148	135	11	4	4	134	143	10	4.25e-38	156
0ab0597c-a053-4a87-b5ad-e89dd13a68a2	NR_026419.1	95.756	377	7	7	1	372	373	1	4.79e-171	599
0ab0597c-a053-4a87-b5ad-e89dd13a68a2	NR_025903.1	92.969	384	17	8	1	379	385	7	1.36e-156	551
0ab0597c-a053-4a87-b5ad-e89dd13a68a2	NR_025904.1	92.708	384	18	8	1	379	384	6	6.33e-155	545
0ab0597c-a053-4a87-b5ad-e89dd13a68a2	NR_133753.1	93.824	340	14	7	1	335	339	2	1.07e-142	505
0ab0597c-a053-4a87-b5ad-e89dd13a68a2	NR_036920.1	89.791	382	30	7	1	379	378	3	1.81e-135	481
eec29342-95ba-4811-8086-ced5be0c189c	NR_041879.1	99.057	106	0	1	1	106	1299	1195	3.29e-48	189
eec29342-95ba-4811-8086-ced5be0c189c	NR_115355.1	99.057	106	0	1	1	106	1341	1237	3.29e-48	189
eec29342-95ba-4811-8086-ced5be0c189c	NR_119169.1	99.057	106	0	1	1	106	1346	1242	3.29e-48	189
eec29342-95ba-4811-8086-ced5be0c189c	NR_163639.1	99.057	106	0	1	1	106	1356	1252	3.29e-48	189
eec29342-95ba-4811-8086-ced5be0c189c	NR_179325.1	99.057	106	0	1	1	106	1315	1211	3.29e-48	189
8354d76f-d720-418e-82e5-2b044e84e1e1	NR_117717.1	93.289	149	6	3	1	145	162	14	1.99e-56	217
8354d76f-d720-418e-82e5-2b044e84e1e1	NR_121688.1	93.289	149	6	3	1	145	161	13	1.99e-56	217
8354d76f-d720-418e-82e5-2b044e84e1e1	NR_117701.1	92.908	141	6	3	1	137	141	1	5.56e-52	202
8354d76f-d720-418e-82e5-2b044e84e1e1	NR_121687.1	91.781	146	8	3	4	145	158	13	2.00e-51	200
8354d76f-d720-418e-82e5-2b044e84e1e1	NR_118659.1	89.933	149	11	3	1	145	161	13	7.20e-51	198
cb9fcdb4-f0cc-467b-b022-25c5df48dcff	NR_043332.1	94.697	132	5	2	1	131	1352	1482	1.36e-52	204
cb9fcdb4-f0cc-467b-b022-25c5df48dcff	NR_074980.1	94.697	132	5	2	1	131	1379	1509	1.36e-52	204
cb9fcdb4-f0cc-467b-b022-25c5df48dcff	NR_113031.1	94.697	132	5	2	1	131	1379	1509	1.36e-52	204
cb9fcdb4-f0cc-467b-b022-25c5df48dcff	NR_115354.1	94.697	132	5	2	1	131	1352	1482	1.36e-52	204
cb9fcdb4-f0cc-467b-b022-25c5df48dcff	NR_115355.1	94.697	132	5	2	1	131	1352	1482	1.36e-52	204
23fdc6de-3bb7-4936-b36f-729250010b74	NR_024841.1	98.561	139	1	1	3	141	638	775	8.97e-65	244
23fdc6de-3bb7-4936-b36f-729250010b74	NR_024842.1	98.561	139	1	1	3	141	639	776	8.97e-65	244
23fdc6de-3bb7-4936-b36f-729250010b74	NR_036936.1	98.561	139	1	1	3	141	624	761	8.97e-65	244
23fdc6de-3bb7-4936-b36f-729250010b74	NR_028833.1	98.561	139	1	1	3	141	651	788	8.97e-65	244
23fdc6de-3bb7-4936-b36f-729250010b74	NR_029052.1	98.561	139	1	1	3	141	612	749	8.97e-65	244
77d20987-82e4-4692-aa2e-949ede37c18f	NR_125571.1	96.026	151	4	2	6	155	1287	1436	1.01e-64	244
77d20987-82e4-4692-aa2e-949ede37c18f	NR_125570.1	94.079	152	6	3	6	155	1245	1395	1.02e-59	228
77d20987-82e4-4692-aa2e-949ede37c18f	NR_028827.1	93.464	153	5	3	6	153	1304	1456	4.75e-58	222
77d20987-82e4-4692-aa2e-949ede37c18f	NR_028726.1	91.875	160	8	3	6	160	1321	1480	6.14e-57	219
77d20987-82e4-4692-aa2e-949ede37c18f	NR_104899.1	91.875	160	8	3	6	160	1301	1460	6.14e-57	219
f6183a18-f2e1-4f0a-84c1-99acaf34aeb0	NR_024842.1	97.326	187	2	3	1	184	1307	1493	8.82e-86	315
f6183a18-f2e1-4f0a-84c1-99acaf34aeb0	NR_042052.1	97.326	187	2	3	1	184	1215	1401	8.82e-86	315
f6183a18-f2e1-4f0a-84c1-99acaf34aeb0	NR_042776.1	97.326	187	2	3	1	184	1317	1503	8.82e-86	315
f6183a18-f2e1-4f0a-84c1-99acaf34aeb0	NR_042777.1	97.326	187	2	3	1	184	1316	1502	8.82e-86	315
f6183a18-f2e1-4f0a-84c1-99acaf34aeb0	NR_114642.1	97.326	187	2	3	1	184	1274	1460	8.82e-86	315
600ff26d-50df-4bca-aa2c-aa540621852e	NR_042776.1	95.556	180	5	2	1	178	194	16	6.66e-77	285
600ff26d-50df-4bca-aa2c-aa540621852e	NR_042777.1	95.556	180	5	2	1	178	194	16	6.66e-77	285
600ff26d-50df-4bca-aa2c-aa540621852e	NR_042778.1	95.556	180	5	2	1	178	194	16	6.66e-77	285
600ff26d-50df-4bca-aa2c-aa540621852e	NR_197695.1	95.556	180	5	2	1	178	193	15	6.66e-77	285
600ff26d-50df-4bca-aa2c-aa540621852e	NR_118998.1	94.444	180	7	2	1	178	189	11	4.01e-74	276
4ddaa4db-750a-4fbc-ae94-ec4e2821a940	NR_136788.1	94.227	537	19	10	1	530	885	1416	0.0	809
4ddaa4db-750a-4fbc-ae94-ec4e2821a940	NR_026230.1	91.061	537	36	10	1	530	863	1394	0.0	719
4ddaa4db-750a-4fbc-ae94-ec4e2821a940	NR_113082.1	90.892	538	35	12	1	530	885	1416	0.0	710
4ddaa4db-750a-4fbc-ae94-ec4e2821a940	NR_042803.1	86.567	536	57	13	1	528	866	1394	3.21e-164	577
4ddaa4db-750a-4fbc-ae94-ec4e2821a940	NR_113085.1	86.567	536	57	13	1	528	875	1403	3.21e-164	577
6aea5797-adaa-43ad-b11d-4ba11f4c1506	NR_024842.1	94.389	1408	41	27	2	1387	1399	8	0.0	2132
6aea5797-adaa-43ad-b11d-4ba11f4c1506	NR_115241.1	94.357	1400	41	27	2	1379	1384	1	0.0	2117
6aea5797-adaa-43ad-b11d-4ba11f4c1506	NR_115735.1	94.393	1391	39	28	2	1369	1375	1	0.0	2100
6aea5797-adaa-43ad-b11d-4ba11f4c1506	NR_178515.1	94.000	1400	46	30	2	1379	1384	1	0.0	2085
6aea5797-adaa-43ad-b11d-4ba11f4c1506	NR_165737.1	93.719	1401	48	30	2	1379	1384	1	0.0	2063
c4febdae-0353-437e-9563-7310cf20eda1	NR_026419.1	95.340	1073	23	22	1	1057	1199	138	0.0	1679
c4febdae-0353-437e-9563-7310cf20eda1	NR_133753.1	94.129	1073	35	23	1	1057	1165	105	0.0	1607
c4febdae-0353-437e-9563-7310cf20eda1	NR_025903.1	94.129	1073	35	23	1	1057	1211	151	0.0	1607
c4febdae-0353-437e-9563-7310cf20eda1	NR_133752.1	93.849	1073	38	23	1	1057	1136	76	0.0	1591
c4febdae-0353-437e-9563-7310cf20eda1	NR_025904.1	93.302	1075	40	26	1	1057	1210	150	0.0	1557
2ac856e4-6e14-4b53-ae4e-a0821609629b	NR_163639.1	95.200	250	8	4	1	248	252	5	5.61e-109	392
2ac856e4-6e14-4b53-ae4e-a0821609629b	NR_074980.1	94.800	250	9	4	1	248	260	13	2.61e-107	387
2ac856e4-6e14-4b53-ae4e-a0821609629b	NR_113031.1	94.800	250	9	4	1	248	260	13	2.61e-107	387
2ac856e4-6e14-4b53-ae4e-a0821609629b	NR_119170.1	94.979	239	10	2	1	238	238	1	5.65e-104	375
2ac856e4-6e14-4b53-ae4e-a0821609629b	NR_119168.1	95.000	240	8	4	1	238	238	1	2.03e-103	374
a21c5d6e-fdf1-4da6-b8dd-766299549b81	NR_116168.1	96.376	1490	26	21	1	1474	10	1487	0.0	2427
a21c5d6e-fdf1-4da6-b8dd-766299549b81	NR_118762.1	94.946	1484	46	23	1	1468	13	1483	0.0	2340
a21c5d6e-fdf1-4da6-b8dd-766299549b81	NR_042878.1	96.070	1374	26	22	13	1370	1	1362	0.0	2222
a21c5d6e-fdf1-4da6-b8dd-766299549b81	NR_025423.1	93.792	1482	58	24	10	1471	1	1468	0.0	2196
a21c5d6e-fdf1-4da6-b8dd-766299549b81	NR_024897.1	92.622	1491	72	31	5	1474	13	1486	0.0	2109
db0682f9-d0ba-4316-b2ac-7768731cd177	NR_042776.1	95.245	715	12	17	1	702	1011	306	0.0	1112
db0682f9-d0ba-4316-b2ac-7768731cd177	NR_042778.1	95.105	715	13	17	1	702	1011	306	0.0	1107
db0682f9-d0ba-4316-b2ac-7768731cd177	NR_197695.1	95.105	715	13	17	1	702	1010	305	0.0	1107
db0682f9-d0ba-4316-b2ac-7768731cd177	NR_042777.1	95.105	715	12	18	1	702	1010	306	0.0	1105
db0682f9-d0ba-4316-b2ac-7768731cd177	NR_118998.1	94.538	714	18	17	1	702	1005	301	0.0	1083
00a3339e-9146-4529-bd5f-d0262f5c59ca	NR_042776.1	96.655	1435	29	15	4	1429	75	1499	0.0	2366
00a3339e-9146-4529-bd5f-d0262f5c59ca	NR_042777.1	96.583	1434	31	14	4	1429	75	1498	0.0	2361
00a3339e-9146-4529-bd5f-d0262f5c59ca	NR_042778.1	96.376	1435	33	15	4	1429	75	1499	0.0	2344
00a3339e-9146-4529-bd5f-d0262f5c59ca	NR_197695.1	96.028	1435	38	15	4	1429	74	1498	0.0	2316
00a3339e-9146-4529-bd5f-d0262f5c59ca	NR_118998.1	95.749	1435	41	16	4	1429	70	1493	0.0	2296
cc026fe4-7467-49a7-84b2-8e4645b91678	NR_024842.1	89.601	1279	69	52	1	1241	1260	8	0.0	1570
cc026fe4-7467-49a7-84b2-8e4645b91678	NR_115241.1	89.606	1270	69	51	1	1232	1245	1	0.0	1559
cc026fe4-7467-49a7-84b2-8e4645b91678	NR_115735.1	89.611	1261	67	52	1	1222	1236	1	0.0	1544
cc026fe4-7467-49a7-84b2-8e4645b91678	NR_178515.1	89.378	1271	70	53	1	1232	1245	1	0.0	1539
cc026fe4-7467-49a7-84b2-8e4645b91678	NR_116211.1	90.816	1176	58	39	1	1146	1168	13	0.0	1528
5b0ad44e-7370-42ea-aa65-3c72d211c864	NR_113114.1	96.748	246	6	2	1	245	1230	1474	5.52e-114	409
5b0ad44e-7370-42ea-aa65-3c72d211c864	NR_113320.1	93.902	246	13	2	1	245	1232	1476	2.61e-102	370
5b0ad44e-7370-42ea-aa65-3c72d211c864	NR_116832.1	93.802	242	13	2	1	241	1212	1452	4.36e-100	363
5b0ad44e-7370-42ea-aa65-3c72d211c864	NR_024815.1	93.089	246	15	2	1	245	1231	1475	5.64e-99	359
5b0ad44e-7370-42ea-aa65-3c72d211c864	NR_113111.1	93.089	246	15	2	1	245	1232	1476	5.64e-99	359
b30dd3c1-c5db-452b-b415-e0bf270e80d9	NR_179652.1	85.495	455	35	22	7	438	1048	1494	7.84e-125	446
b30dd3c1-c5db-452b-b415-e0bf270e80d9	NR_026487.1	85.022	454	35	24	8	438	1017	1460	2.19e-120	431
b30dd3c1-c5db-452b-b415-e0bf270e80d9	NR_025863.1	90.120	334	19	9	1	325	1043	1371	1.02e-118	425
b30dd3c1-c5db-452b-b415-e0bf270e80d9	NR_025437.1	84.615	455	39	22	7	438	1013	1459	3.67e-118	424
b30dd3c1-c5db-452b-b415-e0bf270e80d9	NR_181160.1	84.649	456	37	25	7	438	1031	1477	3.67e-118	424
c9e7cbaf-db20-4489-9dcf-257e87740fb4	NR_024842.1	93.427	928	27	24	5	915	579	1489	0.0	1345
c9e7cbaf-db20-4489-9dcf-257e87740fb4	NR_156072.1	93.427	928	27	24	5	915	584	1494	0.0	1345
c9e7cbaf-db20-4489-9dcf-257e87740fb4	NR_115735.1	93.420	927	27	24	5	914	555	1464	0.0	1343
c9e7cbaf-db20-4489-9dcf-257e87740fb4	NR_036936.1	93.297	925	27	24	5	911	564	1471	0.0	1332
c9e7cbaf-db20-4489-9dcf-257e87740fb4	NR_165737.1	93.297	925	27	24	5	911	564	1471	0.0	1332
37422330-a1f0-4745-bae4-78aa0dd2c1c6	NR_028664.1	95.563	879	23	13	1	869	613	1485	0.0	1393
37422330-a1f0-4745-bae4-78aa0dd2c1c6	NR_115240.1	95.563	879	23	13	1	869	590	1462	0.0	1393
37422330-a1f0-4745-bae4-78aa0dd2c1c6	NR_117719.1	95.563	879	23	13	1	869	610	1482	0.0	1393
37422330-a1f0-4745-bae4-78aa0dd2c1c6	NR_042927.1	95.449	879	24	13	1	869	592	1464	0.0	1387
37422330-a1f0-4745-bae4-78aa0dd2c1c6	NR_115734.1	95.449	879	24	13	1	869	593	1465	0.0	1387
a926527f-ac0b-4e6c-b6c3-d106883b64af	NR_042776.1	97.765	1432	14	15	5	1425	75	1499	0.0	2451
a926527f-ac0b-4e6c-b6c3-d106883b64af	NR_042777.1	97.556	1432	16	16	5	1425	75	1498	0.0	2433
a926527f-ac0b-4e6c-b6c3-d106883b64af	NR_042778.1	97.486	1432	18	15	5	1425	75	1499	0.0	2429
a926527f-ac0b-4e6c-b6c3-d106883b64af	NR_197695.1	97.137	1432	23	15	5	1425	74	1498	0.0	2401
a926527f-ac0b-4e6c-b6c3-d106883b64af	NR_118998.1	96.995	1431	26	15	5	1425	70	1493	0.0	2390
fd07c3a3-5b20-48f4-be5a-ebdd02122d5d	NR_116168.1	96.875	352	7	4	1	348	30	381	3.45e-167	586
fd07c3a3-5b20-48f4-be5a-ebdd02122d5d	NR_042878.1	96.023	352	10	4	1	348	9	360	5.77e-165	579
fd07c3a3-5b20-48f4-be5a-ebdd02122d5d	NR_118762.1	93.750	352	18	4	1	348	33	384	2.10e-154	544
fd07c3a3-5b20-48f4-be5a-ebdd02122d5d	NR_025423.1	93.220	354	18	5	1	348	12	365	4.59e-146	516
fd07c3a3-5b20-48f4-be5a-ebdd02122d5d	NR_042883.1	92.938	354	19	6	1	348	9	362	2.13e-144	510
56277bfe-41a0-4e33-bd2b-02b8856f5129	NR_024712.1	91.753	291	10	12	1	280	562	275	6.35e-109	392
56277bfe-41a0-4e33-bd2b-02b8856f5129	NR_027191.1	91.753	291	10	12	1	280	540	253	6.35e-109	392
56277bfe-41a0-4e33-bd2b-02b8856f5129	NR_027203.1	91.753	291	10	12	1	280	561	274	6.35e-109	392
56277bfe-41a0-4e33-bd2b-02b8856f5129	NR_028608.1	91.065	291	10	14	1	280	555	270	4.94e-105	379
56277bfe-41a0-4e33-bd2b-02b8856f5129	NR_036995.1	91.065	291	11	13	1	280	575	289	4.94e-105	379
d4331f15-0714-4316-9d8e-2cfd8e4e944a	NR_024842.1	94.624	1023	29	25	1	1006	480	1493	0.0	1563
d4331f15-0714-4316-9d8e-2cfd8e4e944a	NR_115735.1	94.695	1018	28	25	1	1001	456	1464	0.0	1557
d4331f15-0714-4316-9d8e-2cfd8e4e944a	NR_036936.1	94.587	1016	28	26	1	998	465	1471	0.0	1546
d4331f15-0714-4316-9d8e-2cfd8e4e944a	NR_115241.1	94.384	1015	31	25	1	998	465	1470	0.0	1541
d4331f15-0714-4316-9d8e-2cfd8e4e944a	NR_156072.1	94.135	1023	34	25	1	1006	485	1498	0.0	1533
a78821f8-e834-45e8-b129-8fe5934e939e	NR_163639.1	96.163	443	9	6	1	436	1056	1497	0.0	717
a78821f8-e834-45e8-b129-8fe5934e939e	NR_179325.1	96.163	443	9	6	1	436	1015	1456	0.0	717
a78821f8-e834-45e8-b129-8fe5934e939e	NR_115355.1	95.937	443	10	6	1	436	1041	1482	0.0	712
a78821f8-e834-45e8-b129-8fe5934e939e	NR_119169.1	95.711	443	11	6	1	436	1046	1487	0.0	710
a78821f8-e834-45e8-b129-8fe5934e939e	NR_115354.1	95.711	443	11	6	1	436	1041	1482	0.0	706
860b4918-4159-4b19-85e3-dcd605bdaeb0	NR_136788.1	92.173	971	47	16	28	977	975	13	0.0	1345
860b4918-4159-4b19-85e3-dcd605bdaeb0	NR_113082.1	90.731	971	61	18	28	977	975	13	0.0	1267
860b4918-4159-4b19-85e3-dcd605bdaeb0	NR_026230.1	89.386	961	73	17	28	967	953	1	0.0	1203
860b4918-4159-4b19-85e3-dcd605bdaeb0	NR_178721.1	79.980	979	141	38	28	977	955	3	0.0	671
860b4918-4159-4b19-85e3-dcd605bdaeb0	NR_144597.1	79.734	977	147	38	28	977	965	13	0.0	660
c1756fc8-c470-4a06-8980-284fa97b0a91	NR_024842.1	93.548	434	19	8	1	427	439	8	0.0	640
c1756fc8-c470-4a06-8980-284fa97b0a91	NR_115241.1	93.662	426	18	8	1	419	424	1	6.96e-180	628
c1756fc8-c470-4a06-8980-284fa97b0a91	NR_165737.1	93.443	427	17	10	1	419	424	1	3.24e-178	623
c1756fc8-c470-4a06-8980-284fa97b0a91	NR_178515.1	92.974	427	19	10	1	419	424	1	7.01e-175	612
c1756fc8-c470-4a06-8980-284fa97b0a91	NR_115735.1	93.285	417	18	9	1	409	415	1	3.26e-173	606
c63b4c36-01f8-4fb6-82c6-cf9f4b76dae5	NR_042878.1	94.240	434	13	11	1	423	1213	781	0.0	654
c63b4c36-01f8-4fb6-82c6-cf9f4b76dae5	NR_042878.1	92.063	63	2	3	415	476	1095	1155	2.14e-16	86.1
c63b4c36-01f8-4fb6-82c6-cf9f4b76dae5	NR_116168.1	94.240	434	13	11	1	423	1234	802	0.0	652
c63b4c36-01f8-4fb6-82c6-cf9f4b76dae5	NR_116168.1	92.063	63	2	3	415	476	1116	1176	2.14e-16	86.1
c63b4c36-01f8-4fb6-82c6-cf9f4b76dae5	NR_118143.1	93.779	434	15	11	1	423	1215	783	0.0	641
c63b4c36-01f8-4fb6-82c6-cf9f4b76dae5	NR_118143.1	90.476	63	3	3	415	476	1097	1157	9.96e-15	80.5
c63b4c36-01f8-4fb6-82c6-cf9f4b76dae5	NR_118762.1	92.627	434	19	12	1	423	1236	805	2.84e-179	627
c63b4c36-01f8-4fb6-82c6-cf9f4b76dae5	NR_118762.1	88.889	63	4	3	415	476	1118	1178	3.58e-14	78.7
c63b4c36-01f8-4fb6-82c6-cf9f4b76dae5	NR_025423.1	92.654	422	20	10	1	412	1218	798	2.22e-170	597
c63b4c36-01f8-4fb6-82c6-cf9f4b76dae5	NR_025423.1	90.476	63	3	3	415	476	1100	1160	9.96e-15	80.5
9b229c80-526e-4eb3-b3b5-7f1fe4e31cfd	NR_024842.1	93.787	837	27	20	5	819	656	1489	0.0	1234
9b229c80-526e-4eb3-b3b5-7f1fe4e31cfd	NR_115735.1	93.780	836	27	20	5	818	632	1464	0.0	1232
9b229c80-526e-4eb3-b3b5-7f1fe4e31cfd	NR_036936.1	93.525	834	28	21	5	815	641	1471	0.0	1218
9b229c80-526e-4eb3-b3b5-7f1fe4e31cfd	NR_165737.1	93.525	834	28	21	5	815	641	1471	0.0	1218
9b229c80-526e-4eb3-b3b5-7f1fe4e31cfd	NR_115241.1	93.397	833	30	20	5	815	641	1470	0.0	1216
4ad4a569-9279-412b-8278-e8fb49d306bf	NR_042776.1	95.524	849	19	16	1	839	665	1504	0.0	1339
4ad4a569-9279-412b-8278-e8fb49d306bf	NR_042777.1	95.524	849	19	16	1	839	664	1503	0.0	1339
4ad4a569-9279-412b-8278-e8fb49d306bf	NR_042778.1	95.406	849	20	15	1	839	665	1504	0.0	1334
4ad4a569-9279-412b-8278-e8fb49d306bf	NR_197695.1	95.171	849	22	15	1	839	664	1503	0.0	1323
4ad4a569-9279-412b-8278-e8fb49d306bf	NR_118998.1	94.817	849	24	16	1	839	660	1498	0.0	1306
