182debf0-c9da-48b6-884f-e515f182ca6a	NR_028826.1	98.182	55	1	0	1	55	574	520	7.57e-21	97.1
182debf0-c9da-48b6-884f-e515f182ca6a	NR_041715.1	98.182	55	1	0	1	55	580	526	7.57e-21	97.1
182debf0-c9da-48b6-884f-e515f182ca6a	NR_026532.1	98.182	55	1	0	1	55	574	520	7.57e-21	97.1
182debf0-c9da-48b6-884f-e515f182ca6a	NR_024662.1	98.182	55	1	0	1	55	592	538	7.57e-21	97.1
182debf0-c9da-48b6-884f-e515f182ca6a	NR_024734.1	98.182	55	1	0	1	55	572	518	7.57e-21	97.1
fcaab349-4e10-4e42-8fad-f596731ca2da	NR_116168.1	92.405	237	7	9	5	237	1258	1487	1.53e-89	327
fcaab349-4e10-4e42-8fad-f596731ca2da	NR_024897.1	93.981	216	5	7	24	237	1277	1486	2.56e-87	320
fcaab349-4e10-4e42-8fad-f596731ca2da	NR_044741.1	93.981	216	5	7	24	237	1242	1451	2.56e-87	320
fcaab349-4e10-4e42-8fad-f596731ca2da	NR_181418.1	93.981	216	5	7	24	237	1277	1486	2.56e-87	320
fcaab349-4e10-4e42-8fad-f596731ca2da	NR_118762.1	92.208	231	7	9	5	231	1260	1483	3.31e-86	316
79b3b896-3dce-4a31-ba7b-ac9496f17b73	NR_025892.1	97.549	204	3	2	1	202	954	751	1.00e-95	348
79b3b896-3dce-4a31-ba7b-ac9496f17b73	NR_028900.1	97.549	204	3	2	1	202	887	684	1.00e-95	348
79b3b896-3dce-4a31-ba7b-ac9496f17b73	NR_042976.1	97.549	204	3	2	1	202	937	734	1.00e-95	348
79b3b896-3dce-4a31-ba7b-ac9496f17b73	NR_104685.1	97.549	204	3	2	1	202	950	747	1.00e-95	348
79b3b896-3dce-4a31-ba7b-ac9496f17b73	NR_044658.2	97.549	204	3	2	1	202	950	747	1.00e-95	348
ebb9eb8c-2523-4a0b-87c4-c409d86c105f	NR_117425.1	90.110	182	9	9	1	176	180	2	1.19e-59	228
ebb9eb8c-2523-4a0b-87c4-c409d86c105f	NR_042928.1	89.286	168	12	6	6	170	170	6	5.57e-53	206
ebb9eb8c-2523-4a0b-87c4-c409d86c105f	NR_179385.1	89.506	162	12	5	22	179	180	20	2.59e-51	200
ebb9eb8c-2523-4a0b-87c4-c409d86c105f	NR_199545.1	89.506	162	12	5	22	179	176	16	2.59e-51	200
ebb9eb8c-2523-4a0b-87c4-c409d86c105f	NR_112025.1	87.222	180	14	9	5	179	191	16	9.33e-51	198
91e99e5b-4bf1-4e6b-a7d2-dc3550f0ca26	NR_025902.1	98.561	139	2	0	14	152	1310	1448	2.64e-65	246
91e99e5b-4bf1-4e6b-a7d2-dc3550f0ca26	NR_028844.1	98.561	139	2	0	14	152	1341	1479	2.64e-65	246
91e99e5b-4bf1-4e6b-a7d2-dc3550f0ca26	NR_040933.1	98.561	139	2	0	14	152	1354	1492	2.64e-65	246
91e99e5b-4bf1-4e6b-a7d2-dc3550f0ca26	NR_117717.1	98.561	139	2	0	14	152	1352	1490	2.64e-65	246
91e99e5b-4bf1-4e6b-a7d2-dc3550f0ca26	NR_121688.1	98.561	139	2	0	14	152	1352	1490	2.64e-65	246
97c7fb17-3e32-48a4-99fc-d6b10a886608	NR_040859.1	100.000	134	0	0	2	135	1346	1479	6.31e-66	248
97c7fb17-3e32-48a4-99fc-d6b10a886608	NR_040992.1	100.000	134	0	0	2	135	1354	1487	6.31e-66	248
97c7fb17-3e32-48a4-99fc-d6b10a886608	NR_025881.1	100.000	134	0	0	2	135	1352	1485	6.31e-66	248
97c7fb17-3e32-48a4-99fc-d6b10a886608	NR_026395.1	100.000	134	0	0	2	135	1354	1487	6.31e-66	248
97c7fb17-3e32-48a4-99fc-d6b10a886608	NR_024662.1	100.000	134	0	0	2	135	1354	1487	6.31e-66	248
3312b467-a91f-4743-b0da-137d816d388a	NR_164626.1	95.455	132	3	3	2	130	133	2	1.03e-53	207
3312b467-a91f-4743-b0da-137d816d388a	NR_024901.1	95.420	131	3	3	2	129	136	6	3.72e-53	206
3312b467-a91f-4743-b0da-137d816d388a	NR_024911.1	95.420	131	3	3	2	129	136	6	3.72e-53	206
3312b467-a91f-4743-b0da-137d816d388a	NR_024912.1	95.420	131	3	3	2	129	136	6	3.72e-53	206
3312b467-a91f-4743-b0da-137d816d388a	NR_024928.1	95.420	131	3	3	2	129	136	6	3.72e-53	206
7dd333d0-0acb-440d-a839-82ccfecce20d	NR_024924.1	94.357	319	9	8	1	313	933	618	1.54e-135	481
7dd333d0-0acb-440d-a839-82ccfecce20d	NR_102854.1	94.357	319	9	8	1	313	942	627	1.54e-135	481
7dd333d0-0acb-440d-a839-82ccfecce20d	NR_115336.1	94.357	319	9	8	1	313	928	613	1.54e-135	481
7dd333d0-0acb-440d-a839-82ccfecce20d	NR_134794.1	94.357	319	9	8	1	313	885	570	1.54e-135	481
7dd333d0-0acb-440d-a839-82ccfecce20d	NR_135703.1	94.357	319	9	8	1	313	954	639	1.54e-135	481
5f0998e1-47d4-419c-b645-eb18adcf05f2	NR_040859.1	98.089	157	1	1	19	173	1319	1475	5.12e-73	272
5f0998e1-47d4-419c-b645-eb18adcf05f2	NR_040992.1	98.089	157	1	1	19	173	1327	1483	5.12e-73	272
5f0998e1-47d4-419c-b645-eb18adcf05f2	NR_025881.1	98.089	157	1	1	19	173	1325	1481	5.12e-73	272
5f0998e1-47d4-419c-b645-eb18adcf05f2	NR_026395.1	98.089	157	1	1	19	173	1327	1483	5.12e-73	272
5f0998e1-47d4-419c-b645-eb18adcf05f2	NR_024662.1	98.089	157	1	1	19	173	1327	1483	5.12e-73	272
8d7dc461-f24a-4365-82ca-adaa83f4ca45	NR_164626.1	92.059	340	13	13	9	336	338	1	4.46e-131	466
8d7dc461-f24a-4365-82ca-adaa83f4ca45	NR_170438.1	92.035	339	13	13	9	335	337	1	1.60e-130	464
8d7dc461-f24a-4365-82ca-adaa83f4ca45	NR_024912.1	92.012	338	13	13	9	334	341	6	5.77e-130	462
8d7dc461-f24a-4365-82ca-adaa83f4ca45	NR_028706.1	92.012	338	13	13	9	334	349	14	5.77e-130	462
8d7dc461-f24a-4365-82ca-adaa83f4ca45	NR_037092.1	92.012	338	13	13	9	334	346	11	5.77e-130	462
cb655bcf-7f5c-407f-a7b3-a99ca237b649	NR_024901.1	95.758	165	3	3	1	164	172	11	2.88e-70	263
cb655bcf-7f5c-407f-a7b3-a99ca237b649	NR_024912.1	95.758	165	3	3	1	164	172	11	2.88e-70	263
cb655bcf-7f5c-407f-a7b3-a99ca237b649	NR_024928.1	95.758	165	3	3	1	164	172	11	2.88e-70	263
cb655bcf-7f5c-407f-a7b3-a99ca237b649	NR_025586.1	95.758	165	3	3	1	164	167	6	2.88e-70	263
cb655bcf-7f5c-407f-a7b3-a99ca237b649	NR_025587.1	95.758	165	3	3	1	164	167	6	2.88e-70	263
1c9ff4b8-1849-43b3-80ba-e7b44177cdf0	NR_040859.1	100.000	64	0	0	1	64	1452	1389	1.99e-27	119
1c9ff4b8-1849-43b3-80ba-e7b44177cdf0	NR_028806.1	100.000	64	0	0	1	64	1459	1396	1.99e-27	119
1c9ff4b8-1849-43b3-80ba-e7b44177cdf0	NR_040992.1	100.000	64	0	0	1	64	1460	1397	1.99e-27	119
1c9ff4b8-1849-43b3-80ba-e7b44177cdf0	NR_025881.1	100.000	64	0	0	1	64	1458	1395	1.99e-27	119
1c9ff4b8-1849-43b3-80ba-e7b44177cdf0	NR_026395.1	100.000	64	0	0	1	64	1460	1397	1.99e-27	119
a730c24a-e2df-4c93-a89f-c6b092580a00	NR_040859.1	98.246	57	1	0	1	57	1419	1475	6.69e-22	100
a730c24a-e2df-4c93-a89f-c6b092580a00	NR_028806.1	98.246	57	1	0	1	57	1426	1482	6.69e-22	100
a730c24a-e2df-4c93-a89f-c6b092580a00	NR_040992.1	98.246	57	1	0	1	57	1427	1483	6.69e-22	100
a730c24a-e2df-4c93-a89f-c6b092580a00	NR_025881.1	98.246	57	1	0	1	57	1425	1481	6.69e-22	100
a730c24a-e2df-4c93-a89f-c6b092580a00	NR_026395.1	98.246	57	1	0	1	57	1427	1483	6.69e-22	100
b92aceee-0079-4abb-a23f-ba26b59b29d6	NR_024918.1	96.070	229	3	3	1	223	1247	1475	8.83e-102	368
b92aceee-0079-4abb-a23f-ba26b59b29d6	NR_025164.1	96.070	229	3	3	1	223	1234	1462	8.83e-102	368
b92aceee-0079-4abb-a23f-ba26b59b29d6	NR_028986.1	96.070	229	3	3	1	223	1234	1462	8.83e-102	368
b92aceee-0079-4abb-a23f-ba26b59b29d6	NR_036998.1	96.070	229	3	3	1	223	1233	1461	8.83e-102	368
b92aceee-0079-4abb-a23f-ba26b59b29d6	NR_041799.1	96.070	229	3	3	1	223	1234	1462	8.83e-102	368
e1a24bd6-ca1f-405f-8a10-0f9d0b812665	NR_026419.1	99.315	146	0	1	3	147	425	570	2.56e-70	263
e1a24bd6-ca1f-405f-8a10-0f9d0b812665	NR_026469.1	99.315	146	0	1	3	147	427	572	2.56e-70	263
e1a24bd6-ca1f-405f-8a10-0f9d0b812665	NR_133753.1	97.945	146	2	1	3	147	391	536	5.53e-67	252
e1a24bd6-ca1f-405f-8a10-0f9d0b812665	NR_025903.1	97.945	146	2	1	3	147	437	582	5.53e-67	252
e1a24bd6-ca1f-405f-8a10-0f9d0b812665	NR_133752.1	96.575	146	4	1	3	147	362	507	1.20e-63	241
6df0d2f6-c968-4bf3-b795-c7abaa4fa725	NR_117694.1	96.903	226	3	4	1	223	225	1	5.20e-104	375
6df0d2f6-c968-4bf3-b795-c7abaa4fa725	NR_025892.1	95.633	229	6	4	1	226	251	24	3.13e-101	366
6df0d2f6-c968-4bf3-b795-c7abaa4fa725	NR_121687.1	92.609	230	11	6	1	226	245	18	5.32e-89	326
6df0d2f6-c968-4bf3-b795-c7abaa4fa725	NR_117692.1	92.920	226	12	4	1	223	225	1	5.32e-89	326
6df0d2f6-c968-4bf3-b795-c7abaa4fa725	NR_104830.1	92.070	227	13	5	4	226	237	12	1.15e-85	315
0bcf1aa9-5b06-4642-a4f2-84810bdc3f8e	NR_028665.1	93.421	152	4	5	8	154	166	16	1.68e-57	220
0bcf1aa9-5b06-4642-a4f2-84810bdc3f8e	NR_117719.1	93.421	152	4	5	8	154	169	19	1.68e-57	220
0bcf1aa9-5b06-4642-a4f2-84810bdc3f8e	NR_175455.1	93.421	152	4	5	8	154	157	7	1.68e-57	220
0bcf1aa9-5b06-4642-a4f2-84810bdc3f8e	NR_179383.1	93.421	152	4	5	8	154	176	26	1.68e-57	220
0bcf1aa9-5b06-4642-a4f2-84810bdc3f8e	NR_179540.1	93.421	152	4	5	8	154	169	19	1.68e-57	220
70bbc403-b4ca-45bf-b0eb-2ee6b88a7a56	NR_036998.1	95.283	212	7	2	1	210	1198	1408	2.83e-91	333
70bbc403-b4ca-45bf-b0eb-2ee6b88a7a56	NR_043314.1	95.283	212	7	2	1	210	1217	1427	2.83e-91	333
70bbc403-b4ca-45bf-b0eb-2ee6b88a7a56	NR_043422.1	95.261	211	8	2	1	210	1217	1426	2.83e-91	333
70bbc403-b4ca-45bf-b0eb-2ee6b88a7a56	NR_114225.1	95.283	212	7	2	1	210	1199	1409	2.83e-91	333
70bbc403-b4ca-45bf-b0eb-2ee6b88a7a56	NR_114793.1	95.283	212	7	2	1	210	1091	1301	2.83e-91	333
cc48423d-b910-4b26-b9ea-30eb6bce7d25	NR_040859.1	96.471	85	2	1	1	84	1130	1046	2.20e-33	139
cc48423d-b910-4b26-b9ea-30eb6bce7d25	NR_041702.1	96.471	85	2	1	1	84	1153	1069	2.20e-33	139
cc48423d-b910-4b26-b9ea-30eb6bce7d25	NR_025881.1	96.471	85	2	1	1	84	1136	1052	2.20e-33	139
cc48423d-b910-4b26-b9ea-30eb6bce7d25	NR_026534.1	96.471	85	2	1	1	84	1118	1034	2.20e-33	139
cc48423d-b910-4b26-b9ea-30eb6bce7d25	NR_024662.1	96.471	85	2	1	1	84	1138	1054	2.20e-33	139
1c3e4dfc-50fd-40b8-8fe6-a29879b2e61a	NR_029050.1	95.489	266	6	6	1	261	1379	1115	2.69e-117	420
1c3e4dfc-50fd-40b8-8fe6-a29879b2e61a	NR_043314.1	95.472	265	8	4	1	261	1429	1165	2.69e-117	420
1c3e4dfc-50fd-40b8-8fe6-a29879b2e61a	NR_114225.1	95.472	265	8	4	1	261	1411	1147	2.69e-117	420
1c3e4dfc-50fd-40b8-8fe6-a29879b2e61a	NR_114749.1	95.472	265	8	4	1	261	1431	1167	2.69e-117	420
1c3e4dfc-50fd-40b8-8fe6-a29879b2e61a	NR_116899.1	95.472	265	8	4	1	261	1398	1134	2.69e-117	420
5dd58bc1-ade7-43ae-9b9a-8e026fcf8263	NR_136788.1	96.454	282	5	5	3	279	1194	1475	1.73e-129	460
5dd58bc1-ade7-43ae-9b9a-8e026fcf8263	NR_026230.1	93.617	282	13	5	3	279	1172	1453	3.79e-116	416
5dd58bc1-ade7-43ae-9b9a-8e026fcf8263	NR_136443.1	93.818	275	11	6	3	272	1156	1429	6.35e-114	409
5dd58bc1-ade7-43ae-9b9a-8e026fcf8263	NR_117913.1	92.199	282	17	5	3	279	1183	1464	1.78e-109	394
5dd58bc1-ade7-43ae-9b9a-8e026fcf8263	NR_041464.1	91.844	282	18	5	3	279	1195	1476	8.27e-108	388
d0f6a22d-6176-4a4b-90f1-0de31af8a719	NR_041989.1	97.980	198	1	2	1	198	1221	1027	1.61e-93	340
d0f6a22d-6176-4a4b-90f1-0de31af8a719	NR_117694.1	97.980	198	1	2	1	198	1263	1069	1.61e-93	340
d0f6a22d-6176-4a4b-90f1-0de31af8a719	NR_025892.1	100.000	183	0	0	1	183	1288	1106	5.79e-93	339
d0f6a22d-6176-4a4b-90f1-0de31af8a719	NR_040933.1	97.475	198	2	2	1	198	1285	1091	7.49e-92	335
d0f6a22d-6176-4a4b-90f1-0de31af8a719	NR_104947.1	97.475	198	2	2	1	198	1236	1042	7.49e-92	335
e9c6f5c0-0026-4726-b8b4-10fa129d77e8	NR_024901.1	98.020	101	2	0	1	101	106	6	2.13e-44	176
e9c6f5c0-0026-4726-b8b4-10fa129d77e8	NR_024911.1	98.020	101	2	0	1	101	106	6	2.13e-44	176
e9c6f5c0-0026-4726-b8b4-10fa129d77e8	NR_024912.1	98.020	101	2	0	1	101	106	6	2.13e-44	176
e9c6f5c0-0026-4726-b8b4-10fa129d77e8	NR_024927.1	98.020	101	2	0	1	101	106	6	2.13e-44	176
e9c6f5c0-0026-4726-b8b4-10fa129d77e8	NR_024928.1	98.020	101	2	0	1	101	106	6	2.13e-44	176
a54db4ab-7d93-4ae5-ad26-63d3da986efd	NR_024842.1	88.889	243	12	12	1	235	1400	1165	9.11e-77	285
a54db4ab-7d93-4ae5-ad26-63d3da986efd	NR_036936.1	88.889	243	12	12	1	235	1385	1150	9.11e-77	285
a54db4ab-7d93-4ae5-ad26-63d3da986efd	NR_025453.1	88.889	243	12	12	1	235	1385	1150	9.11e-77	285
a54db4ab-7d93-4ae5-ad26-63d3da986efd	NR_028666.1	88.889	243	12	12	1	235	1409	1174	9.11e-77	285
a54db4ab-7d93-4ae5-ad26-63d3da986efd	NR_028833.1	88.889	243	12	12	1	235	1412	1177	9.11e-77	285
7d48e32a-e104-45a5-8250-68fc19e0c7d2	NR_024842.1	96.124	129	3	2	1	128	1255	1382	2.82e-54	209
7d48e32a-e104-45a5-8250-68fc19e0c7d2	NR_036936.1	96.124	129	3	2	1	128	1240	1367	2.82e-54	209
7d48e32a-e104-45a5-8250-68fc19e0c7d2	NR_025453.1	96.124	129	3	2	1	128	1240	1367	2.82e-54	209
7d48e32a-e104-45a5-8250-68fc19e0c7d2	NR_028666.1	96.124	129	3	2	1	128	1264	1391	2.82e-54	209
7d48e32a-e104-45a5-8250-68fc19e0c7d2	NR_028833.1	96.124	129	3	2	1	128	1267	1394	2.82e-54	209
ecd16aef-971f-4b7d-89f1-5d725d76b624	NR_040859.1	97.959	196	2	2	2	197	1282	1475	5.82e-93	339
ecd16aef-971f-4b7d-89f1-5d725d76b624	NR_040992.1	97.959	196	2	2	2	197	1290	1483	5.82e-93	339
ecd16aef-971f-4b7d-89f1-5d725d76b624	NR_025881.1	97.959	196	2	2	2	197	1288	1481	5.82e-93	339
ecd16aef-971f-4b7d-89f1-5d725d76b624	NR_026395.1	97.959	196	2	2	2	197	1290	1483	5.82e-93	339
ecd16aef-971f-4b7d-89f1-5d725d76b624	NR_024662.1	97.959	196	2	2	2	197	1290	1483	5.82e-93	339
75cf0a52-0103-49d0-aafc-a161d9583249	NR_118512.1	93.548	248	9	5	1	245	1191	1434	4.48e-100	363
75cf0a52-0103-49d0-aafc-a161d9583249	NR_156802.1	91.440	257	15	5	1	254	1212	1464	4.51e-95	346
75cf0a52-0103-49d0-aafc-a161d9583249	NR_156805.1	91.440	257	15	5	1	254	1212	1464	4.51e-95	346
75cf0a52-0103-49d0-aafc-a161d9583249	NR_197757.1	91.051	257	16	5	1	254	1210	1462	2.10e-93	340
75cf0a52-0103-49d0-aafc-a161d9583249	NR_118514.1	91.129	248	15	5	1	245	1194	1437	4.54e-90	329
6c405bdf-b319-43f6-8d34-f1ff12447885	NR_026094.1	86.620	142	10	7	1	134	153	13	6.59e-36	148
6c405bdf-b319-43f6-8d34-f1ff12447885	NR_113368.1	86.620	142	10	7	1	134	153	13	6.59e-36	148
6c405bdf-b319-43f6-8d34-f1ff12447885	NR_181682.1	85.000	140	12	6	1	134	153	17	1.84e-31	134
6c405bdf-b319-43f6-8d34-f1ff12447885	NR_145954.1	82.639	144	15	9	1	135	152	10	5.17e-27	119
6c405bdf-b319-43f6-8d34-f1ff12447885	NR_044292.1	82.517	143	16	8	1	135	153	12	1.86e-26	117
ea174992-a0f4-4b37-aa97-49ce942231af	NR_024912.1	96.793	343	6	4	1	339	352	11	1.22e-161	568
ea174992-a0f4-4b37-aa97-49ce942231af	NR_028706.1	96.793	343	6	4	1	339	360	19	1.22e-161	568
ea174992-a0f4-4b37-aa97-49ce942231af	NR_037092.1	96.793	343	6	4	1	339	357	16	1.22e-161	568
ea174992-a0f4-4b37-aa97-49ce942231af	NR_042939.1	96.793	343	6	4	1	339	358	17	1.22e-161	568
ea174992-a0f4-4b37-aa97-49ce942231af	NR_114473.1	96.793	343	6	4	1	339	347	6	1.22e-161	568
8f64db1e-b6db-4309-9514-9008da0b95c2	NR_040859.1	94.406	143	5	2	1	140	1338	1480	1.88e-56	217
8f64db1e-b6db-4309-9514-9008da0b95c2	NR_040992.1	94.406	143	5	2	1	140	1346	1488	1.88e-56	217
8f64db1e-b6db-4309-9514-9008da0b95c2	NR_025881.1	94.406	143	5	2	1	140	1344	1486	1.88e-56	217
8f64db1e-b6db-4309-9514-9008da0b95c2	NR_026395.1	94.406	143	5	2	1	140	1346	1488	1.88e-56	217
8f64db1e-b6db-4309-9514-9008da0b95c2	NR_024662.1	94.406	143	5	2	1	140	1346	1488	1.88e-56	217
848e5b7e-2719-4d23-ac16-ad7a9b428f14	NR_025550.1	97.633	169	1	2	1	166	1101	933	1.78e-77	287
848e5b7e-2719-4d23-ac16-ad7a9b428f14	NR_042147.1	97.633	169	1	2	1	166	1099	931	1.78e-77	287
848e5b7e-2719-4d23-ac16-ad7a9b428f14	NR_137215.1	97.633	169	1	2	1	166	1106	938	1.78e-77	287
848e5b7e-2719-4d23-ac16-ad7a9b428f14	NR_197749.1	97.633	169	1	2	1	166	1121	953	1.78e-77	287
848e5b7e-2719-4d23-ac16-ad7a9b428f14	NR_026395.1	97.041	169	2	2	1	166	1119	951	8.28e-76	281
d6c8ca8c-5433-4d20-897b-dc1326d254cc	NR_028664.1	97.253	182	5	0	7	188	1351	1170	4.41e-84	309
d6c8ca8c-5433-4d20-897b-dc1326d254cc	NR_028665.1	97.253	182	5	0	7	188	1345	1164	4.41e-84	309
d6c8ca8c-5433-4d20-897b-dc1326d254cc	NR_042927.1	97.253	182	5	0	7	188	1330	1149	4.41e-84	309
d6c8ca8c-5433-4d20-897b-dc1326d254cc	NR_114172.1	97.253	182	5	0	7	188	1328	1147	4.41e-84	309
d6c8ca8c-5433-4d20-897b-dc1326d254cc	NR_114413.1	97.253	182	5	0	7	188	1353	1172	4.41e-84	309
92b0ee42-76cc-46ac-9515-fbae99e047ef	NR_199513.1	95.649	1218	35	13	1	1204	1241	28	0.0	1940
92b0ee42-76cc-46ac-9515-fbae99e047ef	NR_178976.1	95.649	1218	33	15	1	1203	1213	1	0.0	1938
92b0ee42-76cc-46ac-9515-fbae99e047ef	NR_156986.1	95.570	1219	34	15	1	1204	1222	9	0.0	1934
92b0ee42-76cc-46ac-9515-fbae99e047ef	NR_113600.1	95.488	1219	35	15	1	1204	1214	1	0.0	1930
92b0ee42-76cc-46ac-9515-fbae99e047ef	NR_024928.1	95.488	1219	35	15	1	1204	1227	14	0.0	1929
d0276396-21e7-4cf3-ac90-4427a1975b8a	NR_156072.1	95.946	592	17	6	13	600	1210	622	0.0	953
d0276396-21e7-4cf3-ac90-4427a1975b8a	NR_178515.1	95.946	592	17	6	13	600	1190	602	0.0	953
d0276396-21e7-4cf3-ac90-4427a1975b8a	NR_024842.1	95.777	592	18	6	13	600	1205	617	0.0	948
d0276396-21e7-4cf3-ac90-4427a1975b8a	NR_115735.1	95.777	592	18	6	13	600	1181	593	0.0	948
d0276396-21e7-4cf3-ac90-4427a1975b8a	NR_116211.1	95.777	592	18	6	13	600	1113	525	0.0	948
e44d8066-8fc5-4ed8-9d54-40abb9cef22b	NR_043314.1	94.639	485	15	9	1	477	1005	1486	0.0	741
e44d8066-8fc5-4ed8-9d54-40abb9cef22b	NR_114749.1	94.639	485	15	9	1	477	1007	1488	0.0	741
e44d8066-8fc5-4ed8-9d54-40abb9cef22b	NR_116899.1	94.639	485	15	9	1	477	974	1455	0.0	741
e44d8066-8fc5-4ed8-9d54-40abb9cef22b	NR_178854.1	94.639	485	15	9	1	477	986	1467	0.0	741
e44d8066-8fc5-4ed8-9d54-40abb9cef22b	NR_179889.1	94.639	485	15	9	1	477	1014	1495	0.0	741
d2d2a594-bb08-46b8-9937-d76b0ac467e8	NR_113105.1	97.795	907	15	5	1	903	906	1	0.0	1559
d2d2a594-bb08-46b8-9937-d76b0ac467e8	NR_044407.1	97.775	899	15	5	1	895	898	1	0.0	1544
d2d2a594-bb08-46b8-9937-d76b0ac467e8	NR_109628.1	95.889	900	32	5	1	896	899	1	0.0	1452
d2d2a594-bb08-46b8-9937-d76b0ac467e8	NR_113124.1	95.259	907	38	5	1	903	918	13	0.0	1432
d2d2a594-bb08-46b8-9937-d76b0ac467e8	NR_029148.1	95.039	907	40	5	1	903	926	21	0.0	1428
2d713738-72d9-492d-8af4-4c8abbbd7262	NR_117719.1	92.676	355	18	5	9	360	362	13	1.02e-142	505
2d713738-72d9-492d-8af4-4c8abbbd7262	NR_175455.1	92.351	353	19	5	9	358	350	3	6.16e-140	496
2d713738-72d9-492d-8af4-4c8abbbd7262	NR_036936.1	92.264	349	17	7	9	352	344	1	1.03e-137	488
2d713738-72d9-492d-8af4-4c8abbbd7262	NR_042928.1	91.931	347	20	5	9	352	342	1	6.20e-135	479
2d713738-72d9-492d-8af4-4c8abbbd7262	NR_179385.1	91.268	355	23	5	9	360	366	17	2.23e-134	477
d438ed5a-7538-4ac5-a097-5a48016d8dae	NR_121687.1	92.788	416	15	11	1	408	880	472	1.12e-167	588
d438ed5a-7538-4ac5-a097-5a48016d8dae	NR_041989.1	92.548	416	16	11	1	408	818	410	5.22e-166	582
d438ed5a-7538-4ac5-a097-5a48016d8dae	NR_117694.1	92.548	416	16	11	1	408	860	452	5.22e-166	582
d438ed5a-7538-4ac5-a097-5a48016d8dae	NR_121688.1	92.346	405	15	12	12	408	868	472	6.80e-160	562
d438ed5a-7538-4ac5-a097-5a48016d8dae	NR_028900.1	91.587	416	20	11	1	408	818	410	2.45e-159	560
7baf92a3-b5d9-4f85-bd67-5303ee712820	NR_156986.1	96.329	1008	19	17	2	1000	999	1	0.0	1640
7baf92a3-b5d9-4f85-bd67-5303ee712820	NR_199513.1	96.230	1008	22	16	2	1001	1018	19	0.0	1637
7baf92a3-b5d9-4f85-bd67-5303ee712820	NR_156987.1	96.230	1008	20	18	2	1000	999	1	0.0	1635
7baf92a3-b5d9-4f85-bd67-5303ee712820	NR_199514.1	96.230	1008	20	18	2	1000	1011	13	0.0	1635
7baf92a3-b5d9-4f85-bd67-5303ee712820	NR_024901.1	96.131	1008	21	18	2	1000	1004	6	0.0	1629
18a5b013-76d6-4a3b-b890-ef66c0777ef1	NR_181891.1	96.111	900	14	17	1	883	1234	339	0.0	1448
18a5b013-76d6-4a3b-b890-ef66c0777ef1	NR_199513.1	96.111	900	14	17	1	883	1238	343	0.0	1448
18a5b013-76d6-4a3b-b890-ef66c0777ef1	NR_041953.1	96.000	900	15	17	1	883	1211	316	0.0	1443
18a5b013-76d6-4a3b-b890-ef66c0777ef1	NR_178447.1	96.000	900	15	17	1	883	1145	250	0.0	1443
18a5b013-76d6-4a3b-b890-ef66c0777ef1	NR_042541.1	95.889	900	16	17	1	883	1211	316	0.0	1437
c14aa329-2eea-4695-8397-9c8a8ae0cf0f	NR_117694.1	96.105	873	18	13	19	877	597	1467	0.0	1410
c14aa329-2eea-4695-8397-9c8a8ae0cf0f	NR_121687.1	95.876	873	20	13	19	877	617	1487	0.0	1399
c14aa329-2eea-4695-8397-9c8a8ae0cf0f	NR_117692.1	95.647	873	22	13	19	877	597	1467	0.0	1387
c14aa329-2eea-4695-8397-9c8a8ae0cf0f	NR_117696.1	95.533	873	23	13	19	877	584	1454	0.0	1382
c14aa329-2eea-4695-8397-9c8a8ae0cf0f	NR_025902.1	95.418	873	24	13	19	877	575	1445	0.0	1376
a9a9d96f-8b7b-4103-950c-2b5ac76e26fa	NR_041953.1	95.203	1230	35	19	1	1212	243	1466	0.0	1923
a9a9d96f-8b7b-4103-950c-2b5ac76e26fa	NR_042541.1	95.203	1230	35	19	1	1212	243	1466	0.0	1923
a9a9d96f-8b7b-4103-950c-2b5ac76e26fa	NR_179889.1	95.203	1230	35	19	1	1212	270	1493	0.0	1923
a9a9d96f-8b7b-4103-950c-2b5ac76e26fa	NR_181891.1	95.203	1230	35	19	1	1212	266	1489	0.0	1923
a9a9d96f-8b7b-4103-950c-2b5ac76e26fa	NR_199513.1	95.122	1230	36	19	1	1212	270	1493	0.0	1917
7971885b-deec-4668-b6bf-4c2f3b070b52	NR_164951.1	94.077	574	22	12	1	567	1420	852	0.0	861
7971885b-deec-4668-b6bf-4c2f3b070b52	NR_041989.1	93.493	584	23	13	3	575	1355	776	0.0	854
7971885b-deec-4668-b6bf-4c2f3b070b52	NR_025892.1	93.174	586	25	13	1	575	1424	843	0.0	852
7971885b-deec-4668-b6bf-4c2f3b070b52	NR_025902.1	93.345	586	24	14	1	575	1377	796	0.0	852
7971885b-deec-4668-b6bf-4c2f3b070b52	NR_117692.1	93.345	586	24	13	1	575	1399	818	0.0	852
f833cf5e-1c76-4a47-b34c-81335cc55527	NR_165737.1	93.874	1306	38	30	3	1273	173	1471	0.0	1930
f833cf5e-1c76-4a47-b34c-81335cc55527	NR_036936.1	93.548	1302	42	30	7	1273	177	1471	0.0	1901
f833cf5e-1c76-4a47-b34c-81335cc55527	NR_113260.1	93.610	1299	42	31	9	1273	179	1470	0.0	1901
f833cf5e-1c76-4a47-b34c-81335cc55527	NR_109720.1	93.606	1298	41	30	3	1265	167	1457	0.0	1899
f833cf5e-1c76-4a47-b34c-81335cc55527	NR_156072.1	93.420	1307	45	30	9	1281	199	1498	0.0	1899
4d5de96f-c445-46d9-9707-bac912b36800	NR_029050.1	92.096	544	23	16	1	528	1189	650	0.0	749
4d5de96f-c445-46d9-9707-bac912b36800	NR_116905.1	92.096	544	23	16	1	528	1242	703	0.0	749
4d5de96f-c445-46d9-9707-bac912b36800	NR_116899.1	92.096	544	23	16	1	528	1208	669	0.0	749
4d5de96f-c445-46d9-9707-bac912b36800	NR_118155.1	92.237	541	22	16	4	528	1241	705	0.0	749
4d5de96f-c445-46d9-9707-bac912b36800	NR_149822.1	92.096	544	23	16	1	528	1204	665	0.0	749
94cad095-1b0e-460b-9643-d02bd67e1eff	NR_024901.1	95.641	757	14	15	1	745	755	6	0.0	1197
94cad095-1b0e-460b-9643-d02bd67e1eff	NR_024912.1	95.641	757	14	15	1	745	755	6	0.0	1197
94cad095-1b0e-460b-9643-d02bd67e1eff	NR_024928.1	95.641	757	14	15	1	745	755	6	0.0	1197
94cad095-1b0e-460b-9643-d02bd67e1eff	NR_156986.1	95.641	757	14	15	1	745	750	1	0.0	1197
94cad095-1b0e-460b-9643-d02bd67e1eff	NR_156987.1	95.509	757	15	15	1	745	750	1	0.0	1192
d7f39ee9-9aad-415a-afc1-27e93b82659a	NR_024918.1	97.210	466	6	7	10	469	1012	1476	0.0	782
d7f39ee9-9aad-415a-afc1-27e93b82659a	NR_028986.1	97.210	466	6	7	10	469	999	1463	0.0	782
d7f39ee9-9aad-415a-afc1-27e93b82659a	NR_043314.1	97.210	466	6	7	10	469	1017	1481	0.0	782
d7f39ee9-9aad-415a-afc1-27e93b82659a	NR_042199.1	97.210	466	6	7	10	469	999	1463	0.0	782
d7f39ee9-9aad-415a-afc1-27e93b82659a	NR_114225.1	97.204	465	6	7	10	468	999	1462	0.0	782
75fc4392-cba3-41a5-a2ef-b7a845a1db5a	NR_125571.1	90.670	418	22	13	3	407	414	1	2.59e-154	544
75fc4392-cba3-41a5-a2ef-b7a845a1db5a	NR_029097.1	90.355	394	21	13	3	383	390	1	1.58e-141	501
75fc4392-cba3-41a5-a2ef-b7a845a1db5a	NR_125570.1	90.244	369	21	11	3	360	372	8	1.60e-131	468
75fc4392-cba3-41a5-a2ef-b7a845a1db5a	NR_042832.1	81.279	438	51	24	3	418	429	1	1.02e-88	326
75fc4392-cba3-41a5-a2ef-b7a845a1db5a	NR_180800.1	80.638	439	65	17	3	426	446	13	1.32e-87	322
4c55713d-cdf5-4573-84b9-0a9a905226fb	NR_178976.1	94.340	1113	30	26	5	1092	1105	1	0.0	1676
4c55713d-cdf5-4573-84b9-0a9a905226fb	NR_024928.1	94.255	1114	31	28	5	1093	1119	14	0.0	1672
4c55713d-cdf5-4573-84b9-0a9a905226fb	NR_156986.1	94.329	1111	30	26	8	1093	1111	9	0.0	1672
4c55713d-cdf5-4573-84b9-0a9a905226fb	NR_199513.1	94.250	1113	33	26	5	1093	1133	28	0.0	1672
4c55713d-cdf5-4573-84b9-0a9a905226fb	NR_037092.1	94.314	1108	31	24	8	1093	1116	19	0.0	1668
1f9f7558-cfcd-476b-87c8-ac504243e551	NR_025902.1	93.562	233	1	11	1	228	1222	1445	8.88e-92	335
1f9f7558-cfcd-476b-87c8-ac504243e551	NR_040933.1	93.562	233	1	11	1	228	1266	1489	8.88e-92	335
1f9f7558-cfcd-476b-87c8-ac504243e551	NR_117717.1	93.562	233	1	11	1	228	1264	1487	8.88e-92	335
1f9f7558-cfcd-476b-87c8-ac504243e551	NR_121688.1	93.562	233	1	11	1	228	1264	1487	8.88e-92	335
1f9f7558-cfcd-476b-87c8-ac504243e551	NR_117692.1	93.562	233	1	11	1	228	1244	1467	8.88e-92	335
61308a67-e035-4b79-b1b7-7862686ef06c	NR_199513.1	91.049	782	40	23	52	810	803	29	0.0	1029
61308a67-e035-4b79-b1b7-7862686ef06c	NR_024901.1	90.955	785	35	29	52	810	789	15	0.0	1024
61308a67-e035-4b79-b1b7-7862686ef06c	NR_024928.1	90.955	785	35	29	52	810	789	15	0.0	1024
61308a67-e035-4b79-b1b7-7862686ef06c	NR_113583.1	90.955	785	35	29	52	810	776	2	0.0	1024
61308a67-e035-4b79-b1b7-7862686ef06c	NR_114225.1	90.955	785	35	29	52	810	776	2	0.0	1024
f7651cac-54c3-4552-94c1-8f02b0e12d00	NR_199541.1	95.244	757	13	18	16	754	764	13	0.0	1177
f7651cac-54c3-4552-94c1-8f02b0e12d00	NR_117719.1	94.980	757	15	18	16	754	806	55	0.0	1166
f7651cac-54c3-4552-94c1-8f02b0e12d00	NR_042928.1	94.848	757	16	18	16	754	786	35	0.0	1160
f7651cac-54c3-4552-94c1-8f02b0e12d00	NR_165747.1	94.848	757	16	18	16	754	786	35	0.0	1160
f7651cac-54c3-4552-94c1-8f02b0e12d00	NR_175455.1	94.848	757	16	18	16	754	794	43	0.0	1160
65f51a90-b252-45c5-8d15-e1ed8f96eba7	NR_179365.1	97.250	400	3	7	4	397	67	464	0.0	671
65f51a90-b252-45c5-8d15-e1ed8f96eba7	NR_024912.1	97.243	399	3	7	5	397	102	498	0.0	669
65f51a90-b252-45c5-8d15-e1ed8f96eba7	NR_042147.1	97.243	399	3	7	5	397	89	485	0.0	669
65f51a90-b252-45c5-8d15-e1ed8f96eba7	NR_156986.1	97.243	399	3	7	5	397	97	493	0.0	669
65f51a90-b252-45c5-8d15-e1ed8f96eba7	NR_178976.1	97.243	399	3	7	5	397	88	484	0.0	669
55c313f4-b568-41ee-b21b-d0b6be85fe14	NR_113570.1	96.178	628	11	10	1	620	868	1490	0.0	1014
55c313f4-b568-41ee-b21b-d0b6be85fe14	NR_043332.1	96.013	627	13	9	1	620	861	1482	0.0	1013
55c313f4-b568-41ee-b21b-d0b6be85fe14	NR_074980.1	96.013	627	13	9	1	620	888	1509	0.0	1009
55c313f4-b568-41ee-b21b-d0b6be85fe14	NR_113031.1	96.013	627	13	9	1	620	888	1509	0.0	1009
55c313f4-b568-41ee-b21b-d0b6be85fe14	NR_115355.1	95.694	627	15	9	1	620	861	1482	0.0	998
c72b5e32-79a5-4d99-b3c2-fffaa7d0ba14	NR_044873.1	90.909	363	16	14	1	347	445	84	9.95e-133	472
c72b5e32-79a5-4d99-b3c2-fffaa7d0ba14	NR_074568.1	89.256	363	22	14	1	347	456	95	1.01e-122	438
c72b5e32-79a5-4d99-b3c2-fffaa7d0ba14	NR_024785.1	88.705	363	23	15	1	347	412	52	2.18e-119	427
c72b5e32-79a5-4d99-b3c2-fffaa7d0ba14	NR_044712.2	88.430	363	25	14	1	347	465	104	2.18e-119	427
c72b5e32-79a5-4d99-b3c2-fffaa7d0ba14	NR_178360.1	87.931	348	26	13	15	347	407	61	6.16e-110	396
56ca62fb-8e24-4e37-93ed-3a2c8f0f56f6	NR_028665.1	93.238	281	14	5	1	280	1217	1493	6.30e-114	409
56ca62fb-8e24-4e37-93ed-3a2c8f0f56f6	NR_114172.1	93.478	276	13	5	1	275	1200	1471	8.15e-113	405
56ca62fb-8e24-4e37-93ed-3a2c8f0f56f6	NR_028664.1	92.527	281	17	4	1	280	1223	1500	3.79e-111	399
56ca62fb-8e24-4e37-93ed-3a2c8f0f56f6	NR_115239.1	93.407	273	13	5	1	272	1200	1468	3.79e-111	399
56ca62fb-8e24-4e37-93ed-3a2c8f0f56f6	NR_042927.1	92.674	273	16	4	1	272	1202	1471	2.28e-108	390
e03d610f-91ab-4154-804f-71cf3049eb23	NR_041879.1	97.222	180	5	0	1	180	182	3	5.31e-83	305
e03d610f-91ab-4154-804f-71cf3049eb23	NR_179325.1	97.238	181	4	1	1	180	199	19	5.31e-83	305
e03d610f-91ab-4154-804f-71cf3049eb23	NR_044153.1	96.667	180	6	0	1	180	225	46	6.87e-82	302
e03d610f-91ab-4154-804f-71cf3049eb23	NR_119168.1	96.667	180	6	0	1	180	230	51	2.47e-81	300
e03d610f-91ab-4154-804f-71cf3049eb23	NR_163639.1	96.667	180	6	0	1	180	244	65	2.47e-81	300
672dc627-c5e6-42c7-a168-01fe3cfe69ba	NR_041953.1	94.043	940	33	19	6	932	1185	256	0.0	1404
672dc627-c5e6-42c7-a168-01fe3cfe69ba	NR_178447.1	94.043	940	33	19	6	932	1119	190	0.0	1404
672dc627-c5e6-42c7-a168-01fe3cfe69ba	NR_181014.1	94.043	940	33	19	6	932	1185	256	0.0	1404
672dc627-c5e6-42c7-a168-01fe3cfe69ba	NR_042541.1	93.936	940	34	19	6	932	1185	256	0.0	1399
672dc627-c5e6-42c7-a168-01fe3cfe69ba	NR_179889.1	93.936	940	34	19	6	932	1212	283	0.0	1399
499b3108-d466-40d3-a001-16f0326219cc	NR_024912.1	95.410	610	12	12	1	605	606	8	0.0	957
499b3108-d466-40d3-a001-16f0326219cc	NR_156986.1	95.410	610	12	12	1	605	601	3	0.0	957
499b3108-d466-40d3-a001-16f0326219cc	NR_024901.1	95.246	610	13	12	1	605	606	8	0.0	952
499b3108-d466-40d3-a001-16f0326219cc	NR_024928.1	95.246	610	13	12	1	605	606	8	0.0	952
499b3108-d466-40d3-a001-16f0326219cc	NR_156987.1	95.246	610	13	12	1	605	601	3	0.0	952
0e500ba5-6fa0-459e-ba59-151b6986b8c4	NR_156986.1	92.149	1019	46	30	1	1004	1000	1	0.0	1408
0e500ba5-6fa0-459e-ba59-151b6986b8c4	NR_024912.1	92.051	1019	47	30	1	1004	1005	6	0.0	1402
0e500ba5-6fa0-459e-ba59-151b6986b8c4	NR_156987.1	92.051	1019	47	30	1	1004	1000	1	0.0	1402
0e500ba5-6fa0-459e-ba59-151b6986b8c4	NR_199514.1	92.051	1019	47	30	1	1004	1012	13	0.0	1402
0e500ba5-6fa0-459e-ba59-151b6986b8c4	NR_042147.1	92.186	1011	45	30	1	996	992	1	0.0	1399
75963cb2-a380-48c5-957c-f186d13798ea	NR_117694.1	97.481	675	6	9	1	664	675	1	0.0	1142
75963cb2-a380-48c5-957c-f186d13798ea	NR_121687.1	96.053	684	14	11	1	672	695	13	0.0	1101
75963cb2-a380-48c5-957c-f186d13798ea	NR_025892.1	95.461	683	19	10	1	672	700	19	0.0	1098
75963cb2-a380-48c5-957c-f186d13798ea	NR_117692.1	95.126	677	18	12	1	664	675	1	0.0	1053
75963cb2-a380-48c5-957c-f186d13798ea	NR_026079.2	94.444	684	25	11	1	672	702	20	0.0	1040
537da0c2-9f1d-4012-acef-b5d76e715375	NR_025903.1	97.833	1292	11	14	1	1287	1286	7	0.0	2215
537da0c2-9f1d-4012-acef-b5d76e715375	NR_133753.1	97.842	1251	12	12	1	1247	1240	1	0.0	2146
537da0c2-9f1d-4012-acef-b5d76e715375	NR_026419.1	96.562	1280	28	13	2	1276	1273	5	0.0	2106
537da0c2-9f1d-4012-acef-b5d76e715375	NR_025904.1	96.288	1293	27	18	2	1287	1284	6	0.0	2102
537da0c2-9f1d-4012-acef-b5d76e715375	NR_133752.1	97.705	1220	13	12	1	1216	1211	3	0.0	2084
a2f214e6-0b7c-44b6-ad32-d502e6cd8f45	NR_181857.1	93.475	705	26	10	3	688	822	1525	0.0	1029
a2f214e6-0b7c-44b6-ad32-d502e6cd8f45	NR_181730.1	93.581	701	25	10	3	684	770	1469	0.0	1027
a2f214e6-0b7c-44b6-ad32-d502e6cd8f45	NR_041799.1	93.333	705	27	10	3	688	764	1467	0.0	1024
a2f214e6-0b7c-44b6-ad32-d502e6cd8f45	NR_117823.1	93.333	705	27	10	3	688	736	1439	0.0	1024
a2f214e6-0b7c-44b6-ad32-d502e6cd8f45	NR_181265.1	93.333	705	27	10	3	688	791	1494	0.0	1024
37d1692e-e452-4264-b0f5-1f9ad1e82d47	NR_117719.1	92.642	598	28	13	3	585	614	18	0.0	846
37d1692e-e452-4264-b0f5-1f9ad1e82d47	NR_175455.1	92.475	598	29	13	3	585	602	6	0.0	841
37d1692e-e452-4264-b0f5-1f9ad1e82d47	NR_036936.1	92.295	597	28	15	3	582	596	1	0.0	833
37d1692e-e452-4264-b0f5-1f9ad1e82d47	NR_042928.1	92.269	595	30	13	3	582	594	1	0.0	830
37d1692e-e452-4264-b0f5-1f9ad1e82d47	NR_165747.1	91.933	595	32	13	3	582	594	1	0.0	819
fd235208-7b80-4026-a600-5c69ed140ad2	NR_024918.1	95.161	620	18	10	1	610	859	1476	0.0	968
fd235208-7b80-4026-a600-5c69ed140ad2	NR_043314.1	95.161	620	18	10	1	610	864	1481	0.0	968
fd235208-7b80-4026-a600-5c69ed140ad2	NR_042147.1	95.161	620	18	10	1	610	846	1463	0.0	968
fd235208-7b80-4026-a600-5c69ed140ad2	NR_116899.1	95.161	620	18	10	1	610	833	1450	0.0	968
fd235208-7b80-4026-a600-5c69ed140ad2	NR_164626.1	95.161	620	18	10	1	610	856	1473	0.0	968
1407404f-9f4d-4eb4-833f-6a429a09b39d	NR_117694.1	96.202	1448	25	25	12	1444	1452	20	0.0	2342
1407404f-9f4d-4eb4-833f-6a429a09b39d	NR_025892.1	94.708	1474	44	28	12	1466	1477	19	0.0	2285
1407404f-9f4d-4eb4-833f-6a429a09b39d	NR_121687.1	94.715	1476	41	31	12	1466	1472	13	0.0	2259
1407404f-9f4d-4eb4-833f-6a429a09b39d	NR_117692.1	94.897	1450	40	28	12	1444	1452	20	0.0	2237
1407404f-9f4d-4eb4-833f-6a429a09b39d	NR_025902.1	94.679	1447	42	29	12	1440	1430	1	0.0	2213
92f91556-a673-4341-8972-aa26d6eca384	NR_179540.1	96.881	994	17	12	1	987	1369	383	0.0	1652
92f91556-a673-4341-8972-aa26d6eca384	NR_199547.1	96.781	994	18	12	1	987	1329	343	0.0	1646
92f91556-a673-4341-8972-aa26d6eca384	NR_116206.1	96.680	994	19	12	1	987	1274	288	0.0	1642
92f91556-a673-4341-8972-aa26d6eca384	NR_042928.1	96.680	994	19	12	1	987	1349	363	0.0	1640
92f91556-a673-4341-8972-aa26d6eca384	NR_112026.1	96.680	994	18	13	1	987	1331	346	0.0	1640
e17f72e8-2917-45d5-bcfa-63b2f5a3e8c1	NR_043332.1	97.397	461	7	4	1	458	1024	1482	0.0	780
e17f72e8-2917-45d5-bcfa-63b2f5a3e8c1	NR_074980.1	97.397	461	7	4	1	458	1051	1509	0.0	780
e17f72e8-2917-45d5-bcfa-63b2f5a3e8c1	NR_113031.1	97.397	461	7	4	1	458	1051	1509	0.0	780
e17f72e8-2917-45d5-bcfa-63b2f5a3e8c1	NR_113570.1	97.186	462	7	5	1	458	1031	1490	0.0	776
e17f72e8-2917-45d5-bcfa-63b2f5a3e8c1	NR_115354.1	96.746	461	10	4	1	458	1024	1482	0.0	763
eed8e4ad-3850-483d-b0f3-2188819a97a1	NR_199545.1	95.188	1434	39	28	17	1432	1433	12	0.0	2239
eed8e4ad-3850-483d-b0f3-2188819a97a1	NR_179385.1	95.119	1434	40	28	17	1432	1437	16	0.0	2233
eed8e4ad-3850-483d-b0f3-2188819a97a1	NR_179383.1	95.052	1435	39	30	17	1432	1440	19	0.0	2228
eed8e4ad-3850-483d-b0f3-2188819a97a1	NR_028664.1	94.909	1434	43	28	17	1432	1436	15	0.0	2217
eed8e4ad-3850-483d-b0f3-2188819a97a1	NR_165744.1	94.909	1434	41	30	17	1431	1422	2	0.0	2215
07e4897a-0a83-45ef-b390-51f5a445645d	NR_028664.1	98.560	625	6	3	1	623	830	207	0.0	1101
07e4897a-0a83-45ef-b390-51f5a445645d	NR_042927.1	98.560	625	6	3	1	623	809	186	0.0	1101
07e4897a-0a83-45ef-b390-51f5a445645d	NR_114413.1	98.560	625	6	3	1	623	832	209	0.0	1101
07e4897a-0a83-45ef-b390-51f5a445645d	NR_115240.1	98.560	625	6	3	1	623	807	184	0.0	1101
07e4897a-0a83-45ef-b390-51f5a445645d	NR_115732.1	98.560	625	6	3	1	623	809	186	0.0	1101
6ad76036-3937-4943-80f5-e799efc0df3e	NR_041799.1	97.545	774	13	5	1	769	694	1466	0.0	1319
6ad76036-3937-4943-80f5-e799efc0df3e	NR_116899.1	97.545	774	13	5	1	769	681	1453	0.0	1319
6ad76036-3937-4943-80f5-e799efc0df3e	NR_117823.1	97.545	774	13	5	1	769	666	1438	0.0	1319
6ad76036-3937-4943-80f5-e799efc0df3e	NR_179889.1	97.545	774	13	5	1	769	721	1493	0.0	1319
6ad76036-3937-4943-80f5-e799efc0df3e	NR_181730.1	97.539	772	13	5	1	767	700	1470	0.0	1315
c470fb38-df5c-43a6-a449-d186f387536a	NR_117719.1	92.195	1371	69	33	8	1355	138	1493	0.0	1905
c470fb38-df5c-43a6-a449-d186f387536a	NR_175455.1	91.983	1372	71	34	8	1355	126	1482	0.0	1888
c470fb38-df5c-43a6-a449-d186f387536a	NR_179540.1	91.764	1372	72	35	8	1355	138	1492	0.0	1869
c470fb38-df5c-43a6-a449-d186f387536a	NR_042928.1	91.734	1367	74	33	8	1351	118	1468	0.0	1862
c470fb38-df5c-43a6-a449-d186f387536a	NR_028664.1	91.612	1371	77	33	8	1355	141	1496	0.0	1860
62c322e4-bfeb-44cc-bbd9-ca615cf58fdc	NR_156986.1	95.754	1154	27	16	1	1135	1151	1	0.0	1840
62c322e4-bfeb-44cc-bbd9-ca615cf58fdc	NR_024928.1	95.667	1154	28	16	1	1135	1156	6	0.0	1834
62c322e4-bfeb-44cc-bbd9-ca615cf58fdc	NR_156987.1	95.667	1154	28	16	1	1135	1151	1	0.0	1834
62c322e4-bfeb-44cc-bbd9-ca615cf58fdc	NR_199514.1	95.667	1154	28	16	1	1135	1163	13	0.0	1834
62c322e4-bfeb-44cc-bbd9-ca615cf58fdc	NR_199513.1	95.581	1154	31	14	1	1136	1170	19	0.0	1831
4c350e04-d347-4fa7-a19b-fd67da0d6ab8	NR_042843.1	95.791	974	22	13	10	969	489	1457	0.0	1554
4c350e04-d347-4fa7-a19b-fd67da0d6ab8	NR_102895.1	95.791	974	22	13	10	969	517	1485	0.0	1554
4c350e04-d347-4fa7-a19b-fd67da0d6ab8	NR_113113.1	95.791	974	22	13	10	969	497	1465	0.0	1554
4c350e04-d347-4fa7-a19b-fd67da0d6ab8	NR_109628.1	95.688	974	23	13	10	969	490	1458	0.0	1548
4c350e04-d347-4fa7-a19b-fd67da0d6ab8	NR_175509.1	95.483	974	25	13	10	969	509	1477	0.0	1537
fbcd56f2-c34e-4bdf-ab64-c544b2905c96	NR_113570.1	96.843	792	6	13	1	783	713	1494	0.0	1306
fbcd56f2-c34e-4bdf-ab64-c544b2905c96	NR_043332.1	96.713	791	8	12	1	783	706	1486	0.0	1304
fbcd56f2-c34e-4bdf-ab64-c544b2905c96	NR_074980.1	96.713	791	8	12	1	783	733	1513	0.0	1301
fbcd56f2-c34e-4bdf-ab64-c544b2905c96	NR_113031.1	96.713	791	8	12	1	783	733	1513	0.0	1301
fbcd56f2-c34e-4bdf-ab64-c544b2905c96	NR_115355.1	96.460	791	10	12	1	783	706	1486	0.0	1290
f45a097d-1df5-485b-9369-c12b3deb5958	NR_036998.1	89.762	420	23	12	1	402	1438	1021	4.09e-147	520
f45a097d-1df5-485b-9369-c12b3deb5958	NR_114793.1	89.762	420	23	12	1	402	1331	914	4.09e-147	520
f45a097d-1df5-485b-9369-c12b3deb5958	NR_027230.1	89.524	420	24	11	1	402	1438	1021	1.90e-145	514
f45a097d-1df5-485b-9369-c12b3deb5958	NR_114795.1	89.286	420	25	12	1	402	1331	914	6.84e-145	512
f45a097d-1df5-485b-9369-c12b3deb5958	NR_028826.1	88.729	417	26	13	5	402	1438	1024	3.20e-138	490
e317aae8-e63c-4c4c-8eb5-34ccfe646047	NR_179385.1	94.677	883	22	18	2	865	623	1499	0.0	1347
e317aae8-e63c-4c4c-8eb5-34ccfe646047	NR_199545.1	94.677	883	22	18	2	865	619	1495	0.0	1347
e317aae8-e63c-4c4c-8eb5-34ccfe646047	NR_165744.1	94.635	876	22	18	2	858	608	1477	0.0	1334
e317aae8-e63c-4c4c-8eb5-34ccfe646047	NR_028664.1	94.344	884	24	20	2	865	622	1499	0.0	1332
e317aae8-e63c-4c4c-8eb5-34ccfe646047	NR_179383.1	94.344	884	24	20	2	865	626	1503	0.0	1332
0edcd9d4-e298-465a-88b8-9a926235288e	NR_113570.1	95.021	703	20	9	10	704	795	1490	0.0	1090
0edcd9d4-e298-465a-88b8-9a926235288e	NR_043332.1	94.872	702	22	8	10	704	788	1482	0.0	1088
0edcd9d4-e298-465a-88b8-9a926235288e	NR_074980.1	94.872	702	22	8	10	704	815	1509	0.0	1085
0edcd9d4-e298-465a-88b8-9a926235288e	NR_113031.1	94.872	702	22	8	10	704	815	1509	0.0	1085
0edcd9d4-e298-465a-88b8-9a926235288e	NR_115355.1	94.587	702	24	8	10	704	788	1482	0.0	1074
f374b6df-4fa6-4963-bcc0-48e120fc20ca	NR_117694.1	95.972	1266	28	19	8	1263	211	1463	0.0	2034
f374b6df-4fa6-4963-bcc0-48e120fc20ca	NR_121687.1	95.498	1266	34	19	8	1263	231	1483	0.0	2001
f374b6df-4fa6-4963-bcc0-48e120fc20ca	NR_117692.1	95.189	1268	34	22	8	1263	211	1463	0.0	1978
f374b6df-4fa6-4963-bcc0-48e120fc20ca	NR_025902.1	95.032	1268	36	22	8	1263	189	1441	0.0	1967
f374b6df-4fa6-4963-bcc0-48e120fc20ca	NR_025892.1	94.699	1264	43	20	8	1261	237	1486	0.0	1965
8a9ca36a-b41e-4799-a880-66fd9a187f02	NR_042776.1	95.173	808	26	9	1	797	692	1497	0.0	1264
8a9ca36a-b41e-4799-a880-66fd9a187f02	NR_042777.1	95.173	808	26	9	1	797	691	1496	0.0	1264
8a9ca36a-b41e-4799-a880-66fd9a187f02	NR_042778.1	94.926	808	28	9	1	797	692	1497	0.0	1253
8a9ca36a-b41e-4799-a880-66fd9a187f02	NR_197695.1	94.678	808	30	9	1	797	691	1496	0.0	1242
8a9ca36a-b41e-4799-a880-66fd9a187f02	NR_118998.1	94.431	808	31	10	1	797	687	1491	0.0	1230
f8a72b00-13a0-4fc2-9d4f-8d38acebe492	NR_028664.1	93.063	591	19	17	35	618	591	16	0.0	845
f8a72b00-13a0-4fc2-9d4f-8d38acebe492	NR_115240.1	93.139	583	19	16	35	611	568	1	0.0	835
f8a72b00-13a0-4fc2-9d4f-8d38acebe492	NR_114172.1	92.796	583	21	16	35	611	568	1	0.0	824
f8a72b00-13a0-4fc2-9d4f-8d38acebe492	NR_115239.1	92.624	583	22	16	35	611	568	1	0.0	819
f8a72b00-13a0-4fc2-9d4f-8d38acebe492	NR_114413.1	91.231	593	28	18	35	618	593	16	0.0	785
6860e6b9-0acf-4f6e-89b3-e0aea46ebb41	NR_199513.1	95.528	984	23	17	2	966	1018	37	0.0	1554
6860e6b9-0acf-4f6e-89b3-e0aea46ebb41	NR_156986.1	95.431	985	22	19	2	966	999	18	0.0	1548
6860e6b9-0acf-4f6e-89b3-e0aea46ebb41	NR_178976.1	95.431	985	22	19	2	966	990	9	0.0	1548
6860e6b9-0acf-4f6e-89b3-e0aea46ebb41	NR_113600.1	95.330	985	23	19	2	966	991	10	0.0	1544
6860e6b9-0acf-4f6e-89b3-e0aea46ebb41	NR_024901.1	95.330	985	23	19	2	966	1004	23	0.0	1543
034f6edd-22d0-44c6-b4a6-ddb29b1c8f6a	NR_041953.1	95.773	828	21	11	1	821	1189	369	0.0	1323
034f6edd-22d0-44c6-b4a6-ddb29b1c8f6a	NR_178447.1	95.773	828	21	11	1	821	1123	303	0.0	1323
034f6edd-22d0-44c6-b4a6-ddb29b1c8f6a	NR_042541.1	95.652	828	22	11	1	821	1189	369	0.0	1317
034f6edd-22d0-44c6-b4a6-ddb29b1c8f6a	NR_179889.1	95.652	828	22	11	1	821	1216	396	0.0	1317
034f6edd-22d0-44c6-b4a6-ddb29b1c8f6a	NR_181891.1	95.652	828	22	11	1	821	1212	392	0.0	1317
f251833d-8ed7-4429-8ec3-fcec50a79863	NR_043314.1	96.184	629	9	9	1	617	851	1476	0.0	1014
f251833d-8ed7-4429-8ec3-fcec50a79863	NR_116899.1	96.184	629	9	9	1	617	820	1445	0.0	1014
f251833d-8ed7-4429-8ec3-fcec50a79863	NR_178854.1	96.184	629	9	9	1	617	832	1457	0.0	1014
f251833d-8ed7-4429-8ec3-fcec50a79863	NR_179889.1	96.184	629	9	9	1	617	860	1485	0.0	1014
f251833d-8ed7-4429-8ec3-fcec50a79863	NR_041799.1	96.025	629	10	9	1	617	833	1458	0.0	1009
ca0a4d4e-4d3e-4b44-b6a9-21006cc5d751	NR_113114.1	93.343	706	28	16	1	690	715	13	0.0	1026
ca0a4d4e-4d3e-4b44-b6a9-21006cc5d751	NR_043292.1	94.163	651	23	13	1	638	666	18	0.0	977
ca0a4d4e-4d3e-4b44-b6a9-21006cc5d751	NR_113320.1	83.754	714	82	30	1	690	716	13	0.0	645
ca0a4d4e-4d3e-4b44-b6a9-21006cc5d751	NR_181266.1	83.708	712	87	24	1	690	717	13	0.0	645
ca0a4d4e-4d3e-4b44-b6a9-21006cc5d751	NR_113093.1	83.380	710	92	24	1	690	716	13	0.0	634
31e0ba45-9ddf-4354-922e-87b4c8eee17a	NR_156986.1	95.113	1330	34	23	1	1313	1324	9	0.0	2067
31e0ba45-9ddf-4354-922e-87b4c8eee17a	NR_178976.1	95.109	1329	34	23	1	1312	1315	1	0.0	2067
31e0ba45-9ddf-4354-922e-87b4c8eee17a	NR_113600.1	95.038	1330	35	23	1	1313	1316	1	0.0	2063
31e0ba45-9ddf-4354-922e-87b4c8eee17a	NR_156987.1	95.038	1330	35	23	1	1313	1324	9	0.0	2061
31e0ba45-9ddf-4354-922e-87b4c8eee17a	NR_199513.1	94.843	1338	40	21	1	1322	1343	19	0.0	2061
f0f3d6aa-c981-46d8-8ef7-2fb77cd975f1	NR_024659.1	96.124	258	6	3	16	272	517	771	1.01e-116	418
f0f3d6aa-c981-46d8-8ef7-2fb77cd975f1	NR_028664.1	96.124	258	6	3	16	272	557	811	1.01e-116	418
f0f3d6aa-c981-46d8-8ef7-2fb77cd975f1	NR_042927.1	96.124	258	6	3	16	272	536	790	1.01e-116	418
f0f3d6aa-c981-46d8-8ef7-2fb77cd975f1	NR_042928.1	96.124	258	6	3	16	272	534	788	1.01e-116	418
f0f3d6aa-c981-46d8-8ef7-2fb77cd975f1	NR_114413.1	96.124	258	6	3	16	272	559	813	1.01e-116	418
00c5dfdc-955f-477b-80f8-a889522459df	NR_025863.1	94.106	1018	35	20	1	1000	1237	227	0.0	1531
00c5dfdc-955f-477b-80f8-a889522459df	NR_026454.1	90.383	1019	63	29	1	995	1209	202	0.0	1306
00c5dfdc-955f-477b-80f8-a889522459df	NR_025862.1	90.275	1018	63	30	1	995	1232	228	0.0	1303
00c5dfdc-955f-477b-80f8-a889522459df	NR_028682.1	90.246	1015	70	23	1	995	1233	228	0.0	1299
00c5dfdc-955f-477b-80f8-a889522459df	NR_026481.1	89.902	1020	69	27	1	999	1201	195	0.0	1282
2e77e19e-a316-43d0-b2fb-a1bb18389309	NR_164626.1	99.522	418	1	1	1	417	418	1	0.0	760
2e77e19e-a316-43d0-b2fb-a1bb18389309	NR_024912.1	99.519	416	1	1	1	415	421	6	0.0	756
2e77e19e-a316-43d0-b2fb-a1bb18389309	NR_028706.1	99.519	416	1	1	1	415	429	14	0.0	756
2e77e19e-a316-43d0-b2fb-a1bb18389309	NR_042939.1	99.519	416	1	1	1	415	427	12	0.0	756
2e77e19e-a316-43d0-b2fb-a1bb18389309	NR_114473.1	99.519	416	1	1	1	415	416	1	0.0	756
0b47d8fd-4cb6-4a5b-bdf6-b6c5d00cc4fa	NR_156986.1	95.916	1004	24	16	1	992	999	1	0.0	1611
0b47d8fd-4cb6-4a5b-bdf6-b6c5d00cc4fa	NR_156987.1	95.817	1004	25	16	1	992	999	1	0.0	1605
0b47d8fd-4cb6-4a5b-bdf6-b6c5d00cc4fa	NR_199514.1	95.817	1004	25	16	1	992	1011	13	0.0	1605
0b47d8fd-4cb6-4a5b-bdf6-b6c5d00cc4fa	NR_199513.1	95.717	1004	28	14	1	993	1018	19	0.0	1602
0b47d8fd-4cb6-4a5b-bdf6-b6c5d00cc4fa	NR_024901.1	95.618	1004	27	16	1	992	1004	6	0.0	1594
b265e191-07e4-46e6-ae6d-0ddc1a340c47	NR_044873.1	95.773	686	24	4	1	682	687	3	0.0	1101
b265e191-07e4-46e6-ae6d-0ddc1a340c47	NR_074568.1	93.440	686	39	5	1	682	697	14	0.0	1013
b265e191-07e4-46e6-ae6d-0ddc1a340c47	NR_044712.2	93.003	686	42	5	1	682	706	23	0.0	1002
b265e191-07e4-46e6-ae6d-0ddc1a340c47	NR_179993.1	92.888	689	38	10	1	682	698	14	0.0	990
b265e191-07e4-46e6-ae6d-0ddc1a340c47	NR_109752.1	92.857	686	38	10	4	682	705	24	0.0	985
8e36d438-2e4c-4e8e-9ef8-086dfe3ad2de	NR_044091.1	93.458	428	10	10	1	411	1127	701	4.01e-177	619
8e36d438-2e4c-4e8e-9ef8-086dfe3ad2de	NR_042940.1	92.757	428	13	10	1	411	1125	699	4.04e-172	603
8e36d438-2e4c-4e8e-9ef8-086dfe3ad2de	NR_041879.1	92.523	428	14	10	1	411	1170	744	1.88e-170	597
8e36d438-2e4c-4e8e-9ef8-086dfe3ad2de	NR_025762.1	92.523	428	13	11	1	411	1190	765	6.76e-170	595
8e36d438-2e4c-4e8e-9ef8-086dfe3ad2de	NR_113570.1	92.523	428	13	11	1	411	1219	794	6.76e-170	595
c04184fe-4e67-422e-81b3-90b0d390f2e2	NR_026419.1	96.536	1126	16	21	1	1110	1119	1	0.0	1842
c04184fe-4e67-422e-81b3-90b0d390f2e2	NR_025903.1	95.154	1135	31	21	1	1119	1131	5	0.0	1770
c04184fe-4e67-422e-81b3-90b0d390f2e2	NR_025904.1	94.552	1138	32	26	1	1119	1130	4	0.0	1731
c04184fe-4e67-422e-81b3-90b0d390f2e2	NR_133753.1	95.741	1080	26	16	1	1066	1085	12	0.0	1722
c04184fe-4e67-422e-81b3-90b0d390f2e2	NR_133752.1	95.386	1062	29	16	1	1048	1056	1	0.0	1672
c903b5a0-6aef-4c18-a64f-d8f64e4258d4	NR_179889.1	95.402	1044	35	8	1	1036	452	1490	0.0	1650
c903b5a0-6aef-4c18-a64f-d8f64e4258d4	NR_181891.1	95.402	1044	35	8	1	1036	448	1486	0.0	1650
c903b5a0-6aef-4c18-a64f-d8f64e4258d4	NR_041953.1	95.307	1044	36	8	1	1036	425	1463	0.0	1644
c903b5a0-6aef-4c18-a64f-d8f64e4258d4	NR_042541.1	95.307	1044	36	8	1	1036	425	1463	0.0	1644
c903b5a0-6aef-4c18-a64f-d8f64e4258d4	NR_178854.1	95.307	1044	35	9	1	1036	425	1462	0.0	1644
f0ef5e85-b097-4005-b76c-c823924a8eb8	NR_118155.1	95.556	315	4	8	1	309	1053	743	5.27e-140	496
f0ef5e85-b097-4005-b76c-c823924a8eb8	NR_180078.1	95.556	315	4	8	1	309	1050	740	5.27e-140	496
f0ef5e85-b097-4005-b76c-c823924a8eb8	NR_169411.1	95.238	315	5	8	1	309	1050	740	2.45e-138	490
f0ef5e85-b097-4005-b76c-c823924a8eb8	NR_178340.1	95.238	315	5	8	1	309	698	388	2.45e-138	490
f0ef5e85-b097-4005-b76c-c823924a8eb8	NR_179168.1	95.238	315	5	8	1	309	1053	743	2.45e-138	490
9478da22-76c5-4483-9c58-9d303320f9a1	NR_024842.1	90.743	821	36	30	10	803	682	1489	0.0	1059
9478da22-76c5-4483-9c58-9d303320f9a1	NR_115735.1	90.732	820	36	30	10	802	658	1464	0.0	1057
9478da22-76c5-4483-9c58-9d303320f9a1	NR_165737.1	90.809	816	38	28	10	799	667	1471	0.0	1057
9478da22-76c5-4483-9c58-9d303320f9a1	NR_025453.1	90.633	822	37	29	10	803	667	1476	0.0	1055
9478da22-76c5-4483-9c58-9d303320f9a1	NR_036936.1	90.698	817	37	29	10	799	667	1471	0.0	1051
25b53fe9-8429-4d16-a0e5-6b7d9efe30dd	NR_156986.1	95.139	1399	39	22	1	1376	1393	1	0.0	2180
25b53fe9-8429-4d16-a0e5-6b7d9efe30dd	NR_156987.1	95.068	1399	40	22	1	1376	1393	1	0.0	2174
25b53fe9-8429-4d16-a0e5-6b7d9efe30dd	NR_024928.1	94.996	1399	41	22	1	1376	1398	6	0.0	2170
25b53fe9-8429-4d16-a0e5-6b7d9efe30dd	NR_199513.1	94.929	1400	44	20	1	1378	1412	18	0.0	2167
25b53fe9-8429-4d16-a0e5-6b7d9efe30dd	NR_037092.1	94.993	1398	38	22	1	1376	1398	11	0.0	2165
0500009d-08cf-4e94-9951-28aba91c6a5a	NR_136788.1	95.513	1003	23	15	1	985	483	1481	0.0	1583
0500009d-08cf-4e94-9951-28aba91c6a5a	NR_026230.1	93.014	1002	48	15	2	985	462	1459	0.0	1448
0500009d-08cf-4e94-9951-28aba91c6a5a	NR_113082.1	92.806	973	46	17	2	955	484	1451	0.0	1387
0500009d-08cf-4e94-9951-28aba91c6a5a	NR_109439.1	86.900	1000	107	17	5	985	484	1478	0.0	1099
0500009d-08cf-4e94-9951-28aba91c6a5a	NR_026137.1	86.042	1003	111	22	5	985	467	1462	0.0	1051
72193314-dda6-4189-b54a-507823f813be	NR_156986.1	96.071	1120	20	21	8	1115	1108	1	0.0	1803
72193314-dda6-4189-b54a-507823f813be	NR_199513.1	95.986	1121	23	18	8	1117	1127	18	0.0	1801
72193314-dda6-4189-b54a-507823f813be	NR_024901.1	95.982	1120	21	21	8	1115	1113	6	0.0	1797
72193314-dda6-4189-b54a-507823f813be	NR_024928.1	95.982	1120	21	21	8	1115	1113	6	0.0	1797
72193314-dda6-4189-b54a-507823f813be	NR_156987.1	95.982	1120	21	21	8	1115	1108	1	0.0	1797
d49bb64e-0d46-43cd-a400-10ddad1e8b1d	NR_028664.1	91.318	311	12	11	1	299	1193	1500	1.87e-114	411
d49bb64e-0d46-43cd-a400-10ddad1e8b1d	NR_117719.1	91.318	311	12	11	1	299	1190	1497	1.87e-114	411
d49bb64e-0d46-43cd-a400-10ddad1e8b1d	NR_179383.1	91.318	311	12	11	1	299	1197	1504	1.87e-114	411
d49bb64e-0d46-43cd-a400-10ddad1e8b1d	NR_199543.1	91.346	312	10	12	1	299	1207	1514	1.87e-114	411
d49bb64e-0d46-43cd-a400-10ddad1e8b1d	NR_175455.1	91.026	312	12	12	1	299	1178	1486	2.42e-113	407
2707121b-19d6-4e59-b5f3-2d8506f407fe	NR_024918.1	96.441	281	8	2	1	279	1199	1479	4.73e-130	462
2707121b-19d6-4e59-b5f3-2d8506f407fe	NR_028986.1	96.441	281	8	2	1	279	1186	1466	4.73e-130	462
2707121b-19d6-4e59-b5f3-2d8506f407fe	NR_041799.1	96.441	281	8	2	1	279	1186	1466	4.73e-130	462
2707121b-19d6-4e59-b5f3-2d8506f407fe	NR_043314.1	96.441	281	8	2	1	279	1204	1484	4.73e-130	462
2707121b-19d6-4e59-b5f3-2d8506f407fe	NR_042199.1	96.441	281	8	2	1	279	1186	1466	4.73e-130	462
8cc64ec3-a331-4178-b586-86e8d13a704c	NR_163639.1	94.505	273	6	7	6	270	275	4	4.68e-115	412
8cc64ec3-a331-4178-b586-86e8d13a704c	NR_074980.1	94.118	272	7	7	6	269	283	13	7.84e-113	405
8cc64ec3-a331-4178-b586-86e8d13a704c	NR_113031.1	94.118	272	7	7	6	269	283	13	7.84e-113	405
8cc64ec3-a331-4178-b586-86e8d13a704c	NR_119168.1	94.275	262	6	7	6	259	261	1	6.10e-109	392
8cc64ec3-a331-4178-b586-86e8d13a704c	NR_119169.1	93.893	262	7	7	6	259	261	1	7.90e-108	388
49f7d22a-d29e-447c-96a4-feeac9be28ff	NR_164626.1	94.643	280	6	8	1	275	276	1	6.09e-119	425
49f7d22a-d29e-447c-96a4-feeac9be28ff	NR_024912.1	94.604	278	6	8	1	273	279	6	7.87e-118	422
49f7d22a-d29e-447c-96a4-feeac9be28ff	NR_028706.1	94.604	278	6	8	1	273	287	14	7.87e-118	422
49f7d22a-d29e-447c-96a4-feeac9be28ff	NR_037092.1	94.604	278	6	8	1	273	284	11	7.87e-118	422
49f7d22a-d29e-447c-96a4-feeac9be28ff	NR_042939.1	94.604	278	6	8	1	273	285	12	7.87e-118	422
08765b2a-bf4a-499f-9223-8fc3a3c463f4	NR_024901.1	82.075	106	10	6	1	102	106	6	4.84e-16	82.4
08765b2a-bf4a-499f-9223-8fc3a3c463f4	NR_024911.1	82.075	106	10	6	1	102	106	6	4.84e-16	82.4
08765b2a-bf4a-499f-9223-8fc3a3c463f4	NR_024912.1	82.075	106	10	6	1	102	106	6	4.84e-16	82.4
08765b2a-bf4a-499f-9223-8fc3a3c463f4	NR_024927.1	82.075	106	10	6	1	102	106	6	4.84e-16	82.4
08765b2a-bf4a-499f-9223-8fc3a3c463f4	NR_024928.1	82.075	106	10	6	1	102	106	6	4.84e-16	82.4
c15a5610-aee1-46e1-84bb-8e64fb0477dd	NR_025934.1	97.297	185	4	1	1	184	1273	1457	3.17e-85	313
c15a5610-aee1-46e1-84bb-8e64fb0477dd	NR_028847.1	95.676	185	7	1	1	184	1235	1419	3.20e-80	296
c15a5610-aee1-46e1-84bb-8e64fb0477dd	NR_104942.1	93.048	187	10	3	1	184	1254	1440	1.94e-72	270
c15a5610-aee1-46e1-84bb-8e64fb0477dd	NR_115810.1	93.048	187	10	3	1	184	1263	1449	1.94e-72	270
c15a5610-aee1-46e1-84bb-8e64fb0477dd	NR_116893.1	92.935	184	10	3	4	184	1245	1428	2.51e-71	267
32a0736b-3ffc-4d86-9215-c3e1dca97e0f	NR_026030.1	96.951	164	3	2	5	167	700	538	1.34e-73	274
32a0736b-3ffc-4d86-9215-c3e1dca97e0f	NR_118142.1	96.951	164	3	2	5	167	696	534	1.34e-73	274
32a0736b-3ffc-4d86-9215-c3e1dca97e0f	NR_118143.1	96.951	164	3	2	5	167	698	536	1.34e-73	274
32a0736b-3ffc-4d86-9215-c3e1dca97e0f	NR_042871.1	96.341	164	4	2	5	167	698	536	1.73e-72	270
32a0736b-3ffc-4d86-9215-c3e1dca97e0f	NR_042878.1	96.341	164	4	2	5	167	696	534	6.23e-72	268
b00a1dad-400e-4a4b-a1af-6538b3001c1b	NR_024659.1	84.302	172	10	14	9	166	596	764	6.55e-37	152
b00a1dad-400e-4a4b-a1af-6538b3001c1b	NR_028664.1	84.302	172	10	14	9	166	636	804	6.55e-37	152
b00a1dad-400e-4a4b-a1af-6538b3001c1b	NR_028665.1	84.302	172	10	14	9	166	630	798	6.55e-37	152
b00a1dad-400e-4a4b-a1af-6538b3001c1b	NR_042927.1	84.302	172	10	14	9	166	615	783	6.55e-37	152
b00a1dad-400e-4a4b-a1af-6538b3001c1b	NR_042928.1	84.302	172	10	14	9	166	613	781	6.55e-37	152
540a6902-46b3-468d-890b-b965419bc009	NR_024901.1	98.462	130	0	2	6	133	136	7	8.30e-60	228
540a6902-46b3-468d-890b-b965419bc009	NR_024911.1	98.462	130	0	2	6	133	136	7	8.30e-60	228
540a6902-46b3-468d-890b-b965419bc009	NR_024912.1	98.462	130	0	2	6	133	136	7	8.30e-60	228
540a6902-46b3-468d-890b-b965419bc009	NR_024928.1	98.462	130	0	2	6	133	136	7	8.30e-60	228
540a6902-46b3-468d-890b-b965419bc009	NR_025174.1	98.462	130	0	2	6	133	131	2	8.30e-60	228
aaa55c3f-5b55-48a7-826c-05b8da76d1db	NR_024901.1	94.340	159	4	5	1	154	172	14	4.68e-63	239
aaa55c3f-5b55-48a7-826c-05b8da76d1db	NR_024912.1	94.340	159	4	5	1	154	172	14	4.68e-63	239
aaa55c3f-5b55-48a7-826c-05b8da76d1db	NR_024928.1	94.340	159	4	5	1	154	172	14	4.68e-63	239
aaa55c3f-5b55-48a7-826c-05b8da76d1db	NR_025164.1	94.340	159	4	5	1	154	159	1	4.68e-63	239
aaa55c3f-5b55-48a7-826c-05b8da76d1db	NR_025586.1	94.340	159	4	5	1	154	167	9	4.68e-63	239
44a1c2dd-167c-4f71-a6df-d3ba0dd9a0ea	NR_024910.1	94.156	154	8	1	2	154	594	441	2.18e-61	233
44a1c2dd-167c-4f71-a6df-d3ba0dd9a0ea	NR_024924.1	94.156	154	8	1	2	154	594	441	2.18e-61	233
44a1c2dd-167c-4f71-a6df-d3ba0dd9a0ea	NR_102854.1	94.156	154	8	1	2	154	603	450	2.18e-61	233
44a1c2dd-167c-4f71-a6df-d3ba0dd9a0ea	NR_112073.1	94.156	154	8	1	2	154	583	430	2.18e-61	233
44a1c2dd-167c-4f71-a6df-d3ba0dd9a0ea	NR_114224.1	94.156	154	8	1	2	154	583	430	2.18e-61	233
65c6e9a5-5245-49a1-b1ec-9ca47ab39908	NR_199543.1	91.906	383	16	11	1	371	1129	1508	1.06e-147	521
65c6e9a5-5245-49a1-b1ec-9ca47ab39908	NR_042771.1	91.864	381	16	10	3	371	1114	1491	1.38e-146	518
65c6e9a5-5245-49a1-b1ec-9ca47ab39908	NR_165737.1	91.864	381	16	10	1	369	1094	1471	1.38e-146	518
65c6e9a5-5245-49a1-b1ec-9ca47ab39908	NR_199956.1	91.864	381	16	10	3	371	1116	1493	1.38e-146	518
65c6e9a5-5245-49a1-b1ec-9ca47ab39908	NR_028664.1	91.645	383	17	10	1	371	1115	1494	4.95e-146	516
91afdffb-02e5-40b1-8632-68c919f31fac	NR_164626.1	94.258	209	5	5	1	202	209	1	3.53e-85	313
91afdffb-02e5-40b1-8632-68c919f31fac	NR_024901.1	94.203	207	5	5	1	200	212	6	4.56e-84	309
91afdffb-02e5-40b1-8632-68c919f31fac	NR_024912.1	94.203	207	5	5	1	200	212	6	4.56e-84	309
91afdffb-02e5-40b1-8632-68c919f31fac	NR_024928.1	94.203	207	5	5	1	200	212	6	4.56e-84	309
91afdffb-02e5-40b1-8632-68c919f31fac	NR_025586.1	94.203	207	5	5	1	200	207	1	4.56e-84	309
b5043c86-d7eb-4157-b405-363321b98402	NR_040859.1	93.243	148	6	4	1	146	1330	1475	7.32e-56	215
b5043c86-d7eb-4157-b405-363321b98402	NR_040992.1	93.243	148	6	4	1	146	1338	1483	7.32e-56	215
b5043c86-d7eb-4157-b405-363321b98402	NR_025881.1	93.243	148	6	4	1	146	1336	1481	7.32e-56	215
b5043c86-d7eb-4157-b405-363321b98402	NR_026395.1	93.243	148	6	4	1	146	1338	1483	7.32e-56	215
b5043c86-d7eb-4157-b405-363321b98402	NR_024662.1	93.243	148	6	4	1	146	1338	1483	7.32e-56	215
a0d304c5-4d48-443a-8faa-aa279a616272	NR_024912.1	94.424	269	9	4	1	264	273	6	5.89e-114	409
a0d304c5-4d48-443a-8faa-aa279a616272	NR_028706.1	94.424	269	9	4	1	264	281	14	5.89e-114	409
a0d304c5-4d48-443a-8faa-aa279a616272	NR_037092.1	94.424	269	9	4	1	264	278	11	5.89e-114	409
a0d304c5-4d48-443a-8faa-aa279a616272	NR_042939.1	94.424	269	9	4	1	264	279	12	5.89e-114	409
a0d304c5-4d48-443a-8faa-aa279a616272	NR_114473.1	94.424	269	9	4	1	264	268	1	5.89e-114	409
e55d2833-c83a-40e6-b233-e1e8f2831ba7	NR_040859.1	96.241	133	4	1	5	136	1343	1475	1.92e-56	217
e55d2833-c83a-40e6-b233-e1e8f2831ba7	NR_028806.1	96.241	133	4	1	5	136	1350	1482	1.92e-56	217
e55d2833-c83a-40e6-b233-e1e8f2831ba7	NR_040992.1	96.241	133	4	1	5	136	1351	1483	1.92e-56	217
e55d2833-c83a-40e6-b233-e1e8f2831ba7	NR_025881.1	96.241	133	4	1	5	136	1349	1481	1.92e-56	217
e55d2833-c83a-40e6-b233-e1e8f2831ba7	NR_026395.1	96.241	133	4	1	5	136	1351	1483	1.92e-56	217
ddee0ee3-0014-4f41-8057-dc96b0594d36	NR_040859.1	96.277	188	4	2	1	186	909	723	5.38e-83	305
ddee0ee3-0014-4f41-8057-dc96b0594d36	NR_025947.1	96.277	188	4	2	1	186	917	731	5.38e-83	305
ddee0ee3-0014-4f41-8057-dc96b0594d36	NR_024662.1	96.277	188	4	2	1	186	917	731	5.38e-83	305
ddee0ee3-0014-4f41-8057-dc96b0594d36	NR_024910.1	96.277	188	4	2	1	186	908	722	5.38e-83	305
ddee0ee3-0014-4f41-8057-dc96b0594d36	NR_024924.1	96.277	188	4	2	1	186	908	722	5.38e-83	305
9563ec9d-868d-4fad-b170-c2cec3d091c6	NR_040859.1	93.478	138	4	4	1	136	1346	1480	1.81e-51	200
9563ec9d-868d-4fad-b170-c2cec3d091c6	NR_040992.1	93.478	138	4	4	1	136	1354	1488	1.81e-51	200
9563ec9d-868d-4fad-b170-c2cec3d091c6	NR_025881.1	93.478	138	4	4	1	136	1352	1486	1.81e-51	200
9563ec9d-868d-4fad-b170-c2cec3d091c6	NR_026395.1	93.478	138	4	4	1	136	1354	1488	1.81e-51	200
9563ec9d-868d-4fad-b170-c2cec3d091c6	NR_024662.1	93.478	138	4	4	1	136	1354	1488	1.81e-51	200
6bcf6d0c-a68e-4cbb-8493-e817758f97f5	NR_040859.1	94.271	192	6	3	1	189	1286	1475	5.65e-78	289
6bcf6d0c-a68e-4cbb-8493-e817758f97f5	NR_040992.1	94.271	192	6	3	1	189	1294	1483	5.65e-78	289
6bcf6d0c-a68e-4cbb-8493-e817758f97f5	NR_025881.1	94.271	192	6	3	1	189	1292	1481	5.65e-78	289
6bcf6d0c-a68e-4cbb-8493-e817758f97f5	NR_026395.1	94.271	192	6	3	1	189	1294	1483	5.65e-78	289
6bcf6d0c-a68e-4cbb-8493-e817758f97f5	NR_024662.1	94.271	192	6	3	1	189	1294	1483	5.65e-78	289
d15885d6-e8ac-4447-b044-f9099bd14181	NR_199513.1	94.098	305	11	5	10	308	657	354	2.48e-128	457
d15885d6-e8ac-4447-b044-f9099bd14181	NR_041953.1	93.770	305	12	5	10	308	630	327	1.15e-126	451
d15885d6-e8ac-4447-b044-f9099bd14181	NR_152710.1	93.770	305	12	5	10	308	611	308	1.15e-126	451
d15885d6-e8ac-4447-b044-f9099bd14181	NR_178447.1	93.770	305	12	5	10	308	564	261	1.15e-126	451
d15885d6-e8ac-4447-b044-f9099bd14181	NR_181014.1	93.770	305	12	5	10	308	630	327	1.15e-126	451
d366c142-3824-4186-95d9-26d1c7ffa0b3	NR_025902.1	97.143	105	0	3	1	102	1419	1315	8.06e-44	174
d366c142-3824-4186-95d9-26d1c7ffa0b3	NR_028844.1	97.143	105	0	3	1	102	1450	1346	8.06e-44	174
d366c142-3824-4186-95d9-26d1c7ffa0b3	NR_040932.1	97.143	105	0	3	1	102	1462	1358	8.06e-44	174
d366c142-3824-4186-95d9-26d1c7ffa0b3	NR_040933.1	97.143	105	0	3	1	102	1463	1359	8.06e-44	174
d366c142-3824-4186-95d9-26d1c7ffa0b3	NR_104944.1	97.143	105	0	3	1	102	1402	1298	8.06e-44	174
cdce77a1-33a4-4c45-a777-b403f14e95c7	NR_044873.1	94.118	153	4	3	10	157	1313	1465	1.01e-59	228
cdce77a1-33a4-4c45-a777-b403f14e95c7	NR_178796.1	94.079	152	5	3	10	157	1321	1472	1.01e-59	228
cdce77a1-33a4-4c45-a777-b403f14e95c7	NR_178939.1	94.079	152	5	3	10	157	1322	1473	1.01e-59	228
cdce77a1-33a4-4c45-a777-b403f14e95c7	NR_042334.1	93.377	151	7	2	10	157	1319	1469	1.70e-57	220
cdce77a1-33a4-4c45-a777-b403f14e95c7	NR_074426.1	93.377	151	7	2	10	157	1312	1462	1.70e-57	220
e88cf02e-0236-4efb-93ce-4d6cb3f4edde	NR_037101.1	97.692	130	2	1	1	129	1344	1473	3.96e-58	222
e88cf02e-0236-4efb-93ce-4d6cb3f4edde	NR_040821.1	97.692	130	2	1	1	129	1344	1473	3.96e-58	222
e88cf02e-0236-4efb-93ce-4d6cb3f4edde	NR_025148.1	97.692	130	2	1	1	129	1364	1493	3.96e-58	222
e88cf02e-0236-4efb-93ce-4d6cb3f4edde	NR_028664.1	97.692	130	2	1	1	129	1365	1494	3.96e-58	222
e88cf02e-0236-4efb-93ce-4d6cb3f4edde	NR_028666.1	97.692	130	2	1	1	129	1368	1497	3.96e-58	222
1b143a9b-5cbb-4051-bb6e-0ccaa0cc3bde	NR_024912.1	98.431	255	2	2	1	253	260	6	1.19e-125	448
1b143a9b-5cbb-4051-bb6e-0ccaa0cc3bde	NR_028706.1	98.431	255	2	2	1	253	268	14	1.19e-125	448
1b143a9b-5cbb-4051-bb6e-0ccaa0cc3bde	NR_037092.1	98.431	255	2	2	1	253	265	11	1.19e-125	448
1b143a9b-5cbb-4051-bb6e-0ccaa0cc3bde	NR_042939.1	98.431	255	2	2	1	253	266	12	1.19e-125	448
1b143a9b-5cbb-4051-bb6e-0ccaa0cc3bde	NR_114473.1	98.431	255	2	2	1	253	255	1	1.19e-125	448
ea5ec875-0065-4073-bd23-77a1973de6ed	NR_025893.1	93.960	149	5	4	1	147	430	284	4.24e-58	222
ea5ec875-0065-4073-bd23-77a1973de6ed	NR_025902.1	93.960	149	5	4	1	147	384	238	4.24e-58	222
ea5ec875-0065-4073-bd23-77a1973de6ed	NR_028900.1	93.960	149	5	4	1	147	364	218	4.24e-58	222
ea5ec875-0065-4073-bd23-77a1973de6ed	NR_041821.1	93.960	149	5	4	1	147	407	261	4.24e-58	222
ea5ec875-0065-4073-bd23-77a1973de6ed	NR_043459.1	93.960	149	5	4	1	147	428	282	4.24e-58	222
39ca87cf-f081-4761-bb3f-0673a78f45db	NR_112025.1	98.802	167	2	0	1	167	469	635	2.26e-81	300
39ca87cf-f081-4761-bb3f-0673a78f45db	NR_028664.1	98.802	167	2	0	1	167	472	638	8.11e-81	298
39ca87cf-f081-4761-bb3f-0673a78f45db	NR_028666.1	98.802	167	2	0	1	167	475	641	8.11e-81	298
39ca87cf-f081-4761-bb3f-0673a78f45db	NR_042771.1	98.802	167	2	0	1	167	469	635	8.11e-81	298
39ca87cf-f081-4761-bb3f-0673a78f45db	NR_042927.1	98.802	167	2	0	1	167	451	617	8.11e-81	298
047ca5e2-e101-4c7e-98d4-4096fe1f6e1a	NR_043314.1	93.991	233	6	7	1	227	1168	1398	4.00e-95	346
047ca5e2-e101-4c7e-98d4-4096fe1f6e1a	NR_114225.1	93.991	233	6	7	1	227	1150	1380	4.00e-95	346
047ca5e2-e101-4c7e-98d4-4096fe1f6e1a	NR_116905.1	93.991	233	6	7	1	227	1171	1401	4.00e-95	346
047ca5e2-e101-4c7e-98d4-4096fe1f6e1a	NR_114749.1	93.991	233	6	7	1	227	1170	1400	4.00e-95	346
047ca5e2-e101-4c7e-98d4-4096fe1f6e1a	NR_116899.1	93.991	233	6	7	1	227	1137	1367	4.00e-95	346
50162201-9e3e-4cb0-8573-7b58af4b1ad1	NR_041879.1	95.257	253	9	3	1	250	231	483	1.21e-110	398
50162201-9e3e-4cb0-8573-7b58af4b1ad1	NR_042940.1	95.257	253	9	3	1	250	186	438	1.21e-110	398
50162201-9e3e-4cb0-8573-7b58af4b1ad1	NR_113570.1	95.257	253	9	3	1	250	281	533	1.21e-110	398
50162201-9e3e-4cb0-8573-7b58af4b1ad1	NR_115355.1	95.257	253	9	3	1	250	274	526	1.21e-110	398
50162201-9e3e-4cb0-8573-7b58af4b1ad1	NR_179325.1	95.257	253	9	3	1	250	248	500	1.21e-110	398
cb01a906-94d2-4e36-93ec-9b916c1ea34b	NR_115608.1	92.657	286	11	9	1	279	1164	1446	8.06e-113	405
cb01a906-94d2-4e36-93ec-9b916c1ea34b	NR_043314.1	92.657	286	11	8	1	279	1203	1485	2.90e-112	403
cb01a906-94d2-4e36-93ec-9b916c1ea34b	NR_114749.1	92.657	286	11	8	1	279	1205	1487	2.90e-112	403
cb01a906-94d2-4e36-93ec-9b916c1ea34b	NR_116899.1	92.657	286	11	8	1	279	1172	1454	2.90e-112	403
cb01a906-94d2-4e36-93ec-9b916c1ea34b	NR_178854.1	92.657	286	11	8	1	279	1184	1466	2.90e-112	403
396fc0b4-1d3b-4de4-b85a-d7bcb5e0b88b	NR_040859.1	92.381	210	4	10	1	198	1270	1479	5.81e-78	289
396fc0b4-1d3b-4de4-b85a-d7bcb5e0b88b	NR_040992.1	92.381	210	4	10	1	198	1278	1487	5.81e-78	289
396fc0b4-1d3b-4de4-b85a-d7bcb5e0b88b	NR_025881.1	92.381	210	4	10	1	198	1276	1485	5.81e-78	289
396fc0b4-1d3b-4de4-b85a-d7bcb5e0b88b	NR_026395.1	92.381	210	4	10	1	198	1278	1487	5.81e-78	289
396fc0b4-1d3b-4de4-b85a-d7bcb5e0b88b	NR_024662.1	92.381	210	4	10	1	198	1278	1487	5.81e-78	289
e2330477-17b5-4f5d-8e7c-6bdd006b0b06	NR_042267.1	87.107	318	27	11	1	305	455	139	1.56e-95	348
e2330477-17b5-4f5d-8e7c-6bdd006b0b06	NR_115236.1	87.107	318	27	11	1	305	469	153	1.56e-95	348
e2330477-17b5-4f5d-8e7c-6bdd006b0b06	NR_180186.1	87.107	318	27	11	1	305	437	121	1.56e-95	348
e2330477-17b5-4f5d-8e7c-6bdd006b0b06	NR_113592.1	86.792	318	28	11	1	305	449	133	5.59e-95	346
e2330477-17b5-4f5d-8e7c-6bdd006b0b06	NR_115201.1	86.792	318	28	11	1	305	455	139	2.01e-94	344
48dd217f-cd98-4f3f-94ad-6afcb371ae51	NR_040859.1	92.105	114	7	2	1	113	1363	1475	2.66e-39	159
48dd217f-cd98-4f3f-94ad-6afcb371ae51	NR_028806.1	92.105	114	7	2	1	113	1370	1482	2.66e-39	159
48dd217f-cd98-4f3f-94ad-6afcb371ae51	NR_040992.1	92.105	114	7	2	1	113	1371	1483	2.66e-39	159
48dd217f-cd98-4f3f-94ad-6afcb371ae51	NR_025881.1	92.105	114	7	2	1	113	1369	1481	2.66e-39	159
48dd217f-cd98-4f3f-94ad-6afcb371ae51	NR_025943.1	92.105	114	7	2	1	113	1377	1489	2.66e-39	159
2c7503c0-71d6-4879-8b5e-8c45fbd121f7	NR_181875.1	96.377	276	6	3	1	272	810	535	1.01e-126	451
2c7503c0-71d6-4879-8b5e-8c45fbd121f7	NR_024951.1	96.014	276	7	3	1	272	815	540	4.71e-125	446
2c7503c0-71d6-4879-8b5e-8c45fbd121f7	NR_029042.2	96.014	276	7	3	1	272	819	544	4.71e-125	446
2c7503c0-71d6-4879-8b5e-8c45fbd121f7	NR_178342.1	96.014	276	7	3	1	272	799	524	4.71e-125	446
2c7503c0-71d6-4879-8b5e-8c45fbd121f7	NR_178482.1	96.014	276	7	3	1	272	789	514	4.71e-125	446
29551bd6-f440-44c3-8224-a80ecab7b8a1	NR_024659.1	95.238	168	2	6	4	167	608	773	1.05e-69	261
29551bd6-f440-44c3-8224-a80ecab7b8a1	NR_028664.1	95.238	168	2	6	4	167	648	813	1.05e-69	261
29551bd6-f440-44c3-8224-a80ecab7b8a1	NR_042927.1	95.238	168	2	6	4	167	627	792	1.05e-69	261
29551bd6-f440-44c3-8224-a80ecab7b8a1	NR_042928.1	95.238	168	2	6	4	167	625	790	1.05e-69	261
29551bd6-f440-44c3-8224-a80ecab7b8a1	NR_114413.1	95.238	168	2	6	4	167	650	815	1.05e-69	261
582cfa2a-1cbd-4b27-9137-8e401baea31e	NR_025550.1	97.222	144	2	2	9	151	854	996	3.38e-64	243
582cfa2a-1cbd-4b27-9137-8e401baea31e	NR_043195.1	97.222	144	2	2	9	151	870	1012	3.38e-64	243
582cfa2a-1cbd-4b27-9137-8e401baea31e	NR_042147.1	97.222	144	2	2	9	151	852	994	3.38e-64	243
582cfa2a-1cbd-4b27-9137-8e401baea31e	NR_137215.1	97.222	144	2	2	9	151	859	1001	3.38e-64	243
582cfa2a-1cbd-4b27-9137-8e401baea31e	NR_197749.1	97.222	144	2	2	9	151	874	1016	3.38e-64	243
e883326e-0287-487e-97cc-97f5970d38b8	NR_025902.1	98.193	166	3	0	1	166	438	603	1.38e-78	291
e883326e-0287-487e-97cc-97f5970d38b8	NR_028900.1	98.193	166	3	0	1	166	418	583	1.38e-78	291
e883326e-0287-487e-97cc-97f5970d38b8	NR_121687.1	98.193	166	3	0	1	166	480	645	1.38e-78	291
e883326e-0287-487e-97cc-97f5970d38b8	NR_041989.1	98.193	166	3	0	1	166	418	583	1.38e-78	291
e883326e-0287-487e-97cc-97f5970d38b8	NR_116766.1	98.193	166	3	0	1	166	460	625	1.38e-78	291
38698e59-dd13-4236-8f7b-1293f56564ae	NR_025902.1	96.023	176	1	5	1	171	1271	1445	8.39e-76	281
38698e59-dd13-4236-8f7b-1293f56564ae	NR_028844.1	96.023	176	1	5	1	171	1302	1476	8.39e-76	281
38698e59-dd13-4236-8f7b-1293f56564ae	NR_040933.1	96.023	176	1	5	1	171	1315	1489	8.39e-76	281
38698e59-dd13-4236-8f7b-1293f56564ae	NR_117717.1	96.023	176	1	5	1	171	1313	1487	8.39e-76	281
38698e59-dd13-4236-8f7b-1293f56564ae	NR_121688.1	96.023	176	1	5	1	171	1313	1487	8.39e-76	281
56115d68-5d0a-42a2-84b9-240f8498db9b	NR_028826.1	98.485	132	2	0	1	132	1377	1246	1.86e-61	233
56115d68-5d0a-42a2-84b9-240f8498db9b	NR_024911.1	98.485	132	2	0	1	132	1387	1256	1.86e-61	233
56115d68-5d0a-42a2-84b9-240f8498db9b	NR_024918.1	98.485	132	2	0	1	132	1387	1256	1.86e-61	233
56115d68-5d0a-42a2-84b9-240f8498db9b	NR_025164.1	98.485	132	2	0	1	132	1374	1243	1.86e-61	233
56115d68-5d0a-42a2-84b9-240f8498db9b	NR_025174.1	98.485	132	2	0	1	132	1380	1249	1.86e-61	233
a0ba8a7a-132e-439e-aa6c-635c6fcb26ed	NR_042928.1	97.030	202	4	2	5	204	202	1	6.18e-93	339
a0ba8a7a-132e-439e-aa6c-635c6fcb26ed	NR_179385.1	95.215	209	8	2	5	211	226	18	3.72e-90	329
a0ba8a7a-132e-439e-aa6c-635c6fcb26ed	NR_199545.1	95.215	209	8	2	5	211	222	14	3.72e-90	329
a0ba8a7a-132e-439e-aa6c-635c6fcb26ed	NR_165741.1	94.737	209	9	2	5	211	211	3	1.73e-88	324
a0ba8a7a-132e-439e-aa6c-635c6fcb26ed	NR_028664.1	94.258	209	10	2	5	211	225	17	8.05e-87	318
b1b5784b-29a6-44c1-a7e5-d1732af2dd01	NR_036936.1	98.824	85	0	1	1	84	494	410	1.08e-36	150
b1b5784b-29a6-44c1-a7e5-d1732af2dd01	NR_028664.1	98.824	85	0	1	1	84	515	431	1.08e-36	150
b1b5784b-29a6-44c1-a7e5-d1732af2dd01	NR_028665.1	98.824	85	0	1	1	84	509	425	1.08e-36	150
b1b5784b-29a6-44c1-a7e5-d1732af2dd01	NR_042771.1	98.824	85	0	1	1	84	512	428	1.08e-36	150
b1b5784b-29a6-44c1-a7e5-d1732af2dd01	NR_042927.1	98.824	85	0	1	1	84	494	410	1.08e-36	150
e8be4f96-fdbf-4a26-9e5b-2dc1a9a77c21	NR_036936.1	95.872	654	11	13	3	646	824	1471	0.0	1044
e8be4f96-fdbf-4a26-9e5b-2dc1a9a77c21	NR_165737.1	95.872	654	11	13	3	646	824	1471	0.0	1044
e8be4f96-fdbf-4a26-9e5b-2dc1a9a77c21	NR_199974.1	95.475	663	14	13	3	655	851	1507	0.0	1044
e8be4f96-fdbf-4a26-9e5b-2dc1a9a77c21	NR_024842.1	95.475	663	13	13	3	655	839	1494	0.0	1042
e8be4f96-fdbf-4a26-9e5b-2dc1a9a77c21	NR_028664.1	95.725	655	12	12	11	655	853	1501	0.0	1040
748ab2f2-e274-4069-afa3-60c4d2e18746	NR_024912.1	89.042	1013	83	20	15	1007	1010	6	0.0	1230
748ab2f2-e274-4069-afa3-60c4d2e18746	NR_042147.1	89.055	1005	82	20	15	999	997	1	0.0	1221
748ab2f2-e274-4069-afa3-60c4d2e18746	NR_024928.1	89.490	980	77	19	46	1007	977	6	0.0	1216
748ab2f2-e274-4069-afa3-60c4d2e18746	NR_024901.1	89.388	980	78	19	46	1007	977	6	0.0	1210
748ab2f2-e274-4069-afa3-60c4d2e18746	NR_156986.1	89.399	981	76	21	46	1007	972	1	0.0	1210
8d602716-8cba-422b-b504-5d60fd4acd29	NR_043314.1	93.103	319	11	9	1	313	1168	1481	2.51e-128	457
8d602716-8cba-422b-b504-5d60fd4acd29	NR_114749.1	93.103	319	11	9	1	313	1170	1483	2.51e-128	457
8d602716-8cba-422b-b504-5d60fd4acd29	NR_116899.1	93.103	319	11	9	1	313	1137	1450	2.51e-128	457
8d602716-8cba-422b-b504-5d60fd4acd29	NR_178854.1	93.103	319	11	9	1	313	1149	1462	2.51e-128	457
8d602716-8cba-422b-b504-5d60fd4acd29	NR_179889.1	93.103	319	11	9	1	313	1177	1490	2.51e-128	457
f2ae02f3-c194-4688-a388-ab832ddc5e12	NR_024912.1	96.000	475	6	10	14	482	473	6	0.0	760
f2ae02f3-c194-4688-a388-ab832ddc5e12	NR_156986.1	96.000	475	6	10	14	482	468	1	0.0	760
f2ae02f3-c194-4688-a388-ab832ddc5e12	NR_024901.1	95.789	475	7	10	14	482	473	6	0.0	754
f2ae02f3-c194-4688-a388-ab832ddc5e12	NR_024928.1	95.789	475	7	10	14	482	473	6	0.0	754
f2ae02f3-c194-4688-a388-ab832ddc5e12	NR_037092.1	95.781	474	8	10	14	482	477	11	0.0	754
b14c6210-207f-444c-b8f3-e1d0387f3694	NR_043314.1	94.640	653	18	16	2	649	841	1481	0.0	996
b14c6210-207f-444c-b8f3-e1d0387f3694	NR_116899.1	94.640	653	18	16	2	649	810	1450	0.0	996
b14c6210-207f-444c-b8f3-e1d0387f3694	NR_178854.1	94.640	653	18	16	2	649	822	1462	0.0	996
b14c6210-207f-444c-b8f3-e1d0387f3694	NR_179889.1	94.640	653	18	16	2	649	850	1490	0.0	996
b14c6210-207f-444c-b8f3-e1d0387f3694	NR_041799.1	94.487	653	19	16	2	649	823	1463	0.0	990
ffeb1728-7fff-4a56-b766-bfa94f0fd9c3	NR_137215.1	91.667	384	18	11	1	372	848	1229	3.90e-147	520
ffeb1728-7fff-4a56-b766-bfa94f0fd9c3	NR_025174.1	91.645	383	18	11	1	372	849	1228	1.40e-146	518
ffeb1728-7fff-4a56-b766-bfa94f0fd9c3	NR_025550.1	91.406	384	19	11	1	372	843	1224	1.82e-145	514
ffeb1728-7fff-4a56-b766-bfa94f0fd9c3	NR_042147.1	91.406	384	19	11	1	372	841	1222	1.82e-145	514
ffeb1728-7fff-4a56-b766-bfa94f0fd9c3	NR_043195.1	91.146	384	20	11	1	372	859	1240	2.35e-144	510
b59a06c7-3ad7-4316-8347-e2cb271cf44d	NR_024901.1	96.259	802	14	14	9	801	800	6	0.0	1301
b59a06c7-3ad7-4316-8347-e2cb271cf44d	NR_024928.1	96.259	802	14	14	9	801	800	6	0.0	1301
b59a06c7-3ad7-4316-8347-e2cb271cf44d	NR_156986.1	96.259	802	14	14	9	801	795	1	0.0	1301
b59a06c7-3ad7-4316-8347-e2cb271cf44d	NR_156987.1	96.135	802	15	14	9	801	795	1	0.0	1295
b59a06c7-3ad7-4316-8347-e2cb271cf44d	NR_199513.1	96.130	801	17	12	9	801	814	20	0.0	1295
44628418-2df4-49fb-b7c8-7f4c95b5c7bb	NR_118998.1	92.562	847	41	18	1	834	660	1497	0.0	1195
44628418-2df4-49fb-b7c8-7f4c95b5c7bb	NR_118937.1	92.426	779	38	17	1	765	563	1334	0.0	1109
44628418-2df4-49fb-b7c8-7f4c95b5c7bb	NR_040789.1	90.459	849	53	25	1	834	671	1506	0.0	1094
44628418-2df4-49fb-b7c8-7f4c95b5c7bb	NR_118941.1	90.746	778	53	15	1	765	563	1334	0.0	1062
44628418-2df4-49fb-b7c8-7f4c95b5c7bb	NR_118935.1	90.979	776	51	17	1	763	563	1332	0.0	1061
600d86be-7b02-47c7-9f88-3b763a216556	NR_117719.1	94.489	617	19	12	2	607	625	13	0.0	937
600d86be-7b02-47c7-9f88-3b763a216556	NR_175455.1	94.309	615	20	12	2	605	613	3	0.0	928
600d86be-7b02-47c7-9f88-3b763a216556	NR_036936.1	94.426	610	19	13	2	599	607	1	0.0	926
600d86be-7b02-47c7-9f88-3b763a216556	NR_042928.1	94.089	609	21	12	2	599	605	1	0.0	911
600d86be-7b02-47c7-9f88-3b763a216556	NR_118234.1	93.559	621	23	16	2	609	624	8	0.0	909
ca0610eb-2876-4927-97b9-fede53c02310	NR_115354.1	98.723	235	2	1	10	244	1253	1486	3.23e-116	416
ca0610eb-2876-4927-97b9-fede53c02310	NR_115355.1	98.723	235	2	1	10	244	1253	1486	3.23e-116	416
ca0610eb-2876-4927-97b9-fede53c02310	NR_163639.1	98.723	235	2	1	10	244	1268	1501	3.23e-116	416
ca0610eb-2876-4927-97b9-fede53c02310	NR_179325.1	98.723	235	2	1	10	244	1227	1460	3.23e-116	416
ca0610eb-2876-4927-97b9-fede53c02310	NR_043332.1	98.298	235	3	1	10	244	1253	1486	1.50e-114	411
fd8a47c7-8217-429f-8bc3-6c3edac69507	NR_165737.1	95.763	354	4	9	13	357	352	1	2.19e-159	560
fd8a47c7-8217-429f-8bc3-6c3edac69507	NR_178515.1	95.763	354	4	10	13	357	352	1	2.19e-159	560
fd8a47c7-8217-429f-8bc3-6c3edac69507	NR_114413.1	93.646	362	12	10	13	365	375	16	1.71e-150	531
fd8a47c7-8217-429f-8bc3-6c3edac69507	NR_042927.1	93.503	354	12	10	13	357	352	1	4.80e-146	516
fd8a47c7-8217-429f-8bc3-6c3edac69507	NR_024842.1	92.837	363	13	12	13	365	367	8	1.73e-145	514
d7e2d536-8a93-4d7a-8232-8ecf02264773	NR_043314.1	97.513	563	12	2	32	594	920	1480	0.0	961
d7e2d536-8a93-4d7a-8232-8ecf02264773	NR_116899.1	97.513	563	12	2	32	594	889	1449	0.0	961
d7e2d536-8a93-4d7a-8232-8ecf02264773	NR_178854.1	97.513	563	12	2	32	594	901	1461	0.0	961
d7e2d536-8a93-4d7a-8232-8ecf02264773	NR_179889.1	97.513	563	12	2	32	594	929	1489	0.0	961
d7e2d536-8a93-4d7a-8232-8ecf02264773	NR_041799.1	97.336	563	13	2	32	594	902	1462	0.0	955
1db329ab-33ea-49a3-b330-be14ba422e06	NR_117694.1	95.647	873	21	11	1	863	602	1467	0.0	1386
1db329ab-33ea-49a3-b330-be14ba422e06	NR_025892.1	95.612	866	21	11	2	857	628	1486	0.0	1378
1db329ab-33ea-49a3-b330-be14ba422e06	NR_121687.1	95.189	873	25	11	1	863	622	1487	0.0	1363
1db329ab-33ea-49a3-b330-be14ba422e06	NR_117692.1	95.189	873	25	11	1	863	602	1467	0.0	1363
1db329ab-33ea-49a3-b330-be14ba422e06	NR_025902.1	95.074	873	26	13	1	863	580	1445	0.0	1358
d4f3ea83-d2e0-4dd7-b8b8-31ecf6d83f99	NR_117694.1	97.898	666	8	6	1	661	665	1	0.0	1147
d4f3ea83-d2e0-4dd7-b8b8-31ecf6d83f99	NR_025892.1	95.704	675	22	7	1	670	690	18	0.0	1098
d4f3ea83-d2e0-4dd7-b8b8-31ecf6d83f99	NR_121687.1	96.154	676	18	8	1	670	685	12	0.0	1098
d4f3ea83-d2e0-4dd7-b8b8-31ecf6d83f99	NR_117692.1	95.509	668	20	9	1	661	665	1	0.0	1059
d4f3ea83-d2e0-4dd7-b8b8-31ecf6d83f99	NR_026079.2	94.379	676	30	8	1	670	692	19	0.0	1031
cdbc258b-fe2c-4b68-94a1-f64ba02fd02b	NR_025892.1	95.489	266	6	6	1	261	1403	1139	2.72e-117	420
cdbc258b-fe2c-4b68-94a1-f64ba02fd02b	NR_043459.1	95.489	266	6	5	1	261	1402	1138	2.72e-117	420
cdbc258b-fe2c-4b68-94a1-f64ba02fd02b	NR_040933.1	95.489	266	6	6	1	261	1400	1136	2.72e-117	420
cdbc258b-fe2c-4b68-94a1-f64ba02fd02b	NR_041988.1	95.489	266	6	6	1	261	1336	1072	2.72e-117	420
cdbc258b-fe2c-4b68-94a1-f64ba02fd02b	NR_104947.1	95.489	266	6	6	1	261	1351	1087	2.72e-117	420
79cb6231-8d45-4882-a6f1-f5e3c1bed576	NR_025892.1	95.254	295	9	5	1	292	924	632	4.99e-130	462
79cb6231-8d45-4882-a6f1-f5e3c1bed576	NR_042976.1	95.254	295	9	5	1	292	907	615	4.99e-130	462
79cb6231-8d45-4882-a6f1-f5e3c1bed576	NR_118697.1	95.254	295	9	5	1	292	922	630	4.99e-130	462
79cb6231-8d45-4882-a6f1-f5e3c1bed576	NR_041989.1	95.254	295	9	5	1	292	857	565	4.99e-130	462
79cb6231-8d45-4882-a6f1-f5e3c1bed576	NR_117694.1	95.254	295	9	5	1	292	899	607	4.99e-130	462
54bfde0d-8b8a-4972-8a82-767b3e3b0a7a	NR_181730.1	96.237	691	18	5	1	686	782	1469	0.0	1125
54bfde0d-8b8a-4972-8a82-767b3e3b0a7a	NR_041799.1	96.093	691	19	5	1	686	776	1463	0.0	1120
54bfde0d-8b8a-4972-8a82-767b3e3b0a7a	NR_117823.1	96.093	691	19	5	1	686	748	1435	0.0	1120
54bfde0d-8b8a-4972-8a82-767b3e3b0a7a	NR_180078.1	96.093	691	19	5	1	686	796	1483	0.0	1120
54bfde0d-8b8a-4972-8a82-767b3e3b0a7a	NR_181265.1	96.093	691	19	5	1	686	803	1490	0.0	1120
c5a9de2e-a6e0-4e27-8114-3c5ad3eefee6	NR_043464.1	91.848	552	21	19	1	537	567	1109	0.0	750
c5a9de2e-a6e0-4e27-8114-3c5ad3eefee6	NR_181682.1	90.580	552	28	18	1	537	591	1133	0.0	710
c5a9de2e-a6e0-4e27-8114-3c5ad3eefee6	NR_179273.1	88.929	551	38	18	1	537	571	1112	0.0	658
c5a9de2e-a6e0-4e27-8114-3c5ad3eefee6	NR_043062.1	88.043	552	41	20	1	537	571	1112	2.46e-180	630
c5a9de2e-a6e0-4e27-8114-3c5ad3eefee6	NR_043063.1	88.043	552	41	20	1	537	571	1112	2.46e-180	630
779fa668-d843-4638-a59e-98665eea88e9	NR_024918.1	98.077	468	6	3	16	480	1012	1479	0.0	811
779fa668-d843-4638-a59e-98665eea88e9	NR_028986.1	98.077	468	6	3	16	480	999	1466	0.0	811
779fa668-d843-4638-a59e-98665eea88e9	NR_042199.1	98.077	468	6	3	16	480	999	1466	0.0	811
779fa668-d843-4638-a59e-98665eea88e9	NR_117821.1	98.077	468	6	3	16	480	971	1438	0.0	811
779fa668-d843-4638-a59e-98665eea88e9	NR_164626.1	98.077	468	6	3	16	480	1009	1476	0.0	811
7702a065-5d83-49f5-8bc4-8a8565383f41	NR_025862.1	93.279	610	22	16	1	598	616	14	0.0	889
7702a065-5d83-49f5-8bc4-8a8565383f41	NR_028682.1	91.489	611	32	17	1	598	617	14	0.0	822
7702a065-5d83-49f5-8bc4-8a8565383f41	NR_026454.1	87.919	596	47	22	4	580	590	1	0.0	678
7702a065-5d83-49f5-8bc4-8a8565383f41	NR_042406.1	85.390	616	56	24	1	591	607	1	1.29e-173	608
7702a065-5d83-49f5-8bc4-8a8565383f41	NR_181559.1	84.960	625	56	25	1	598	614	1	7.78e-171	599
b788fe02-1b25-4b15-be09-39fc8843dccb	NR_024912.1	95.181	332	4	6	5	328	340	13	1.56e-145	514
b788fe02-1b25-4b15-be09-39fc8843dccb	NR_028706.1	95.181	332	4	6	5	328	348	21	1.56e-145	514
b788fe02-1b25-4b15-be09-39fc8843dccb	NR_037092.1	95.181	332	4	6	5	328	345	18	1.56e-145	514
b788fe02-1b25-4b15-be09-39fc8843dccb	NR_042939.1	95.181	332	4	6	5	328	346	19	1.56e-145	514
b788fe02-1b25-4b15-be09-39fc8843dccb	NR_114473.1	95.181	332	4	6	5	328	335	8	1.56e-145	514
d1b7be2c-7a49-4e72-8999-f0cd19924c51	NR_024928.1	96.029	1259	23	22	3	1242	1254	4	0.0	2023
d1b7be2c-7a49-4e72-8999-f0cd19924c51	NR_156986.1	96.099	1256	22	22	3	1239	1249	2	0.0	2023
d1b7be2c-7a49-4e72-8999-f0cd19924c51	NR_024901.1	95.949	1259	24	22	3	1242	1254	4	0.0	2017
d1b7be2c-7a49-4e72-8999-f0cd19924c51	NR_156987.1	96.019	1256	23	22	3	1239	1249	2	0.0	2017
d1b7be2c-7a49-4e72-8999-f0cd19924c51	NR_199513.1	96.016	1255	25	20	3	1239	1268	21	0.0	2017
cc3a54e3-6c4b-43e1-8bcc-1b860aa4e4a4	NR_156986.1	97.472	1147	15	12	1	1139	1141	1	0.0	1945
cc3a54e3-6c4b-43e1-8bcc-1b860aa4e4a4	NR_024928.1	97.384	1147	16	12	1	1139	1146	6	0.0	1940
cc3a54e3-6c4b-43e1-8bcc-1b860aa4e4a4	NR_156987.1	97.384	1147	16	12	1	1139	1141	1	0.0	1940
cc3a54e3-6c4b-43e1-8bcc-1b860aa4e4a4	NR_199514.1	97.384	1147	16	12	1	1139	1153	13	0.0	1940
cc3a54e3-6c4b-43e1-8bcc-1b860aa4e4a4	NR_199513.1	97.297	1147	19	10	1	1140	1160	19	0.0	1936
9ec80ee3-944e-4449-a887-e2ea006fc729	NR_118155.1	97.642	509	6	5	1	504	1225	718	0.0	869
9ec80ee3-944e-4449-a887-e2ea006fc729	NR_180078.1	97.647	510	4	6	1	504	1222	715	0.0	869
9ec80ee3-944e-4449-a887-e2ea006fc729	NR_169411.1	97.451	510	5	6	1	504	1222	715	0.0	863
9ec80ee3-944e-4449-a887-e2ea006fc729	NR_179168.1	97.451	510	5	6	1	504	1225	718	0.0	863
9ec80ee3-944e-4449-a887-e2ea006fc729	NR_180737.1	97.451	510	5	6	1	504	1203	696	0.0	863
888150a0-6251-4a94-816b-6e16e92f2575	NR_026419.1	94.595	666	20	13	1	650	666	1	0.0	1016
888150a0-6251-4a94-816b-6e16e92f2575	NR_025903.1	93.165	673	31	12	1	658	678	6	0.0	974
888150a0-6251-4a94-816b-6e16e92f2575	NR_025904.1	92.148	675	34	15	1	658	677	5	0.0	935
888150a0-6251-4a94-816b-6e16e92f2575	NR_133753.1	93.164	629	29	11	1	615	632	4	0.0	911
888150a0-6251-4a94-816b-6e16e92f2575	NR_133752.1	92.537	603	31	11	1	589	603	1	0.0	852
e0d0ba74-2083-4baf-b13a-144bfaccd76d	NR_178976.1	95.340	1352	37	21	1	1340	1338	1	0.0	2126
e0d0ba74-2083-4baf-b13a-144bfaccd76d	NR_156986.1	95.270	1353	38	21	1	1341	1347	9	0.0	2121
e0d0ba74-2083-4baf-b13a-144bfaccd76d	NR_024928.1	95.196	1353	39	21	1	1341	1352	14	0.0	2117
e0d0ba74-2083-4baf-b13a-144bfaccd76d	NR_113600.1	95.196	1353	39	21	1	1341	1339	1	0.0	2117
e0d0ba74-2083-4baf-b13a-144bfaccd76d	NR_042147.1	95.196	1353	39	21	1	1341	1339	1	0.0	2115
cf29b906-7960-4c0b-8871-d08d66596fd7	NR_116992.1	94.240	1302	48	23	110	1394	1292	1	0.0	1964
cf29b906-7960-4c0b-8871-d08d66596fd7	NR_179392.1	93.309	1345	56	29	110	1434	1344	14	0.0	1954
cf29b906-7960-4c0b-8871-d08d66596fd7	NR_169334.1	93.234	1345	57	29	110	1434	1346	16	0.0	1949
cf29b906-7960-4c0b-8871-d08d66596fd7	NR_042451.1	93.114	1336	63	25	110	1428	1324	1	0.0	1930
cf29b906-7960-4c0b-8871-d08d66596fd7	NR_037000.1	93.049	1338	60	28	110	1428	1324	1	0.0	1925
696d3933-e72f-4c48-8a64-31da3cfc3ca9	NR_024912.1	96.627	504	7	10	1	495	508	6	0.0	828
696d3933-e72f-4c48-8a64-31da3cfc3ca9	NR_156986.1	96.627	504	7	10	1	495	503	1	0.0	828
696d3933-e72f-4c48-8a64-31da3cfc3ca9	NR_037092.1	96.620	503	8	9	1	495	512	11	0.0	826
696d3933-e72f-4c48-8a64-31da3cfc3ca9	NR_024901.1	96.429	504	8	10	1	495	508	6	0.0	822
696d3933-e72f-4c48-8a64-31da3cfc3ca9	NR_024928.1	96.429	504	8	10	1	495	508	6	0.0	822
dee682c9-ba99-49d1-abf2-d3c040d99d08	NR_156986.1	91.159	656	23	30	5	634	655	9	0.0	857
dee682c9-ba99-49d1-abf2-d3c040d99d08	NR_178976.1	91.145	655	23	30	5	633	646	1	0.0	856
dee682c9-ba99-49d1-abf2-d3c040d99d08	NR_024901.1	90.705	667	25	32	5	644	660	4	0.0	854
dee682c9-ba99-49d1-abf2-d3c040d99d08	NR_024912.1	90.705	667	25	32	5	644	660	4	0.0	854
dee682c9-ba99-49d1-abf2-d3c040d99d08	NR_024928.1	90.705	667	25	32	5	644	660	4	0.0	854
f5195b07-6344-45bf-adf5-f60ad471c8b7	NR_041989.1	90.000	730	40	25	1	712	619	1333	0.0	913
f5195b07-6344-45bf-adf5-f60ad471c8b7	NR_117694.1	89.863	730	41	25	1	712	661	1375	0.0	907
f5195b07-6344-45bf-adf5-f60ad471c8b7	NR_178369.1	89.726	730	42	25	1	712	632	1346	0.0	902
f5195b07-6344-45bf-adf5-f60ad471c8b7	NR_025892.1	89.452	730	44	25	1	712	686	1400	0.0	896
f5195b07-6344-45bf-adf5-f60ad471c8b7	NR_028900.1	89.452	730	44	25	1	712	619	1333	0.0	891
3ff51bed-201f-4c37-91ff-686902b222e8	NR_136788.1	92.541	791	36	20	1	773	691	1476	0.0	1112
3ff51bed-201f-4c37-91ff-686902b222e8	NR_026230.1	90.152	792	53	22	1	773	669	1454	0.0	1013
3ff51bed-201f-4c37-91ff-686902b222e8	NR_113082.1	90.104	768	50	23	1	749	691	1451	0.0	974
3ff51bed-201f-4c37-91ff-686902b222e8	NR_136443.1	86.658	787	73	27	1	765	653	1429	0.0	843
3ff51bed-201f-4c37-91ff-686902b222e8	NR_152035.1	84.894	801	80	36	1	773	692	1479	0.0	771
2ffb70d3-b1fa-40f2-b77f-063fdf0b05f2	NR_117694.1	92.563	1116	41	34	1	1088	1102	1	0.0	1563
2ffb70d3-b1fa-40f2-b77f-063fdf0b05f2	NR_121687.1	91.704	1121	53	34	1	1094	1122	15	0.0	1519
2ffb70d3-b1fa-40f2-b77f-063fdf0b05f2	NR_025892.1	91.087	1122	57	36	1	1094	1127	21	0.0	1500
2ffb70d3-b1fa-40f2-b77f-063fdf0b05f2	NR_117692.1	91.211	1115	58	33	1	1088	1102	1	0.0	1480
2ffb70d3-b1fa-40f2-b77f-063fdf0b05f2	NR_041988.1	91.503	1071	54	32	1	1047	1060	3	0.0	1439
75983672-df0e-4c89-a213-1c85271e3388	NR_041799.1	94.135	989	29	25	1	975	493	1466	0.0	1478
75983672-df0e-4c89-a213-1c85271e3388	NR_116899.1	94.135	989	29	25	1	975	480	1453	0.0	1478
75983672-df0e-4c89-a213-1c85271e3388	NR_117823.1	94.135	989	29	25	1	975	465	1438	0.0	1478
75983672-df0e-4c89-a213-1c85271e3388	NR_024918.1	94.034	989	30	25	1	975	506	1479	0.0	1472
75983672-df0e-4c89-a213-1c85271e3388	NR_041953.1	94.034	989	30	25	1	975	493	1466	0.0	1472
3cad1b1a-83ff-41a5-b618-995d653b598b	NR_156986.1	95.181	996	22	19	4	984	985	1	0.0	1550
3cad1b1a-83ff-41a5-b618-995d653b598b	NR_156987.1	95.080	996	23	19	4	984	985	1	0.0	1544
3cad1b1a-83ff-41a5-b618-995d653b598b	NR_199514.1	95.080	996	23	19	4	984	997	13	0.0	1544
3cad1b1a-83ff-41a5-b618-995d653b598b	NR_199513.1	94.900	1000	27	17	1	986	1007	18	0.0	1543
3cad1b1a-83ff-41a5-b618-995d653b598b	NR_024901.1	94.980	996	24	19	4	984	990	6	0.0	1539
f92f45dd-ed90-403c-89d9-74661b73296d	NR_117719.1	92.939	1218	40	33	2	1185	1219	14	0.0	1731
f92f45dd-ed90-403c-89d9-74661b73296d	NR_175455.1	92.769	1217	42	33	2	1184	1207	3	0.0	1718
f92f45dd-ed90-403c-89d9-74661b73296d	NR_042928.1	92.733	1211	42	32	2	1178	1199	1	0.0	1707
f92f45dd-ed90-403c-89d9-74661b73296d	NR_199545.1	92.529	1218	45	33	2	1185	1219	14	0.0	1703
f92f45dd-ed90-403c-89d9-74661b73296d	NR_179385.1	92.447	1218	46	33	2	1185	1223	18	0.0	1698
13a5e1c1-017a-4e1b-8323-c49e3a9bfb76	NR_043314.1	89.985	649	31	25	56	680	843	1481	0.0	808
13a5e1c1-017a-4e1b-8323-c49e3a9bfb76	NR_116899.1	89.985	649	31	25	56	680	812	1450	0.0	808
13a5e1c1-017a-4e1b-8323-c49e3a9bfb76	NR_178854.1	89.985	649	31	25	56	680	824	1462	0.0	808
13a5e1c1-017a-4e1b-8323-c49e3a9bfb76	NR_179889.1	89.985	649	31	25	56	680	852	1490	0.0	808
13a5e1c1-017a-4e1b-8323-c49e3a9bfb76	NR_041799.1	89.831	649	32	26	56	680	825	1463	0.0	802
14501b9a-fb13-4460-8929-a85d5f84deed	NR_024918.1	96.281	484	12	4	4	482	994	1476	0.0	789
14501b9a-fb13-4460-8929-a85d5f84deed	NR_043314.1	96.281	484	12	5	4	482	999	1481	0.0	789
14501b9a-fb13-4460-8929-a85d5f84deed	NR_042147.1	96.281	484	12	4	4	482	981	1463	0.0	789
14501b9a-fb13-4460-8929-a85d5f84deed	NR_116899.1	96.281	484	12	5	4	482	968	1450	0.0	789
14501b9a-fb13-4460-8929-a85d5f84deed	NR_164626.1	96.281	484	12	4	4	482	991	1473	0.0	789
ce85dfb8-8c22-4b45-91c9-6fc291561a20	NR_113600.1	96.736	1103	20	11	10	1104	368	1462	0.0	1823
ce85dfb8-8c22-4b45-91c9-6fc291561a20	NR_041953.1	96.649	1104	21	11	10	1105	368	1463	0.0	1820
ce85dfb8-8c22-4b45-91c9-6fc291561a20	NR_042541.1	96.649	1104	21	11	10	1105	368	1463	0.0	1820
ce85dfb8-8c22-4b45-91c9-6fc291561a20	NR_114225.1	96.646	1103	21	11	10	1104	368	1462	0.0	1820
ce85dfb8-8c22-4b45-91c9-6fc291561a20	NR_179889.1	96.649	1104	21	11	10	1105	395	1490	0.0	1820
463fe10f-7c54-4446-8946-ae93aca67a50	NR_117696.1	92.835	1298	58	29	5	1280	172	1456	0.0	1849
463fe10f-7c54-4446-8946-ae93aca67a50	NR_117717.1	92.758	1298	58	30	5	1280	206	1489	0.0	1844
463fe10f-7c54-4446-8946-ae93aca67a50	NR_117701.1	92.681	1298	60	29	5	1280	185	1469	0.0	1838
463fe10f-7c54-4446-8946-ae93aca67a50	NR_104947.1	92.902	1282	57	28	5	1264	158	1427	0.0	1832
463fe10f-7c54-4446-8946-ae93aca67a50	NR_121688.1	92.604	1298	61	29	5	1280	205	1489	0.0	1832
e23ca18b-9499-471e-9b06-5aa191f60233	NR_024918.1	92.683	1025	41	27	1	1007	471	1479	0.0	1447
e23ca18b-9499-471e-9b06-5aa191f60233	NR_041799.1	92.690	1026	39	29	1	1007	458	1466	0.0	1447
e23ca18b-9499-471e-9b06-5aa191f60233	NR_117823.1	92.690	1026	39	29	1	1007	430	1438	0.0	1447
e23ca18b-9499-471e-9b06-5aa191f60233	NR_181838.1	92.683	1025	41	26	1	1007	481	1489	0.0	1447
e23ca18b-9499-471e-9b06-5aa191f60233	NR_178854.1	92.676	1024	42	25	1	1007	458	1465	0.0	1445
9706c7da-9064-49e3-964f-5ea89aa08efe	NR_024842.1	92.042	289	13	9	1	285	1212	1494	1.38e-110	398
9706c7da-9064-49e3-964f-5ea89aa08efe	NR_115735.1	92.226	283	12	9	1	279	1188	1464	6.42e-109	392
9706c7da-9064-49e3-964f-5ea89aa08efe	NR_178262.1	91.696	289	15	8	1	285	1091	1374	6.42e-109	392
9706c7da-9064-49e3-964f-5ea89aa08efe	NR_179215.1	91.696	289	15	8	1	285	1213	1496	6.42e-109	392
9706c7da-9064-49e3-964f-5ea89aa08efe	NR_179720.1	91.696	289	15	8	1	285	1217	1500	6.42e-109	392
de74f3bc-cf88-4123-a0a5-3565684713cb	NR_179383.1	95.878	655	16	10	1	649	669	20	0.0	1050
de74f3bc-cf88-4123-a0a5-3565684713cb	NR_028664.1	95.732	656	15	11	1	649	665	16	0.0	1044
de74f3bc-cf88-4123-a0a5-3565684713cb	NR_199545.1	95.732	656	15	11	1	649	662	13	0.0	1044
de74f3bc-cf88-4123-a0a5-3565684713cb	NR_165744.1	95.586	657	16	11	1	650	651	1	0.0	1040
de74f3bc-cf88-4123-a0a5-3565684713cb	NR_028665.1	95.420	655	19	10	1	649	659	10	0.0	1035
cdf7e3ed-1cca-4fb6-8ad0-31b3ae3af9f8	NR_179889.1	95.328	1113	30	19	5	1108	394	1493	0.0	1748
cdf7e3ed-1cca-4fb6-8ad0-31b3ae3af9f8	NR_041953.1	95.238	1113	31	18	5	1108	367	1466	0.0	1742
cdf7e3ed-1cca-4fb6-8ad0-31b3ae3af9f8	NR_042541.1	95.238	1113	31	18	5	1108	367	1466	0.0	1742
cdf7e3ed-1cca-4fb6-8ad0-31b3ae3af9f8	NR_113600.1	95.315	1110	28	20	5	1104	367	1462	0.0	1740
cdf7e3ed-1cca-4fb6-8ad0-31b3ae3af9f8	NR_114225.1	95.315	1110	28	20	5	1104	367	1462	0.0	1740
3fabec16-9d84-4c4e-a30d-9b973dfaf420	NR_117694.1	96.434	645	12	8	1	636	891	249	0.0	1053
3fabec16-9d84-4c4e-a30d-9b973dfaf420	NR_121687.1	95.814	645	16	8	1	636	911	269	0.0	1031
3fabec16-9d84-4c4e-a30d-9b973dfaf420	NR_041988.1	95.349	645	19	8	1	636	849	207	0.0	1014
3fabec16-9d84-4c4e-a30d-9b973dfaf420	NR_025892.1	94.574	645	23	9	1	636	916	275	0.0	1005
3fabec16-9d84-4c4e-a30d-9b973dfaf420	NR_041989.1	95.046	646	19	10	1	636	849	207	0.0	1003
f49836a4-ca3f-47a5-ab37-ce10a8aa0a24	NR_117694.1	93.651	882	29	23	1	866	597	1467	0.0	1293
f49836a4-ca3f-47a5-ab37-ce10a8aa0a24	NR_117692.1	92.971	882	35	23	1	866	597	1467	0.0	1260
f49836a4-ca3f-47a5-ab37-ce10a8aa0a24	NR_117696.1	92.857	882	36	23	1	866	584	1454	0.0	1254
f49836a4-ca3f-47a5-ab37-ce10a8aa0a24	NR_025902.1	92.744	882	37	23	1	866	575	1445	0.0	1249
f49836a4-ca3f-47a5-ab37-ce10a8aa0a24	NR_117717.1	92.744	882	36	24	1	866	618	1487	0.0	1249
0ad82947-ca3d-4fea-aee6-ee4c8a993bea	NR_044091.1	95.992	524	9	9	1	513	1127	605	0.0	841
0ad82947-ca3d-4fea-aee6-ee4c8a993bea	NR_042940.1	95.420	524	12	9	1	513	1125	603	0.0	824
0ad82947-ca3d-4fea-aee6-ee4c8a993bea	NR_041879.1	95.229	524	13	9	1	513	1170	648	0.0	819
0ad82947-ca3d-4fea-aee6-ee4c8a993bea	NR_025762.1	95.229	524	12	10	1	513	1190	669	0.0	817
0ad82947-ca3d-4fea-aee6-ee4c8a993bea	NR_113570.1	95.229	524	12	10	1	513	1219	698	0.0	817
e9be1c3d-4ada-477e-9b22-c0981b3a69fb	NR_181857.1	97.219	755	13	6	1	749	769	1521	0.0	1271
e9be1c3d-4ada-477e-9b22-c0981b3a69fb	NR_024918.1	97.086	755	14	6	1	749	724	1476	0.0	1266
e9be1c3d-4ada-477e-9b22-c0981b3a69fb	NR_041799.1	97.086	755	14	6	1	749	711	1463	0.0	1266
e9be1c3d-4ada-477e-9b22-c0981b3a69fb	NR_116899.1	97.086	755	14	6	1	749	698	1450	0.0	1266
e9be1c3d-4ada-477e-9b22-c0981b3a69fb	NR_117823.1	97.086	755	14	6	1	749	683	1435	0.0	1266
3db59923-27e8-4008-84b7-8653c14b5643	NR_043314.1	95.390	629	15	10	15	633	857	1481	0.0	989
3db59923-27e8-4008-84b7-8653c14b5643	NR_116899.1	95.390	629	15	10	15	633	826	1450	0.0	989
3db59923-27e8-4008-84b7-8653c14b5643	NR_178854.1	95.390	629	15	10	15	633	838	1462	0.0	989
3db59923-27e8-4008-84b7-8653c14b5643	NR_179889.1	95.390	629	15	10	15	633	866	1490	0.0	989
3db59923-27e8-4008-84b7-8653c14b5643	NR_041799.1	95.231	629	16	10	15	633	839	1463	0.0	983
e041062d-928b-4a52-a7f5-ad1e215a2a38	NR_036936.1	92.205	449	18	13	1	440	1010	1450	4.68e-177	619
e041062d-928b-4a52-a7f5-ad1e215a2a38	NR_025453.1	92.205	449	18	13	1	440	1010	1450	4.68e-177	619
e041062d-928b-4a52-a7f5-ad1e215a2a38	NR_028664.1	92.205	449	18	13	1	440	1031	1471	4.68e-177	619
e041062d-928b-4a52-a7f5-ad1e215a2a38	NR_109720.1	92.205	449	18	13	1	440	1004	1444	4.68e-177	619
e041062d-928b-4a52-a7f5-ad1e215a2a38	NR_115240.1	92.205	449	18	13	1	440	1008	1448	4.68e-177	619
18560281-07f8-4362-a1ca-622f0c45cf4b	NR_181730.1	97.920	721	9	5	1	721	755	1469	0.0	1243
18560281-07f8-4362-a1ca-622f0c45cf4b	NR_041799.1	97.781	721	10	5	1	721	749	1463	0.0	1238
18560281-07f8-4362-a1ca-622f0c45cf4b	NR_117823.1	97.781	721	10	5	1	721	721	1435	0.0	1238
18560281-07f8-4362-a1ca-622f0c45cf4b	NR_180078.1	97.781	721	10	5	1	721	769	1483	0.0	1238
18560281-07f8-4362-a1ca-622f0c45cf4b	NR_181265.1	97.781	721	10	5	1	721	776	1490	0.0	1238
a129c6dd-b6e7-4f18-80a5-462f501cea02	NR_044873.1	90.681	1234	46	55	2	1174	1451	226	0.0	1578
a129c6dd-b6e7-4f18-80a5-462f501cea02	NR_074568.1	89.213	1233	60	60	4	1174	1458	237	0.0	1472
a129c6dd-b6e7-4f18-80a5-462f501cea02	NR_044712.2	88.970	1233	63	60	4	1174	1467	246	0.0	1463
a129c6dd-b6e7-4f18-80a5-462f501cea02	NR_043968.1	88.871	1231	68	52	4	1174	1416	195	0.0	1450
a129c6dd-b6e7-4f18-80a5-462f501cea02	NR_179993.1	88.302	1231	73	53	6	1174	1459	238	0.0	1410
2a8e1455-0b42-4ddd-b826-e1e8f86a37d3	NR_029319.1	92.910	268	13	4	4	267	1132	1397	1.02e-106	385
2a8e1455-0b42-4ddd-b826-e1e8f86a37d3	NR_041592.1	92.910	268	13	4	4	267	1173	1438	1.02e-106	385
2a8e1455-0b42-4ddd-b826-e1e8f86a37d3	NR_042451.1	92.910	268	13	4	4	267	1198	1463	1.02e-106	385
2a8e1455-0b42-4ddd-b826-e1e8f86a37d3	NR_145562.1	92.910	268	13	4	4	267	1210	1475	1.02e-106	385
2a8e1455-0b42-4ddd-b826-e1e8f86a37d3	NR_116651.1	92.910	268	13	4	4	267	1218	1483	1.02e-106	385
bc9b5f8b-a613-455f-aed5-41da2b71cc37	NR_164626.1	98.039	408	3	5	1	406	405	1	0.0	704
bc9b5f8b-a613-455f-aed5-41da2b71cc37	NR_024912.1	98.030	406	3	5	1	404	408	6	0.0	701
bc9b5f8b-a613-455f-aed5-41da2b71cc37	NR_028706.1	98.030	406	3	5	1	404	416	14	0.0	701
bc9b5f8b-a613-455f-aed5-41da2b71cc37	NR_042939.1	98.030	406	3	5	1	404	414	12	0.0	701
bc9b5f8b-a613-455f-aed5-41da2b71cc37	NR_114473.1	98.030	406	3	5	1	404	403	1	0.0	701
040065ea-dbd2-48d4-8c36-b60a98cf143f	NR_117694.1	97.790	1403	9	16	7	1395	1395	1	0.0	2399
040065ea-dbd2-48d4-8c36-b60a98cf143f	NR_025892.1	96.530	1412	25	18	7	1404	1420	19	0.0	2340
040065ea-dbd2-48d4-8c36-b60a98cf143f	NR_121687.1	96.745	1413	21	19	7	1404	1415	13	0.0	2331
040065ea-dbd2-48d4-8c36-b60a98cf143f	NR_117692.1	96.441	1405	24	19	7	1395	1395	1	0.0	2294
040065ea-dbd2-48d4-8c36-b60a98cf143f	NR_041989.1	97.208	1361	15	17	7	1352	1353	1	0.0	2281
78d275a1-811e-4ed0-bee2-d0e1a9527002	NR_165737.1	94.732	1101	32	21	17	1104	384	1471	0.0	1688
78d275a1-811e-4ed0-bee2-d0e1a9527002	NR_115735.1	94.565	1104	33	21	17	1107	375	1464	0.0	1681
78d275a1-811e-4ed0-bee2-d0e1a9527002	NR_109720.1	94.694	1093	32	20	17	1096	378	1457	0.0	1674
78d275a1-811e-4ed0-bee2-d0e1a9527002	NR_115241.1	94.278	1101	36	21	17	1104	384	1470	0.0	1664
78d275a1-811e-4ed0-bee2-d0e1a9527002	NR_178515.1	94.717	1041	29	20	17	1044	384	1411	0.0	1594
ba739ab8-4e56-43cf-9378-427d464090e0	NR_116899.1	88.538	855	58	32	2	829	612	1453	0.0	1000
ba739ab8-4e56-43cf-9378-427d464090e0	NR_179889.1	88.538	855	58	32	2	829	652	1493	0.0	1000
ba739ab8-4e56-43cf-9378-427d464090e0	NR_043314.1	88.435	856	58	33	2	829	642	1484	0.0	994
ba739ab8-4e56-43cf-9378-427d464090e0	NR_116905.1	88.435	856	57	33	2	829	646	1487	0.0	994
ba739ab8-4e56-43cf-9378-427d464090e0	NR_178854.1	88.421	855	58	33	2	829	625	1465	0.0	992
2445d3aa-098f-4d4d-bb70-27fd366e64d0	NR_113600.1	96.747	1445	21	16	1	1426	1456	19	0.0	2386
2445d3aa-098f-4d4d-bb70-27fd366e64d0	NR_024928.1	96.678	1445	22	16	1	1426	1469	32	0.0	2381
2445d3aa-098f-4d4d-bb70-27fd366e64d0	NR_199513.1	96.676	1444	24	14	1	1426	1483	46	0.0	2379
2445d3aa-098f-4d4d-bb70-27fd366e64d0	NR_114225.1	96.609	1445	23	16	1	1426	1456	19	0.0	2375
2445d3aa-098f-4d4d-bb70-27fd366e64d0	NR_024901.1	96.609	1445	23	16	1	1426	1469	32	0.0	2374
7df874fa-07d5-43cd-88c6-f002a8fcc20c	NR_024912.1	97.315	596	7	8	1	588	608	14	0.0	1003
7df874fa-07d5-43cd-88c6-f002a8fcc20c	NR_042147.1	97.315	596	7	8	1	588	595	1	0.0	1003
7df874fa-07d5-43cd-88c6-f002a8fcc20c	NR_156986.1	97.315	596	7	8	1	588	603	9	0.0	1003
7df874fa-07d5-43cd-88c6-f002a8fcc20c	NR_178976.1	97.311	595	7	8	1	587	594	1	0.0	1002
7df874fa-07d5-43cd-88c6-f002a8fcc20c	NR_113600.1	97.148	596	8	8	1	588	595	1	0.0	1000
e315fcfe-03ed-4213-a226-e8ce6b12362a	NR_025902.1	99.070	215	0	2	1	213	1231	1445	7.99e-107	385
e315fcfe-03ed-4213-a226-e8ce6b12362a	NR_040933.1	99.070	215	0	2	1	213	1275	1489	7.99e-107	385
e315fcfe-03ed-4213-a226-e8ce6b12362a	NR_117717.1	99.070	215	0	2	1	213	1273	1487	7.99e-107	385
e315fcfe-03ed-4213-a226-e8ce6b12362a	NR_121688.1	99.070	215	0	2	1	213	1273	1487	7.99e-107	385
e315fcfe-03ed-4213-a226-e8ce6b12362a	NR_117692.1	99.070	215	0	2	1	213	1253	1467	7.99e-107	385
1fcd583d-7eef-4a10-9108-24af3ee7b02d	NR_024918.1	96.421	978	23	11	1	973	506	1476	0.0	1602
1fcd583d-7eef-4a10-9108-24af3ee7b02d	NR_029042.2	96.319	978	24	11	1	973	513	1483	0.0	1596
1fcd583d-7eef-4a10-9108-24af3ee7b02d	NR_117177.1	96.319	978	24	11	1	973	511	1481	0.0	1596
1fcd583d-7eef-4a10-9108-24af3ee7b02d	NR_116899.1	96.319	978	24	11	1	973	480	1450	0.0	1596
1fcd583d-7eef-4a10-9108-24af3ee7b02d	NR_179889.1	96.319	978	24	11	1	973	520	1490	0.0	1596
a65798ce-0f0b-4502-b476-d79de481425b	NR_164626.1	98.011	352	6	1	1	352	351	1	2.05e-174	610
a65798ce-0f0b-4502-b476-d79de481425b	NR_024912.1	98.000	350	6	1	1	350	354	6	2.65e-173	606
a65798ce-0f0b-4502-b476-d79de481425b	NR_028706.1	98.000	350	6	1	1	350	362	14	2.65e-173	606
a65798ce-0f0b-4502-b476-d79de481425b	NR_037092.1	98.000	350	6	1	1	350	359	11	2.65e-173	606
a65798ce-0f0b-4502-b476-d79de481425b	NR_042939.1	98.000	350	6	1	1	350	360	12	2.65e-173	606
8ddd6863-3a5a-4005-acdc-dcc9ea1eeeb6	NR_043935.1	91.747	1454	70	40	1	1426	1458	27	0.0	1975
8ddd6863-3a5a-4005-acdc-dcc9ea1eeeb6	NR_199513.1	91.741	1453	72	39	1	1426	1464	33	0.0	1975
8ddd6863-3a5a-4005-acdc-dcc9ea1eeeb6	NR_114473.1	91.678	1454	71	40	1	1426	1445	14	0.0	1971
8ddd6863-3a5a-4005-acdc-dcc9ea1eeeb6	NR_119340.1	91.672	1453	71	40	2	1426	1436	6	0.0	1969
8ddd6863-3a5a-4005-acdc-dcc9ea1eeeb6	NR_164626.1	91.678	1454	71	40	1	1426	1447	16	0.0	1969
e2a88a3a-1c7d-4ef8-a387-d3171d98822f	NR_024912.1	96.466	283	3	5	1	276	300	18	1.79e-129	460
e2a88a3a-1c7d-4ef8-a387-d3171d98822f	NR_025164.1	96.466	283	3	5	1	276	287	5	1.79e-129	460
e2a88a3a-1c7d-4ef8-a387-d3171d98822f	NR_028706.1	96.466	283	3	5	1	276	308	26	1.79e-129	460
e2a88a3a-1c7d-4ef8-a387-d3171d98822f	NR_037092.1	96.466	283	3	5	1	276	305	23	1.79e-129	460
e2a88a3a-1c7d-4ef8-a387-d3171d98822f	NR_042147.1	96.466	283	3	5	1	276	287	5	1.79e-129	460
f6a94da9-881e-4c83-8484-a8e9c0b9fe58	NR_041989.1	97.464	552	7	6	1	550	547	1	0.0	935
f6a94da9-881e-4c83-8484-a8e9c0b9fe58	NR_117694.1	95.826	575	15	8	1	572	589	21	0.0	920
f6a94da9-881e-4c83-8484-a8e9c0b9fe58	NR_117717.1	93.554	605	26	11	1	600	610	14	0.0	889
f6a94da9-881e-4c83-8484-a8e9c0b9fe58	NR_121688.1	93.554	605	26	11	1	600	609	13	0.0	889
f6a94da9-881e-4c83-8484-a8e9c0b9fe58	NR_117692.1	94.599	574	24	6	1	572	589	21	0.0	881
6705cd50-0c7a-4cc0-b6e3-24c173368343	NR_156986.1	94.368	870	27	21	1	858	860	1	0.0	1315
6705cd50-0c7a-4cc0-b6e3-24c173368343	NR_199513.1	94.259	871	30	18	1	860	879	18	0.0	1314
6705cd50-0c7a-4cc0-b6e3-24c173368343	NR_024912.1	94.253	870	28	21	1	858	865	6	0.0	1310
6705cd50-0c7a-4cc0-b6e3-24c173368343	NR_156987.1	94.253	870	28	21	1	858	860	1	0.0	1310
6705cd50-0c7a-4cc0-b6e3-24c173368343	NR_199514.1	94.253	870	28	21	1	858	872	13	0.0	1310
eccc72a8-debe-4611-bae4-c3d6f0eac40c	NR_024842.1	90.789	456	33	8	1	450	1288	836	1.65e-171	601
eccc72a8-debe-4611-bae4-c3d6f0eac40c	NR_036936.1	90.810	457	31	10	1	450	1273	821	1.65e-171	601
eccc72a8-debe-4611-bae4-c3d6f0eac40c	NR_115735.1	90.789	456	33	8	1	450	1264	812	1.65e-171	601
eccc72a8-debe-4611-bae4-c3d6f0eac40c	NR_116211.1	90.789	456	33	8	1	450	1196	744	1.65e-171	601
eccc72a8-debe-4611-bae4-c3d6f0eac40c	NR_178515.1	90.789	456	33	8	1	450	1273	821	1.65e-171	601
653ed04e-e546-459f-9fe8-9e037dfda9bf	NR_179451.1	92.555	779	39	18	46	812	1371	600	0.0	1099
653ed04e-e546-459f-9fe8-9e037dfda9bf	NR_179480.1	92.436	780	40	18	46	813	1352	580	0.0	1096
653ed04e-e546-459f-9fe8-9e037dfda9bf	NR_181857.1	92.436	780	40	18	46	813	1459	687	0.0	1096
653ed04e-e546-459f-9fe8-9e037dfda9bf	NR_024918.1	92.426	779	40	18	46	812	1414	643	0.0	1094
653ed04e-e546-459f-9fe8-9e037dfda9bf	NR_025227.1	92.426	779	40	18	46	812	1397	626	0.0	1094
46525c63-5978-446b-af57-5ff36a633eff	NR_043314.1	96.994	632	7	7	9	639	861	1481	0.0	1051
46525c63-5978-446b-af57-5ff36a633eff	NR_116899.1	96.994	632	7	7	9	639	830	1450	0.0	1051
46525c63-5978-446b-af57-5ff36a633eff	NR_178854.1	96.994	632	7	7	9	639	842	1462	0.0	1051
46525c63-5978-446b-af57-5ff36a633eff	NR_179889.1	96.994	632	7	7	9	639	870	1490	0.0	1051
46525c63-5978-446b-af57-5ff36a633eff	NR_041799.1	96.835	632	8	7	9	639	843	1463	0.0	1046
7616ed0b-1071-407d-92b3-769969b6d27b	NR_117694.1	95.972	993	24	13	1	987	262	1244	0.0	1598
7616ed0b-1071-407d-92b3-769969b6d27b	NR_121687.1	95.670	993	27	13	1	987	282	1264	0.0	1581
7616ed0b-1071-407d-92b3-769969b6d27b	NR_041988.1	95.363	992	32	11	1	987	220	1202	0.0	1565
7616ed0b-1071-407d-92b3-769969b6d27b	NR_041989.1	95.171	994	30	15	1	987	220	1202	0.0	1554
7616ed0b-1071-407d-92b3-769969b6d27b	NR_104946.1	95.060	992	33	13	1	986	225	1206	0.0	1546
3e5eaf64-aa2a-4ff4-803f-31e939183c9d	NR_199513.1	96.915	1005	25	6	3	1003	1020	18	0.0	1679
3e5eaf64-aa2a-4ff4-803f-31e939183c9d	NR_156986.1	96.912	1004	23	8	3	1001	1001	1	0.0	1676
3e5eaf64-aa2a-4ff4-803f-31e939183c9d	NR_156987.1	96.813	1004	24	8	3	1001	1001	1	0.0	1670
3e5eaf64-aa2a-4ff4-803f-31e939183c9d	NR_199514.1	96.813	1004	24	8	3	1001	1013	13	0.0	1670
3e5eaf64-aa2a-4ff4-803f-31e939183c9d	NR_024901.1	96.713	1004	25	8	3	1001	1006	6	0.0	1664
a923d463-b94b-49a9-93b1-09fcf0a03963	NR_199545.1	97.191	1317	24	11	7	1316	182	1492	0.0	2215
a923d463-b94b-49a9-93b1-09fcf0a03963	NR_179385.1	97.115	1317	25	11	7	1316	186	1496	0.0	2209
a923d463-b94b-49a9-93b1-09fcf0a03963	NR_165744.1	97.030	1313	26	11	7	1312	171	1477	0.0	2196
a923d463-b94b-49a9-93b1-09fcf0a03963	NR_028664.1	96.889	1318	27	13	7	1316	185	1496	0.0	2194
a923d463-b94b-49a9-93b1-09fcf0a03963	NR_028665.1	96.811	1317	29	11	7	1316	179	1489	0.0	2189
9c65fdf9-54ac-478c-bcf0-5889a2757c77	NR_074980.1	93.660	1246	50	23	18	1247	1244	12	0.0	1836
9c65fdf9-54ac-478c-bcf0-5889a2757c77	NR_113031.1	93.660	1246	50	23	18	1247	1244	12	0.0	1836
9c65fdf9-54ac-478c-bcf0-5889a2757c77	NR_113570.1	93.694	1237	48	24	18	1237	1224	1	0.0	1825
9c65fdf9-54ac-478c-bcf0-5889a2757c77	NR_117759.1	93.674	1233	49	23	18	1234	1220	1	0.0	1821
9c65fdf9-54ac-478c-bcf0-5889a2757c77	NR_043332.1	93.659	1230	49	23	18	1231	1217	1	0.0	1818
6187f73a-b6fd-42ab-b59d-ba0e3b8fad89	NR_114225.1	94.549	477	17	7	1	470	987	1461	0.0	730
6187f73a-b6fd-42ab-b59d-ba0e3b8fad89	NR_126220.1	94.561	478	16	8	1	470	993	1468	0.0	730
6187f73a-b6fd-42ab-b59d-ba0e3b8fad89	NR_024918.1	94.549	477	17	7	1	470	1000	1474	0.0	728
6187f73a-b6fd-42ab-b59d-ba0e3b8fad89	NR_028986.1	94.549	477	17	7	1	470	987	1461	0.0	728
6187f73a-b6fd-42ab-b59d-ba0e3b8fad89	NR_043314.1	94.549	477	17	6	1	470	1005	1479	0.0	728
bebad276-71e1-4c88-a1ff-17e53d461ca0	NR_044091.1	93.365	844	24	24	1	824	1123	292	0.0	1219
bebad276-71e1-4c88-a1ff-17e53d461ca0	NR_113570.1	93.018	845	24	27	1	824	1215	385	0.0	1201
bebad276-71e1-4c88-a1ff-17e53d461ca0	NR_115354.1	92.891	844	27	24	1	824	1208	378	0.0	1197
bebad276-71e1-4c88-a1ff-17e53d461ca0	NR_041880.1	92.891	844	27	24	1	824	1164	334	0.0	1195
bebad276-71e1-4c88-a1ff-17e53d461ca0	NR_119170.1	92.654	844	29	24	1	824	1213	383	0.0	1192
14e10270-4585-4a64-8dbc-fc11b28eec11	NR_116209.1	90.436	1171	55	50	1	1139	178	1323	0.0	1489
14e10270-4585-4a64-8dbc-fc11b28eec11	NR_028664.1	90.350	1171	56	51	1	1139	276	1421	0.0	1483
14e10270-4585-4a64-8dbc-fc11b28eec11	NR_115240.1	90.350	1171	56	51	1	1139	253	1398	0.0	1483
14e10270-4585-4a64-8dbc-fc11b28eec11	NR_115732.1	90.350	1171	56	51	1	1139	255	1400	0.0	1483
14e10270-4585-4a64-8dbc-fc11b28eec11	NR_116207.1	90.350	1171	56	51	1	1139	118	1263	0.0	1483
a640fa71-1d5e-4f97-804f-00b74837df06	NR_179889.1	96.569	1224	23	14	16	1229	276	1490	0.0	2010
a640fa71-1d5e-4f97-804f-00b74837df06	NR_181891.1	96.569	1224	23	14	16	1229	272	1486	0.0	2010
a640fa71-1d5e-4f97-804f-00b74837df06	NR_041953.1	96.487	1224	24	14	16	1229	249	1463	0.0	2004
a640fa71-1d5e-4f97-804f-00b74837df06	NR_042541.1	96.487	1224	24	14	16	1229	249	1463	0.0	2004
a640fa71-1d5e-4f97-804f-00b74837df06	NR_178854.1	96.487	1224	23	15	16	1229	249	1462	0.0	2004
c68daec9-6544-40d1-a755-2361a7bbc3cb	NR_024951.1	94.515	237	6	6	1	230	775	539	5.32e-99	359
c68daec9-6544-40d1-a755-2361a7bbc3cb	NR_029042.2	94.515	237	6	6	1	230	779	543	5.32e-99	359
c68daec9-6544-40d1-a755-2361a7bbc3cb	NR_178342.1	94.515	237	6	6	1	230	759	523	5.32e-99	359
c68daec9-6544-40d1-a755-2361a7bbc3cb	NR_178482.1	94.515	237	6	6	1	230	749	513	5.32e-99	359
c68daec9-6544-40d1-a755-2361a7bbc3cb	NR_179482.1	94.515	237	6	6	1	230	662	426	5.32e-99	359
56988b41-d124-4e9c-ac97-c3d338ba0171	NR_199547.1	93.190	1160	37	32	5	1130	1156	5	0.0	1666
56988b41-d124-4e9c-ac97-c3d338ba0171	NR_042928.1	92.405	1185	43	36	5	1151	1176	1	0.0	1646
56988b41-d124-4e9c-ac97-c3d338ba0171	NR_112026.1	92.672	1160	41	34	5	1130	1158	9	0.0	1633
56988b41-d124-4e9c-ac97-c3d338ba0171	NR_199541.1	92.328	1160	45	34	5	1130	1154	5	0.0	1609
56988b41-d124-4e9c-ac97-c3d338ba0171	NR_117719.1	91.618	1193	53	36	5	1159	1196	13	0.0	1605
17939a95-711b-4e2f-bd9d-89d57cc697e2	NR_043314.1	94.391	517	20	9	18	528	968	1481	0.0	785
17939a95-711b-4e2f-bd9d-89d57cc697e2	NR_114749.1	94.391	517	20	9	18	528	970	1483	0.0	785
17939a95-711b-4e2f-bd9d-89d57cc697e2	NR_116899.1	94.391	517	20	9	18	528	937	1450	0.0	785
17939a95-711b-4e2f-bd9d-89d57cc697e2	NR_178854.1	94.391	517	20	9	18	528	949	1462	0.0	785
17939a95-711b-4e2f-bd9d-89d57cc697e2	NR_179889.1	94.391	517	20	9	18	528	977	1490	0.0	785
58b0efd5-20de-4380-9b33-9b9555582b3f	NR_117425.1	95.896	804	17	12	4	795	808	9	0.0	1288
58b0efd5-20de-4380-9b33-9b9555582b3f	NR_115241.1	95.274	804	22	12	4	795	805	6	0.0	1260
58b0efd5-20de-4380-9b33-9b9555582b3f	NR_024842.1	95.025	804	24	12	4	795	820	21	0.0	1253
58b0efd5-20de-4380-9b33-9b9555582b3f	NR_115735.1	95.125	800	22	13	4	790	796	1	0.0	1245
58b0efd5-20de-4380-9b33-9b9555582b3f	NR_024841.1	94.907	805	23	14	4	795	819	20	0.0	1243
87a126dd-a663-4582-acfe-f7b407f33aa8	NR_041989.1	90.909	517	25	16	18	519	614	1123	0.0	675
87a126dd-a663-4582-acfe-f7b407f33aa8	NR_117694.1	90.716	517	26	16	18	519	656	1165	0.0	669
87a126dd-a663-4582-acfe-f7b407f33aa8	NR_178369.1	90.734	518	24	18	18	519	627	1136	0.0	669
87a126dd-a663-4582-acfe-f7b407f33aa8	NR_025892.1	90.329	517	28	16	18	519	681	1190	0.0	664
87a126dd-a663-4582-acfe-f7b407f33aa8	NR_028900.1	90.522	517	27	16	18	519	614	1123	0.0	664
88167574-520e-42f1-bfe1-75195d47e360	NR_199513.1	93.725	1004	30	23	1	981	1018	25	0.0	1474
88167574-520e-42f1-bfe1-75195d47e360	NR_156986.1	93.632	1005	29	26	1	981	999	6	0.0	1469
88167574-520e-42f1-bfe1-75195d47e360	NR_156987.1	93.532	1005	30	26	1	981	999	6	0.0	1463
88167574-520e-42f1-bfe1-75195d47e360	NR_199514.1	93.532	1005	30	26	1	981	1011	18	0.0	1463
88167574-520e-42f1-bfe1-75195d47e360	NR_178976.1	93.606	1001	29	26	1	977	990	1	0.0	1461
7aaf2bca-2025-418a-bf51-a4e42e9eb62f	NR_179540.1	92.930	1075	41	24	3	1054	412	1474	0.0	1531
7aaf2bca-2025-418a-bf51-a4e42e9eb62f	NR_042928.1	92.837	1075	42	24	3	1054	392	1454	0.0	1526
7aaf2bca-2025-418a-bf51-a4e42e9eb62f	NR_113260.1	92.465	1075	46	24	3	1054	394	1456	0.0	1504
7aaf2bca-2025-418a-bf51-a4e42e9eb62f	NR_199547.1	93.193	1043	39	23	3	1025	372	1402	0.0	1504
7aaf2bca-2025-418a-bf51-a4e42e9eb62f	NR_115736.1	92.372	1075	47	24	3	1054	341	1403	0.0	1500
e74f780e-13ab-42fb-80f2-033db25df5d9	NR_028826.1	91.753	194	6	6	1	186	1318	1127	1.23e-69	261
e74f780e-13ab-42fb-80f2-033db25df5d9	NR_041715.1	91.710	193	8	5	1	186	1323	1132	1.23e-69	261
e74f780e-13ab-42fb-80f2-033db25df5d9	NR_024704.1	91.710	193	8	5	1	186	1323	1132	1.23e-69	261
e74f780e-13ab-42fb-80f2-033db25df5d9	NR_024911.1	91.753	194	6	6	1	186	1328	1137	1.23e-69	261
e74f780e-13ab-42fb-80f2-033db25df5d9	NR_024918.1	91.753	194	6	6	1	186	1328	1137	1.23e-69	261
15bdd9a5-3d4d-4fda-8b9e-84a52d26fab1	NR_181730.1	88.952	353	12	19	1	334	993	1337	2.14e-114	411
15bdd9a5-3d4d-4fda-8b9e-84a52d26fab1	NR_043314.1	88.636	352	15	19	1	334	1005	1349	9.95e-113	405
15bdd9a5-3d4d-4fda-8b9e-84a52d26fab1	NR_114795.1	88.636	352	14	19	1	334	880	1223	9.95e-113	405
15bdd9a5-3d4d-4fda-8b9e-84a52d26fab1	NR_116905.1	88.636	352	15	19	1	334	1008	1352	9.95e-113	405
15bdd9a5-3d4d-4fda-8b9e-84a52d26fab1	NR_114749.1	88.636	352	15	19	1	334	1007	1351	9.95e-113	405
c38ba3ac-7f6b-4abc-bfda-dee5a0dff553	NR_156986.1	94.272	1065	39	18	4	1051	1072	13	0.0	1609
c38ba3ac-7f6b-4abc-bfda-dee5a0dff553	NR_178976.1	94.272	1065	39	18	4	1051	1063	4	0.0	1609
c38ba3ac-7f6b-4abc-bfda-dee5a0dff553	NR_199513.1	94.267	1064	41	16	4	1051	1091	32	0.0	1609
c38ba3ac-7f6b-4abc-bfda-dee5a0dff553	NR_113600.1	94.178	1065	40	18	4	1051	1064	5	0.0	1605
c38ba3ac-7f6b-4abc-bfda-dee5a0dff553	NR_156987.1	94.178	1065	40	18	4	1051	1072	13	0.0	1604
91bd8bfe-7a58-4c23-b456-1dad99a57e75	NR_116168.1	95.987	299	6	5	1	294	312	15	1.39e-135	481
91bd8bfe-7a58-4c23-b456-1dad99a57e75	NR_042878.1	94.521	292	10	5	1	287	291	1	8.44e-128	455
91bd8bfe-7a58-4c23-b456-1dad99a57e75	NR_118762.1	92.715	302	16	5	1	297	315	15	6.57e-124	442
91bd8bfe-7a58-4c23-b456-1dad99a57e75	NR_025423.1	91.864	295	16	6	3	290	294	1	8.62e-113	405
91bd8bfe-7a58-4c23-b456-1dad99a57e75	NR_118749.1	90.789	304	20	7	1	297	319	17	1.12e-111	401
36a3d2e3-d10c-47ee-ac25-c9bdaa81750a	NR_156986.1	97.400	1000	16	9	4	997	996	1	0.0	1694
36a3d2e3-d10c-47ee-ac25-c9bdaa81750a	NR_199513.1	97.303	1001	19	7	4	999	1015	18	0.0	1692
36a3d2e3-d10c-47ee-ac25-c9bdaa81750a	NR_156987.1	97.300	1000	17	9	4	997	996	1	0.0	1688
36a3d2e3-d10c-47ee-ac25-c9bdaa81750a	NR_199514.1	97.300	1000	17	9	4	997	1008	13	0.0	1688
36a3d2e3-d10c-47ee-ac25-c9bdaa81750a	NR_024901.1	97.200	1000	18	9	4	997	1001	6	0.0	1683
60521173-b762-4752-b498-19385dee3b0d	NR_024918.1	96.213	713	12	6	7	718	778	1476	0.0	1153
60521173-b762-4752-b498-19385dee3b0d	NR_028986.1	96.213	713	12	6	7	718	765	1463	0.0	1153
60521173-b762-4752-b498-19385dee3b0d	NR_042199.1	96.213	713	12	6	7	718	765	1463	0.0	1153
60521173-b762-4752-b498-19385dee3b0d	NR_116899.1	96.213	713	12	6	7	718	752	1450	0.0	1153
60521173-b762-4752-b498-19385dee3b0d	NR_164626.1	96.213	713	12	6	7	718	775	1473	0.0	1153
