0a71c046-0cdf-45ee-bca9-4b4ae9a2b1e9	NR_042928.1	98.225	1183	17	4	1	1181	1217	37	0.0	2065
0a71c046-0cdf-45ee-bca9-4b4ae9a2b1e9	NR_112026.1	98.140	1183	17	5	1	1181	1199	20	0.0	2060
0a71c046-0cdf-45ee-bca9-4b4ae9a2b1e9	NR_199547.1	98.059	1185	17	6	1	1181	1197	15	0.0	2056
0a71c046-0cdf-45ee-bca9-4b4ae9a2b1e9	NR_199541.1	97.971	1183	20	4	1	1181	1195	15	0.0	2049
0a71c046-0cdf-45ee-bca9-4b4ae9a2b1e9	NR_117719.1	97.887	1183	21	4	1	1181	1237	57	0.0	2043
58b79562-5b50-42f5-9b1e-d93063ec0f72	NR_042843.1	90.582	361	18	11	1	351	299	653	1.72e-130	464
58b79562-5b50-42f5-9b1e-d93063ec0f72	NR_102895.1	90.582	361	18	11	1	351	327	681	1.72e-130	464
58b79562-5b50-42f5-9b1e-d93063ec0f72	NR_113113.1	90.582	361	18	11	1	351	307	661	1.72e-130	464
58b79562-5b50-42f5-9b1e-d93063ec0f72	NR_175509.1	90.582	361	18	10	1	351	319	673	1.72e-130	464
58b79562-5b50-42f5-9b1e-d93063ec0f72	NR_113105.1	90.028	361	20	10	1	351	307	661	3.73e-127	453
4daa865e-c098-4d0f-b4ed-a1dddc89b1bc	NR_024912.1	93.287	1013	34	25	8	1004	1000	6	0.0	1463
4daa865e-c098-4d0f-b4ed-a1dddc89b1bc	NR_156986.1	93.366	1010	33	26	11	1004	992	1	0.0	1463
4daa865e-c098-4d0f-b4ed-a1dddc89b1bc	NR_156987.1	93.267	1010	34	26	11	1004	992	1	0.0	1458
4daa865e-c098-4d0f-b4ed-a1dddc89b1bc	NR_199514.1	93.267	1010	34	26	11	1004	1004	13	0.0	1458
4daa865e-c098-4d0f-b4ed-a1dddc89b1bc	NR_042147.1	93.234	1005	34	25	8	996	987	1	0.0	1448
29d691cd-f0bc-4384-8237-6acb4fb66658	NR_117694.1	92.514	708	27	19	4	689	704	1	0.0	990
29d691cd-f0bc-4384-8237-6acb4fb66658	NR_121687.1	91.549	710	32	20	4	690	724	20	0.0	953
29d691cd-f0bc-4384-8237-6acb4fb66658	NR_025892.1	90.704	710	37	22	4	690	729	26	0.0	937
29d691cd-f0bc-4384-8237-6acb4fb66658	NR_117692.1	90.960	708	38	19	4	689	704	1	0.0	929
29d691cd-f0bc-4384-8237-6acb4fb66658	NR_025902.1	90.671	686	38	19	4	667	682	1	0.0	889
d1e4d085-4cb6-445c-a0db-8e81171c58db	NR_117694.1	96.000	650	14	12	13	654	646	1	0.0	1046
d1e4d085-4cb6-445c-a0db-8e81171c58db	NR_025892.1	94.082	659	28	11	13	664	671	17	0.0	1011
d1e4d085-4cb6-445c-a0db-8e81171c58db	NR_121687.1	94.394	660	25	12	13	664	666	11	0.0	1003
d1e4d085-4cb6-445c-a0db-8e81171c58db	NR_117692.1	93.712	652	25	15	13	654	646	1	0.0	963
d1e4d085-4cb6-445c-a0db-8e81171c58db	NR_117717.1	92.879	660	35	12	13	664	667	12	0.0	948
33d010a3-7fc6-4e4d-b383-4dd5dd06c03b	NR_133752.1	91.629	442	16	17	1	426	464	900	9.13e-169	592
33d010a3-7fc6-4e4d-b383-4dd5dd06c03b	NR_133753.1	91.629	442	16	17	1	426	493	929	9.13e-169	592
33d010a3-7fc6-4e4d-b383-4dd5dd06c03b	NR_025904.1	91.629	442	16	17	1	426	538	974	9.13e-169	592
33d010a3-7fc6-4e4d-b383-4dd5dd06c03b	NR_026419.1	91.629	442	16	17	1	426	527	963	9.13e-169	592
33d010a3-7fc6-4e4d-b383-4dd5dd06c03b	NR_025903.1	91.629	442	16	17	1	426	539	975	9.13e-169	592
852df934-86aa-4bbc-a621-1de2e2e1de71	NR_043459.1	92.715	1057	46	28	4	1047	1299	261	0.0	1496
852df934-86aa-4bbc-a621-1de2e2e1de71	NR_157664.1	92.424	1056	49	30	4	1047	1295	259	0.0	1478
852df934-86aa-4bbc-a621-1de2e2e1de71	NR_159156.1	92.344	1058	46	31	4	1047	1275	239	0.0	1472
852df934-86aa-4bbc-a621-1de2e2e1de71	NR_104830.1	92.242	1057	49	27	4	1047	1290	254	0.0	1467
852df934-86aa-4bbc-a621-1de2e2e1de71	NR_156926.1	92.133	1055	54	27	4	1047	1243	207	0.0	1461
965a7d93-70a3-4a0d-a4f0-cbd616a03a6d	NR_024912.1	96.907	485	9	5	4	484	488	6	0.0	808
965a7d93-70a3-4a0d-a4f0-cbd616a03a6d	NR_156986.1	96.907	485	9	5	4	484	483	1	0.0	808
965a7d93-70a3-4a0d-a4f0-cbd616a03a6d	NR_024901.1	96.701	485	10	5	4	484	488	6	0.0	802
965a7d93-70a3-4a0d-a4f0-cbd616a03a6d	NR_024928.1	96.701	485	10	5	4	484	488	6	0.0	802
965a7d93-70a3-4a0d-a4f0-cbd616a03a6d	NR_156987.1	96.701	485	10	5	4	484	483	1	0.0	802
63c8dfe2-b91d-45a7-b9e4-4699e8ff544f	NR_024912.1	97.619	294	2	4	4	294	297	6	3.82e-141	499
63c8dfe2-b91d-45a7-b9e4-4699e8ff544f	NR_025174.1	97.619	294	2	4	4	294	292	1	3.82e-141	499
63c8dfe2-b91d-45a7-b9e4-4699e8ff544f	NR_028706.1	97.619	294	2	4	4	294	305	14	3.82e-141	499
63c8dfe2-b91d-45a7-b9e4-4699e8ff544f	NR_037092.1	97.619	294	2	4	4	294	302	11	3.82e-141	499
63c8dfe2-b91d-45a7-b9e4-4699e8ff544f	NR_042939.1	97.619	294	2	4	4	294	303	12	3.82e-141	499
71d22ee6-5704-46e9-bf84-d32c71c287df	NR_024901.1	96.097	538	9	7	1	535	122	650	0.0	867
71d22ee6-5704-46e9-bf84-d32c71c287df	NR_024928.1	96.097	538	9	7	1	535	122	650	0.0	867
71d22ee6-5704-46e9-bf84-d32c71c287df	NR_113583.1	96.097	538	9	7	1	535	109	637	0.0	867
71d22ee6-5704-46e9-bf84-d32c71c287df	NR_114225.1	96.097	538	9	7	1	535	109	637	0.0	867
71d22ee6-5704-46e9-bf84-d32c71c287df	NR_156987.1	96.097	538	9	7	1	535	117	645	0.0	867
2560fcf1-477d-48ae-a6c6-bd7f6a2133db	NR_169411.1	92.826	460	17	10	2	445	1232	773	0.0	652
2560fcf1-477d-48ae-a6c6-bd7f6a2133db	NR_179168.1	92.826	460	17	10	2	445	1235	776	0.0	652
2560fcf1-477d-48ae-a6c6-bd7f6a2133db	NR_180078.1	92.826	460	17	10	2	445	1232	773	0.0	652
2560fcf1-477d-48ae-a6c6-bd7f6a2133db	NR_180737.1	92.826	460	17	10	2	445	1213	754	0.0	652
2560fcf1-477d-48ae-a6c6-bd7f6a2133db	NR_181265.1	92.826	460	17	10	2	445	1239	780	0.0	652
9fb573bd-9389-4fda-9226-21bd8de4de0e	NR_043314.1	97.319	373	5	5	1	371	1391	1022	5.98e-180	628
9fb573bd-9389-4fda-9226-21bd8de4de0e	NR_116905.1	97.319	373	5	5	1	371	1394	1025	5.98e-180	628
9fb573bd-9389-4fda-9226-21bd8de4de0e	NR_114749.1	97.319	373	5	5	1	371	1393	1024	5.98e-180	628
9fb573bd-9389-4fda-9226-21bd8de4de0e	NR_116899.1	97.319	373	5	5	1	371	1360	991	5.98e-180	628
9fb573bd-9389-4fda-9226-21bd8de4de0e	NR_118125.1	97.319	373	5	5	1	371	1380	1011	5.98e-180	628
f9772041-1fe5-4b4b-a7a6-0c87bdd68969	NR_044091.1	94.444	612	15	14	1	603	1277	676	0.0	924
f9772041-1fe5-4b4b-a7a6-0c87bdd68969	NR_113570.1	93.791	612	18	15	1	603	1369	769	0.0	902
f9772041-1fe5-4b4b-a7a6-0c87bdd68969	NR_043332.1	93.464	612	20	15	1	603	1362	762	0.0	894
f9772041-1fe5-4b4b-a7a6-0c87bdd68969	NR_074980.1	93.464	612	20	15	1	603	1389	789	0.0	891
f9772041-1fe5-4b4b-a7a6-0c87bdd68969	NR_113031.1	93.464	612	20	15	1	603	1389	789	0.0	891
37899a5e-deed-41de-8949-427bfeb9f2fc	NR_024912.1	94.908	491	10	10	6	483	515	27	0.0	754
37899a5e-deed-41de-8949-427bfeb9f2fc	NR_042147.1	94.908	491	10	10	6	483	502	14	0.0	754
37899a5e-deed-41de-8949-427bfeb9f2fc	NR_156986.1	94.908	491	10	10	6	483	510	22	0.0	754
37899a5e-deed-41de-8949-427bfeb9f2fc	NR_178976.1	94.908	491	10	10	6	483	501	13	0.0	754
37899a5e-deed-41de-8949-427bfeb9f2fc	NR_113600.1	94.705	491	11	10	6	483	502	14	0.0	750
c21e13c1-f0c4-4910-9333-928482c52131	NR_179325.1	94.309	861	32	15	1	852	604	1456	0.0	1303
c21e13c1-f0c4-4910-9333-928482c52131	NR_115355.1	94.077	861	34	15	1	852	630	1482	0.0	1291
c21e13c1-f0c4-4910-9333-928482c52131	NR_115354.1	94.049	857	34	15	5	852	634	1482	0.0	1286
c21e13c1-f0c4-4910-9333-928482c52131	NR_163639.1	93.852	862	33	18	1	852	646	1497	0.0	1280
c21e13c1-f0c4-4910-9333-928482c52131	NR_119169.1	93.728	861	37	15	1	852	635	1487	0.0	1279
6bcb7cda-5896-4621-841d-b82ffd7a76fe	NR_117694.1	96.089	895	20	12	1	890	586	1470	0.0	1445
6bcb7cda-5896-4621-841d-b82ffd7a76fe	NR_121687.1	95.642	895	24	12	1	890	606	1490	0.0	1423
6bcb7cda-5896-4621-841d-b82ffd7a76fe	NR_117692.1	95.531	895	25	12	1	890	586	1470	0.0	1417
6bcb7cda-5896-4621-841d-b82ffd7a76fe	NR_117696.1	95.419	895	26	12	1	890	573	1457	0.0	1411
6bcb7cda-5896-4621-841d-b82ffd7a76fe	NR_025902.1	95.307	895	27	12	1	890	564	1448	0.0	1406
290437a8-cfd2-409f-904a-1ec4978c4847	NR_043314.1	90.751	519	31	15	1	509	956	1467	0.0	676
290437a8-cfd2-409f-904a-1ec4978c4847	NR_116905.1	90.734	518	33	14	1	509	959	1470	0.0	676
290437a8-cfd2-409f-904a-1ec4978c4847	NR_116899.1	90.751	519	31	15	1	509	925	1436	0.0	676
290437a8-cfd2-409f-904a-1ec4978c4847	NR_118125.1	93.162	468	20	12	1	462	945	1406	0.0	676
290437a8-cfd2-409f-904a-1ec4978c4847	NR_149822.1	93.162	468	20	12	1	462	921	1382	0.0	676
a4f7f43a-de4a-46ac-b98a-d0c6f91a9554	NR_199513.1	93.800	1387	58	22	1	1371	116	1490	0.0	2060
a4f7f43a-de4a-46ac-b98a-d0c6f91a9554	NR_024928.1	93.583	1387	61	22	1	1371	102	1476	0.0	2045
a4f7f43a-de4a-46ac-b98a-d0c6f91a9554	NR_113600.1	93.579	1386	61	22	1	1370	89	1462	0.0	2043
a4f7f43a-de4a-46ac-b98a-d0c6f91a9554	NR_179889.1	93.579	1386	63	20	1	1371	116	1490	0.0	2043
a4f7f43a-de4a-46ac-b98a-d0c6f91a9554	NR_024901.1	93.511	1387	62	22	1	1371	102	1476	0.0	2037
1ee40682-29a7-4332-b5b4-1dcd1d8e14ca	NR_156072.1	96.267	643	15	9	1	638	856	1494	0.0	1046
1ee40682-29a7-4332-b5b4-1dcd1d8e14ca	NR_179385.1	96.106	642	18	7	1	638	858	1496	0.0	1040
1ee40682-29a7-4332-b5b4-1dcd1d8e14ca	NR_199545.1	96.106	642	18	7	1	638	854	1492	0.0	1040
1ee40682-29a7-4332-b5b4-1dcd1d8e14ca	NR_024842.1	95.956	643	17	9	1	638	851	1489	0.0	1035
1ee40682-29a7-4332-b5b4-1dcd1d8e14ca	NR_028665.1	95.950	642	19	7	1	638	851	1489	0.0	1035
55ca98cd-11c2-4e36-80b3-72af349f9772	NR_178515.1	94.700	717	17	20	1	706	1123	417	0.0	1094
55ca98cd-11c2-4e36-80b3-72af349f9772	NR_109720.1	94.774	708	17	19	10	706	1109	411	0.0	1085
55ca98cd-11c2-4e36-80b3-72af349f9772	NR_115735.1	94.421	717	19	20	1	706	1114	408	0.0	1083
55ca98cd-11c2-4e36-80b3-72af349f9772	NR_116211.1	94.421	717	19	20	1	706	1046	340	0.0	1083
55ca98cd-11c2-4e36-80b3-72af349f9772	NR_165737.1	94.421	717	19	20	1	706	1123	417	0.0	1083
173b992b-5ea4-4950-9f18-2ec470993412	NR_181891.1	97.091	928	17	6	4	928	1301	381	0.0	1555
173b992b-5ea4-4950-9f18-2ec470993412	NR_041953.1	96.983	928	18	6	4	928	1278	358	0.0	1550
173b992b-5ea4-4950-9f18-2ec470993412	NR_178447.1	96.983	928	18	6	4	928	1212	292	0.0	1550
173b992b-5ea4-4950-9f18-2ec470993412	NR_199513.1	96.983	928	18	6	4	928	1305	385	0.0	1550
173b992b-5ea4-4950-9f18-2ec470993412	NR_042541.1	96.875	928	19	6	4	928	1278	358	0.0	1544
2414901d-6875-4e8b-8df3-09567119e8ea	NR_024901.1	99.040	729	3	4	1	726	733	6	0.0	1304
2414901d-6875-4e8b-8df3-09567119e8ea	NR_024928.1	99.040	729	3	4	1	726	733	6	0.0	1304
2414901d-6875-4e8b-8df3-09567119e8ea	NR_156986.1	99.040	729	3	4	1	726	728	1	0.0	1304
2414901d-6875-4e8b-8df3-09567119e8ea	NR_156987.1	98.903	729	4	4	1	726	728	1	0.0	1299
2414901d-6875-4e8b-8df3-09567119e8ea	NR_199513.1	98.901	728	6	2	1	726	747	20	0.0	1299
69a1f2ae-365e-492b-8c84-da4f28c23a91	NR_028986.1	97.096	861	6	12	1	853	614	1463	0.0	1434
69a1f2ae-365e-492b-8c84-da4f28c23a91	NR_042199.1	97.096	861	6	12	1	853	614	1463	0.0	1434
69a1f2ae-365e-492b-8c84-da4f28c23a91	NR_179337.1	97.096	861	6	12	1	853	618	1467	0.0	1434
69a1f2ae-365e-492b-8c84-da4f28c23a91	NR_113600.1	97.093	860	6	12	1	852	614	1462	0.0	1432
69a1f2ae-365e-492b-8c84-da4f28c23a91	NR_025164.1	96.980	861	7	12	1	853	614	1463	0.0	1428
b8d7742d-54af-4fee-bc76-c7f9b718f028	NR_041989.1	92.052	1296	75	20	9	1290	72	1353	0.0	1797
b8d7742d-54af-4fee-bc76-c7f9b718f028	NR_117694.1	90.650	1369	97	23	9	1361	114	1467	0.0	1790
b8d7742d-54af-4fee-bc76-c7f9b718f028	NR_117692.1	89.912	1368	109	22	9	1361	114	1467	0.0	1735
b8d7742d-54af-4fee-bc76-c7f9b718f028	NR_025902.1	89.766	1368	111	22	9	1361	92	1445	0.0	1724
b8d7742d-54af-4fee-bc76-c7f9b718f028	NR_121687.1	89.678	1366	112	25	11	1361	136	1487	0.0	1714
141a32ff-18e1-4e5d-8c3b-c493a93cd3fc	NR_042776.1	93.469	689	19	23	24	698	828	1504	0.0	1000
141a32ff-18e1-4e5d-8c3b-c493a93cd3fc	NR_042777.1	93.469	689	19	23	24	698	827	1503	0.0	1000
141a32ff-18e1-4e5d-8c3b-c493a93cd3fc	NR_042778.1	93.478	690	17	25	24	698	828	1504	0.0	1000
141a32ff-18e1-4e5d-8c3b-c493a93cd3fc	NR_197695.1	93.333	690	18	25	24	698	827	1503	0.0	994
141a32ff-18e1-4e5d-8c3b-c493a93cd3fc	NR_118998.1	93.023	688	23	22	24	698	823	1498	0.0	981
7f18e910-afbf-41c6-85a8-b2983c3454c1	NR_043332.1	99.115	339	3	0	1	339	1147	1485	1.98e-174	610
7f18e910-afbf-41c6-85a8-b2983c3454c1	NR_074980.1	99.115	339	3	0	1	339	1174	1512	1.98e-174	610
7f18e910-afbf-41c6-85a8-b2983c3454c1	NR_113031.1	99.115	339	3	0	1	339	1174	1512	1.98e-174	610
7f18e910-afbf-41c6-85a8-b2983c3454c1	NR_113570.1	98.824	340	3	1	1	339	1154	1493	9.23e-173	604
7f18e910-afbf-41c6-85a8-b2983c3454c1	NR_115354.1	98.230	339	6	0	1	339	1147	1485	2.00e-169	593
a5f02456-e368-419f-8621-82f30ce22ead	NR_025892.1	95.833	504	9	6	4	498	518	18	0.0	811
a5f02456-e368-419f-8621-82f30ce22ead	NR_117694.1	96.364	495	6	9	4	489	492	1	0.0	804
a5f02456-e368-419f-8621-82f30ce22ead	NR_121687.1	95.229	503	14	8	4	498	512	12	0.0	787
a5f02456-e368-419f-8621-82f30ce22ead	NR_121688.1	93.663	505	18	12	4	498	512	12	0.0	743
a5f02456-e368-419f-8621-82f30ce22ead	NR_117717.1	93.465	505	19	12	4	498	513	13	0.0	737
ad73b870-b48c-45a9-bdaa-53a168b404f2	NR_117694.1	93.428	1126	43	28	12	1117	1115	1	0.0	1640
ad73b870-b48c-45a9-bdaa-53a168b404f2	NR_121687.1	92.458	1127	52	30	12	1117	1135	21	0.0	1580
ad73b870-b48c-45a9-bdaa-53a168b404f2	NR_025892.1	91.918	1126	59	28	12	1117	1140	27	0.0	1572
ad73b870-b48c-45a9-bdaa-53a168b404f2	NR_117692.1	91.933	1128	56	30	12	1117	1115	1	0.0	1546
ad73b870-b48c-45a9-bdaa-53a168b404f2	NR_041989.1	92.804	1084	46	28	12	1074	1073	1	0.0	1541
c93287fe-db83-4e61-88eb-c2656329b1e4	NR_117694.1	92.547	966	45	23	12	962	514	1467	0.0	1360
c93287fe-db83-4e61-88eb-c2656329b1e4	NR_121687.1	92.435	965	48	21	12	962	534	1487	0.0	1354
c93287fe-db83-4e61-88eb-c2656329b1e4	NR_117692.1	92.029	966	50	23	12	962	514	1467	0.0	1332
c93287fe-db83-4e61-88eb-c2656329b1e4	NR_026079.2	91.925	966	51	23	12	962	541	1494	0.0	1327
c93287fe-db83-4e61-88eb-c2656329b1e4	NR_025892.1	91.867	959	51	21	12	956	540	1485	0.0	1323
0b848066-32c9-40da-8dc0-331bf9a3d637	NR_199513.1	91.715	869	29	27	1	841	881	28	0.0	1166
0b848066-32c9-40da-8dc0-331bf9a3d637	NR_156986.1	91.609	870	28	30	1	841	862	9	0.0	1160
0b848066-32c9-40da-8dc0-331bf9a3d637	NR_178976.1	91.600	869	28	30	1	840	853	1	0.0	1158
0b848066-32c9-40da-8dc0-331bf9a3d637	NR_113600.1	91.494	870	29	30	1	841	854	1	0.0	1157
0b848066-32c9-40da-8dc0-331bf9a3d637	NR_156987.1	91.494	870	29	30	1	841	862	9	0.0	1155
4294605c-e45e-413b-bf82-d7266aaf8b37	NR_199513.1	89.016	1138	65	40	27	1125	1417	301	0.0	1354
4294605c-e45e-413b-bf82-d7266aaf8b37	NR_040859.1	88.664	1138	69	40	27	1125	1402	286	0.0	1332
4294605c-e45e-413b-bf82-d7266aaf8b37	NR_104278.1	88.664	1138	69	40	27	1125	1402	286	0.0	1332
4294605c-e45e-413b-bf82-d7266aaf8b37	NR_104280.1	88.664	1138	69	40	27	1125	1402	286	0.0	1332
4294605c-e45e-413b-bf82-d7266aaf8b37	NR_113855.1	88.664	1138	69	40	27	1125	1390	274	0.0	1332
e84b595b-a307-4c03-b51c-980029bdb4a7	NR_156986.1	92.285	674	26	21	4	659	667	2	0.0	933
e84b595b-a307-4c03-b51c-980029bdb4a7	NR_024901.1	92.136	674	27	21	4	659	672	7	0.0	928
e84b595b-a307-4c03-b51c-980029bdb4a7	NR_024912.1	92.136	674	27	21	4	659	672	7	0.0	928
e84b595b-a307-4c03-b51c-980029bdb4a7	NR_024928.1	92.136	674	27	21	4	659	672	7	0.0	928
e84b595b-a307-4c03-b51c-980029bdb4a7	NR_156987.1	92.136	674	27	21	4	659	667	2	0.0	928
6920895a-e9e6-4f70-a03d-8a50afbb5d1b	NR_118998.1	92.004	913	54	14	7	911	490	1391	0.0	1264
6920895a-e9e6-4f70-a03d-8a50afbb5d1b	NR_118937.1	91.413	920	57	17	1	911	388	1294	0.0	1260
6920895a-e9e6-4f70-a03d-8a50afbb5d1b	NR_118941.1	90.033	913	72	14	7	911	393	1294	0.0	1221
6920895a-e9e6-4f70-a03d-8a50afbb5d1b	NR_118942.1	89.704	913	73	17	7	911	393	1292	0.0	1194
6920895a-e9e6-4f70-a03d-8a50afbb5d1b	NR_118935.1	89.704	913	73	15	8	911	394	1294	0.0	1182
e35e98ab-8924-419d-8721-624c306e42cc	NR_156986.1	94.801	1404	43	24	4	1388	1393	1	0.0	2161
e35e98ab-8924-419d-8721-624c306e42cc	NR_024928.1	94.729	1404	44	24	4	1388	1398	6	0.0	2158
e35e98ab-8924-419d-8721-624c306e42cc	NR_156987.1	94.729	1404	44	24	4	1388	1393	1	0.0	2156
e35e98ab-8924-419d-8721-624c306e42cc	NR_199514.1	94.729	1404	44	24	4	1388	1405	13	0.0	2156
e35e98ab-8924-419d-8721-624c306e42cc	NR_178976.1	94.839	1395	42	24	4	1379	1384	1	0.0	2152
96cbecda-5df8-44f4-8040-8b01c67fdfba	NR_117694.1	94.025	887	32	18	1	871	586	1467	0.0	1325
96cbecda-5df8-44f4-8040-8b01c67fdfba	NR_121687.1	93.687	887	35	18	1	871	606	1487	0.0	1308
96cbecda-5df8-44f4-8040-8b01c67fdfba	NR_117692.1	93.574	887	36	18	1	871	586	1467	0.0	1303
96cbecda-5df8-44f4-8040-8b01c67fdfba	NR_117696.1	93.461	887	37	18	1	871	573	1454	0.0	1297
96cbecda-5df8-44f4-8040-8b01c67fdfba	NR_025902.1	93.348	887	38	18	1	871	564	1445	0.0	1291
f149eb51-fd60-4975-bdb9-c80cda588885	NR_042776.1	95.687	997	23	12	4	985	508	1499	0.0	1585
f149eb51-fd60-4975-bdb9-c80cda588885	NR_042777.1	95.687	997	23	12	4	985	507	1498	0.0	1585
f149eb51-fd60-4975-bdb9-c80cda588885	NR_042778.1	95.691	998	21	14	4	985	508	1499	0.0	1585
f149eb51-fd60-4975-bdb9-c80cda588885	NR_197695.1	95.491	998	23	14	4	985	507	1498	0.0	1574
f149eb51-fd60-4975-bdb9-c80cda588885	NR_118998.1	95.190	998	25	15	4	985	503	1493	0.0	1555
9f73a658-4121-422d-9e50-0ab911d02af8	NR_024912.1	96.955	624	11	5	3	620	627	6	0.0	1040
9f73a658-4121-422d-9e50-0ab911d02af8	NR_156986.1	96.955	624	11	5	3	620	622	1	0.0	1040
9f73a658-4121-422d-9e50-0ab911d02af8	NR_199513.1	96.656	628	13	6	1	622	643	18	0.0	1037
9f73a658-4121-422d-9e50-0ab911d02af8	NR_024901.1	96.795	624	12	5	3	620	627	6	0.0	1035
9f73a658-4121-422d-9e50-0ab911d02af8	NR_024928.1	96.795	624	12	5	3	620	627	6	0.0	1035
b2c9fe5c-d242-4feb-aa55-32c666bec1d0	NR_025892.1	93.115	305	11	10	1	299	319	19	2.40e-123	440
b2c9fe5c-d242-4feb-aa55-32c666bec1d0	NR_117694.1	93.939	297	8	10	1	291	293	1	2.40e-123	440
b2c9fe5c-d242-4feb-aa55-32c666bec1d0	NR_121688.1	91.803	305	15	10	1	299	313	13	4.04e-116	416
b2c9fe5c-d242-4feb-aa55-32c666bec1d0	NR_117717.1	91.475	305	16	10	1	299	314	14	1.88e-114	411
b2c9fe5c-d242-4feb-aa55-32c666bec1d0	NR_121687.1	91.475	305	16	10	1	299	313	13	1.88e-114	411
afa2e962-5353-415d-b944-6f6a37cc54a9	NR_199513.1	94.585	1145	35	24	1	1125	1157	20	0.0	1746
afa2e962-5353-415d-b944-6f6a37cc54a9	NR_156986.1	94.498	1145	36	24	1	1125	1138	1	0.0	1740
afa2e962-5353-415d-b944-6f6a37cc54a9	NR_024928.1	94.420	1147	35	26	1	1126	1143	5	0.0	1736
afa2e962-5353-415d-b944-6f6a37cc54a9	NR_199514.1	94.415	1146	37	24	1	1126	1150	12	0.0	1736
afa2e962-5353-415d-b944-6f6a37cc54a9	NR_156987.1	94.410	1145	37	24	1	1125	1138	1	0.0	1735
d923aece-6e5d-454e-a035-b6a3d0574a26	NR_024912.1	94.774	287	9	6	6	287	293	8	6.43e-124	442
d923aece-6e5d-454e-a035-b6a3d0574a26	NR_028706.1	94.774	287	9	6	6	287	301	16	6.43e-124	442
d923aece-6e5d-454e-a035-b6a3d0574a26	NR_037092.1	94.774	287	9	6	6	287	298	13	6.43e-124	442
d923aece-6e5d-454e-a035-b6a3d0574a26	NR_042939.1	94.774	287	9	6	6	287	299	14	6.43e-124	442
d923aece-6e5d-454e-a035-b6a3d0574a26	NR_114473.1	94.774	287	9	6	6	287	288	3	6.43e-124	442
c5517212-6d96-4343-9d49-d96985fced7a	NR_024918.1	98.085	470	5	3	14	480	1008	1476	0.0	815
c5517212-6d96-4343-9d49-d96985fced7a	NR_028986.1	98.085	470	5	3	14	480	995	1463	0.0	815
c5517212-6d96-4343-9d49-d96985fced7a	NR_043314.1	98.085	470	5	3	14	480	1013	1481	0.0	815
c5517212-6d96-4343-9d49-d96985fced7a	NR_042199.1	98.085	470	5	3	14	480	995	1463	0.0	815
c5517212-6d96-4343-9d49-d96985fced7a	NR_114225.1	98.081	469	5	3	14	479	995	1462	0.0	815
44343ebe-5292-4dd1-b481-c40c122e2637	NR_156986.1	94.472	1393	40	28	65	1431	1382	1	0.0	2111
44343ebe-5292-4dd1-b481-c40c122e2637	NR_156987.1	94.401	1393	41	28	65	1431	1382	1	0.0	2106
44343ebe-5292-4dd1-b481-c40c122e2637	NR_199513.1	94.333	1394	44	26	65	1433	1401	18	0.0	2104
44343ebe-5292-4dd1-b481-c40c122e2637	NR_024928.1	94.257	1393	43	28	65	1431	1387	6	0.0	2097
44343ebe-5292-4dd1-b481-c40c122e2637	NR_024901.1	94.257	1393	43	28	65	1431	1387	6	0.0	2095
b7329084-3a4a-4155-b58f-91d5c2f877b0	NR_113570.1	96.364	495	9	7	1	488	998	1490	0.0	806
b7329084-3a4a-4155-b58f-91d5c2f877b0	NR_043332.1	96.154	494	11	7	1	488	991	1482	0.0	804
b7329084-3a4a-4155-b58f-91d5c2f877b0	NR_074980.1	96.154	494	11	7	1	488	1018	1509	0.0	800
b7329084-3a4a-4155-b58f-91d5c2f877b0	NR_113031.1	96.154	494	11	7	1	488	1018	1509	0.0	800
b7329084-3a4a-4155-b58f-91d5c2f877b0	NR_115355.1	95.749	494	13	7	1	488	991	1482	0.0	789
026127c4-6759-49c0-92e9-a2d9b943c071	NR_199513.1	99.208	379	2	1	1	379	393	770	0.0	682
026127c4-6759-49c0-92e9-a2d9b943c071	NR_041953.1	98.945	379	3	1	1	379	366	743	0.0	676
026127c4-6759-49c0-92e9-a2d9b943c071	NR_152710.1	98.945	379	3	1	1	379	347	724	0.0	676
026127c4-6759-49c0-92e9-a2d9b943c071	NR_178447.1	98.945	379	3	1	1	379	300	677	0.0	676
026127c4-6759-49c0-92e9-a2d9b943c071	NR_181891.1	98.945	379	3	1	1	379	389	766	0.0	676
0ffea99f-0ac6-4c36-9688-cc3dcd44535b	NR_024918.1	96.280	914	17	10	12	914	572	1479	0.0	1483
0ffea99f-0ac6-4c36-9688-cc3dcd44535b	NR_116899.1	96.171	914	18	8	12	914	546	1453	0.0	1478
0ffea99f-0ac6-4c36-9688-cc3dcd44535b	NR_041953.1	96.061	914	19	8	12	914	559	1466	0.0	1472
0ffea99f-0ac6-4c36-9688-cc3dcd44535b	NR_042541.1	96.061	914	19	8	12	914	559	1466	0.0	1472
0ffea99f-0ac6-4c36-9688-cc3dcd44535b	NR_028929.1	96.061	914	19	10	12	914	576	1483	0.0	1472
0ffea99f-0ac6-4c36-9688-cc3dcd44535b	NR_028929.1	100.000	28	0	0	882	909	1501	1528	4.21e-06	52.8
e2c3ff7e-62dc-4ca5-94f6-3066d2daa2b1	NR_156986.1	96.313	678	7	14	9	677	670	2	0.0	1098
e2c3ff7e-62dc-4ca5-94f6-3066d2daa2b1	NR_024901.1	96.165	678	8	14	9	677	675	7	0.0	1092
e2c3ff7e-62dc-4ca5-94f6-3066d2daa2b1	NR_024912.1	96.165	678	8	14	9	677	675	7	0.0	1092
e2c3ff7e-62dc-4ca5-94f6-3066d2daa2b1	NR_024928.1	96.165	678	8	14	9	677	675	7	0.0	1092
e2c3ff7e-62dc-4ca5-94f6-3066d2daa2b1	NR_156987.1	96.165	678	8	14	9	677	670	2	0.0	1092
92e86b6a-5fd1-4ec7-b401-6bd8a1bb8f00	NR_028664.1	95.956	989	21	15	1	973	1001	16	0.0	1587
92e86b6a-5fd1-4ec7-b401-6bd8a1bb8f00	NR_115240.1	96.217	978	19	14	1	963	978	4	0.0	1585
92e86b6a-5fd1-4ec7-b401-6bd8a1bb8f00	NR_179383.1	95.854	989	22	15	1	973	1005	20	0.0	1581
92e86b6a-5fd1-4ec7-b401-6bd8a1bb8f00	NR_115732.1	96.115	978	19	15	1	963	980	7	0.0	1578
92e86b6a-5fd1-4ec7-b401-6bd8a1bb8f00	NR_179385.1	95.753	989	23	15	1	973	1002	17	0.0	1576
d134c6e2-a845-42cb-a10d-ab8cff4d2aea	NR_041989.1	92.593	297	8	12	1	288	964	673	1.39e-115	414
d134c6e2-a845-42cb-a10d-ab8cff4d2aea	NR_117694.1	92.593	297	8	12	1	288	1006	715	1.39e-115	414
d134c6e2-a845-42cb-a10d-ab8cff4d2aea	NR_178369.1	92.593	297	8	12	1	288	977	686	1.39e-115	414
d134c6e2-a845-42cb-a10d-ab8cff4d2aea	NR_028900.1	92.256	297	9	12	1	288	964	673	6.47e-114	409
d134c6e2-a845-42cb-a10d-ab8cff4d2aea	NR_043459.1	91.919	297	10	12	1	288	1030	739	3.01e-112	403
0eb83937-45f5-41ec-8129-88867a236b48	NR_116899.1	94.347	973	31	16	3	962	489	1450	0.0	1471
0eb83937-45f5-41ec-8129-88867a236b48	NR_179889.1	94.347	973	31	16	3	962	529	1490	0.0	1471
0eb83937-45f5-41ec-8129-88867a236b48	NR_199515.1	94.347	973	31	16	3	962	531	1492	0.0	1471
0eb83937-45f5-41ec-8129-88867a236b48	NR_024918.1	94.245	973	32	16	3	962	515	1476	0.0	1465
0eb83937-45f5-41ec-8129-88867a236b48	NR_041799.1	94.251	974	30	18	3	962	502	1463	0.0	1465
a05fe885-42a8-4e3b-8a63-b0803d43ee2b	NR_043332.1	90.837	251	15	6	1	247	1204	1450	4.44e-90	329
a05fe885-42a8-4e3b-8a63-b0803d43ee2b	NR_074980.1	90.837	251	15	6	1	247	1231	1477	4.44e-90	329
a05fe885-42a8-4e3b-8a63-b0803d43ee2b	NR_113031.1	90.837	251	15	6	1	247	1231	1477	4.44e-90	329
a05fe885-42a8-4e3b-8a63-b0803d43ee2b	NR_113570.1	90.837	251	15	6	1	247	1211	1457	4.44e-90	329
a05fe885-42a8-4e3b-8a63-b0803d43ee2b	NR_119168.1	90.323	248	16	6	4	247	1212	1455	7.43e-88	322
8b6289e9-898e-4f85-be35-44c2bdd65a0c	NR_041799.1	94.678	808	26	15	1	803	668	1463	0.0	1238
8b6289e9-898e-4f85-be35-44c2bdd65a0c	NR_116899.1	94.678	808	26	15	1	803	655	1450	0.0	1238
8b6289e9-898e-4f85-be35-44c2bdd65a0c	NR_117823.1	94.678	808	26	15	1	803	640	1435	0.0	1238
8b6289e9-898e-4f85-be35-44c2bdd65a0c	NR_179889.1	94.678	808	26	15	1	803	695	1490	0.0	1238
8b6289e9-898e-4f85-be35-44c2bdd65a0c	NR_114227.1	94.672	807	26	15	1	802	668	1462	0.0	1236
ce7bcfe5-0c79-4112-b1e0-504586185e50	NR_041989.1	94.021	485	17	11	1	478	1109	630	0.0	725
ce7bcfe5-0c79-4112-b1e0-504586185e50	NR_117694.1	93.814	485	18	11	1	478	1151	672	0.0	719
ce7bcfe5-0c79-4112-b1e0-504586185e50	NR_178369.1	93.608	485	19	11	1	478	1122	643	0.0	713
ce7bcfe5-0c79-4112-b1e0-504586185e50	NR_025892.1	93.196	485	21	11	1	478	1176	697	0.0	708
ce7bcfe5-0c79-4112-b1e0-504586185e50	NR_028900.1	93.402	485	20	11	1	478	1109	630	0.0	708
b7b023d9-2e73-4184-b5c5-6e4ee09bb006	NR_179482.1	92.018	1090	41	33	1	1063	1133	63	0.0	1489
b7b023d9-2e73-4184-b5c5-6e4ee09bb006	NR_181891.1	92.011	1089	43	31	1	1063	1253	183	0.0	1489
b7b023d9-2e73-4184-b5c5-6e4ee09bb006	NR_041953.1	91.919	1089	44	31	1	1063	1230	160	0.0	1483
b7b023d9-2e73-4184-b5c5-6e4ee09bb006	NR_178447.1	91.919	1089	44	31	1	1063	1164	94	0.0	1483
b7b023d9-2e73-4184-b5c5-6e4ee09bb006	NR_181014.1	91.927	1090	42	33	1	1063	1230	160	0.0	1483
711c22c2-5a76-4104-b040-da31c8c067e1	NR_164626.1	98.992	397	1	3	6	402	394	1	0.0	708
711c22c2-5a76-4104-b040-da31c8c067e1	NR_024912.1	98.987	395	1	3	6	400	397	6	0.0	704
711c22c2-5a76-4104-b040-da31c8c067e1	NR_028706.1	98.987	395	1	3	6	400	405	14	0.0	704
711c22c2-5a76-4104-b040-da31c8c067e1	NR_042939.1	98.987	395	1	3	6	400	403	12	0.0	704
711c22c2-5a76-4104-b040-da31c8c067e1	NR_114473.1	98.987	395	1	3	6	400	392	1	0.0	704
c1d15082-7a93-4f20-ba35-7770686c064e	NR_028736.1	97.436	468	6	4	1	467	1041	1503	0.0	793
c1d15082-7a93-4f20-ba35-7770686c064e	NR_028665.1	97.629	464	5	4	5	467	1036	1494	0.0	791
c1d15082-7a93-4f20-ba35-7770686c064e	NR_041721.1	97.629	464	5	4	5	467	1044	1502	0.0	791
c1d15082-7a93-4f20-ba35-7770686c064e	NR_112704.1	97.629	464	5	4	5	467	940	1398	0.0	791
c1d15082-7a93-4f20-ba35-7770686c064e	NR_179385.1	97.629	464	5	4	5	467	1043	1501	0.0	791
e86b3e28-d8ef-4487-aadf-d2e04146d224	NR_024912.1	98.222	450	5	3	1	449	454	7	0.0	784
e86b3e28-d8ef-4487-aadf-d2e04146d224	NR_156986.1	98.222	450	5	3	1	449	449	2	0.0	784
e86b3e28-d8ef-4487-aadf-d2e04146d224	NR_024901.1	98.000	450	6	3	1	449	454	7	0.0	778
e86b3e28-d8ef-4487-aadf-d2e04146d224	NR_024928.1	98.000	450	6	3	1	449	454	7	0.0	778
e86b3e28-d8ef-4487-aadf-d2e04146d224	NR_043425.1	98.000	450	6	3	1	449	459	12	0.0	778
3a354a2a-fb13-44e2-b28a-562723f156e5	NR_178262.1	93.872	359	15	6	2	357	1014	1368	1.31e-151	534
3a354a2a-fb13-44e2-b28a-562723f156e5	NR_179215.1	93.872	359	15	6	2	357	1136	1490	1.31e-151	534
3a354a2a-fb13-44e2-b28a-562723f156e5	NR_179720.1	93.872	359	15	6	2	357	1140	1494	1.31e-151	534
3a354a2a-fb13-44e2-b28a-562723f156e5	NR_025453.1	93.593	359	17	5	2	357	1120	1475	1.69e-150	531
3a354a2a-fb13-44e2-b28a-562723f156e5	NR_024842.1	93.593	359	15	7	2	357	1135	1488	6.09e-150	529
b6dba867-3e3f-478f-a907-7b464f9b483a	NR_040933.1	97.243	399	9	2	2	399	1092	1489	0.0	675
b6dba867-3e3f-478f-a907-7b464f9b483a	NR_117717.1	97.243	399	9	2	2	399	1090	1487	0.0	675
b6dba867-3e3f-478f-a907-7b464f9b483a	NR_121688.1	97.243	399	9	2	2	399	1090	1487	0.0	675
b6dba867-3e3f-478f-a907-7b464f9b483a	NR_117694.1	97.243	399	9	2	2	399	1070	1467	0.0	675
b6dba867-3e3f-478f-a907-7b464f9b483a	NR_117696.1	97.243	399	9	2	2	399	1057	1454	0.0	675
8d1f8185-8aac-405b-80f3-8d8a39a201f4	NR_199545.1	96.535	202	5	2	1	200	218	17	2.75e-91	333
8d1f8185-8aac-405b-80f3-8d8a39a201f4	NR_179385.1	96.040	202	6	2	1	200	222	21	1.28e-89	327
8d1f8185-8aac-405b-80f3-8d8a39a201f4	NR_165741.1	95.545	202	7	2	1	200	207	6	5.96e-88	322
8d1f8185-8aac-405b-80f3-8d8a39a201f4	NR_179383.1	95.050	202	8	2	1	200	225	24	2.77e-86	316
8d1f8185-8aac-405b-80f3-8d8a39a201f4	NR_028664.1	94.554	202	9	2	1	200	221	20	1.29e-84	311
10a8c43a-d35c-4aa9-9844-ab3e44996aff	NR_041989.1	96.143	363	10	4	1	360	433	794	2.76e-168	590
10a8c43a-d35c-4aa9-9844-ab3e44996aff	NR_117694.1	96.143	363	10	4	1	360	475	836	2.76e-168	590
10a8c43a-d35c-4aa9-9844-ab3e44996aff	NR_121687.1	95.592	363	12	4	1	360	495	856	5.98e-165	579
10a8c43a-d35c-4aa9-9844-ab3e44996aff	NR_028900.1	95.055	364	12	4	1	360	433	794	1.29e-161	568
10a8c43a-d35c-4aa9-9844-ab3e44996aff	NR_041988.1	95.041	363	14	4	1	360	433	794	1.29e-161	568
3944c542-74bf-4aa7-8e55-74054170ed42	NR_179540.1	95.376	519	10	9	1	505	1411	893	0.0	813
3944c542-74bf-4aa7-8e55-74054170ed42	NR_116206.1	95.183	519	11	9	1	505	1316	798	0.0	809
3944c542-74bf-4aa7-8e55-74054170ed42	NR_042928.1	95.183	519	11	9	1	505	1391	873	0.0	808
3944c542-74bf-4aa7-8e55-74054170ed42	NR_199547.1	95.183	519	11	9	1	505	1371	853	0.0	808
3944c542-74bf-4aa7-8e55-74054170ed42	NR_028665.1	94.990	519	12	9	1	505	1408	890	0.0	802
4295b255-5648-4123-be94-cfeb1de818e4	NR_199513.1	95.466	816	17	13	1	803	1018	210	0.0	1284
4295b255-5648-4123-be94-cfeb1de818e4	NR_041953.1	95.343	816	18	13	1	803	991	183	0.0	1279
4295b255-5648-4123-be94-cfeb1de818e4	NR_178447.1	95.343	816	18	13	1	803	925	117	0.0	1279
4295b255-5648-4123-be94-cfeb1de818e4	NR_181891.1	95.343	816	18	13	1	803	1014	206	0.0	1279
4295b255-5648-4123-be94-cfeb1de818e4	NR_042541.1	95.221	816	19	13	1	803	991	183	0.0	1273
6ec45635-313a-4f81-bb51-bc6c74714c30	NR_043332.1	99.228	259	2	0	1	259	1224	1482	9.62e-132	468
6ec45635-313a-4f81-bb51-bc6c74714c30	NR_074980.1	99.228	259	2	0	1	259	1251	1509	9.62e-132	468
6ec45635-313a-4f81-bb51-bc6c74714c30	NR_113031.1	99.228	259	2	0	1	259	1251	1509	9.62e-132	468
6ec45635-313a-4f81-bb51-bc6c74714c30	NR_119168.1	98.842	259	3	0	1	259	1229	1487	1.24e-130	464
6ec45635-313a-4f81-bb51-bc6c74714c30	NR_113570.1	98.846	260	2	1	1	259	1231	1490	4.48e-130	462
aa9ee60c-a034-46dc-ad31-c763ac40efa0	NR_156986.1	97.405	1002	15	10	4	999	997	1	0.0	1696
aa9ee60c-a034-46dc-ad31-c763ac40efa0	NR_199513.1	97.308	1003	18	8	4	1001	1016	18	0.0	1694
aa9ee60c-a034-46dc-ad31-c763ac40efa0	NR_156987.1	97.305	1002	16	10	4	999	997	1	0.0	1690
aa9ee60c-a034-46dc-ad31-c763ac40efa0	NR_199514.1	97.305	1002	16	10	4	999	1009	13	0.0	1690
aa9ee60c-a034-46dc-ad31-c763ac40efa0	NR_024901.1	97.206	1002	17	10	4	999	1002	6	0.0	1685
5a1cb71a-20d0-4a33-8623-3b9deae492a7	NR_043314.1	96.558	552	13	5	6	554	933	1481	0.0	909
5a1cb71a-20d0-4a33-8623-3b9deae492a7	NR_116899.1	96.558	552	13	5	6	554	902	1450	0.0	909
5a1cb71a-20d0-4a33-8623-3b9deae492a7	NR_178854.1	96.558	552	13	5	6	554	914	1462	0.0	909
5a1cb71a-20d0-4a33-8623-3b9deae492a7	NR_179889.1	96.558	552	13	5	6	554	942	1490	0.0	909
5a1cb71a-20d0-4a33-8623-3b9deae492a7	NR_041799.1	96.377	552	14	5	6	554	915	1463	0.0	904
d6e75e74-babd-4768-aba3-7bc147d6e840	NR_043314.1	94.286	315	12	6	60	371	1170	1481	2.33e-134	477
d6e75e74-babd-4768-aba3-7bc147d6e840	NR_114749.1	94.286	315	12	6	60	371	1172	1483	2.33e-134	477
d6e75e74-babd-4768-aba3-7bc147d6e840	NR_116899.1	94.286	315	12	6	60	371	1139	1450	2.33e-134	477
d6e75e74-babd-4768-aba3-7bc147d6e840	NR_178854.1	94.286	315	12	6	60	371	1151	1462	2.33e-134	477
d6e75e74-babd-4768-aba3-7bc147d6e840	NR_179889.1	94.286	315	12	6	60	371	1179	1490	2.33e-134	477
016792ec-26dc-4cd4-ae11-1d165343650d	NR_156986.1	95.993	1173	24	19	5	1166	1161	1	0.0	1884
016792ec-26dc-4cd4-ae11-1d165343650d	NR_178976.1	96.220	1164	21	19	5	1157	1152	1	0.0	1884
016792ec-26dc-4cd4-ae11-1d165343650d	NR_199513.1	95.911	1174	27	17	5	1168	1180	18	0.0	1882
016792ec-26dc-4cd4-ae11-1d165343650d	NR_024928.1	95.908	1173	25	19	5	1166	1166	6	0.0	1879
016792ec-26dc-4cd4-ae11-1d165343650d	NR_156987.1	95.908	1173	25	19	5	1166	1161	1	0.0	1879
cad7f6c4-8650-43a8-b121-8aeaa9c9b792	NR_043314.1	96.637	446	10	4	1	443	1037	1480	0.0	736
cad7f6c4-8650-43a8-b121-8aeaa9c9b792	NR_114749.1	96.637	446	10	4	1	443	1039	1482	0.0	736
cad7f6c4-8650-43a8-b121-8aeaa9c9b792	NR_116899.1	96.637	446	10	4	1	443	1006	1449	0.0	736
cad7f6c4-8650-43a8-b121-8aeaa9c9b792	NR_178854.1	96.637	446	10	4	1	443	1018	1461	0.0	736
cad7f6c4-8650-43a8-b121-8aeaa9c9b792	NR_179889.1	96.637	446	10	4	1	443	1046	1489	0.0	736
be3d4883-ab93-4e2d-961e-1e3a123c9dcb	NR_025862.1	97.037	540	11	4	1	537	548	11	0.0	909
be3d4883-ab93-4e2d-961e-1e3a123c9dcb	NR_028682.1	93.727	542	22	11	1	535	549	13	0.0	802
be3d4883-ab93-4e2d-961e-1e3a123c9dcb	NR_026454.1	89.981	529	37	15	1	517	525	1	0.0	669
be3d4883-ab93-4e2d-961e-1e3a123c9dcb	NR_025863.1	88.807	545	45	15	4	537	550	11	0.0	658
be3d4883-ab93-4e2d-961e-1e3a123c9dcb	NR_180911.1	87.868	544	52	13	1	535	539	1	3.18e-179	627
62210bec-ee43-4909-b379-cfcf3d46d78e	NR_041989.1	95.133	226	3	7	1	221	346	124	4.83e-96	350
62210bec-ee43-4909-b379-cfcf3d46d78e	NR_117694.1	95.133	226	3	7	1	221	388	166	4.83e-96	350
62210bec-ee43-4909-b379-cfcf3d46d78e	NR_121687.1	94.714	227	4	7	1	222	408	185	6.25e-95	346
62210bec-ee43-4909-b379-cfcf3d46d78e	NR_025893.1	94.690	226	4	7	1	221	412	190	2.25e-94	344
62210bec-ee43-4909-b379-cfcf3d46d78e	NR_025902.1	94.690	226	4	7	1	221	366	144	2.25e-94	344
7527881c-7e30-4b0c-8317-cd4007a492af	NR_179889.1	93.853	1334	49	29	1	1317	168	1485	0.0	1978
7527881c-7e30-4b0c-8317-cd4007a492af	NR_041953.1	93.778	1334	50	28	1	1317	141	1458	0.0	1973
7527881c-7e30-4b0c-8317-cd4007a492af	NR_042541.1	93.778	1334	50	28	1	1317	141	1458	0.0	1973
7527881c-7e30-4b0c-8317-cd4007a492af	NR_178854.1	93.778	1334	49	30	1	1317	141	1457	0.0	1973
7527881c-7e30-4b0c-8317-cd4007a492af	NR_178447.1	93.703	1334	51	29	1	1317	75	1392	0.0	1967
9814054f-4461-4a24-a3cf-fda83235f59e	NR_041879.1	92.000	275	12	8	1	272	491	224	1.73e-104	377
9814054f-4461-4a24-a3cf-fda83235f59e	NR_113570.1	92.000	275	12	8	1	272	541	274	1.73e-104	377
9814054f-4461-4a24-a3cf-fda83235f59e	NR_115355.1	92.000	275	12	8	1	272	534	267	1.73e-104	377
9814054f-4461-4a24-a3cf-fda83235f59e	NR_044091.1	92.000	275	12	8	1	272	448	181	1.73e-104	377
9814054f-4461-4a24-a3cf-fda83235f59e	NR_179325.1	92.000	275	12	8	1	272	508	241	1.73e-104	377
7cbc9e20-a0f9-4603-beb1-d877080f315c	NR_117694.1	97.683	1381	17	15	3	1371	95	1472	0.0	2359
7cbc9e20-a0f9-4603-beb1-d877080f315c	NR_121687.1	96.604	1384	30	17	1	1371	113	1492	0.0	2279
7cbc9e20-a0f9-4603-beb1-d877080f315c	NR_025892.1	96.423	1370	33	16	3	1360	121	1486	0.0	2270
7cbc9e20-a0f9-4603-beb1-d877080f315c	NR_117692.1	96.385	1383	31	17	3	1371	95	1472	0.0	2259
7cbc9e20-a0f9-4603-beb1-d877080f315c	NR_025902.1	96.171	1384	33	18	3	1371	72	1450	0.0	2244
07be86f5-86f4-462a-a8f4-387d928dc8f2	NR_117694.1	91.940	1067	50	32	1	1048	1050	1	0.0	1461
07be86f5-86f4-462a-a8f4-387d928dc8f2	NR_121687.1	91.394	1069	52	35	1	1048	1070	21	0.0	1428
07be86f5-86f4-462a-a8f4-387d928dc8f2	NR_025892.1	90.619	1066	65	29	1	1048	1075	27	0.0	1402
07be86f5-86f4-462a-a8f4-387d928dc8f2	NR_041988.1	91.821	1027	47	33	1	1009	1008	1	0.0	1397
07be86f5-86f4-462a-a8f4-387d928dc8f2	NR_104946.1	91.562	1031	50	33	1	1013	1013	2	0.0	1387
d0d77339-6256-4b8a-af15-bfebfefa6af1	NR_041799.1	94.118	782	30	16	8	782	695	1467	0.0	1175
d0d77339-6256-4b8a-af15-bfebfefa6af1	NR_116899.1	94.118	782	30	16	8	782	682	1454	0.0	1175
d0d77339-6256-4b8a-af15-bfebfefa6af1	NR_117823.1	94.118	782	30	16	8	782	667	1439	0.0	1175
d0d77339-6256-4b8a-af15-bfebfefa6af1	NR_179889.1	94.118	782	30	16	8	782	722	1494	0.0	1175
d0d77339-6256-4b8a-af15-bfebfefa6af1	NR_114227.1	94.208	777	29	16	8	777	695	1462	0.0	1171
380781cf-dd57-4368-a938-9de4d5aba558	NR_024912.1	91.650	515	18	15	15	514	510	6	0.0	689
380781cf-dd57-4368-a938-9de4d5aba558	NR_156986.1	91.650	515	18	15	15	514	505	1	0.0	689
380781cf-dd57-4368-a938-9de4d5aba558	NR_042147.1	91.913	507	17	14	15	507	497	1	0.0	688
380781cf-dd57-4368-a938-9de4d5aba558	NR_178976.1	91.897	506	17	14	15	506	496	1	0.0	686
380781cf-dd57-4368-a938-9de4d5aba558	NR_024901.1	91.456	515	19	15	15	514	510	6	0.0	684
bc515f4a-5ac4-4ebf-b761-1fd6c32b6eab	NR_179385.1	96.654	1046	14	16	11	1044	463	1499	0.0	1718
bc515f4a-5ac4-4ebf-b761-1fd6c32b6eab	NR_199545.1	96.654	1046	14	16	11	1044	459	1495	0.0	1718
bc515f4a-5ac4-4ebf-b761-1fd6c32b6eab	NR_165744.1	96.631	1039	14	16	11	1037	448	1477	0.0	1705
bc515f4a-5ac4-4ebf-b761-1fd6c32b6eab	NR_179383.1	96.371	1047	16	17	11	1044	466	1503	0.0	1703
bc515f4a-5ac4-4ebf-b761-1fd6c32b6eab	NR_028665.1	96.367	1046	17	16	11	1044	456	1492	0.0	1701
0ca5bc07-0a36-468d-98ab-9b73cecf7897	NR_164951.1	95.219	502	20	3	1	501	990	1488	0.0	791
0ca5bc07-0a36-468d-98ab-9b73cecf7897	NR_117717.1	95.020	502	21	3	1	501	989	1487	0.0	785
0ca5bc07-0a36-468d-98ab-9b73cecf7897	NR_117694.1	95.020	502	21	3	1	501	969	1467	0.0	785
0ca5bc07-0a36-468d-98ab-9b73cecf7897	NR_117696.1	95.020	502	21	3	1	501	956	1454	0.0	785
0ca5bc07-0a36-468d-98ab-9b73cecf7897	NR_025902.1	94.821	502	22	3	1	501	947	1445	0.0	780
d979040f-78ae-4d47-a1d5-acd208aaa349	NR_113570.1	93.318	1347	51	34	1	1323	160	1491	0.0	1953
d979040f-78ae-4d47-a1d5-acd208aaa349	NR_074980.1	93.155	1344	54	33	3	1323	182	1510	0.0	1938
d979040f-78ae-4d47-a1d5-acd208aaa349	NR_113031.1	93.155	1344	54	33	3	1323	182	1510	0.0	1938
d979040f-78ae-4d47-a1d5-acd208aaa349	NR_043332.1	93.006	1344	56	33	3	1323	155	1483	0.0	1932
d979040f-78ae-4d47-a1d5-acd208aaa349	NR_115354.1	92.873	1347	56	34	1	1323	153	1483	0.0	1923
043bce12-2d44-497c-87ae-adc889fb1864	NR_041953.1	90.942	828	37	33	1	804	1173	360	0.0	1079
043bce12-2d44-497c-87ae-adc889fb1864	NR_178447.1	90.942	828	37	33	1	804	1107	294	0.0	1079
043bce12-2d44-497c-87ae-adc889fb1864	NR_042541.1	90.821	828	38	33	1	804	1173	360	0.0	1074
043bce12-2d44-497c-87ae-adc889fb1864	NR_179889.1	90.821	828	38	33	1	804	1200	387	0.0	1074
043bce12-2d44-497c-87ae-adc889fb1864	NR_181891.1	90.821	828	38	33	1	804	1196	383	0.0	1074
244dc628-b07d-41c1-97e3-1e4be3dfa526	NR_028665.1	97.361	379	8	1	126	504	1430	1054	0.0	643
244dc628-b07d-41c1-97e3-1e4be3dfa526	NR_042927.1	97.361	379	8	1	126	504	1415	1039	0.0	643
244dc628-b07d-41c1-97e3-1e4be3dfa526	NR_114413.1	97.361	379	8	1	126	504	1438	1062	0.0	643
244dc628-b07d-41c1-97e3-1e4be3dfa526	NR_115239.1	97.361	379	8	1	126	504	1413	1037	0.0	643
244dc628-b07d-41c1-97e3-1e4be3dfa526	NR_115734.1	97.361	379	8	1	126	504	1416	1040	0.0	643
2291ab59-f75f-44a3-b498-44026f65d5f7	NR_179385.1	97.025	706	12	6	1	700	795	1497	0.0	1179
2291ab59-f75f-44a3-b498-44026f65d5f7	NR_199545.1	97.025	706	12	6	1	700	791	1493	0.0	1179
2291ab59-f75f-44a3-b498-44026f65d5f7	NR_165744.1	97.147	701	11	6	1	695	780	1477	0.0	1175
2291ab59-f75f-44a3-b498-44026f65d5f7	NR_027214.1	97.004	701	12	6	1	695	771	1468	0.0	1170
2291ab59-f75f-44a3-b498-44026f65d5f7	NR_179383.1	96.747	707	13	7	1	700	798	1501	0.0	1170
5532afd5-2325-4bfc-bcac-500d7b5f7817	NR_043314.1	98.507	469	5	2	1	468	1014	1481	0.0	826
5532afd5-2325-4bfc-bcac-500d7b5f7817	NR_114749.1	98.507	469	5	2	1	468	1016	1483	0.0	826
5532afd5-2325-4bfc-bcac-500d7b5f7817	NR_116899.1	98.507	469	5	2	1	468	983	1450	0.0	826
5532afd5-2325-4bfc-bcac-500d7b5f7817	NR_178854.1	98.507	469	5	2	1	468	995	1462	0.0	826
5532afd5-2325-4bfc-bcac-500d7b5f7817	NR_179889.1	98.507	469	5	2	1	468	1023	1490	0.0	826
9af3e4da-e28f-4d55-a53c-ae9e869d3599	NR_041953.1	95.587	1133	27	15	1	1117	1374	249	0.0	1794
9af3e4da-e28f-4d55-a53c-ae9e869d3599	NR_199513.1	95.587	1133	27	15	1	1117	1401	276	0.0	1794
9af3e4da-e28f-4d55-a53c-ae9e869d3599	NR_042541.1	95.499	1133	28	15	1	1117	1374	249	0.0	1788
9af3e4da-e28f-4d55-a53c-ae9e869d3599	NR_179889.1	95.499	1133	28	15	1	1117	1401	276	0.0	1788
9af3e4da-e28f-4d55-a53c-ae9e869d3599	NR_181891.1	95.499	1133	28	15	1	1117	1397	272	0.0	1788
61304ed4-d85d-4038-b468-6911cf4f7bf9	NR_117694.1	95.739	704	19	9	1	698	699	1	0.0	1123
61304ed4-d85d-4038-b468-6911cf4f7bf9	NR_025892.1	94.233	711	31	8	1	706	724	19	0.0	1098
61304ed4-d85d-4038-b468-6911cf4f7bf9	NR_121687.1	94.390	713	27	11	1	706	719	13	0.0	1083
61304ed4-d85d-4038-b468-6911cf4f7bf9	NR_117692.1	93.608	704	34	9	1	698	699	1	0.0	1040
61304ed4-d85d-4038-b468-6911cf4f7bf9	NR_117717.1	92.987	713	37	11	1	706	720	14	0.0	1027
cd0c596e-eca4-46af-912d-87be525edae6	NR_074980.1	91.707	1435	63	44	1	1398	1428	13	0.0	1940
cd0c596e-eca4-46af-912d-87be525edae6	NR_113031.1	91.707	1435	63	44	1	1398	1428	13	0.0	1940
cd0c596e-eca4-46af-912d-87be525edae6	NR_113570.1	91.784	1424	62	43	1	1387	1408	3	0.0	1930
cd0c596e-eca4-46af-912d-87be525edae6	NR_043332.1	91.755	1419	63	42	1	1383	1401	1	0.0	1929
cd0c596e-eca4-46af-912d-87be525edae6	NR_115355.1	91.473	1419	67	42	1	1383	1401	1	0.0	1905
b5c966f3-27b5-48bd-9df3-813f4de8a73d	NR_178363.1	95.077	1300	38	18	4	1290	1287	1	0.0	2023
b5c966f3-27b5-48bd-9df3-813f4de8a73d	NR_117839.1	94.737	1311	40	21	4	1298	1315	18	0.0	2013
b5c966f3-27b5-48bd-9df3-813f4de8a73d	NR_117292.1	94.769	1300	42	18	4	1290	1287	1	0.0	2001
b5c966f3-27b5-48bd-9df3-813f4de8a73d	NR_113141.1	94.190	1308	50	18	4	1298	1307	13	0.0	1971
b5c966f3-27b5-48bd-9df3-813f4de8a73d	NR_117842.1	94.118	1309	50	19	4	1298	1321	26	0.0	1967
87fa3f2b-251f-442a-bb43-9184f50055b0	NR_199513.1	93.136	1486	54	40	5	1459	27	1495	0.0	2135
87fa3f2b-251f-442a-bb43-9184f50055b0	NR_024928.1	92.944	1488	53	44	5	1459	13	1481	0.0	2121
87fa3f2b-251f-442a-bb43-9184f50055b0	NR_113600.1	93.045	1481	51	44	6	1453	1	1462	0.0	2119
87fa3f2b-251f-442a-bb43-9184f50055b0	NR_024901.1	92.876	1488	54	44	5	1459	13	1481	0.0	2113
87fa3f2b-251f-442a-bb43-9184f50055b0	NR_114225.1	92.978	1481	52	45	6	1453	1	1462	0.0	2113
eb8fa849-1406-405a-b908-4659682695c4	NR_115735.1	96.248	1146	21	17	1	1132	327	1464	0.0	1858
eb8fa849-1406-405a-b908-4659682695c4	NR_024842.1	96.164	1147	22	17	1	1133	351	1489	0.0	1857
eb8fa849-1406-405a-b908-4659682695c4	NR_165737.1	96.154	1144	21	18	1	1129	336	1471	0.0	1847
eb8fa849-1406-405a-b908-4659682695c4	NR_115241.1	95.976	1143	24	17	1	1129	336	1470	0.0	1842
eb8fa849-1406-405a-b908-4659682695c4	NR_156072.1	95.909	1149	21	20	1	1133	356	1494	0.0	1838
d04c4dcf-8c6f-4d93-a2bd-e1e25d857783	NR_117694.1	88.832	1164	83	37	1	1132	1149	1	0.0	1386
d04c4dcf-8c6f-4d93-a2bd-e1e25d857783	NR_121687.1	88.160	1174	88	42	1	1140	1169	13	0.0	1351
d04c4dcf-8c6f-4d93-a2bd-e1e25d857783	NR_117692.1	88.069	1165	90	39	1	1132	1149	1	0.0	1336
d04c4dcf-8c6f-4d93-a2bd-e1e25d857783	NR_025892.1	87.447	1171	101	34	1	1140	1174	19	0.0	1332
d04c4dcf-8c6f-4d93-a2bd-e1e25d857783	NR_041989.1	88.679	1113	87	33	1	1090	1107	11	0.0	1321
2da40b41-7607-431d-b5b7-02b52059e40c	NR_199545.1	87.080	1308	73	56	8	1248	1290	12	0.0	1391
2da40b41-7607-431d-b5b7-02b52059e40c	NR_179385.1	86.927	1308	75	58	8	1248	1294	16	0.0	1380
2da40b41-7607-431d-b5b7-02b52059e40c	NR_179383.1	86.774	1308	77	56	8	1248	1297	19	0.0	1369
2da40b41-7607-431d-b5b7-02b52059e40c	NR_165744.1	86.997	1292	73	55	8	1233	1279	17	0.0	1367
2da40b41-7607-431d-b5b7-02b52059e40c	NR_028664.1	86.697	1308	78	56	8	1248	1293	15	0.0	1363
66914dec-2fd6-4761-9a7f-a557af735376	NR_170438.1	94.471	416	13	8	7	413	415	1	0.0	632
66914dec-2fd6-4761-9a7f-a557af735376	NR_164626.1	94.245	417	14	8	7	414	416	1	6.72e-180	628
66914dec-2fd6-4761-9a7f-a557af735376	NR_024912.1	94.217	415	14	8	7	412	419	6	8.69e-179	625
66914dec-2fd6-4761-9a7f-a557af735376	NR_025586.1	94.217	415	14	8	7	412	414	1	8.69e-179	625
66914dec-2fd6-4761-9a7f-a557af735376	NR_025587.1	94.217	415	14	8	7	412	414	1	8.69e-179	625
7e912139-c0aa-4a06-bc7b-cd1427e7c228	NR_043314.1	96.624	622	11	8	1	616	864	1481	0.0	1024
7e912139-c0aa-4a06-bc7b-cd1427e7c228	NR_116899.1	96.624	622	11	8	1	616	833	1450	0.0	1024
7e912139-c0aa-4a06-bc7b-cd1427e7c228	NR_178854.1	96.624	622	11	8	1	616	845	1462	0.0	1024
7e912139-c0aa-4a06-bc7b-cd1427e7c228	NR_179889.1	96.624	622	11	8	1	616	873	1490	0.0	1024
7e912139-c0aa-4a06-bc7b-cd1427e7c228	NR_041799.1	96.463	622	12	8	1	616	846	1463	0.0	1018
136e0b64-b8cc-494e-aa5d-d398d3fec84b	NR_115613.1	93.267	802	29	17	1	786	641	1433	0.0	1160
136e0b64-b8cc-494e-aa5d-d398d3fec84b	NR_041799.1	93.267	802	29	17	1	786	655	1447	0.0	1158
136e0b64-b8cc-494e-aa5d-d398d3fec84b	NR_114227.1	93.267	802	29	17	1	786	655	1447	0.0	1158
136e0b64-b8cc-494e-aa5d-d398d3fec84b	NR_114481.1	93.267	802	29	17	1	786	664	1456	0.0	1158
136e0b64-b8cc-494e-aa5d-d398d3fec84b	NR_117823.1	93.267	802	29	17	1	786	627	1419	0.0	1158
43abe1c4-43a8-40a8-aceb-cc8f2398920f	NR_024918.1	96.791	187	5	1	1	186	1263	1449	1.18e-84	311
43abe1c4-43a8-40a8-aceb-cc8f2398920f	NR_025164.1	96.791	187	5	1	1	186	1250	1436	1.18e-84	311
43abe1c4-43a8-40a8-aceb-cc8f2398920f	NR_025227.1	96.791	187	5	1	1	186	1246	1432	1.18e-84	311
43abe1c4-43a8-40a8-aceb-cc8f2398920f	NR_028986.1	96.791	187	5	1	1	186	1250	1436	1.18e-84	311
43abe1c4-43a8-40a8-aceb-cc8f2398920f	NR_036998.1	96.791	187	5	1	1	186	1249	1435	1.18e-84	311
87625a99-653b-4445-a09c-3abfd5e4ba9f	NR_025903.1	95.000	180	3	6	1	177	182	6	1.12e-74	278
87625a99-653b-4445-a09c-3abfd5e4ba9f	NR_025904.1	93.103	174	6	6	7	177	175	5	2.45e-66	250
87625a99-653b-4445-a09c-3abfd5e4ba9f	NR_026419.1	92.727	165	6	6	8	169	162	1	2.46e-61	233
87625a99-653b-4445-a09c-3abfd5e4ba9f	NR_036920.1	88.701	177	12	8	4	177	173	2	4.15e-54	209
87625a99-653b-4445-a09c-3abfd5e4ba9f	NR_133753.1	93.478	138	4	5	1	135	136	1	2.50e-51	200
b29fd481-790e-4d3e-9b82-a37cb4716e22	NR_116213.1	96.875	128	3	1	1	127	48	175	2.16e-55	213
b29fd481-790e-4d3e-9b82-a37cb4716e22	NR_027214.1	96.875	128	3	1	1	127	123	250	2.16e-55	213
b29fd481-790e-4d3e-9b82-a37cb4716e22	NR_028664.1	96.094	128	4	1	1	127	146	273	1.01e-53	207
b29fd481-790e-4d3e-9b82-a37cb4716e22	NR_042927.1	96.094	128	4	1	1	127	125	252	1.01e-53	207
b29fd481-790e-4d3e-9b82-a37cb4716e22	NR_114413.1	96.094	128	4	1	1	127	148	275	1.01e-53	207
398ddff5-8007-4ee0-a2a9-2ebee276a462	NR_025892.1	91.457	199	9	6	2	195	1385	1190	2.74e-71	267
398ddff5-8007-4ee0-a2a9-2ebee276a462	NR_025902.1	91.457	199	9	6	2	195	1338	1143	2.74e-71	267
398ddff5-8007-4ee0-a2a9-2ebee276a462	NR_040933.1	91.457	199	9	6	2	195	1382	1187	2.74e-71	267
398ddff5-8007-4ee0-a2a9-2ebee276a462	NR_041988.1	91.457	199	9	6	2	195	1318	1123	2.74e-71	267
398ddff5-8007-4ee0-a2a9-2ebee276a462	NR_104947.1	91.457	199	9	6	2	195	1333	1138	2.74e-71	267
83970d37-1dc2-4ff6-ab0a-83b72571db5a	NR_024707.1	98.936	188	1	1	16	202	1070	883	7.57e-92	335
83970d37-1dc2-4ff6-ab0a-83b72571db5a	NR_036830.1	98.936	188	1	1	16	202	1050	863	7.57e-92	335
83970d37-1dc2-4ff6-ab0a-83b72571db5a	NR_115612.1	98.936	188	1	1	16	202	1048	861	7.57e-92	335
83970d37-1dc2-4ff6-ab0a-83b72571db5a	NR_117822.1	98.936	188	1	1	16	202	1042	855	7.57e-92	335
83970d37-1dc2-4ff6-ab0a-83b72571db5a	NR_118155.1	98.936	188	1	1	16	202	1091	904	7.57e-92	335
718ab0b9-7c9a-4038-aff9-aca4e2dd08b7	NR_114550.1	95.745	141	4	2	1	140	1342	1481	3.22e-59	226
718ab0b9-7c9a-4038-aff9-aca4e2dd08b7	NR_036870.1	96.350	137	3	2	5	140	1326	1461	1.16e-58	224
718ab0b9-7c9a-4038-aff9-aca4e2dd08b7	NR_044741.1	95.035	141	5	2	1	140	1309	1448	1.50e-57	220
718ab0b9-7c9a-4038-aff9-aca4e2dd08b7	NR_025423.1	95.620	137	4	2	5	140	1333	1468	5.39e-57	219
718ab0b9-7c9a-4038-aff9-aca4e2dd08b7	NR_025359.1	95.620	137	4	2	5	140	1352	1487	5.39e-57	219
944a610d-9d43-475f-be60-2996787f8570	NR_024901.1	93.722	223	11	3	7	228	247	27	1.25e-90	331
944a610d-9d43-475f-be60-2996787f8570	NR_024912.1	93.722	223	11	3	7	228	247	27	1.25e-90	331
944a610d-9d43-475f-be60-2996787f8570	NR_024928.1	93.722	223	11	3	7	228	247	27	1.25e-90	331
944a610d-9d43-475f-be60-2996787f8570	NR_025102.1	93.722	223	11	3	7	228	226	6	1.25e-90	331
944a610d-9d43-475f-be60-2996787f8570	NR_025103.1	93.722	223	11	3	7	228	226	6	1.25e-90	331
2fbff785-d8d0-4731-ade7-c9107af72d44	NR_024912.1	91.121	214	8	7	1	213	239	36	4.32e-75	279
2fbff785-d8d0-4731-ade7-c9107af72d44	NR_025102.1	91.121	214	8	7	1	213	218	15	4.32e-75	279
2fbff785-d8d0-4731-ade7-c9107af72d44	NR_025164.1	91.121	214	8	7	1	213	226	23	4.32e-75	279
2fbff785-d8d0-4731-ade7-c9107af72d44	NR_025174.1	91.121	214	8	6	1	213	234	31	4.32e-75	279
2fbff785-d8d0-4731-ade7-c9107af72d44	NR_025586.1	91.121	214	8	7	1	213	234	31	4.32e-75	279
daa8b343-a1d9-4abc-8bcb-d5dc973ad21f	NR_043314.1	92.308	273	10	11	16	280	1422	1153	1.76e-104	377
daa8b343-a1d9-4abc-8bcb-d5dc973ad21f	NR_116905.1	92.308	273	10	11	16	280	1425	1156	1.76e-104	377
daa8b343-a1d9-4abc-8bcb-d5dc973ad21f	NR_114749.1	92.308	273	10	11	16	280	1424	1155	1.76e-104	377
daa8b343-a1d9-4abc-8bcb-d5dc973ad21f	NR_116899.1	92.308	273	10	11	16	280	1391	1122	1.76e-104	377
daa8b343-a1d9-4abc-8bcb-d5dc973ad21f	NR_118125.1	92.308	273	10	11	16	280	1411	1142	1.76e-104	377
eedbd9c1-542c-48ce-98f1-f5a301d3f788	NR_133752.1	100.000	126	0	0	3	128	1311	1186	1.67e-61	233
eedbd9c1-542c-48ce-98f1-f5a301d3f788	NR_133753.1	100.000	126	0	0	3	128	1340	1215	1.67e-61	233
eedbd9c1-542c-48ce-98f1-f5a301d3f788	NR_025903.1	100.000	126	0	0	3	128	1386	1261	1.67e-61	233
eedbd9c1-542c-48ce-98f1-f5a301d3f788	NR_026419.1	98.387	124	2	0	3	126	1374	1251	4.69e-57	219
eedbd9c1-542c-48ce-98f1-f5a301d3f788	NR_025904.1	97.619	126	3	0	3	128	1385	1260	1.69e-56	217
d810819b-042c-4565-9c32-9ccf0f018a2e	NR_024909.1	94.057	387	11	12	5	381	398	14	2.29e-164	577
d810819b-042c-4565-9c32-9ccf0f018a2e	NR_024912.1	94.057	387	11	12	5	381	398	14	2.29e-164	577
d810819b-042c-4565-9c32-9ccf0f018a2e	NR_025164.1	94.057	387	11	12	5	381	385	1	2.29e-164	577
d810819b-042c-4565-9c32-9ccf0f018a2e	NR_028706.1	94.057	387	11	12	5	381	406	22	2.29e-164	577
d810819b-042c-4565-9c32-9ccf0f018a2e	NR_037092.1	94.709	378	8	11	13	381	393	19	2.29e-164	577
0d0fd2dd-4a60-44b6-9f24-1c6ae87df04e	NR_026419.1	96.311	244	5	3	15	257	241	1	1.28e-110	398
0d0fd2dd-4a60-44b6-9f24-1c6ae87df04e	NR_025903.1	92.063	252	12	7	15	263	253	7	1.31e-95	348
0d0fd2dd-4a60-44b6-9f24-1c6ae87df04e	NR_025904.1	91.633	251	15	5	15	263	252	6	6.08e-94	342
0d0fd2dd-4a60-44b6-9f24-1c6ae87df04e	NR_133753.1	94.762	210	6	5	15	222	207	1	7.93e-88	322
0d0fd2dd-4a60-44b6-9f24-1c6ae87df04e	NR_036920.1	86.567	268	24	11	1	263	263	3	1.04e-76	285
8d80245f-5fea-4cc4-8317-15ecd2287757	NR_042927.1	91.885	382	16	13	2	373	1190	814	3.86e-147	520
8d80245f-5fea-4cc4-8317-15ecd2287757	NR_114413.1	91.885	382	16	13	2	373	1213	837	3.86e-147	520
8d80245f-5fea-4cc4-8317-15ecd2287757	NR_115734.1	91.885	382	16	13	2	373	1191	815	3.86e-147	520
8d80245f-5fea-4cc4-8317-15ecd2287757	NR_116210.1	91.885	382	16	13	2	373	1053	677	3.86e-147	520
8d80245f-5fea-4cc4-8317-15ecd2287757	NR_165747.1	91.667	384	18	11	2	373	1193	812	3.86e-147	520
ce2fc513-af31-4dff-a33c-24a82ea7ec2c	NR_164626.1	95.763	118	3	2	1	118	116	1	3.33e-48	189
ce2fc513-af31-4dff-a33c-24a82ea7ec2c	NR_181570.1	95.763	118	3	2	1	118	133	18	3.33e-48	189
ce2fc513-af31-4dff-a33c-24a82ea7ec2c	NR_024901.1	95.690	116	3	2	1	116	119	6	4.31e-47	185
ce2fc513-af31-4dff-a33c-24a82ea7ec2c	NR_024911.1	95.690	116	3	2	1	116	119	6	4.31e-47	185
ce2fc513-af31-4dff-a33c-24a82ea7ec2c	NR_024912.1	95.690	116	3	2	1	116	119	6	4.31e-47	185
e6be04fa-1fde-43b1-b95e-e5f15bbc38ff	NR_044873.1	96.815	157	3	2	1	155	1253	1097	9.56e-70	261
e6be04fa-1fde-43b1-b95e-e5f15bbc38ff	NR_074568.1	96.178	157	4	2	1	155	1263	1107	4.45e-68	255
e6be04fa-1fde-43b1-b95e-e5f15bbc38ff	NR_044712.2	95.541	157	5	2	1	155	1272	1116	5.75e-67	252
e6be04fa-1fde-43b1-b95e-e5f15bbc38ff	NR_117005.1	96.129	155	4	2	3	155	1229	1075	5.75e-67	252
e6be04fa-1fde-43b1-b95e-e5f15bbc38ff	NR_041773.1	96.104	154	4	2	4	155	1277	1124	2.07e-66	250
8a13ad82-14b8-458f-8973-36dae625457a	NR_024911.1	94.928	138	5	2	1	137	74	210	6.69e-56	215
8a13ad82-14b8-458f-8973-36dae625457a	NR_025174.1	94.928	138	5	2	1	137	69	205	6.69e-56	215
8a13ad82-14b8-458f-8973-36dae625457a	NR_112074.1	94.928	138	5	2	1	137	58	194	6.69e-56	215
8a13ad82-14b8-458f-8973-36dae625457a	NR_156852.1	94.928	138	5	2	1	137	39	175	6.69e-56	215
8a13ad82-14b8-458f-8973-36dae625457a	NR_179337.1	94.928	138	5	2	1	137	65	201	6.69e-56	215
8ad8f830-4133-4a29-9776-a35de228943f	NR_043332.1	99.533	214	1	0	1	214	1269	1482	1.72e-108	390
8ad8f830-4133-4a29-9776-a35de228943f	NR_074980.1	99.533	214	1	0	1	214	1296	1509	1.72e-108	390
8ad8f830-4133-4a29-9776-a35de228943f	NR_113031.1	99.533	214	1	0	1	214	1296	1509	1.72e-108	390
8ad8f830-4133-4a29-9776-a35de228943f	NR_115354.1	99.533	214	1	0	1	214	1269	1482	1.72e-108	390
8ad8f830-4133-4a29-9776-a35de228943f	NR_115355.1	99.533	214	1	0	1	214	1269	1482	1.72e-108	390
d8d3d656-2939-4be5-a036-538a2649e4dd	NR_024842.1	100.000	81	0	0	1	81	1108	1188	1.03e-36	150
d8d3d656-2939-4be5-a036-538a2649e4dd	NR_028664.1	100.000	81	0	0	1	81	1114	1194	1.03e-36	150
d8d3d656-2939-4be5-a036-538a2649e4dd	NR_036845.1	100.000	81	0	0	1	81	1110	1190	1.03e-36	150
d8d3d656-2939-4be5-a036-538a2649e4dd	NR_042928.1	100.000	81	0	0	1	81	1091	1171	1.03e-36	150
d8d3d656-2939-4be5-a036-538a2649e4dd	NR_043660.1	100.000	81	0	0	1	81	1085	1165	1.03e-36	150
d25775bc-fc83-4ed8-9546-83bc98f7f7cd	NR_041983.1	89.266	177	9	5	1	167	674	498	3.13e-55	213
d25775bc-fc83-4ed8-9546-83bc98f7f7cd	NR_114395.1	89.266	177	9	5	1	167	706	530	3.13e-55	213
d25775bc-fc83-4ed8-9546-83bc98f7f7cd	NR_179528.1	88.701	177	10	5	1	167	691	515	1.45e-53	207
d25775bc-fc83-4ed8-9546-83bc98f7f7cd	NR_119102.1	89.634	164	9	3	1	156	676	513	5.23e-53	206
d25775bc-fc83-4ed8-9546-83bc98f7f7cd	NR_029286.1	88.136	177	11	5	1	167	701	525	6.77e-52	202
e359435d-9396-437e-9106-5280813a3cda	NR_040859.1	100.000	183	0	0	22	204	1293	1475	6.02e-93	339
e359435d-9396-437e-9106-5280813a3cda	NR_040992.1	100.000	183	0	0	22	204	1301	1483	6.02e-93	339
e359435d-9396-437e-9106-5280813a3cda	NR_025881.1	100.000	183	0	0	22	204	1299	1481	6.02e-93	339
e359435d-9396-437e-9106-5280813a3cda	NR_026395.1	100.000	183	0	0	22	204	1301	1483	6.02e-93	339
e359435d-9396-437e-9106-5280813a3cda	NR_024662.1	100.000	183	0	0	22	204	1301	1483	6.02e-93	339
7fcda7cc-347c-4239-a77a-649df042b043	NR_163639.1	94.656	262	8	6	7	263	264	4	9.85e-112	401
7fcda7cc-347c-4239-a77a-649df042b043	NR_074980.1	94.253	261	9	6	7	262	272	13	1.65e-109	394
7fcda7cc-347c-4239-a77a-649df042b043	NR_113031.1	94.253	261	9	6	7	262	272	13	1.65e-109	394
7fcda7cc-347c-4239-a77a-649df042b043	NR_119168.1	94.422	251	8	6	7	252	250	1	1.28e-105	381
7fcda7cc-347c-4239-a77a-649df042b043	NR_119169.1	94.024	251	9	6	7	252	250	1	1.66e-104	377
3f8d771a-e064-4477-a54c-53838bb1d85c	NR_025902.1	98.333	180	2	1	13	191	1263	1442	9.59e-86	315
3f8d771a-e064-4477-a54c-53838bb1d85c	NR_028844.1	98.333	180	2	1	13	191	1294	1473	9.59e-86	315
3f8d771a-e064-4477-a54c-53838bb1d85c	NR_040933.1	98.333	180	2	1	13	191	1307	1486	9.59e-86	315
3f8d771a-e064-4477-a54c-53838bb1d85c	NR_114098.1	98.333	180	2	1	13	191	1283	1462	9.59e-86	315
3f8d771a-e064-4477-a54c-53838bb1d85c	NR_117717.1	98.333	180	2	1	13	191	1305	1484	9.59e-86	315
11c07437-efba-4f09-b8d4-d6ed02017123	NR_025892.1	91.216	148	8	3	12	157	201	57	2.80e-50	196
11c07437-efba-4f09-b8d4-d6ed02017123	NR_117694.1	90.541	148	9	3	12	157	175	31	1.30e-48	191
11c07437-efba-4f09-b8d4-d6ed02017123	NR_104947.1	89.189	148	11	4	12	157	148	4	2.82e-45	180
11c07437-efba-4f09-b8d4-d6ed02017123	NR_117717.1	89.189	148	11	4	12	157	196	52	2.82e-45	180
11c07437-efba-4f09-b8d4-d6ed02017123	NR_121688.1	89.189	148	11	4	12	157	195	51	2.82e-45	180
193c3b67-b574-4bdd-9485-86ba0bfcc1ff	NR_024924.1	94.628	242	7	5	1	238	625	864	2.48e-102	370
193c3b67-b574-4bdd-9485-86ba0bfcc1ff	NR_102854.1	94.628	242	7	5	1	238	634	873	2.48e-102	370
193c3b67-b574-4bdd-9485-86ba0bfcc1ff	NR_115336.1	94.628	242	7	5	1	238	620	859	2.48e-102	370
193c3b67-b574-4bdd-9485-86ba0bfcc1ff	NR_134794.1	94.628	242	7	5	1	238	577	816	2.48e-102	370
193c3b67-b574-4bdd-9485-86ba0bfcc1ff	NR_135703.1	94.628	242	7	5	1	238	646	885	2.48e-102	370
5d9744c0-ebdd-44ab-9ddb-69ca9f9eac0c	NR_024901.1	97.143	210	5	1	13	222	214	6	2.36e-97	353
5d9744c0-ebdd-44ab-9ddb-69ca9f9eac0c	NR_024909.1	97.143	210	5	1	13	222	214	6	2.36e-97	353
5d9744c0-ebdd-44ab-9ddb-69ca9f9eac0c	NR_024912.1	97.143	210	5	1	13	222	214	6	2.36e-97	353
5d9744c0-ebdd-44ab-9ddb-69ca9f9eac0c	NR_024928.1	97.143	210	5	1	13	222	214	6	2.36e-97	353
5d9744c0-ebdd-44ab-9ddb-69ca9f9eac0c	NR_025586.1	97.143	210	5	1	13	222	209	1	2.36e-97	353
88487821-e0de-4e7e-8467-a0b3c793fcbf	NR_025892.1	93.617	188	6	5	1	188	1273	1454	4.27e-74	276
88487821-e0de-4e7e-8467-a0b3c793fcbf	NR_025902.1	93.617	188	6	5	1	188	1226	1407	4.27e-74	276
88487821-e0de-4e7e-8467-a0b3c793fcbf	NR_040933.1	93.617	188	6	5	1	188	1270	1451	4.27e-74	276
88487821-e0de-4e7e-8467-a0b3c793fcbf	NR_104947.1	93.617	188	6	5	1	188	1221	1402	4.27e-74	276
88487821-e0de-4e7e-8467-a0b3c793fcbf	NR_114040.1	93.617	188	6	5	1	188	1249	1430	4.27e-74	276
6ae54bbb-d743-4158-9a3e-2f89304f5c03	NR_024842.1	95.614	114	1	3	1	111	121	9	1.90e-45	180
6ae54bbb-d743-4158-9a3e-2f89304f5c03	NR_114413.1	95.614	114	1	3	1	111	129	17	1.90e-45	180
6ae54bbb-d743-4158-9a3e-2f89304f5c03	NR_199956.1	95.614	114	1	3	1	111	126	14	1.90e-45	180
6ae54bbb-d743-4158-9a3e-2f89304f5c03	NR_199974.1	95.614	114	1	3	1	111	133	21	1.90e-45	180
6ae54bbb-d743-4158-9a3e-2f89304f5c03	NR_152678.1	94.737	114	2	3	1	111	126	14	8.84e-44	174
546503c8-cb5a-4d51-aa7a-a51b97a4de58	NR_181875.1	91.667	96	5	3	27	122	543	635	2.47e-30	130
546503c8-cb5a-4d51-aa7a-a51b97a4de58	NR_029042.2	90.625	96	6	3	27	122	552	644	1.15e-28	124
546503c8-cb5a-4d51-aa7a-a51b97a4de58	NR_178342.1	90.625	96	6	3	27	122	532	624	1.15e-28	124
546503c8-cb5a-4d51-aa7a-a51b97a4de58	NR_178482.1	90.625	96	6	3	27	122	522	614	1.15e-28	124
546503c8-cb5a-4d51-aa7a-a51b97a4de58	NR_179482.1	90.625	96	6	3	27	122	435	527	1.15e-28	124
5bbe341a-425e-4bb4-9a97-adb37c67fa40	NR_102936.1	96.970	132	2	2	1	131	1327	1457	1.39e-57	220
5bbe341a-425e-4bb4-9a97-adb37c67fa40	NR_113159.1	96.970	132	2	2	1	131	1327	1457	1.39e-57	220
5bbe341a-425e-4bb4-9a97-adb37c67fa40	NR_036819.1	96.212	132	3	2	1	131	1308	1438	6.46e-56	215
5bbe341a-425e-4bb4-9a97-adb37c67fa40	NR_113038.1	96.212	132	3	2	1	131	1328	1458	6.46e-56	215
5bbe341a-425e-4bb4-9a97-adb37c67fa40	NR_173690.1	92.424	132	6	3	1	131	1329	1457	5.07e-47	185
1edc414d-ecd7-4963-9ddc-c957702c8d9c	NR_040859.1	96.947	131	3	1	1	130	1345	1475	4.82e-57	219
1edc414d-ecd7-4963-9ddc-c957702c8d9c	NR_040992.1	96.947	131	3	1	1	130	1353	1483	4.82e-57	219
1edc414d-ecd7-4963-9ddc-c957702c8d9c	NR_025881.1	96.947	131	3	1	1	130	1351	1481	4.82e-57	219
1edc414d-ecd7-4963-9ddc-c957702c8d9c	NR_026395.1	96.947	131	3	1	1	130	1353	1483	4.82e-57	219
1edc414d-ecd7-4963-9ddc-c957702c8d9c	NR_024662.1	96.947	131	3	1	1	130	1353	1483	4.82e-57	219
df937784-adac-4f68-8534-e92296b9a72b	NR_024901.1	92.417	211	7	8	1	203	223	14	4.85e-79	292
df937784-adac-4f68-8534-e92296b9a72b	NR_024912.1	92.417	211	7	8	1	203	223	14	4.85e-79	292
df937784-adac-4f68-8534-e92296b9a72b	NR_024928.1	92.417	211	7	8	1	203	223	14	4.85e-79	292
df937784-adac-4f68-8534-e92296b9a72b	NR_025164.1	92.417	211	7	8	1	203	210	1	4.85e-79	292
df937784-adac-4f68-8534-e92296b9a72b	NR_025586.1	92.417	211	7	8	1	203	218	9	4.85e-79	292
d0ec369e-fbbc-4e2b-8876-bc1970236b3e	NR_181586.1	95.833	168	4	3	1	166	1276	1110	6.62e-72	268
d0ec369e-fbbc-4e2b-8876-bc1970236b3e	NR_026248.1	93.452	168	8	3	1	166	1249	1083	2.40e-66	250
d0ec369e-fbbc-4e2b-8876-bc1970236b3e	NR_181369.1	89.697	165	12	5	2	163	1254	1092	5.27e-53	206
d0ec369e-fbbc-4e2b-8876-bc1970236b3e	NR_117466.1	88.623	167	14	5	1	163	1271	1106	8.81e-51	198
d0ec369e-fbbc-4e2b-8876-bc1970236b3e	NR_189185.1	88.095	168	16	4	2	166	1241	1075	3.17e-50	196
fd5a313e-8c7b-48ff-a57f-6a8a0b7fa5a3	NR_025902.1	99.541	218	1	0	1	218	1232	1449	1.04e-110	398
fd5a313e-8c7b-48ff-a57f-6a8a0b7fa5a3	NR_040933.1	99.541	218	1	0	1	218	1276	1493	1.04e-110	398
fd5a313e-8c7b-48ff-a57f-6a8a0b7fa5a3	NR_117717.1	99.541	218	1	0	1	218	1274	1491	1.04e-110	398
fd5a313e-8c7b-48ff-a57f-6a8a0b7fa5a3	NR_121688.1	99.541	218	1	0	1	218	1274	1491	1.04e-110	398
fd5a313e-8c7b-48ff-a57f-6a8a0b7fa5a3	NR_117692.1	99.541	218	1	0	1	218	1254	1471	1.04e-110	398
0257936c-3136-4b04-af8c-aefccd61c41e	NR_024901.1	97.368	152	1	3	1	152	25	173	4.41e-68	255
0257936c-3136-4b04-af8c-aefccd61c41e	NR_024912.1	97.368	152	1	3	1	152	25	173	4.41e-68	255
0257936c-3136-4b04-af8c-aefccd61c41e	NR_024928.1	97.368	152	1	3	1	152	25	173	4.41e-68	255
0257936c-3136-4b04-af8c-aefccd61c41e	NR_025102.1	97.368	152	1	3	1	152	4	152	4.41e-68	255
0257936c-3136-4b04-af8c-aefccd61c41e	NR_025103.1	97.368	152	1	3	1	152	4	152	4.41e-68	255
406997aa-832e-4f80-9c74-5f966d5a961b	NR_121687.1	96.503	143	2	3	17	157	545	686	2.12e-61	233
406997aa-832e-4f80-9c74-5f966d5a961b	NR_041989.1	96.503	143	2	3	17	157	483	624	2.12e-61	233
406997aa-832e-4f80-9c74-5f966d5a961b	NR_117694.1	96.503	143	2	3	17	157	525	666	2.12e-61	233
406997aa-832e-4f80-9c74-5f966d5a961b	NR_104947.1	95.804	143	3	3	17	157	498	639	9.84e-60	228
406997aa-832e-4f80-9c74-5f966d5a961b	NR_117717.1	95.804	143	3	3	17	157	546	687	9.84e-60	228
53d07192-c5f4-4bca-b835-84f194de0419	NR_044091.1	95.522	134	3	3	1	132	158	26	8.14e-55	211
53d07192-c5f4-4bca-b835-84f194de0419	NR_041879.1	94.776	134	4	3	1	132	201	69	3.79e-53	206
53d07192-c5f4-4bca-b835-84f194de0419	NR_113570.1	94.074	135	4	4	1	132	251	118	4.90e-52	202
53d07192-c5f4-4bca-b835-84f194de0419	NR_179325.1	94.074	135	4	4	1	132	218	85	4.90e-52	202
53d07192-c5f4-4bca-b835-84f194de0419	NR_119168.1	94.030	134	5	3	1	132	249	117	1.76e-51	200
93b56ba3-3ec3-4429-bab7-f49ca78f4842	NR_041722.2	100.000	83	0	0	1	83	1427	1509	8.22e-38	154
93b56ba3-3ec3-4429-bab7-f49ca78f4842	NR_028665.1	100.000	83	0	0	1	83	1407	1489	8.22e-38	154
93b56ba3-3ec3-4429-bab7-f49ca78f4842	NR_028736.1	100.000	83	0	0	1	83	1416	1498	8.22e-38	154
93b56ba3-3ec3-4429-bab7-f49ca78f4842	NR_041721.1	100.000	83	0	0	1	83	1415	1497	8.22e-38	154
93b56ba3-3ec3-4429-bab7-f49ca78f4842	NR_112704.1	100.000	83	0	0	1	83	1311	1393	8.22e-38	154
f0a181d9-8fde-4858-8e81-5c4a5b3a4829	NR_164626.1	88.148	270	18	13	1	261	265	1	6.09e-84	309
f0a181d9-8fde-4858-8e81-5c4a5b3a4829	NR_024912.1	88.803	259	17	11	1	251	268	14	2.19e-83	307
f0a181d9-8fde-4858-8e81-5c4a5b3a4829	NR_025164.1	88.803	259	17	11	1	251	255	1	2.19e-83	307
f0a181d9-8fde-4858-8e81-5c4a5b3a4829	NR_025174.1	88.803	259	17	11	1	251	263	9	2.19e-83	307
f0a181d9-8fde-4858-8e81-5c4a5b3a4829	NR_028706.1	88.803	259	17	11	1	251	276	22	2.19e-83	307
7f710538-9412-4189-a5f9-aca2be5ba238	NR_114225.1	94.721	341	7	6	1	332	1356	1018	3.36e-147	520
7f710538-9412-4189-a5f9-aca2be5ba238	NR_024911.1	94.428	341	8	6	1	332	1369	1031	1.56e-145	514
7f710538-9412-4189-a5f9-aca2be5ba238	NR_024918.1	94.428	341	8	6	1	332	1369	1031	1.56e-145	514
7f710538-9412-4189-a5f9-aca2be5ba238	NR_025174.1	94.428	341	8	6	1	332	1362	1024	1.56e-145	514
7f710538-9412-4189-a5f9-aca2be5ba238	NR_025227.1	94.428	341	8	6	1	332	1352	1014	1.56e-145	514
d419ac4c-905e-4ba8-8fa6-f3bfc6a1b747	NR_024901.1	89.189	148	5	9	54	194	149	6	1.66e-43	174
d419ac4c-905e-4ba8-8fa6-f3bfc6a1b747	NR_024912.1	89.189	148	5	9	54	194	149	6	1.66e-43	174
d419ac4c-905e-4ba8-8fa6-f3bfc6a1b747	NR_024928.1	89.189	148	5	9	54	194	149	6	1.66e-43	174
d419ac4c-905e-4ba8-8fa6-f3bfc6a1b747	NR_025586.1	89.189	148	5	9	54	194	144	1	1.66e-43	174
d419ac4c-905e-4ba8-8fa6-f3bfc6a1b747	NR_025587.1	89.189	148	5	9	54	194	144	1	1.66e-43	174
71513f55-0bf3-4967-b7f8-7e133df3a889	NR_164626.1	92.025	163	3	7	23	177	162	2	1.90e-57	220
71513f55-0bf3-4967-b7f8-7e133df3a889	NR_024901.1	91.975	162	3	7	23	176	165	6	6.85e-57	219
71513f55-0bf3-4967-b7f8-7e133df3a889	NR_024912.1	91.975	162	3	7	23	176	165	6	6.85e-57	219
71513f55-0bf3-4967-b7f8-7e133df3a889	NR_024928.1	91.975	162	3	7	23	176	165	6	6.85e-57	219
71513f55-0bf3-4967-b7f8-7e133df3a889	NR_025586.1	91.975	162	3	7	23	176	160	1	6.85e-57	219
1f730a44-283b-415a-b0c8-bd0e3841db74	NR_179985.1	90.789	228	10	7	1	224	1028	1248	1.48e-79	294
1f730a44-283b-415a-b0c8-bd0e3841db74	NR_181703.1	90.789	228	10	7	1	224	1035	1255	1.48e-79	294
1f730a44-283b-415a-b0c8-bd0e3841db74	NR_024901.1	90.351	228	11	7	1	224	1021	1241	6.91e-78	289
1f730a44-283b-415a-b0c8-bd0e3841db74	NR_041044.1	90.351	228	11	7	1	224	1011	1231	6.91e-78	289
1f730a44-283b-415a-b0c8-bd0e3841db74	NR_042939.1	90.351	228	11	7	1	224	1028	1248	6.91e-78	289
b84dea04-68aa-4c33-93b9-51f7b3c960d8	NR_024924.1	95.904	293	4	4	11	296	852	561	1.09e-131	468
b84dea04-68aa-4c33-93b9-51f7b3c960d8	NR_102854.1	95.904	293	4	4	11	296	861	570	1.09e-131	468
b84dea04-68aa-4c33-93b9-51f7b3c960d8	NR_115336.1	95.904	293	4	4	11	296	847	556	1.09e-131	468
b84dea04-68aa-4c33-93b9-51f7b3c960d8	NR_134794.1	95.904	293	4	4	11	296	804	513	1.09e-131	468
b84dea04-68aa-4c33-93b9-51f7b3c960d8	NR_135703.1	95.904	293	4	4	11	296	873	582	1.09e-131	468
cf3d674b-df8c-4796-ad82-968604f99a18	NR_043332.1	92.347	196	11	4	1	194	1289	1482	4.58e-74	276
cf3d674b-df8c-4796-ad82-968604f99a18	NR_074980.1	92.347	196	11	4	1	194	1316	1509	4.58e-74	276
cf3d674b-df8c-4796-ad82-968604f99a18	NR_113031.1	92.347	196	11	4	1	194	1316	1509	4.58e-74	276
cf3d674b-df8c-4796-ad82-968604f99a18	NR_115354.1	92.347	196	11	4	1	194	1289	1482	4.58e-74	276
cf3d674b-df8c-4796-ad82-968604f99a18	NR_115355.1	92.347	196	11	4	1	194	1289	1482	4.58e-74	276
1c0abe1f-6295-402b-a453-1e5c93088d06	NR_179385.1	94.500	200	9	2	1	199	228	30	1.71e-83	307
1c0abe1f-6295-402b-a453-1e5c93088d06	NR_199545.1	94.500	200	9	2	1	199	224	26	1.71e-83	307
1c0abe1f-6295-402b-a453-1e5c93088d06	NR_165741.1	94.000	200	10	2	1	199	213	15	7.98e-82	302
1c0abe1f-6295-402b-a453-1e5c93088d06	NR_115560.1	91.628	215	12	5	1	210	224	11	4.80e-79	292
1c0abe1f-6295-402b-a453-1e5c93088d06	NR_028664.1	93.000	200	12	2	1	199	227	29	1.73e-78	291
596df22c-85a8-4843-a550-179c5f7efee2	NR_043314.1	90.591	372	18	14	1	359	1284	917	2.21e-134	477
596df22c-85a8-4843-a550-179c5f7efee2	NR_114795.1	90.566	371	19	13	1	359	1158	792	2.21e-134	477
596df22c-85a8-4843-a550-179c5f7efee2	NR_116905.1	90.591	372	18	14	1	359	1287	920	2.21e-134	477
596df22c-85a8-4843-a550-179c5f7efee2	NR_116899.1	90.591	372	18	14	1	359	1253	886	2.21e-134	477
596df22c-85a8-4843-a550-179c5f7efee2	NR_118125.1	90.591	372	18	14	1	359	1273	906	2.21e-134	477
818cb81b-19a4-4122-b789-1ddabef8742f	NR_165737.1	96.721	183	2	4	1	180	163	344	6.70e-82	302
818cb81b-19a4-4122-b789-1ddabef8742f	NR_199541.1	96.175	183	3	4	1	180	139	320	3.12e-80	296
818cb81b-19a4-4122-b789-1ddabef8742f	NR_109720.1	96.111	180	3	4	4	180	160	338	1.45e-78	291
818cb81b-19a4-4122-b789-1ddabef8742f	NR_165747.1	95.628	183	4	4	1	180	161	342	1.45e-78	291
818cb81b-19a4-4122-b789-1ddabef8742f	NR_178515.1	95.628	183	4	4	1	180	163	344	1.45e-78	291
e7813cf0-0f80-4a00-a6c2-10cd71417c06	NR_043332.1	95.833	120	3	2	1	119	1341	1223	2.60e-49	193
e7813cf0-0f80-4a00-a6c2-10cd71417c06	NR_074980.1	95.833	120	3	2	1	119	1368	1250	2.60e-49	193
e7813cf0-0f80-4a00-a6c2-10cd71417c06	NR_113031.1	95.833	120	3	2	1	119	1368	1250	2.60e-49	193
e7813cf0-0f80-4a00-a6c2-10cd71417c06	NR_113570.1	95.833	120	3	2	1	119	1348	1230	2.60e-49	193
e7813cf0-0f80-4a00-a6c2-10cd71417c06	NR_117759.1	95.833	120	3	2	1	119	1344	1226	2.60e-49	193
25677b4f-a612-48a0-8e39-1288ab34ccb2	NR_114595.1	93.651	252	9	5	1	246	1011	761	2.57e-102	370
25677b4f-a612-48a0-8e39-1288ab34ccb2	NR_040859.1	93.254	252	10	5	1	246	1003	753	1.20e-100	364
25677b4f-a612-48a0-8e39-1288ab34ccb2	NR_025881.1	93.254	252	10	5	1	246	1009	759	1.20e-100	364
25677b4f-a612-48a0-8e39-1288ab34ccb2	NR_181354.1	93.227	251	11	4	1	246	1017	768	1.20e-100	364
25677b4f-a612-48a0-8e39-1288ab34ccb2	NR_025947.1	92.460	252	12	5	1	246	1011	761	2.59e-97	353
8e2842bc-3538-4bf1-a239-8988c94a3dff	NR_170438.1	97.419	155	3	1	1	155	154	1	2.70e-70	263
8e2842bc-3538-4bf1-a239-8988c94a3dff	NR_164626.1	96.774	155	4	1	1	155	155	2	1.26e-68	257
8e2842bc-3538-4bf1-a239-8988c94a3dff	NR_024901.1	96.753	154	4	1	1	154	158	6	4.51e-68	255
8e2842bc-3538-4bf1-a239-8988c94a3dff	NR_024912.1	96.753	154	4	1	1	154	158	6	4.51e-68	255
8e2842bc-3538-4bf1-a239-8988c94a3dff	NR_024928.1	96.753	154	4	1	1	154	158	6	4.51e-68	255
54554b11-20b1-4a0c-89dc-f58da02480da	NR_024918.1	96.262	214	6	2	1	212	1263	1476	2.90e-96	350
54554b11-20b1-4a0c-89dc-f58da02480da	NR_025164.1	96.262	214	6	2	1	212	1250	1463	2.90e-96	350
54554b11-20b1-4a0c-89dc-f58da02480da	NR_028986.1	96.262	214	6	2	1	212	1250	1463	2.90e-96	350
54554b11-20b1-4a0c-89dc-f58da02480da	NR_036998.1	96.262	214	6	2	1	212	1249	1462	2.90e-96	350
54554b11-20b1-4a0c-89dc-f58da02480da	NR_041799.1	96.262	214	6	2	1	212	1250	1463	2.90e-96	350
ee19a234-cfac-427a-ba22-c9fb0a1f8d00	NR_026532.1	94.737	114	2	4	1	113	1216	1106	8.93e-44	174
ee19a234-cfac-427a-ba22-c9fb0a1f8d00	NR_112070.1	94.737	114	2	4	1	113	1216	1106	8.93e-44	174
ee19a234-cfac-427a-ba22-c9fb0a1f8d00	NR_112072.1	94.737	114	2	4	1	113	1214	1104	8.93e-44	174
ee19a234-cfac-427a-ba22-c9fb0a1f8d00	NR_115608.1	94.737	114	2	4	1	113	1193	1083	8.93e-44	174
ee19a234-cfac-427a-ba22-c9fb0a1f8d00	NR_117824.1	94.737	114	2	4	1	113	1188	1078	8.93e-44	174
020a0fb1-7a6a-404b-a8b5-608c3f73597e	NR_040859.1	96.111	180	2	3	1	180	1448	1274	5.25e-78	289
020a0fb1-7a6a-404b-a8b5-608c3f73597e	NR_040992.1	96.111	180	2	3	1	180	1456	1282	5.25e-78	289
020a0fb1-7a6a-404b-a8b5-608c3f73597e	NR_025881.1	96.111	180	2	3	1	180	1454	1280	5.25e-78	289
020a0fb1-7a6a-404b-a8b5-608c3f73597e	NR_026395.1	96.111	180	2	3	1	180	1456	1282	5.25e-78	289
020a0fb1-7a6a-404b-a8b5-608c3f73597e	NR_024662.1	96.111	180	2	3	1	180	1456	1282	5.25e-78	289
704e569b-c4b0-42fb-aebc-750766ee8f42	NR_024901.1	96.809	94	2	1	1	94	106	14	2.78e-38	156
704e569b-c4b0-42fb-aebc-750766ee8f42	NR_024911.1	96.809	94	2	1	1	94	106	14	2.78e-38	156
704e569b-c4b0-42fb-aebc-750766ee8f42	NR_024912.1	96.809	94	2	1	1	94	106	14	2.78e-38	156
704e569b-c4b0-42fb-aebc-750766ee8f42	NR_024927.1	96.809	94	2	1	1	94	106	14	2.78e-38	156
704e569b-c4b0-42fb-aebc-750766ee8f42	NR_024928.1	96.809	94	2	1	1	94	106	14	2.78e-38	156
b1841544-a208-4e98-8368-6adfe7acb723	NR_156072.1	97.925	241	2	3	1	238	1254	1494	1.15e-115	414
b1841544-a208-4e98-8368-6adfe7acb723	NR_158064.1	97.521	242	2	4	1	238	1256	1497	1.49e-114	411
b1841544-a208-4e98-8368-6adfe7acb723	NR_028665.1	97.510	241	3	3	1	238	1249	1489	5.35e-114	409
b1841544-a208-4e98-8368-6adfe7acb723	NR_104972.1	97.510	241	3	3	1	238	1234	1474	5.35e-114	409
b1841544-a208-4e98-8368-6adfe7acb723	NR_179385.1	97.510	241	3	3	1	238	1256	1496	5.35e-114	409
1c0823a4-2cca-4856-8117-5ed80768cda6	NR_036998.1	97.872	235	4	1	2	235	1211	1445	7.40e-113	405
1c0823a4-2cca-4856-8117-5ed80768cda6	NR_043314.1	97.872	235	4	1	2	235	1230	1464	7.40e-113	405
1c0823a4-2cca-4856-8117-5ed80768cda6	NR_114225.1	97.872	235	4	1	2	235	1212	1446	7.40e-113	405
1c0823a4-2cca-4856-8117-5ed80768cda6	NR_114793.1	97.872	235	4	1	2	235	1104	1338	7.40e-113	405
1c0823a4-2cca-4856-8117-5ed80768cda6	NR_114749.1	97.872	235	4	1	2	235	1232	1466	7.40e-113	405
2fa2c3cf-36df-4f1d-8e28-93b3b9744d69	NR_037101.1	95.349	129	2	3	1	125	778	650	5.92e-52	202
2fa2c3cf-36df-4f1d-8e28-93b3b9744d69	NR_024841.1	95.349	129	2	3	1	125	792	664	5.92e-52	202
2fa2c3cf-36df-4f1d-8e28-93b3b9744d69	NR_024842.1	95.349	129	2	3	1	125	793	665	5.92e-52	202
2fa2c3cf-36df-4f1d-8e28-93b3b9744d69	NR_025609.1	95.349	129	2	3	1	125	727	599	5.92e-52	202
2fa2c3cf-36df-4f1d-8e28-93b3b9744d69	NR_036936.1	95.349	129	2	3	1	125	778	650	5.92e-52	202
e1a448d9-c1b8-4022-b70d-8857926c8606	NR_040859.1	98.413	189	3	0	6	194	642	830	2.80e-91	333
e1a448d9-c1b8-4022-b70d-8857926c8606	NR_025947.1	98.413	189	3	0	6	194	650	838	2.80e-91	333
e1a448d9-c1b8-4022-b70d-8857926c8606	NR_024662.1	98.413	189	3	0	6	194	650	838	2.80e-91	333
e1a448d9-c1b8-4022-b70d-8857926c8606	NR_024910.1	98.413	189	3	0	6	194	641	829	2.80e-91	333
e1a448d9-c1b8-4022-b70d-8857926c8606	NR_024924.1	98.413	189	3	0	6	194	641	829	2.80e-91	333
13559748-dfdd-4c38-bdaf-8918b37ef17b	NR_029050.1	94.215	363	10	9	1	357	1350	993	2.16e-154	544
13559748-dfdd-4c38-bdaf-8918b37ef17b	NR_043314.1	94.199	362	12	7	1	357	1400	1043	2.16e-154	544
13559748-dfdd-4c38-bdaf-8918b37ef17b	NR_116905.1	94.199	362	12	7	1	357	1403	1046	2.16e-154	544
13559748-dfdd-4c38-bdaf-8918b37ef17b	NR_114749.1	94.199	362	12	7	1	357	1402	1045	2.16e-154	544
13559748-dfdd-4c38-bdaf-8918b37ef17b	NR_116899.1	94.199	362	12	7	1	357	1369	1012	2.16e-154	544
d79d0872-220c-4ead-9bda-02a05d758a1e	NR_042778.1	96.639	119	3	1	1	118	381	499	2.11e-50	196
d79d0872-220c-4ead-9bda-02a05d758a1e	NR_042776.1	95.798	119	4	1	1	118	381	499	9.84e-49	191
d79d0872-220c-4ead-9bda-02a05d758a1e	NR_042777.1	95.798	119	4	1	1	118	381	499	9.84e-49	191
d79d0872-220c-4ead-9bda-02a05d758a1e	NR_197695.1	95.798	119	4	1	1	118	380	498	9.84e-49	191
d79d0872-220c-4ead-9bda-02a05d758a1e	NR_118998.1	94.958	119	5	1	1	118	376	494	4.58e-47	185
6026f11a-ac0b-4719-8654-b67dad0a97db	NR_042878.1	90.625	224	8	11	1	215	826	1045	8.25e-77	285
6026f11a-ac0b-4719-8654-b67dad0a97db	NR_116168.1	90.625	224	8	11	1	215	847	1066	8.25e-77	285
6026f11a-ac0b-4719-8654-b67dad0a97db	NR_118143.1	90.179	224	9	11	1	215	828	1047	3.84e-75	279
6026f11a-ac0b-4719-8654-b67dad0a97db	NR_118762.1	89.686	223	11	10	1	215	850	1068	4.97e-74	276
6026f11a-ac0b-4719-8654-b67dad0a97db	NR_025423.1	88.839	224	12	11	1	215	831	1050	3.87e-70	263
8fed4361-5b12-4506-b64c-323ecf48587c	NR_121687.1	92.469	239	7	10	1	229	1038	801	1.14e-90	331
8fed4361-5b12-4506-b64c-323ecf48587c	NR_028900.1	92.050	239	8	10	1	229	976	739	5.29e-89	326
8fed4361-5b12-4506-b64c-323ecf48587c	NR_043459.1	92.050	239	8	10	1	229	1042	805	5.29e-89	326
8fed4361-5b12-4506-b64c-323ecf48587c	NR_041989.1	92.050	239	8	10	1	229	976	739	5.29e-89	326
8fed4361-5b12-4506-b64c-323ecf48587c	NR_178369.1	92.050	239	8	10	1	229	989	752	5.29e-89	326
c8dff71d-d780-4b02-b322-edc9abacfff3	NR_117719.1	95.858	169	4	3	5	171	180	13	1.80e-72	270
c8dff71d-d780-4b02-b322-edc9abacfff3	NR_175455.1	95.833	168	4	3	4	169	169	3	6.49e-72	268
c8dff71d-d780-4b02-b322-edc9abacfff3	NR_179383.1	95.732	164	4	3	10	171	182	20	1.09e-69	261
c8dff71d-d780-4b02-b322-edc9abacfff3	NR_179540.1	95.706	163	4	3	11	171	174	13	3.91e-69	259
c8dff71d-d780-4b02-b322-edc9abacfff3	NR_028665.1	95.652	161	4	3	13	171	169	10	5.05e-68	255
7e9d435f-97e1-449c-ae6b-1ef16b6160ab	NR_040859.1	98.864	176	2	0	1	176	1305	1480	8.44e-86	315
7e9d435f-97e1-449c-ae6b-1ef16b6160ab	NR_040992.1	98.864	176	2	0	1	176	1313	1488	8.44e-86	315
7e9d435f-97e1-449c-ae6b-1ef16b6160ab	NR_025881.1	98.864	176	2	0	1	176	1311	1486	8.44e-86	315
7e9d435f-97e1-449c-ae6b-1ef16b6160ab	NR_026395.1	98.864	176	2	0	1	176	1313	1488	8.44e-86	315
7e9d435f-97e1-449c-ae6b-1ef16b6160ab	NR_024662.1	98.864	176	2	0	1	176	1313	1488	8.44e-86	315
74963145-5d2c-48ce-be52-37e16605bb05	NR_029097.1	97.674	301	4	2	1	298	605	905	1.38e-145	514
74963145-5d2c-48ce-be52-37e16605bb05	NR_125570.1	97.342	301	5	2	1	298	587	887	6.41e-144	508
74963145-5d2c-48ce-be52-37e16605bb05	NR_125571.1	96.678	301	7	2	1	298	629	929	1.39e-140	497
74963145-5d2c-48ce-be52-37e16605bb05	NR_028827.1	93.688	301	16	2	1	298	645	945	1.42e-125	448
74963145-5d2c-48ce-be52-37e16605bb05	NR_133762.1	93.688	301	16	2	1	298	615	915	1.42e-125	448
47a2baf7-9117-4144-bf04-59ee4f991ac7	NR_036998.1	91.221	262	17	6	7	263	1205	1465	1.01e-96	351
47a2baf7-9117-4144-bf04-59ee4f991ac7	NR_043314.1	91.221	262	17	6	7	263	1224	1484	1.01e-96	351
47a2baf7-9117-4144-bf04-59ee4f991ac7	NR_114793.1	91.221	262	17	6	7	263	1098	1358	1.01e-96	351
47a2baf7-9117-4144-bf04-59ee4f991ac7	NR_114749.1	91.221	262	17	6	7	263	1226	1486	1.01e-96	351
47a2baf7-9117-4144-bf04-59ee4f991ac7	NR_116899.1	91.221	262	17	6	7	263	1193	1453	1.01e-96	351
13bd31d5-0d37-4d17-ad51-287126a1835d	NR_025902.1	96.541	318	8	3	16	330	1125	1442	2.61e-148	523
13bd31d5-0d37-4d17-ad51-287126a1835d	NR_040933.1	96.541	318	8	3	16	330	1169	1486	2.61e-148	523
13bd31d5-0d37-4d17-ad51-287126a1835d	NR_117717.1	96.541	318	8	3	16	330	1167	1484	2.61e-148	523
13bd31d5-0d37-4d17-ad51-287126a1835d	NR_121688.1	96.541	318	8	3	16	330	1167	1484	2.61e-148	523
13bd31d5-0d37-4d17-ad51-287126a1835d	NR_117692.1	96.541	318	8	3	16	330	1147	1464	2.61e-148	523
b8a8caa6-1834-4595-b518-d0da2732c409	NR_024911.1	94.667	225	6	3	1	224	1257	1476	1.43e-94	344
b8a8caa6-1834-4595-b518-d0da2732c409	NR_025174.1	94.667	225	6	3	1	224	1250	1469	1.43e-94	344
b8a8caa6-1834-4595-b518-d0da2732c409	NR_041953.1	94.667	225	6	3	1	224	1244	1463	1.43e-94	344
b8a8caa6-1834-4595-b518-d0da2732c409	NR_117826.1	94.667	225	6	3	1	224	1216	1435	1.43e-94	344
b8a8caa6-1834-4595-b518-d0da2732c409	NR_024902.1	94.222	225	7	3	1	224	1259	1478	6.67e-93	339
cbc7d3a4-17fe-4a29-b941-aa00152664f6	NR_043314.1	97.030	202	2	3	1	201	1202	1400	2.14e-92	337
cbc7d3a4-17fe-4a29-b941-aa00152664f6	NR_114225.1	97.030	202	2	3	1	201	1184	1382	2.14e-92	337
cbc7d3a4-17fe-4a29-b941-aa00152664f6	NR_116905.1	97.030	202	2	3	1	201	1205	1403	2.14e-92	337
cbc7d3a4-17fe-4a29-b941-aa00152664f6	NR_114749.1	97.030	202	2	3	1	201	1204	1402	2.14e-92	337
cbc7d3a4-17fe-4a29-b941-aa00152664f6	NR_116899.1	97.030	202	2	3	1	201	1171	1369	2.14e-92	337
d6c04c17-59b9-43c3-84c7-ce60e4b48d67	NR_036998.1	89.524	210	13	8	1	205	1198	1403	1.71e-68	257
d6c04c17-59b9-43c3-84c7-ce60e4b48d67	NR_043314.1	89.524	210	13	8	1	205	1217	1422	1.71e-68	257
d6c04c17-59b9-43c3-84c7-ce60e4b48d67	NR_114225.1	89.524	210	13	8	1	205	1199	1404	1.71e-68	257
d6c04c17-59b9-43c3-84c7-ce60e4b48d67	NR_114793.1	89.524	210	13	8	1	205	1091	1296	1.71e-68	257
d6c04c17-59b9-43c3-84c7-ce60e4b48d67	NR_116905.1	89.524	210	13	8	1	205	1220	1425	1.71e-68	257
3eef1b86-69db-41ea-ba01-22f85218d536	NR_044777.1	89.216	204	11	9	1	195	811	610	1.33e-64	244
3eef1b86-69db-41ea-ba01-22f85218d536	NR_119228.1	88.235	204	13	9	1	195	796	595	2.89e-61	233
3eef1b86-69db-41ea-ba01-22f85218d536	NR_026094.1	90.960	177	7	7	26	195	806	632	3.74e-60	230
3eef1b86-69db-41ea-ba01-22f85218d536	NR_113368.1	90.960	177	7	7	26	195	806	632	3.74e-60	230
3eef1b86-69db-41ea-ba01-22f85218d536	NR_109424.1	85.475	179	17	7	26	197	813	637	1.37e-44	178
bf1de567-3854-45b6-a189-fea2a11a9104	NR_025902.1	96.838	253	3	4	1	249	1199	1450	9.30e-117	418
bf1de567-3854-45b6-a189-fea2a11a9104	NR_117717.1	96.838	253	3	4	1	249	1241	1492	9.30e-117	418
bf1de567-3854-45b6-a189-fea2a11a9104	NR_121688.1	96.838	253	3	4	1	249	1241	1492	9.30e-117	418
bf1de567-3854-45b6-a189-fea2a11a9104	NR_117692.1	96.838	253	3	4	1	249	1221	1472	9.30e-117	418
bf1de567-3854-45b6-a189-fea2a11a9104	NR_117696.1	96.838	253	3	4	1	249	1208	1459	9.30e-117	418
60a88062-fd70-42d9-8863-11ecabab0872	NR_113114.1	99.065	107	0	1	12	117	119	13	9.26e-49	191
60a88062-fd70-42d9-8863-11ecabab0872	NR_041364.1	97.196	107	2	1	12	117	119	13	2.00e-45	180
60a88062-fd70-42d9-8863-11ecabab0872	NR_113320.1	97.196	107	2	1	12	117	119	13	2.00e-45	180
60a88062-fd70-42d9-8863-11ecabab0872	NR_116832.1	96.970	99	2	1	12	109	99	1	5.61e-41	165
60a88062-fd70-42d9-8863-11ecabab0872	NR_147377.1	92.373	118	5	4	2	117	128	13	5.61e-41	165
8abfa536-e043-456f-8f91-9382a86e45b8	NR_025359.1	98.039	51	1	0	1	51	1444	1494	1.16e-18	89.8
8abfa536-e043-456f-8f91-9382a86e45b8	NR_027217.1	98.039	51	1	0	1	51	1423	1473	1.16e-18	89.8
8abfa536-e043-456f-8f91-9382a86e45b8	NR_044741.1	98.039	51	1	0	1	51	1405	1455	1.16e-18	89.8
8abfa536-e043-456f-8f91-9382a86e45b8	NR_180040.1	98.039	51	1	0	1	51	1447	1497	1.16e-18	89.8
8abfa536-e043-456f-8f91-9382a86e45b8	NR_181946.1	100.000	47	0	0	1	47	1426	1472	4.17e-18	87.9
a672d9df-c28b-4641-a506-46167518a9db	NR_040859.1	95.333	150	6	1	1	150	1332	1480	1.57e-62	237
a672d9df-c28b-4641-a506-46167518a9db	NR_040992.1	95.333	150	6	1	1	150	1340	1488	1.57e-62	237
a672d9df-c28b-4641-a506-46167518a9db	NR_025881.1	95.333	150	6	1	1	150	1338	1486	1.57e-62	237
a672d9df-c28b-4641-a506-46167518a9db	NR_026395.1	95.333	150	6	1	1	150	1340	1488	1.57e-62	237
a672d9df-c28b-4641-a506-46167518a9db	NR_024662.1	95.333	150	6	1	1	150	1340	1488	1.57e-62	237
c1ad5d8d-9104-40d8-bcd3-69e5bdc8c3ce	NR_178796.1	92.553	94	5	2	1	93	1385	1477	1.22e-31	134
c1ad5d8d-9104-40d8-bcd3-69e5bdc8c3ce	NR_178939.1	92.553	94	5	2	1	93	1386	1478	1.22e-31	134
c1ad5d8d-9104-40d8-bcd3-69e5bdc8c3ce	NR_044873.1	93.333	90	3	3	1	88	1377	1465	1.58e-30	130
c1ad5d8d-9104-40d8-bcd3-69e5bdc8c3ce	NR_156958.1	90.323	93	8	1	1	93	1369	1460	9.50e-28	121
c1ad5d8d-9104-40d8-bcd3-69e5bdc8c3ce	NR_025310.1	89.474	95	7	3	1	93	1367	1460	1.23e-26	117
49ef3441-a3ac-49f1-a872-65ae1d1cef5b	NR_042928.1	87.500	136	10	5	22	150	141	6	2.13e-36	150
49ef3441-a3ac-49f1-a872-65ae1d1cef5b	NR_179385.1	87.500	136	10	5	22	150	165	30	2.13e-36	150
49ef3441-a3ac-49f1-a872-65ae1d1cef5b	NR_199545.1	87.500	136	10	5	22	150	161	26	2.13e-36	150
49ef3441-a3ac-49f1-a872-65ae1d1cef5b	NR_024841.1	86.957	138	9	7	22	150	157	20	2.75e-35	147
49ef3441-a3ac-49f1-a872-65ae1d1cef5b	NR_036936.1	86.957	138	9	7	22	150	143	6	2.75e-35	147
608c92a8-de13-4c8e-9210-c2d8f0faa245	NR_025550.1	100.000	143	0	0	2	144	893	1035	6.77e-71	265
608c92a8-de13-4c8e-9210-c2d8f0faa245	NR_042147.1	100.000	143	0	0	2	144	891	1033	6.77e-71	265
608c92a8-de13-4c8e-9210-c2d8f0faa245	NR_137215.1	100.000	143	0	0	2	144	898	1040	6.77e-71	265
608c92a8-de13-4c8e-9210-c2d8f0faa245	NR_197749.1	100.000	143	0	0	2	144	913	1055	6.77e-71	265
608c92a8-de13-4c8e-9210-c2d8f0faa245	NR_026395.1	99.301	143	1	0	2	144	911	1053	3.15e-69	259
a0c2d28e-1c4c-4a7b-a997-11bb0dad5e50	NR_024901.1	98.592	142	0	1	1	140	152	11	1.93e-66	250
a0c2d28e-1c4c-4a7b-a997-11bb0dad5e50	NR_024912.1	98.592	142	0	1	1	140	152	11	1.93e-66	250
a0c2d28e-1c4c-4a7b-a997-11bb0dad5e50	NR_024928.1	98.592	142	0	1	1	140	152	11	1.93e-66	250
a0c2d28e-1c4c-4a7b-a997-11bb0dad5e50	NR_025586.1	98.592	142	0	1	1	140	147	6	1.93e-66	250
a0c2d28e-1c4c-4a7b-a997-11bb0dad5e50	NR_025587.1	98.592	142	0	1	1	140	147	6	1.93e-66	250
d256b943-b68d-4b09-8ebe-91f19c44266d	NR_178976.1	92.125	1219	59	32	8	1212	1199	4	0.0	1685
d256b943-b68d-4b09-8ebe-91f19c44266d	NR_156986.1	92.043	1219	60	32	8	1212	1208	13	0.0	1679
d256b943-b68d-4b09-8ebe-91f19c44266d	NR_199513.1	92.043	1219	60	32	8	1212	1227	32	0.0	1679
d256b943-b68d-4b09-8ebe-91f19c44266d	NR_113600.1	91.961	1219	61	32	8	1212	1200	5	0.0	1676
d256b943-b68d-4b09-8ebe-91f19c44266d	NR_024928.1	91.961	1219	61	32	8	1212	1213	18	0.0	1674
748e6a37-e95e-4939-9f75-38913c0cd179	NR_179889.1	96.360	1099	25	12	7	1097	403	1494	0.0	1794
748e6a37-e95e-4939-9f75-38913c0cd179	NR_042541.1	96.269	1099	26	12	7	1097	376	1467	0.0	1788
748e6a37-e95e-4939-9f75-38913c0cd179	NR_178854.1	96.269	1099	25	13	7	1097	376	1466	0.0	1788
748e6a37-e95e-4939-9f75-38913c0cd179	NR_041953.1	96.178	1099	27	12	7	1097	376	1467	0.0	1783
748e6a37-e95e-4939-9f75-38913c0cd179	NR_178447.1	96.178	1099	27	12	7	1097	310	1401	0.0	1783
2cac3e45-77bd-47de-b726-4636dfc5cc2f	NR_156986.1	96.825	630	8	8	1	619	637	9	0.0	1042
2cac3e45-77bd-47de-b726-4636dfc5cc2f	NR_199513.1	96.820	629	10	7	1	619	656	28	0.0	1042
2cac3e45-77bd-47de-b726-4636dfc5cc2f	NR_178976.1	96.820	629	8	8	1	618	628	1	0.0	1040
2cac3e45-77bd-47de-b726-4636dfc5cc2f	NR_113600.1	96.667	630	9	8	1	619	629	1	0.0	1038
2cac3e45-77bd-47de-b726-4636dfc5cc2f	NR_024901.1	96.667	630	9	8	1	619	642	14	0.0	1037
2fec27b3-f801-4ef9-9ed3-6bbe812a7217	NR_024912.1	96.970	528	6	6	1	527	558	40	0.0	878
2fec27b3-f801-4ef9-9ed3-6bbe812a7217	NR_042147.1	96.970	528	6	6	1	527	545	27	0.0	878
2fec27b3-f801-4ef9-9ed3-6bbe812a7217	NR_156986.1	96.970	528	6	6	1	527	553	35	0.0	878
2fec27b3-f801-4ef9-9ed3-6bbe812a7217	NR_178976.1	96.970	528	6	6	1	527	544	26	0.0	878
2fec27b3-f801-4ef9-9ed3-6bbe812a7217	NR_199514.1	96.970	528	6	9	1	527	565	47	0.0	878
8517ec6b-92c8-42a6-ac9c-f860f363f6c6	NR_024912.1	96.918	292	1	3	3	293	291	7	3.84e-136	483
8517ec6b-92c8-42a6-ac9c-f860f363f6c6	NR_028706.1	96.918	292	1	3	3	293	299	15	3.84e-136	483
8517ec6b-92c8-42a6-ac9c-f860f363f6c6	NR_037092.1	96.918	292	1	3	3	293	296	12	3.84e-136	483
8517ec6b-92c8-42a6-ac9c-f860f363f6c6	NR_042939.1	96.918	292	1	3	3	293	297	13	3.84e-136	483
8517ec6b-92c8-42a6-ac9c-f860f363f6c6	NR_199514.1	96.918	292	1	4	3	293	298	14	3.84e-136	483
064e6219-d81a-4444-9b57-49ad36ebed24	NR_113600.1	92.662	1390	56	34	1	1360	89	1462	0.0	1962
064e6219-d81a-4444-9b57-49ad36ebed24	NR_199513.1	92.662	1390	58	32	1	1361	116	1490	0.0	1962
064e6219-d81a-4444-9b57-49ad36ebed24	NR_024928.1	92.595	1391	57	34	1	1361	102	1476	0.0	1958
064e6219-d81a-4444-9b57-49ad36ebed24	NR_041953.1	92.590	1390	59	32	1	1361	89	1463	0.0	1956
064e6219-d81a-4444-9b57-49ad36ebed24	NR_042541.1	92.518	1390	60	32	1	1361	89	1463	0.0	1953
e981bcdc-cc62-406c-be36-ab9cb8ef9b72	NR_199513.1	92.610	636	26	14	23	649	645	22	0.0	894
e981bcdc-cc62-406c-be36-ab9cb8ef9b72	NR_041953.1	91.483	634	25	21	23	643	618	1	0.0	845
e981bcdc-cc62-406c-be36-ab9cb8ef9b72	NR_181014.1	91.325	634	26	21	23	643	618	1	0.0	839
e981bcdc-cc62-406c-be36-ab9cb8ef9b72	NR_181891.1	91.080	639	30	19	23	649	641	18	0.0	839
e981bcdc-cc62-406c-be36-ab9cb8ef9b72	NR_178854.1	90.995	633	30	19	23	643	618	1	0.0	828
99800587-ef87-4082-aea9-d51812337921	NR_026419.1	89.419	482	38	12	5	480	521	47	8.71e-170	595
99800587-ef87-4082-aea9-d51812337921	NR_133753.1	88.174	482	43	13	5	480	487	14	8.84e-160	562
99800587-ef87-4082-aea9-d51812337921	NR_025903.1	86.252	531	47	18	5	517	533	11	5.32e-157	553
99800587-ef87-4082-aea9-d51812337921	NR_025904.1	85.393	534	46	23	5	517	532	10	1.16e-148	525
99800587-ef87-4082-aea9-d51812337921	NR_133752.1	87.339	466	45	13	5	464	458	1	1.50e-147	521
589f34af-e376-4880-b867-a27109703567	NR_179889.1	96.552	1102	21	12	1	1093	400	1493	0.0	1808
589f34af-e376-4880-b867-a27109703567	NR_041953.1	96.461	1102	22	12	1	1093	373	1466	0.0	1803
589f34af-e376-4880-b867-a27109703567	NR_042541.1	96.461	1102	22	12	1	1093	373	1466	0.0	1803
589f34af-e376-4880-b867-a27109703567	NR_178854.1	96.461	1102	21	13	1	1093	373	1465	0.0	1803
589f34af-e376-4880-b867-a27109703567	NR_178447.1	96.370	1102	23	12	1	1093	307	1400	0.0	1797
37e1588c-746c-4abb-a383-8270b7aa424c	NR_028664.1	84.417	815	55	51	1	769	809	21	0.0	736
37e1588c-746c-4abb-a383-8270b7aa424c	NR_042928.1	84.483	812	54	51	1	766	786	1	0.0	736
37e1588c-746c-4abb-a383-8270b7aa424c	NR_115240.1	84.360	812	55	51	1	766	786	1	0.0	730
37e1588c-746c-4abb-a383-8270b7aa424c	NR_042771.1	83.966	817	55	52	1	769	806	18	0.0	713
37e1588c-746c-4abb-a383-8270b7aa424c	NR_115274.1	83.907	814	55	52	1	766	786	1	0.0	708
4768d96d-5f16-4db0-aa09-72af41f59f37	NR_041953.1	94.830	793	27	10	1	783	283	1071	0.0	1225
4768d96d-5f16-4db0-aa09-72af41f59f37	NR_178447.1	94.830	793	27	10	1	783	217	1005	0.0	1225
4768d96d-5f16-4db0-aa09-72af41f59f37	NR_199513.1	94.830	793	27	10	1	783	310	1098	0.0	1225
4768d96d-5f16-4db0-aa09-72af41f59f37	NR_181891.1	94.704	793	28	10	1	783	306	1094	0.0	1219
4768d96d-5f16-4db0-aa09-72af41f59f37	NR_199518.1	94.704	793	28	10	1	783	227	1015	0.0	1219
c268d211-94f0-493e-9a52-b7e8177e75fa	NR_043332.1	97.661	342	2	5	48	387	1145	1482	4.99e-166	582
c268d211-94f0-493e-9a52-b7e8177e75fa	NR_074980.1	97.661	342	2	5	48	387	1172	1509	4.99e-166	582
c268d211-94f0-493e-9a52-b7e8177e75fa	NR_113031.1	97.661	342	2	5	48	387	1172	1509	4.99e-166	582
c268d211-94f0-493e-9a52-b7e8177e75fa	NR_113570.1	97.376	343	2	6	48	387	1152	1490	2.32e-164	577
c268d211-94f0-493e-9a52-b7e8177e75fa	NR_115354.1	96.784	342	5	5	48	387	1145	1482	5.03e-161	566
1b2ea654-7911-41f1-808d-aad322bcf704	NR_121688.1	97.917	192	3	1	1	191	206	15	1.52e-90	331
1b2ea654-7911-41f1-808d-aad322bcf704	NR_117717.1	97.396	192	4	1	1	191	207	16	7.06e-89	326
1b2ea654-7911-41f1-808d-aad322bcf704	NR_117701.1	97.849	186	3	1	1	185	186	1	3.28e-87	320
1b2ea654-7911-41f1-808d-aad322bcf704	NR_118659.1	94.792	192	9	1	1	191	206	15	2.56e-83	307
1b2ea654-7911-41f1-808d-aad322bcf704	NR_117696.1	97.688	173	3	1	1	172	173	1	5.53e-80	296
ce1c018c-5399-4586-956c-b269e2dff87d	NR_041983.1	89.980	499	26	18	1	481	1141	649	3.68e-178	623
ce1c018c-5399-4586-956c-b269e2dff87d	NR_114395.1	89.980	499	26	18	1	481	1173	681	3.68e-178	623
ce1c018c-5399-4586-956c-b269e2dff87d	NR_179528.1	89.980	499	26	18	1	481	1158	666	3.68e-178	623
ce1c018c-5399-4586-956c-b269e2dff87d	NR_119102.1	89.780	499	27	18	1	481	1143	651	4.76e-177	619
ce1c018c-5399-4586-956c-b269e2dff87d	NR_179535.1	89.780	499	27	18	1	481	1176	684	1.71e-176	617
9fc9c305-d800-40b4-b334-e0622b05e500	NR_113600.1	95.502	1445	39	23	3	1425	1441	1	0.0	2287
9fc9c305-d800-40b4-b334-e0622b05e500	NR_024928.1	95.436	1446	40	23	3	1426	1454	13	0.0	2283
9fc9c305-d800-40b4-b334-e0622b05e500	NR_199513.1	95.433	1445	42	21	3	1426	1468	27	0.0	2281
9fc9c305-d800-40b4-b334-e0622b05e500	NR_024901.1	95.367	1446	41	23	3	1426	1454	13	0.0	2276
9fc9c305-d800-40b4-b334-e0622b05e500	NR_114225.1	95.363	1445	41	22	3	1425	1441	1	0.0	2276
fe4e898b-1ed1-4903-b876-e99404de6850	NR_199513.1	97.152	1194	21	11	1	1185	1218	29	0.0	2004
fe4e898b-1ed1-4903-b876-e99404de6850	NR_178976.1	96.987	1195	21	13	1	1185	1190	1	0.0	1993
fe4e898b-1ed1-4903-b876-e99404de6850	NR_156986.1	96.904	1195	22	13	1	1185	1199	10	0.0	1988
fe4e898b-1ed1-4903-b876-e99404de6850	NR_113600.1	96.820	1195	23	13	1	1185	1191	2	0.0	1984
fe4e898b-1ed1-4903-b876-e99404de6850	NR_024928.1	96.820	1195	23	13	1	1185	1204	15	0.0	1982
effee557-9fbb-4bd0-92f7-278ff6a10be0	NR_041983.1	96.795	468	6	8	1	462	829	1293	0.0	773
effee557-9fbb-4bd0-92f7-278ff6a10be0	NR_114395.1	96.795	468	6	8	1	462	861	1325	0.0	773
effee557-9fbb-4bd0-92f7-278ff6a10be0	NR_179528.1	96.795	468	6	8	1	462	846	1310	0.0	773
effee557-9fbb-4bd0-92f7-278ff6a10be0	NR_119102.1	96.368	468	8	8	1	462	831	1295	0.0	763
effee557-9fbb-4bd0-92f7-278ff6a10be0	NR_179535.1	96.154	468	9	8	1	462	864	1328	0.0	756
4e7e936c-1ecd-4ff4-a50e-5c66276ac31e	NR_025902.1	98.113	265	3	2	1	264	1182	1445	1.64e-129	460
4e7e936c-1ecd-4ff4-a50e-5c66276ac31e	NR_040933.1	98.113	265	3	2	1	264	1226	1489	1.64e-129	460
4e7e936c-1ecd-4ff4-a50e-5c66276ac31e	NR_117717.1	98.113	265	3	2	1	264	1224	1487	1.64e-129	460
4e7e936c-1ecd-4ff4-a50e-5c66276ac31e	NR_121688.1	98.113	265	3	2	1	264	1224	1487	1.64e-129	460
4e7e936c-1ecd-4ff4-a50e-5c66276ac31e	NR_117692.1	98.113	265	3	2	1	264	1204	1467	1.64e-129	460
e9edd7ad-01c4-4fa8-bf88-d37e84ae2f62	NR_179889.1	98.148	1296	17	7	1	1293	202	1493	0.0	2254
e9edd7ad-01c4-4fa8-bf88-d37e84ae2f62	NR_041953.1	98.071	1296	18	7	1	1293	175	1466	0.0	2248
e9edd7ad-01c4-4fa8-bf88-d37e84ae2f62	NR_042541.1	98.071	1296	18	7	1	1293	175	1466	0.0	2248
e9edd7ad-01c4-4fa8-bf88-d37e84ae2f62	NR_178854.1	98.071	1296	17	8	1	1293	175	1465	0.0	2248
e9edd7ad-01c4-4fa8-bf88-d37e84ae2f62	NR_178447.1	97.995	1297	17	6	1	1293	109	1400	0.0	2242
2cb8ed86-25ec-4581-a9d9-70e4d556647a	NR_044091.1	97.222	396	10	1	1	395	1127	732	0.0	669
2cb8ed86-25ec-4581-a9d9-70e4d556647a	NR_042940.1	96.465	396	13	1	1	395	1125	730	0.0	652
2cb8ed86-25ec-4581-a9d9-70e4d556647a	NR_025762.1	96.212	396	13	2	1	395	1190	796	0.0	647
2cb8ed86-25ec-4581-a9d9-70e4d556647a	NR_041879.1	96.212	396	14	1	1	395	1170	775	0.0	647
2cb8ed86-25ec-4581-a9d9-70e4d556647a	NR_113570.1	96.212	396	13	2	1	395	1219	825	0.0	647
5099b8c6-fc08-4c12-8d1b-215a4d3260cc	NR_024918.1	93.522	494	12	12	1	477	989	1479	0.0	717
5099b8c6-fc08-4c12-8d1b-215a4d3260cc	NR_043314.1	93.522	494	12	12	1	477	994	1484	0.0	717
5099b8c6-fc08-4c12-8d1b-215a4d3260cc	NR_042147.1	93.522	494	12	12	1	477	976	1466	0.0	717
5099b8c6-fc08-4c12-8d1b-215a4d3260cc	NR_116899.1	93.522	494	12	12	1	477	963	1453	0.0	717
5099b8c6-fc08-4c12-8d1b-215a4d3260cc	NR_164626.1	93.522	494	12	12	1	477	986	1476	0.0	717
c18c5f3c-c5ea-41bb-a3ec-eb5857a6ddf0	NR_117694.1	92.368	760	36	19	1	749	712	1460	0.0	1062
c18c5f3c-c5ea-41bb-a3ec-eb5857a6ddf0	NR_025892.1	91.974	760	39	19	1	749	737	1485	0.0	1051
c18c5f3c-c5ea-41bb-a3ec-eb5857a6ddf0	NR_117692.1	92.105	760	38	17	1	749	712	1460	0.0	1051
c18c5f3c-c5ea-41bb-a3ec-eb5857a6ddf0	NR_043459.1	92.084	758	38	20	1	747	736	1482	0.0	1048
c18c5f3c-c5ea-41bb-a3ec-eb5857a6ddf0	NR_025902.1	91.842	760	40	17	1	749	690	1438	0.0	1040
3a562bdc-328a-4493-89cc-4e9b1b6bdc79	NR_116168.1	92.436	661	27	20	4	649	163	815	0.0	922
3a562bdc-328a-4493-89cc-4e9b1b6bdc79	NR_042878.1	92.133	661	29	20	4	649	142	794	0.0	917
3a562bdc-328a-4493-89cc-4e9b1b6bdc79	NR_025423.1	91.945	658	30	19	4	646	147	796	0.0	900
3a562bdc-328a-4493-89cc-4e9b1b6bdc79	NR_118762.1	90.318	661	41	19	4	649	166	818	0.0	867
3a562bdc-328a-4493-89cc-4e9b1b6bdc79	NR_118143.1	90.332	662	39	20	4	649	144	796	0.0	846
cb45a1ee-f394-4825-857d-6d27a621ff38	NR_179482.1	93.727	813	28	18	4	800	1100	295	0.0	1197
cb45a1ee-f394-4825-857d-6d27a621ff38	NR_181891.1	93.596	812	31	16	4	800	1220	415	0.0	1192
cb45a1ee-f394-4825-857d-6d27a621ff38	NR_199513.1	93.596	812	31	16	4	800	1224	419	0.0	1192
cb45a1ee-f394-4825-857d-6d27a621ff38	NR_041953.1	93.473	812	32	16	4	800	1197	392	0.0	1186
cb45a1ee-f394-4825-857d-6d27a621ff38	NR_178447.1	93.473	812	32	16	4	800	1131	326	0.0	1186
04176bd7-88ad-4c9a-b2fa-e38809b8b4b0	NR_041989.1	94.569	534	19	10	1	525	1165	633	0.0	817
04176bd7-88ad-4c9a-b2fa-e38809b8b4b0	NR_117694.1	94.382	534	20	10	1	525	1207	675	0.0	811
04176bd7-88ad-4c9a-b2fa-e38809b8b4b0	NR_178369.1	94.195	534	21	9	1	525	1178	646	0.0	806
04176bd7-88ad-4c9a-b2fa-e38809b8b4b0	NR_025892.1	93.820	534	23	10	1	525	1232	700	0.0	800
04176bd7-88ad-4c9a-b2fa-e38809b8b4b0	NR_028900.1	94.007	534	22	9	1	525	1165	633	0.0	800
54ab7b2f-a098-4f24-99ed-f6f1a7a41e1b	NR_024918.1	93.532	402	15	10	6	401	1083	1479	1.10e-167	588
54ab7b2f-a098-4f24-99ed-f6f1a7a41e1b	NR_028986.1	93.532	402	15	10	6	401	1070	1466	1.10e-167	588
54ab7b2f-a098-4f24-99ed-f6f1a7a41e1b	NR_043314.1	93.532	402	15	10	6	401	1088	1484	1.10e-167	588
54ab7b2f-a098-4f24-99ed-f6f1a7a41e1b	NR_042199.1	93.532	402	15	10	6	401	1070	1466	1.10e-167	588
54ab7b2f-a098-4f24-99ed-f6f1a7a41e1b	NR_117821.1	93.532	402	15	10	6	401	1042	1438	1.10e-167	588
f998c52a-a762-4cd6-9774-a446900ac94a	NR_199545.1	95.658	760	20	13	1	753	771	18	0.0	1208
f998c52a-a762-4cd6-9774-a446900ac94a	NR_179385.1	95.526	760	21	13	1	753	775	22	0.0	1203
f998c52a-a762-4cd6-9774-a446900ac94a	NR_165741.1	95.401	761	20	13	1	753	760	7	0.0	1197
f998c52a-a762-4cd6-9774-a446900ac94a	NR_179383.1	95.395	760	22	13	1	753	778	25	0.0	1197
f998c52a-a762-4cd6-9774-a446900ac94a	NR_028664.1	95.263	760	23	13	1	753	774	21	0.0	1192
fe66ae70-eac0-43e6-aa7b-b46c69af3be2	NR_117694.1	95.502	1156	28	19	1	1140	1148	1	0.0	1825
fe66ae70-eac0-43e6-aa7b-b46c69af3be2	NR_025892.1	94.163	1165	43	19	1	1149	1173	18	0.0	1777
fe66ae70-eac0-43e6-aa7b-b46c69af3be2	NR_121687.1	94.425	1166	39	21	1	1149	1168	12	0.0	1770
fe66ae70-eac0-43e6-aa7b-b46c69af3be2	NR_041989.1	95.157	1115	31	18	1	1101	1106	1	0.0	1738
fe66ae70-eac0-43e6-aa7b-b46c69af3be2	NR_117692.1	93.869	1158	43	22	1	1140	1148	1	0.0	1720
984a70aa-fb09-49ea-aba4-c06be30a2bb9	NR_156986.1	94.722	1099	27	20	4	1087	1083	1	0.0	1679
984a70aa-fb09-49ea-aba4-c06be30a2bb9	NR_199513.1	94.636	1100	28	21	4	1088	1102	19	0.0	1676
984a70aa-fb09-49ea-aba4-c06be30a2bb9	NR_024901.1	94.636	1100	26	23	4	1087	1088	6	0.0	1674
984a70aa-fb09-49ea-aba4-c06be30a2bb9	NR_024928.1	94.636	1100	26	23	4	1087	1088	6	0.0	1674
984a70aa-fb09-49ea-aba4-c06be30a2bb9	NR_156987.1	94.631	1099	28	20	4	1087	1083	1	0.0	1674
cfa6fd9a-d495-43c0-9445-3d65d4814420	NR_199541.1	94.375	640	19	14	1	633	40	669	0.0	966
cfa6fd9a-d495-43c0-9445-3d65d4814420	NR_109720.1	94.210	639	22	12	1	633	58	687	0.0	961
cfa6fd9a-d495-43c0-9445-3d65d4814420	NR_036936.1	93.897	639	24	12	1	633	64	693	0.0	952
cfa6fd9a-d495-43c0-9445-3d65d4814420	NR_178515.1	94.035	637	23	12	3	633	66	693	0.0	952
cfa6fd9a-d495-43c0-9445-3d65d4814420	NR_180875.1	93.574	638	26	12	2	633	44	672	0.0	946
2f0939a4-59c0-4c5e-ab15-e18c16e83a18	NR_042928.1	97.512	1206	12	13	1	1195	1199	1	0.0	2045
2f0939a4-59c0-4c5e-ab15-e18c16e83a18	NR_117719.1	96.952	1214	19	13	1	1203	1219	13	0.0	2021
2f0939a4-59c0-4c5e-ab15-e18c16e83a18	NR_199545.1	96.952	1214	19	13	1	1203	1219	13	0.0	2021
2f0939a4-59c0-4c5e-ab15-e18c16e83a18	NR_179385.1	96.870	1214	20	13	1	1203	1223	17	0.0	2015
2f0939a4-59c0-4c5e-ab15-e18c16e83a18	NR_112026.1	97.477	1189	11	14	1	1178	1181	1	0.0	2013
f3829676-d8ea-4faf-b324-735222687f01	NR_025902.1	91.126	293	16	10	1	284	1159	1450	8.34e-108	388
f3829676-d8ea-4faf-b324-735222687f01	NR_117717.1	91.126	293	16	10	1	284	1201	1492	8.34e-108	388
f3829676-d8ea-4faf-b324-735222687f01	NR_121688.1	91.126	293	16	10	1	284	1201	1492	8.34e-108	388
f3829676-d8ea-4faf-b324-735222687f01	NR_117692.1	91.126	293	16	10	1	284	1181	1472	8.34e-108	388
f3829676-d8ea-4faf-b324-735222687f01	NR_117696.1	91.126	293	16	10	1	284	1168	1459	8.34e-108	388
956a3272-8992-4616-879c-12bf16ed9210	NR_113600.1	94.398	1446	46	28	1	1424	1456	24	0.0	2191
956a3272-8992-4616-879c-12bf16ed9210	NR_024928.1	94.329	1446	47	28	1	1424	1469	37	0.0	2185
956a3272-8992-4616-879c-12bf16ed9210	NR_114225.1	94.329	1446	47	28	1	1424	1456	24	0.0	2185
956a3272-8992-4616-879c-12bf16ed9210	NR_024901.1	94.260	1446	48	28	1	1424	1469	37	0.0	2178
956a3272-8992-4616-879c-12bf16ed9210	NR_042147.1	94.260	1446	48	28	1	1424	1456	24	0.0	2178
92bb276d-fb31-45ac-93e0-04440a373d84	NR_043314.1	94.079	456	17	8	1	452	1006	1455	0.0	684
92bb276d-fb31-45ac-93e0-04440a373d84	NR_114749.1	94.079	456	17	8	1	452	1008	1457	0.0	684
92bb276d-fb31-45ac-93e0-04440a373d84	NR_116899.1	94.079	456	17	8	1	452	975	1424	0.0	684
92bb276d-fb31-45ac-93e0-04440a373d84	NR_178854.1	94.079	456	17	8	1	452	987	1436	0.0	684
92bb276d-fb31-45ac-93e0-04440a373d84	NR_179889.1	94.079	456	17	8	1	452	1015	1464	0.0	684
6bddae57-f5c6-45ed-8794-d779368281df	NR_199513.1	96.868	1405	26	17	1	1398	100	1493	0.0	2335
6bddae57-f5c6-45ed-8794-d779368281df	NR_179889.1	96.655	1405	29	18	1	1398	100	1493	0.0	2318
6bddae57-f5c6-45ed-8794-d779368281df	NR_181891.1	96.655	1405	29	17	1	1398	96	1489	0.0	2318
6bddae57-f5c6-45ed-8794-d779368281df	NR_024928.1	96.586	1406	28	20	1	1398	86	1479	0.0	2313
6bddae57-f5c6-45ed-8794-d779368281df	NR_041953.1	96.584	1405	30	17	1	1398	73	1466	0.0	2313
5e81c5f9-85ab-4419-8119-3fac59bfead0	NR_179889.1	98.138	1074	15	4	1	1073	421	1490	0.0	1868
5e81c5f9-85ab-4419-8119-3fac59bfead0	NR_041953.1	98.045	1074	16	4	1	1073	394	1463	0.0	1862
5e81c5f9-85ab-4419-8119-3fac59bfead0	NR_042541.1	98.045	1074	16	4	1	1073	394	1463	0.0	1862
5e81c5f9-85ab-4419-8119-3fac59bfead0	NR_178854.1	98.045	1074	15	5	1	1073	394	1462	0.0	1862
5e81c5f9-85ab-4419-8119-3fac59bfead0	NR_178447.1	97.952	1074	17	4	1	1073	328	1397	0.0	1857
150cad2b-0d39-400c-b803-33da452d3634	NR_042776.1	92.450	1457	50	49	1	1418	1457	22	0.0	2026
150cad2b-0d39-400c-b803-33da452d3634	NR_042778.1	92.244	1457	53	49	1	1418	1457	22	0.0	2010
150cad2b-0d39-400c-b803-33da452d3634	NR_042777.1	92.244	1457	52	50	1	1418	1456	22	0.0	2008
150cad2b-0d39-400c-b803-33da452d3634	NR_197695.1	91.890	1455	58	49	3	1418	1454	21	0.0	1978
150cad2b-0d39-400c-b803-33da452d3634	NR_118998.1	91.558	1457	62	50	1	1418	1451	17	0.0	1954
16155179-0a2e-4f1d-8f41-780816520070	NR_117694.1	93.208	427	12	16	1	419	418	1	7.02e-175	612
16155179-0a2e-4f1d-8f41-780816520070	NR_025892.1	91.589	428	19	15	1	420	444	26	1.53e-166	584
16155179-0a2e-4f1d-8f41-780816520070	NR_117717.1	91.335	427	22	14	1	420	439	21	4.29e-162	569
16155179-0a2e-4f1d-8f41-780816520070	NR_121687.1	91.355	428	20	16	1	420	438	20	4.29e-162	569
16155179-0a2e-4f1d-8f41-780816520070	NR_117692.1	91.335	427	20	16	1	419	418	1	1.54e-161	568
9d3abb79-792d-441e-8af2-f4376c136330	NR_116899.1	96.575	905	17	12	1	896	551	1450	0.0	1487
9d3abb79-792d-441e-8af2-f4376c136330	NR_024918.1	96.464	905	18	12	1	896	577	1476	0.0	1482
9d3abb79-792d-441e-8af2-f4376c136330	NR_041799.1	96.468	906	16	14	1	896	564	1463	0.0	1482
9d3abb79-792d-441e-8af2-f4376c136330	NR_041953.1	96.464	905	18	12	1	896	564	1463	0.0	1482
9d3abb79-792d-441e-8af2-f4376c136330	NR_042541.1	96.464	905	18	12	1	896	564	1463	0.0	1482
dbdf5a1d-1805-4917-af7c-a776f192ef48	NR_179889.1	96.044	1188	29	10	1	1173	309	1493	0.0	1917
dbdf5a1d-1805-4917-af7c-a776f192ef48	NR_041953.1	95.960	1188	30	10	1	1173	282	1466	0.0	1912
dbdf5a1d-1805-4917-af7c-a776f192ef48	NR_042541.1	95.960	1188	30	10	1	1173	282	1466	0.0	1912
dbdf5a1d-1805-4917-af7c-a776f192ef48	NR_178854.1	95.960	1188	29	11	1	1173	282	1465	0.0	1910
dbdf5a1d-1805-4917-af7c-a776f192ef48	NR_178447.1	95.875	1188	31	10	1	1173	216	1400	0.0	1906
5c412303-bcd7-47be-856f-29739bc8bc44	NR_041989.1	97.126	661	7	10	1	653	920	264	0.0	1105
5c412303-bcd7-47be-856f-29739bc8bc44	NR_117694.1	95.770	662	14	12	1	653	962	306	0.0	1055
5c412303-bcd7-47be-856f-29739bc8bc44	NR_117692.1	95.461	661	18	10	1	653	962	306	0.0	1044
5c412303-bcd7-47be-856f-29739bc8bc44	NR_117696.1	95.461	661	18	10	1	653	949	293	0.0	1044
5c412303-bcd7-47be-856f-29739bc8bc44	NR_117701.1	95.461	661	18	10	1	653	962	306	0.0	1044
71292cb3-cc97-436d-9066-95f16c3c6d1b	NR_165744.1	95.455	836	21	13	1	826	649	1477	0.0	1317
71292cb3-cc97-436d-9066-95f16c3c6d1b	NR_179385.1	95.352	839	22	13	1	829	664	1495	0.0	1317
71292cb3-cc97-436d-9066-95f16c3c6d1b	NR_199545.1	95.352	839	22	13	1	829	660	1491	0.0	1317
71292cb3-cc97-436d-9066-95f16c3c6d1b	NR_027214.1	95.335	836	22	13	1	826	640	1468	0.0	1312
71292cb3-cc97-436d-9066-95f16c3c6d1b	NR_179383.1	95.119	840	23	14	1	829	667	1499	0.0	1308
1c012828-ebc0-4e03-abe1-b1bd3124a449	NR_024928.1	97.314	1452	31	7	14	1462	1452	6	0.0	2460
1c012828-ebc0-4e03-abe1-b1bd3124a449	NR_113600.1	97.438	1444	29	7	14	1454	1439	1	0.0	2457
1c012828-ebc0-4e03-abe1-b1bd3124a449	NR_199513.1	97.249	1454	30	9	14	1463	1466	19	0.0	2455
1c012828-ebc0-4e03-abe1-b1bd3124a449	NR_024901.1	97.245	1452	32	7	14	1462	1452	6	0.0	2453
1c012828-ebc0-4e03-abe1-b1bd3124a449	NR_199514.1	97.245	1452	32	8	14	1462	1459	13	0.0	2453
63247558-7c7d-4168-8fdc-9d1c0aa4a1c0	NR_104947.1	97.040	473	5	9	1	467	942	1411	0.0	787
63247558-7c7d-4168-8fdc-9d1c0aa4a1c0	NR_117717.1	97.040	473	5	9	1	467	989	1458	0.0	787
63247558-7c7d-4168-8fdc-9d1c0aa4a1c0	NR_117696.1	97.040	473	5	9	1	467	956	1425	0.0	787
63247558-7c7d-4168-8fdc-9d1c0aa4a1c0	NR_159079.1	96.829	473	6	9	1	467	965	1434	0.0	782
63247558-7c7d-4168-8fdc-9d1c0aa4a1c0	NR_117694.1	97.408	463	5	7	1	459	969	1428	0.0	782
3f064ea5-1c18-44c5-9ea0-10652c546d63	NR_028847.1	91.372	962	50	30	1	943	499	1446	0.0	1286
3f064ea5-1c18-44c5-9ea0-10652c546d63	NR_025934.1	90.021	952	55	33	1	929	536	1470	0.0	1199
3f064ea5-1c18-44c5-9ea0-10652c546d63	NR_042279.1	88.254	962	76	32	1	943	517	1460	0.0	1116
3f064ea5-1c18-44c5-9ea0-10652c546d63	NR_044681.1	87.261	942	83	32	1	923	537	1460	0.0	1044
3f064ea5-1c18-44c5-9ea0-10652c546d63	NR_104942.1	86.889	961	81	37	1	935	518	1459	0.0	1035
824a5171-eb01-4261-9820-6331dd66a05d	NR_179889.1	95.964	1338	32	16	33	1358	162	1489	0.0	2152
824a5171-eb01-4261-9820-6331dd66a05d	NR_041953.1	95.889	1338	33	16	33	1358	135	1462	0.0	2146
824a5171-eb01-4261-9820-6331dd66a05d	NR_042541.1	95.889	1338	33	16	33	1358	135	1462	0.0	2146
824a5171-eb01-4261-9820-6331dd66a05d	NR_178854.1	95.889	1338	32	17	33	1358	135	1461	0.0	2145
824a5171-eb01-4261-9820-6331dd66a05d	NR_178447.1	95.815	1338	34	16	33	1358	69	1396	0.0	2141
6dd33f28-6ce4-471e-9f4a-370b8d05dc66	NR_043314.1	96.462	537	15	4	1	535	924	1458	0.0	883
6dd33f28-6ce4-471e-9f4a-370b8d05dc66	NR_116899.1	96.462	537	15	4	1	535	893	1427	0.0	883
6dd33f28-6ce4-471e-9f4a-370b8d05dc66	NR_178854.1	96.462	537	15	4	1	535	905	1439	0.0	883
6dd33f28-6ce4-471e-9f4a-370b8d05dc66	NR_179889.1	96.462	537	15	4	1	535	933	1467	0.0	883
6dd33f28-6ce4-471e-9f4a-370b8d05dc66	NR_041799.1	96.276	537	16	4	1	535	906	1440	0.0	878
dbe9f73c-9e09-4b62-89f9-0dce4c12d396	NR_026419.1	90.646	588	23	27	1	568	577	2	0.0	752
dbe9f73c-9e09-4b62-89f9-0dce4c12d396	NR_025903.1	88.629	598	34	28	1	578	589	6	0.0	697
dbe9f73c-9e09-4b62-89f9-0dce4c12d396	NR_025904.1	88.147	599	35	31	1	578	588	5	0.0	680
dbe9f73c-9e09-4b62-89f9-0dce4c12d396	NR_133753.1	88.929	551	36	20	1	534	543	1	0.0	656
dbe9f73c-9e09-4b62-89f9-0dce4c12d396	NR_133752.1	88.314	522	37	20	1	506	514	1	1.61e-172	604
96f85477-18f6-4d84-993e-f13084daa697	NR_199513.1	97.147	1437	25	12	1	1430	1453	26	0.0	2412
96f85477-18f6-4d84-993e-f13084daa697	NR_178976.1	97.205	1431	24	13	4	1427	1422	1	0.0	2409
96f85477-18f6-4d84-993e-f13084daa697	NR_156986.1	97.205	1431	24	13	7	1430	1428	7	0.0	2407
96f85477-18f6-4d84-993e-f13084daa697	NR_199514.1	97.141	1434	25	13	4	1430	1443	19	0.0	2407
96f85477-18f6-4d84-993e-f13084daa697	NR_113600.1	97.137	1432	25	13	4	1428	1423	1	0.0	2405
b60a4053-f394-43f2-9fc0-7d3f5522ba2e	NR_024924.1	94.456	469	15	9	4	466	1000	537	0.0	712
b60a4053-f394-43f2-9fc0-7d3f5522ba2e	NR_102854.1	94.456	469	15	9	4	466	1009	546	0.0	712
b60a4053-f394-43f2-9fc0-7d3f5522ba2e	NR_115336.1	94.456	469	15	9	4	466	995	532	0.0	712
b60a4053-f394-43f2-9fc0-7d3f5522ba2e	NR_134794.1	94.456	469	15	9	4	466	952	489	0.0	712
b60a4053-f394-43f2-9fc0-7d3f5522ba2e	NR_135703.1	94.456	469	15	9	4	466	1021	558	0.0	712
b694a56a-3d7c-4de2-a5c9-4ab75990822a	NR_024912.1	96.064	559	9	9	1	551	559	6	0.0	898
b694a56a-3d7c-4de2-a5c9-4ab75990822a	NR_156986.1	96.064	559	9	9	1	551	554	1	0.0	898
b694a56a-3d7c-4de2-a5c9-4ab75990822a	NR_042147.1	96.370	551	8	8	1	544	546	1	0.0	896
b694a56a-3d7c-4de2-a5c9-4ab75990822a	NR_178976.1	96.364	550	8	8	1	543	545	1	0.0	894
b694a56a-3d7c-4de2-a5c9-4ab75990822a	NR_024901.1	95.886	559	10	9	1	551	559	6	0.0	893
