f07b8252-e674-403e-9810-8df9068951fd	NR_117292.1	95.000	140	1	3	1	134	1280	1141	9.95e-56	215
f07b8252-e674-403e-9810-8df9068951fd	NR_117839.1	95.000	140	1	3	1	134	1308	1169	9.95e-56	215
f07b8252-e674-403e-9810-8df9068951fd	NR_178363.1	95.000	140	1	3	1	134	1280	1141	9.95e-56	215
f07b8252-e674-403e-9810-8df9068951fd	NR_113141.1	94.286	140	2	3	1	134	1300	1161	4.63e-54	209
f07b8252-e674-403e-9810-8df9068951fd	NR_113317.1	94.286	140	2	3	1	134	1238	1099	4.63e-54	209
63c7e05d-9e78-464d-aae8-51791d22b756	NR_199514.1	94.286	70	4	0	1	70	1475	1406	4.99e-24	108
63c7e05d-9e78-464d-aae8-51791d22b756	NR_180174.1	92.958	71	5	0	1	71	1462	1392	6.46e-23	104
63c7e05d-9e78-464d-aae8-51791d22b756	NR_040859.1	92.857	70	5	0	1	70	1467	1398	2.32e-22	102
63c7e05d-9e78-464d-aae8-51791d22b756	NR_028806.1	92.857	70	5	0	1	70	1474	1405	2.32e-22	102
63c7e05d-9e78-464d-aae8-51791d22b756	NR_040992.1	92.857	70	5	0	1	70	1475	1406	2.32e-22	102
9621a471-3647-44e1-8d87-d2ff2f120fab	NR_024918.1	96.170	235	6	2	1	234	1244	1476	1.14e-105	381
9621a471-3647-44e1-8d87-d2ff2f120fab	NR_028986.1	96.170	235	6	2	1	234	1231	1463	1.14e-105	381
9621a471-3647-44e1-8d87-d2ff2f120fab	NR_036998.1	96.170	235	6	2	1	234	1230	1462	1.14e-105	381
9621a471-3647-44e1-8d87-d2ff2f120fab	NR_041799.1	96.170	235	6	2	1	234	1231	1463	1.14e-105	381
9621a471-3647-44e1-8d87-d2ff2f120fab	NR_043314.1	96.170	235	6	2	1	234	1249	1481	1.14e-105	381
58f08d8f-3ba0-42fa-a6ad-9a691b3ffdaa	NR_036998.1	96.466	283	2	7	1	278	1183	1462	1.71e-129	460
58f08d8f-3ba0-42fa-a6ad-9a691b3ffdaa	NR_043314.1	96.466	283	2	7	1	278	1202	1481	1.71e-129	460
58f08d8f-3ba0-42fa-a6ad-9a691b3ffdaa	NR_114793.1	96.466	283	2	7	1	278	1076	1355	1.71e-129	460
58f08d8f-3ba0-42fa-a6ad-9a691b3ffdaa	NR_114749.1	96.466	283	2	7	1	278	1204	1483	1.71e-129	460
58f08d8f-3ba0-42fa-a6ad-9a691b3ffdaa	NR_116899.1	96.466	283	2	7	1	278	1171	1450	1.71e-129	460
320eac6b-8dda-4594-b518-af8e81704002	NR_137215.1	99.024	205	1	1	1	204	921	1125	2.83e-101	366
320eac6b-8dda-4594-b518-af8e81704002	NR_024927.1	98.537	205	2	1	1	204	927	1131	1.32e-99	361
320eac6b-8dda-4594-b518-af8e81704002	NR_025550.1	98.537	205	2	1	1	204	916	1120	1.32e-99	361
320eac6b-8dda-4594-b518-af8e81704002	NR_029063.1	98.537	205	2	1	1	204	935	1139	1.32e-99	361
320eac6b-8dda-4594-b518-af8e81704002	NR_037135.1	98.537	205	2	1	1	204	894	1098	1.32e-99	361
1ae688e4-1eaf-4b29-b85a-0e23a9e069b8	NR_036998.1	97.590	249	6	0	16	264	1214	1462	1.65e-119	427
1ae688e4-1eaf-4b29-b85a-0e23a9e069b8	NR_043314.1	97.590	249	6	0	16	264	1233	1481	1.65e-119	427
1ae688e4-1eaf-4b29-b85a-0e23a9e069b8	NR_114793.1	97.590	249	6	0	16	264	1107	1355	1.65e-119	427
1ae688e4-1eaf-4b29-b85a-0e23a9e069b8	NR_114749.1	97.590	249	6	0	16	264	1235	1483	1.65e-119	427
1ae688e4-1eaf-4b29-b85a-0e23a9e069b8	NR_116899.1	97.590	249	6	0	16	264	1202	1450	1.65e-119	427
6f296c77-9d19-40ce-a281-f0f48b300b0d	NR_119168.1	91.760	267	14	8	2	262	276	12	1.30e-100	364
6f296c77-9d19-40ce-a281-f0f48b300b0d	NR_163639.1	91.760	267	14	8	2	262	290	26	1.30e-100	364
6f296c77-9d19-40ce-a281-f0f48b300b0d	NR_115355.1	91.386	267	15	8	2	262	271	7	4.69e-100	363
6f296c77-9d19-40ce-a281-f0f48b300b0d	NR_119169.1	91.386	267	15	8	2	262	276	12	1.69e-99	361
6f296c77-9d19-40ce-a281-f0f48b300b0d	NR_043332.1	91.386	267	15	8	2	262	271	7	6.07e-99	359
50fe0bc6-664e-40f5-a513-9102ee0d7ba6	NR_041989.1	95.200	250	7	4	1	248	927	1173	1.99e-108	390
50fe0bc6-664e-40f5-a513-9102ee0d7ba6	NR_116767.1	95.200	250	7	5	1	248	969	1215	1.99e-108	390
50fe0bc6-664e-40f5-a513-9102ee0d7ba6	NR_028900.1	94.800	250	8	4	1	248	927	1173	9.27e-107	385
50fe0bc6-664e-40f5-a513-9102ee0d7ba6	NR_043458.1	94.800	250	8	4	1	248	990	1236	9.27e-107	385
50fe0bc6-664e-40f5-a513-9102ee0d7ba6	NR_043459.1	94.800	250	8	4	1	248	993	1239	9.27e-107	385
16b4160b-94d9-4b7a-a1ec-de939999173f	NR_043314.1	98.106	264	4	1	1	263	1187	1450	5.95e-129	459
16b4160b-94d9-4b7a-a1ec-de939999173f	NR_114225.1	98.106	264	4	1	1	263	1169	1432	5.95e-129	459
16b4160b-94d9-4b7a-a1ec-de939999173f	NR_114749.1	98.106	264	4	1	1	263	1189	1452	5.95e-129	459
16b4160b-94d9-4b7a-a1ec-de939999173f	NR_116899.1	98.106	264	4	1	1	263	1156	1419	5.95e-129	459
16b4160b-94d9-4b7a-a1ec-de939999173f	NR_178854.1	98.106	264	4	1	1	263	1168	1431	5.95e-129	459
af7d28bf-df14-4b62-b896-be7e821771ac	NR_028826.1	98.925	93	1	0	1	93	496	588	1.23e-41	167
af7d28bf-df14-4b62-b896-be7e821771ac	NR_024662.1	98.925	93	1	0	1	93	514	606	1.23e-41	167
af7d28bf-df14-4b62-b896-be7e821771ac	NR_024910.1	98.925	93	1	0	1	93	505	597	1.23e-41	167
af7d28bf-df14-4b62-b896-be7e821771ac	NR_024924.1	98.925	93	1	0	1	93	505	597	1.23e-41	167
af7d28bf-df14-4b62-b896-be7e821771ac	NR_024951.1	98.925	93	1	0	1	93	510	602	1.23e-41	167
3230ae4f-971d-43b1-ad28-8bf97251b1f2	NR_036998.1	94.089	203	6	3	1	199	1418	1218	2.33e-82	303
3230ae4f-971d-43b1-ad28-8bf97251b1f2	NR_043314.1	94.089	203	6	3	1	199	1437	1237	2.33e-82	303
3230ae4f-971d-43b1-ad28-8bf97251b1f2	NR_114225.1	94.089	203	6	3	1	199	1419	1219	2.33e-82	303
3230ae4f-971d-43b1-ad28-8bf97251b1f2	NR_114793.1	94.089	203	6	3	1	199	1311	1111	2.33e-82	303
3230ae4f-971d-43b1-ad28-8bf97251b1f2	NR_114749.1	94.089	203	6	3	1	199	1439	1239	2.33e-82	303
82a98ac1-82a2-4422-af20-6884d5a3a2d6	NR_164626.1	95.833	216	4	4	1	211	216	1	1.31e-94	344
82a98ac1-82a2-4422-af20-6884d5a3a2d6	NR_024901.1	95.794	214	4	4	1	209	219	6	1.70e-93	340
82a98ac1-82a2-4422-af20-6884d5a3a2d6	NR_024912.1	95.794	214	4	4	1	209	219	6	1.70e-93	340
82a98ac1-82a2-4422-af20-6884d5a3a2d6	NR_024928.1	95.794	214	4	4	1	209	219	6	1.70e-93	340
82a98ac1-82a2-4422-af20-6884d5a3a2d6	NR_025586.1	95.794	214	4	4	1	209	214	1	1.70e-93	340
7706c727-f668-4b8e-b205-f0bd6bb3b66e	NR_074980.1	93.491	169	8	3	4	171	181	15	8.46e-66	248
7706c727-f668-4b8e-b205-f0bd6bb3b66e	NR_113031.1	93.491	169	8	3	4	171	181	15	8.46e-66	248
7706c727-f668-4b8e-b205-f0bd6bb3b66e	NR_163639.1	93.491	169	8	3	4	171	173	7	8.46e-66	248
7706c727-f668-4b8e-b205-f0bd6bb3b66e	NR_119168.1	93.168	161	8	3	4	163	159	1	2.37e-61	233
7706c727-f668-4b8e-b205-f0bd6bb3b66e	NR_119169.1	93.168	161	8	3	4	163	159	1	2.37e-61	233
cae18050-2d00-4401-bf26-2dc618e9978c	NR_164626.1	95.283	212	5	4	6	216	208	1	1.05e-90	331
cae18050-2d00-4401-bf26-2dc618e9978c	NR_024901.1	95.238	210	5	4	6	214	211	6	1.36e-89	327
cae18050-2d00-4401-bf26-2dc618e9978c	NR_024912.1	95.238	210	5	4	6	214	211	6	1.36e-89	327
cae18050-2d00-4401-bf26-2dc618e9978c	NR_024928.1	95.238	210	5	4	6	214	211	6	1.36e-89	327
cae18050-2d00-4401-bf26-2dc618e9978c	NR_025586.1	95.238	210	5	4	6	214	206	1	1.36e-89	327
f25d2ca2-37ea-4f22-821c-5f0af1cb444f	NR_026395.1	94.203	138	4	4	3	138	873	1008	1.11e-53	207
f25d2ca2-37ea-4f22-821c-5f0af1cb444f	NR_024704.1	94.203	138	4	4	3	138	861	996	1.11e-53	207
f25d2ca2-37ea-4f22-821c-5f0af1cb444f	NR_024707.1	94.203	138	4	4	3	138	855	990	1.11e-53	207
f25d2ca2-37ea-4f22-821c-5f0af1cb444f	NR_024902.1	94.203	138	4	4	3	138	868	1003	1.11e-53	207
f25d2ca2-37ea-4f22-821c-5f0af1cb444f	NR_024912.1	94.203	138	4	4	3	138	866	1001	1.11e-53	207
11d4ccc3-9ae7-4b3e-9708-b33129fd04ea	NR_164626.1	95.620	274	8	3	1	270	274	1	2.77e-122	436
11d4ccc3-9ae7-4b3e-9708-b33129fd04ea	NR_024912.1	95.588	272	8	3	1	268	277	6	3.58e-121	433
11d4ccc3-9ae7-4b3e-9708-b33129fd04ea	NR_028706.1	95.588	272	8	3	1	268	285	14	3.58e-121	433
11d4ccc3-9ae7-4b3e-9708-b33129fd04ea	NR_037092.1	95.588	272	8	3	1	268	282	11	3.58e-121	433
11d4ccc3-9ae7-4b3e-9708-b33129fd04ea	NR_042939.1	95.588	272	8	3	1	268	283	12	3.58e-121	433
5c5b2908-994e-4298-baa1-a61775d445e6	NR_044091.1	94.585	277	11	4	20	293	187	462	6.74e-119	425
5c5b2908-994e-4298-baa1-a61775d445e6	NR_025762.1	93.502	277	14	4	20	293	251	526	6.79e-114	409
5c5b2908-994e-4298-baa1-a61775d445e6	NR_041879.1	93.141	277	15	4	20	293	230	505	3.16e-112	403
5c5b2908-994e-4298-baa1-a61775d445e6	NR_113570.1	93.141	277	15	4	20	293	280	555	3.16e-112	403
5c5b2908-994e-4298-baa1-a61775d445e6	NR_115355.1	93.141	277	15	4	20	293	273	548	3.16e-112	403
4b1e47d5-6676-43d5-8e94-478cfd4f1d72	NR_042878.1	90.604	149	5	6	4	150	1328	1187	4.57e-48	189
4b1e47d5-6676-43d5-8e94-478cfd4f1d72	NR_116168.1	90.604	149	5	6	4	150	1349	1208	4.57e-48	189
4b1e47d5-6676-43d5-8e94-478cfd4f1d72	NR_118762.1	90.604	149	5	6	4	150	1351	1210	4.57e-48	189
4b1e47d5-6676-43d5-8e94-478cfd4f1d72	NR_025073.1	89.189	148	9	4	4	150	1351	1210	9.90e-45	178
4b1e47d5-6676-43d5-8e94-478cfd4f1d72	NR_178299.1	89.189	148	9	4	4	150	1331	1190	9.90e-45	178
aa0f7b1d-bb97-477a-808c-72a2368e9d4e	NR_117694.1	93.724	239	4	9	1	229	242	5	1.17e-95	348
aa0f7b1d-bb97-477a-808c-72a2368e9d4e	NR_025892.1	92.469	239	7	9	1	229	268	31	3.27e-91	333
aa0f7b1d-bb97-477a-808c-72a2368e9d4e	NR_121687.1	90.795	239	11	8	1	229	262	25	5.51e-84	309
aa0f7b1d-bb97-477a-808c-72a2368e9d4e	NR_041989.1	94.949	198	4	6	1	193	200	4	7.12e-83	305
aa0f7b1d-bb97-477a-808c-72a2368e9d4e	NR_117692.1	90.377	239	12	9	1	229	242	5	2.56e-82	303
3bbb47f5-66b4-485b-ab42-51c5e7840b72	NR_024951.1	95.951	247	6	4	1	244	733	488	1.17e-110	398
3bbb47f5-66b4-485b-ab42-51c5e7840b72	NR_029042.2	95.951	247	6	4	1	244	737	492	1.17e-110	398
3bbb47f5-66b4-485b-ab42-51c5e7840b72	NR_178342.1	95.951	247	6	4	1	244	717	472	1.17e-110	398
3bbb47f5-66b4-485b-ab42-51c5e7840b72	NR_178482.1	95.951	247	6	4	1	244	707	462	1.17e-110	398
3bbb47f5-66b4-485b-ab42-51c5e7840b72	NR_179482.1	95.951	247	6	4	1	244	620	375	1.17e-110	398
b4219581-b28a-4edd-bafb-a2ace25a9fc8	NR_024901.1	96.855	159	2	2	1	156	172	14	2.82e-70	263
b4219581-b28a-4edd-bafb-a2ace25a9fc8	NR_024912.1	96.855	159	2	2	1	156	172	14	2.82e-70	263
b4219581-b28a-4edd-bafb-a2ace25a9fc8	NR_024928.1	96.855	159	2	2	1	156	172	14	2.82e-70	263
b4219581-b28a-4edd-bafb-a2ace25a9fc8	NR_025164.1	96.855	159	2	2	1	156	159	1	2.82e-70	263
b4219581-b28a-4edd-bafb-a2ace25a9fc8	NR_025586.1	96.855	159	2	2	1	156	167	9	2.82e-70	263
57bdebab-3fe2-41d2-95a4-20de8d1880eb	NR_026230.1	94.595	111	5	1	1	110	808	698	1.12e-42	171
57bdebab-3fe2-41d2-95a4-20de8d1880eb	NR_113082.1	94.595	111	5	1	1	110	830	720	1.12e-42	171
57bdebab-3fe2-41d2-95a4-20de8d1880eb	NR_136788.1	94.595	111	5	1	1	110	830	720	1.12e-42	171
57bdebab-3fe2-41d2-95a4-20de8d1880eb	NR_025908.1	90.991	111	9	1	1	110	835	725	5.24e-36	148
a3aa6ff6-5701-4c1f-be66-48113b7e3bac	NR_164626.1	90.204	245	15	8	1	239	243	2	1.54e-84	311
a3aa6ff6-5701-4c1f-be66-48113b7e3bac	NR_170438.1	90.204	245	15	8	1	239	242	1	1.54e-84	311
a3aa6ff6-5701-4c1f-be66-48113b7e3bac	NR_024912.1	90.164	244	15	8	1	238	246	6	5.53e-84	309
a3aa6ff6-5701-4c1f-be66-48113b7e3bac	NR_025586.1	90.164	244	15	8	1	238	241	1	5.53e-84	309
a3aa6ff6-5701-4c1f-be66-48113b7e3bac	NR_025587.1	90.164	244	15	8	1	238	241	1	5.53e-84	309
cefdbf9a-1d8d-4d61-8581-4e0de81f040e	NR_025892.1	95.294	85	3	1	2	85	1394	1478	1.30e-31	134
cefdbf9a-1d8d-4d61-8581-4e0de81f040e	NR_025902.1	95.294	85	3	1	2	85	1347	1431	1.30e-31	134
cefdbf9a-1d8d-4d61-8581-4e0de81f040e	NR_028844.1	95.294	85	3	1	2	85	1378	1462	1.30e-31	134
cefdbf9a-1d8d-4d61-8581-4e0de81f040e	NR_043459.1	95.294	85	3	1	2	85	1393	1477	1.30e-31	134
cefdbf9a-1d8d-4d61-8581-4e0de81f040e	NR_040933.1	95.294	85	3	1	2	85	1391	1475	1.30e-31	134
71215273-d5e6-45ec-b006-5f460ce9a443	NR_040933.1	93.353	331	14	8	8	334	1163	1489	4.43e-136	483
71215273-d5e6-45ec-b006-5f460ce9a443	NR_117717.1	93.353	331	14	8	8	334	1161	1487	4.43e-136	483
71215273-d5e6-45ec-b006-5f460ce9a443	NR_121688.1	93.353	331	14	8	8	334	1161	1487	4.43e-136	483
71215273-d5e6-45ec-b006-5f460ce9a443	NR_117694.1	93.353	331	14	8	8	334	1141	1467	4.43e-136	483
71215273-d5e6-45ec-b006-5f460ce9a443	NR_117696.1	93.353	331	14	8	8	334	1128	1454	4.43e-136	483
3382fb71-b1fa-4f4f-bbd4-380299dc651e	NR_036936.1	99.127	229	2	0	1	229	1445	1217	3.97e-115	412
3382fb71-b1fa-4f4f-bbd4-380299dc651e	NR_025453.1	99.127	229	2	0	1	229	1445	1217	3.97e-115	412
3382fb71-b1fa-4f4f-bbd4-380299dc651e	NR_028666.1	99.127	229	2	0	1	229	1469	1241	3.97e-115	412
3382fb71-b1fa-4f4f-bbd4-380299dc651e	NR_028833.1	99.127	229	2	0	1	229	1472	1244	3.97e-115	412
3382fb71-b1fa-4f4f-bbd4-380299dc651e	NR_029052.1	99.127	229	2	0	1	229	1433	1205	3.97e-115	412
42101f1d-fec6-46f2-81a9-c2aa36cfc64c	NR_036998.1	96.703	182	3	2	11	192	1195	1373	2.69e-81	300
42101f1d-fec6-46f2-81a9-c2aa36cfc64c	NR_043314.1	96.703	182	3	2	11	192	1214	1392	2.69e-81	300
42101f1d-fec6-46f2-81a9-c2aa36cfc64c	NR_114225.1	96.703	182	3	2	11	192	1196	1374	2.69e-81	300
42101f1d-fec6-46f2-81a9-c2aa36cfc64c	NR_114793.1	96.703	182	3	2	11	192	1088	1266	2.69e-81	300
42101f1d-fec6-46f2-81a9-c2aa36cfc64c	NR_116905.1	96.703	182	3	2	11	192	1217	1395	2.69e-81	300
2d331b09-5d2f-46a9-b56d-9a71954ceaef	NR_025902.1	99.543	219	1	0	4	222	1227	1445	2.96e-111	399
2d331b09-5d2f-46a9-b56d-9a71954ceaef	NR_040933.1	99.543	219	1	0	4	222	1271	1489	2.96e-111	399
2d331b09-5d2f-46a9-b56d-9a71954ceaef	NR_117717.1	99.543	219	1	0	4	222	1269	1487	2.96e-111	399
2d331b09-5d2f-46a9-b56d-9a71954ceaef	NR_121688.1	99.543	219	1	0	4	222	1269	1487	2.96e-111	399
2d331b09-5d2f-46a9-b56d-9a71954ceaef	NR_117692.1	99.543	219	1	0	4	222	1249	1467	2.96e-111	399
d3abdd8f-b9dd-4d29-8e75-2996c7d69908	NR_040859.1	97.154	246	2	4	1	243	257	500	1.51e-114	411
d3abdd8f-b9dd-4d29-8e75-2996c7d69908	NR_024901.1	97.154	246	2	4	1	243	258	501	1.51e-114	411
d3abdd8f-b9dd-4d29-8e75-2996c7d69908	NR_024912.1	97.154	246	2	4	1	243	258	501	1.51e-114	411
d3abdd8f-b9dd-4d29-8e75-2996c7d69908	NR_024928.1	97.154	246	2	4	1	243	258	501	1.51e-114	411
d3abdd8f-b9dd-4d29-8e75-2996c7d69908	NR_025228.1	97.154	246	2	4	1	243	241	484	1.51e-114	411
9f58b6ab-ef81-4217-b1a3-519d6ceb6f07	NR_025550.1	97.462	197	1	2	10	202	961	1157	2.71e-91	333
9f58b6ab-ef81-4217-b1a3-519d6ceb6f07	NR_042147.1	97.462	197	1	2	10	202	959	1155	2.71e-91	333
9f58b6ab-ef81-4217-b1a3-519d6ceb6f07	NR_024704.1	96.954	197	2	2	10	202	967	1163	1.26e-89	327
9f58b6ab-ef81-4217-b1a3-519d6ceb6f07	NR_024902.1	96.954	197	2	2	10	202	974	1170	1.26e-89	327
9f58b6ab-ef81-4217-b1a3-519d6ceb6f07	NR_024912.1	96.954	197	2	2	10	202	972	1168	1.26e-89	327
21119a33-a48c-4ed1-a932-a6b8a0d5f3b8	NR_036998.1	96.124	129	3	2	1	128	1216	1343	2.82e-54	209
21119a33-a48c-4ed1-a932-a6b8a0d5f3b8	NR_043314.1	96.124	129	3	2	1	128	1235	1362	2.82e-54	209
21119a33-a48c-4ed1-a932-a6b8a0d5f3b8	NR_114225.1	96.124	129	3	2	1	128	1217	1344	2.82e-54	209
21119a33-a48c-4ed1-a932-a6b8a0d5f3b8	NR_114793.1	96.124	129	3	2	1	128	1109	1236	2.82e-54	209
21119a33-a48c-4ed1-a932-a6b8a0d5f3b8	NR_116905.1	96.124	129	3	2	1	128	1238	1365	2.82e-54	209
452fe005-b558-4e59-b906-8ba7950f4d5f	NR_164626.1	100.000	295	0	0	1	295	296	2	4.85e-155	545
452fe005-b558-4e59-b906-8ba7950f4d5f	NR_024912.1	100.000	294	0	0	1	294	299	6	1.75e-154	544
452fe005-b558-4e59-b906-8ba7950f4d5f	NR_028706.1	100.000	294	0	0	1	294	307	14	1.75e-154	544
452fe005-b558-4e59-b906-8ba7950f4d5f	NR_037092.1	100.000	294	0	0	1	294	304	11	1.75e-154	544
452fe005-b558-4e59-b906-8ba7950f4d5f	NR_042939.1	100.000	294	0	0	1	294	305	12	1.75e-154	544
7c212f95-9f6a-4bac-a167-5e60114a4439	NR_164626.1	94.558	147	3	4	13	157	145	2	4.61e-58	222
7c212f95-9f6a-4bac-a167-5e60114a4439	NR_024901.1	94.521	146	3	4	13	156	148	6	1.66e-57	220
7c212f95-9f6a-4bac-a167-5e60114a4439	NR_024912.1	94.521	146	3	4	13	156	148	6	1.66e-57	220
7c212f95-9f6a-4bac-a167-5e60114a4439	NR_024928.1	94.521	146	3	4	13	156	148	6	1.66e-57	220
7c212f95-9f6a-4bac-a167-5e60114a4439	NR_025586.1	94.521	146	3	4	13	156	143	1	1.66e-57	220
e42a5a51-c53b-4af6-b1c9-7741b019e0ff	NR_144608.1	88.519	270	20	8	1	261	1408	1141	3.75e-86	316
e42a5a51-c53b-4af6-b1c9-7741b019e0ff	NR_156077.1	87.778	270	22	9	1	261	1393	1126	8.11e-83	305
e42a5a51-c53b-4af6-b1c9-7741b019e0ff	NR_156078.1	87.778	270	22	9	1	261	1393	1126	8.11e-83	305
e42a5a51-c53b-4af6-b1c9-7741b019e0ff	NR_156079.1	87.778	270	22	9	1	261	1393	1126	8.11e-83	305
e42a5a51-c53b-4af6-b1c9-7741b019e0ff	NR_156081.1	87.778	270	22	9	1	261	1393	1126	8.11e-83	305
e3efd753-ab9d-4d6a-9d95-15e65fcb2285	NR_179385.1	92.529	174	12	1	1	174	189	17	8.63e-66	248
e3efd753-ab9d-4d6a-9d95-15e65fcb2285	NR_199545.1	92.529	174	12	1	1	174	185	13	8.63e-66	248
e3efd753-ab9d-4d6a-9d95-15e65fcb2285	NR_118234.1	92.899	169	8	4	10	176	174	8	4.01e-64	243
e3efd753-ab9d-4d6a-9d95-15e65fcb2285	NR_165741.1	91.954	174	13	1	1	174	174	2	4.01e-64	243
e3efd753-ab9d-4d6a-9d95-15e65fcb2285	NR_042777.1	92.857	168	9	3	9	174	184	18	1.44e-63	241
e53402e0-fd08-44c4-aef9-2a9b1647305c	NR_036998.1	93.909	197	7	4	4	197	1370	1176	4.57e-79	292
e53402e0-fd08-44c4-aef9-2a9b1647305c	NR_043314.1	93.909	197	7	4	4	197	1389	1195	4.57e-79	292
e53402e0-fd08-44c4-aef9-2a9b1647305c	NR_114225.1	93.909	197	7	4	4	197	1371	1177	4.57e-79	292
e53402e0-fd08-44c4-aef9-2a9b1647305c	NR_114793.1	93.909	197	7	4	4	197	1263	1069	4.57e-79	292
e53402e0-fd08-44c4-aef9-2a9b1647305c	NR_116905.1	93.909	197	7	4	4	197	1392	1198	4.57e-79	292
3364c625-0cff-49bf-8040-0003db929361	NR_043314.1	99.281	278	2	0	1	278	1204	1481	2.82e-142	503
3364c625-0cff-49bf-8040-0003db929361	NR_114749.1	99.281	278	2	0	1	278	1206	1483	2.82e-142	503
3364c625-0cff-49bf-8040-0003db929361	NR_116899.1	99.281	278	2	0	1	278	1173	1450	2.82e-142	503
3364c625-0cff-49bf-8040-0003db929361	NR_178854.1	99.281	278	2	0	1	278	1185	1462	2.82e-142	503
3364c625-0cff-49bf-8040-0003db929361	NR_179889.1	99.281	278	2	0	1	278	1213	1490	2.82e-142	503
414d5beb-fab1-4d59-a013-97a8863e9f34	NR_025902.1	94.643	112	5	1	1	111	1331	1442	3.32e-43	172
414d5beb-fab1-4d59-a013-97a8863e9f34	NR_028844.1	94.643	112	5	1	1	111	1362	1473	3.32e-43	172
414d5beb-fab1-4d59-a013-97a8863e9f34	NR_040933.1	94.643	112	5	1	1	111	1375	1486	3.32e-43	172
414d5beb-fab1-4d59-a013-97a8863e9f34	NR_114098.1	94.643	112	5	1	1	111	1351	1462	3.32e-43	172
414d5beb-fab1-4d59-a013-97a8863e9f34	NR_117717.1	94.643	112	5	1	1	111	1373	1484	3.32e-43	172
749d08e8-dcd0-43ff-afea-e9ff07b2538b	NR_116168.1	98.561	139	1	1	1	138	152	14	8.53e-65	244
749d08e8-dcd0-43ff-afea-e9ff07b2538b	NR_118762.1	95.035	141	6	1	1	140	155	15	8.59e-60	228
749d08e8-dcd0-43ff-afea-e9ff07b2538b	NR_042878.1	96.947	131	3	1	1	130	131	1	4.00e-58	222
749d08e8-dcd0-43ff-afea-e9ff07b2538b	NR_024896.1	94.891	137	6	1	3	138	149	13	2.41e-55	213
749d08e8-dcd0-43ff-afea-e9ff07b2538b	NR_024897.1	94.891	137	6	1	3	138	149	13	2.41e-55	213
e0e0b265-da62-4a1e-89ed-13ebce1ffdb9	NR_024918.1	86.809	235	18	9	1	224	1244	1476	3.20e-66	250
e0e0b265-da62-4a1e-89ed-13ebce1ffdb9	NR_028986.1	86.809	235	18	9	1	224	1231	1463	3.20e-66	250
e0e0b265-da62-4a1e-89ed-13ebce1ffdb9	NR_036998.1	86.809	235	18	9	1	224	1230	1462	3.20e-66	250
e0e0b265-da62-4a1e-89ed-13ebce1ffdb9	NR_037092.1	86.809	235	18	10	1	224	1244	1476	3.20e-66	250
e0e0b265-da62-4a1e-89ed-13ebce1ffdb9	NR_041799.1	86.809	235	18	9	1	224	1231	1463	3.20e-66	250
99aa217a-4d38-4cbc-9db5-658c0f565e33	NR_164626.1	90.957	188	9	5	15	197	185	1	3.53e-65	246
99aa217a-4d38-4cbc-9db5-658c0f565e33	NR_024901.1	91.713	181	7	5	15	190	188	11	1.27e-64	244
99aa217a-4d38-4cbc-9db5-658c0f565e33	NR_024912.1	91.713	181	7	5	15	190	188	11	1.27e-64	244
99aa217a-4d38-4cbc-9db5-658c0f565e33	NR_024928.1	91.713	181	7	5	15	190	188	11	1.27e-64	244
99aa217a-4d38-4cbc-9db5-658c0f565e33	NR_025586.1	91.713	181	7	5	15	190	183	6	1.27e-64	244
d3047935-d27f-40b4-89ef-396993fa4c47	NR_159249.1	91.089	101	7	2	4	103	100	1	3.71e-32	135
d3047935-d27f-40b4-89ef-396993fa4c47	NR_159348.1	90.099	101	8	2	4	103	117	18	1.73e-30	130
d3047935-d27f-40b4-89ef-396993fa4c47	NR_148763.1	93.976	83	5	0	21	103	93	11	2.23e-29	126
d3047935-d27f-40b4-89ef-396993fa4c47	NR_164626.1	93.976	83	5	0	21	103	83	1	2.23e-29	126
d3047935-d27f-40b4-89ef-396993fa4c47	NR_180260.1	93.976	83	5	0	21	103	93	11	2.23e-29	126
1f25ba2f-9b5f-48e3-9601-ece95d473a54	NR_113114.1	92.823	209	13	2	1	208	1357	1150	7.89e-82	302
1f25ba2f-9b5f-48e3-9601-ece95d473a54	NR_043292.1	92.823	209	13	2	1	208	1308	1101	7.89e-82	302
1f25ba2f-9b5f-48e3-9601-ece95d473a54	NR_113112.1	91.866	209	15	2	1	208	1358	1151	1.71e-78	291
1f25ba2f-9b5f-48e3-9601-ece95d473a54	NR_113320.1	91.866	209	15	2	1	208	1359	1152	1.71e-78	291
1f25ba2f-9b5f-48e3-9601-ece95d473a54	NR_041908.1	91.866	209	15	2	1	208	1338	1131	1.71e-78	291
6aaa455b-488a-42e1-9fa1-c364d0f59e51	NR_040859.1	100.000	90	0	0	1	90	1468	1379	1.10e-41	167
6aaa455b-488a-42e1-9fa1-c364d0f59e51	NR_028806.1	100.000	90	0	0	1	90	1475	1386	1.10e-41	167
6aaa455b-488a-42e1-9fa1-c364d0f59e51	NR_040992.1	100.000	90	0	0	1	90	1476	1387	1.10e-41	167
6aaa455b-488a-42e1-9fa1-c364d0f59e51	NR_025881.1	100.000	90	0	0	1	90	1474	1385	1.10e-41	167
6aaa455b-488a-42e1-9fa1-c364d0f59e51	NR_026395.1	100.000	90	0	0	1	90	1476	1387	1.10e-41	167
7881fe12-1306-4b15-9488-8334ca7ff729	NR_040859.1	98.413	189	1	2	13	200	1293	1480	9.69e-91	331
7881fe12-1306-4b15-9488-8334ca7ff729	NR_040992.1	98.413	189	1	2	13	200	1301	1488	9.69e-91	331
7881fe12-1306-4b15-9488-8334ca7ff729	NR_025881.1	98.413	189	1	2	13	200	1299	1486	9.69e-91	331
7881fe12-1306-4b15-9488-8334ca7ff729	NR_026395.1	98.413	189	1	2	13	200	1301	1488	9.69e-91	331
7881fe12-1306-4b15-9488-8334ca7ff729	NR_024662.1	98.413	189	1	2	13	200	1301	1488	9.69e-91	331
7637563f-e2fe-4092-99c7-c240fb7dad90	NR_025892.1	94.330	194	5	5	1	188	212	19	4.26e-79	292
7637563f-e2fe-4092-99c7-c240fb7dad90	NR_117694.1	93.548	186	6	6	1	180	186	1	5.55e-73	272
7637563f-e2fe-4092-99c7-c240fb7dad90	NR_104830.1	90.816	196	11	6	1	189	201	6	5.59e-68	255
7637563f-e2fe-4092-99c7-c240fb7dad90	NR_117717.1	91.489	188	10	5	7	188	201	14	2.01e-67	254
7637563f-e2fe-4092-99c7-c240fb7dad90	NR_121688.1	91.489	188	10	5	7	188	200	13	2.01e-67	254
0d636d69-0c35-4742-96b1-da82a69a9462	NR_029042.2	94.086	186	2	7	1	181	585	766	1.53e-73	274
0d636d69-0c35-4742-96b1-da82a69a9462	NR_178342.1	94.086	186	2	7	1	181	565	746	1.53e-73	274
0d636d69-0c35-4742-96b1-da82a69a9462	NR_178482.1	94.086	186	2	7	1	181	555	736	1.53e-73	274
0d636d69-0c35-4742-96b1-da82a69a9462	NR_179482.1	94.086	186	2	7	1	181	468	649	1.53e-73	274
0d636d69-0c35-4742-96b1-da82a69a9462	NR_199515.1	94.086	186	2	7	1	181	594	775	1.53e-73	274
3d4ac707-ece4-4a0e-abfe-82e461cf95f2	NR_041880.1	100.000	114	0	0	1	114	1225	1338	7.55e-55	211
3d4ac707-ece4-4a0e-abfe-82e461cf95f2	NR_025762.1	100.000	114	0	0	1	114	1247	1360	7.55e-55	211
3d4ac707-ece4-4a0e-abfe-82e461cf95f2	NR_041879.1	100.000	114	0	0	1	114	1227	1340	7.55e-55	211
3d4ac707-ece4-4a0e-abfe-82e461cf95f2	NR_043332.1	100.000	114	0	0	1	114	1269	1382	7.55e-55	211
3d4ac707-ece4-4a0e-abfe-82e461cf95f2	NR_074980.1	100.000	114	0	0	1	114	1296	1409	7.55e-55	211
8c545809-18d4-4385-8bea-c94624d33c5f	NR_040859.1	97.740	177	2	2	1	177	1301	1475	1.87e-82	303
8c545809-18d4-4385-8bea-c94624d33c5f	NR_040992.1	97.740	177	2	2	1	177	1309	1483	1.87e-82	303
8c545809-18d4-4385-8bea-c94624d33c5f	NR_025881.1	97.740	177	2	2	1	177	1307	1481	1.87e-82	303
8c545809-18d4-4385-8bea-c94624d33c5f	NR_026395.1	97.740	177	2	2	1	177	1309	1483	1.87e-82	303
8c545809-18d4-4385-8bea-c94624d33c5f	NR_024662.1	97.740	177	2	2	1	177	1309	1483	1.87e-82	303
609f6930-3f81-49b2-801b-3fb37a05ddcc	NR_164626.1	93.361	241	9	6	1	238	237	1	3.24e-96	350
609f6930-3f81-49b2-801b-3fb37a05ddcc	NR_170438.1	93.333	240	9	6	1	237	236	1	1.17e-95	348
609f6930-3f81-49b2-801b-3fb37a05ddcc	NR_024912.1	93.305	239	9	6	1	236	240	6	4.20e-95	346
609f6930-3f81-49b2-801b-3fb37a05ddcc	NR_025586.1	93.305	239	9	6	1	236	235	1	4.20e-95	346
609f6930-3f81-49b2-801b-3fb37a05ddcc	NR_025587.1	93.305	239	9	6	1	236	235	1	4.20e-95	346
2343ffab-fe07-4fa6-934c-1f6880a359ca	NR_199545.1	91.720	157	8	5	1	154	180	26	2.69e-55	213
2343ffab-fe07-4fa6-934c-1f6880a359ca	NR_042928.1	91.083	157	9	5	1	154	160	6	1.25e-53	207
2343ffab-fe07-4fa6-934c-1f6880a359ca	NR_179385.1	91.083	157	9	5	1	154	184	30	1.25e-53	207
2343ffab-fe07-4fa6-934c-1f6880a359ca	NR_165741.1	90.446	157	10	5	1	154	169	15	5.83e-52	202
2343ffab-fe07-4fa6-934c-1f6880a359ca	NR_179383.1	90.446	157	10	5	1	154	187	33	5.83e-52	202
f14566b0-7ffd-4f01-8847-e5f2fb77eb26	NR_041879.1	98.291	117	2	0	1	117	331	447	3.89e-53	206
f14566b0-7ffd-4f01-8847-e5f2fb77eb26	NR_113570.1	98.291	117	2	0	1	117	381	497	3.89e-53	206
f14566b0-7ffd-4f01-8847-e5f2fb77eb26	NR_115355.1	98.291	117	2	0	1	117	374	490	3.89e-53	206
f14566b0-7ffd-4f01-8847-e5f2fb77eb26	NR_044091.1	98.291	117	2	0	1	117	288	404	3.89e-53	206
f14566b0-7ffd-4f01-8847-e5f2fb77eb26	NR_179325.1	98.291	117	2	0	1	117	348	464	3.89e-53	206
bb0c30ec-8e52-48da-b251-c8f4d5e4c36d	NR_042764.1	94.907	216	5	5	2	214	1223	1435	2.95e-91	333
bb0c30ec-8e52-48da-b251-c8f4d5e4c36d	NR_040859.1	94.444	216	6	5	2	214	1263	1475	1.37e-89	327
bb0c30ec-8e52-48da-b251-c8f4d5e4c36d	NR_040992.1	94.444	216	6	5	2	214	1271	1483	1.37e-89	327
bb0c30ec-8e52-48da-b251-c8f4d5e4c36d	NR_025881.1	94.444	216	6	5	2	214	1269	1481	1.37e-89	327
bb0c30ec-8e52-48da-b251-c8f4d5e4c36d	NR_024662.1	94.444	216	6	5	2	214	1271	1483	1.37e-89	327
072ec10f-704e-4350-a340-b15ad884af73	NR_025892.1	96.528	144	2	2	1	144	159	19	5.40e-62	235
072ec10f-704e-4350-a340-b15ad884af73	NR_117694.1	97.059	136	1	2	1	136	133	1	3.25e-59	226
072ec10f-704e-4350-a340-b15ad884af73	NR_117717.1	95.139	144	4	2	1	144	154	14	1.17e-58	224
072ec10f-704e-4350-a340-b15ad884af73	NR_121687.1	97.015	134	3	1	11	144	145	13	1.17e-58	224
072ec10f-704e-4350-a340-b15ad884af73	NR_121688.1	95.139	144	4	2	1	144	153	13	1.17e-58	224
3ae8b383-e81c-4c90-9275-fd517b383794	NR_040859.1	100.000	189	0	0	25	213	1287	1475	2.90e-96	350
3ae8b383-e81c-4c90-9275-fd517b383794	NR_040992.1	100.000	189	0	0	25	213	1295	1483	2.90e-96	350
3ae8b383-e81c-4c90-9275-fd517b383794	NR_025881.1	100.000	189	0	0	25	213	1293	1481	2.90e-96	350
3ae8b383-e81c-4c90-9275-fd517b383794	NR_026395.1	100.000	189	0	0	25	213	1295	1483	2.90e-96	350
3ae8b383-e81c-4c90-9275-fd517b383794	NR_024662.1	100.000	189	0	0	25	213	1295	1483	2.90e-96	350
07410f09-3775-4fe0-9843-03b05b9bfa47	NR_125570.1	96.864	287	5	3	1	284	1110	1395	1.77e-134	477
07410f09-3775-4fe0-9843-03b05b9bfa47	NR_125571.1	96.154	286	8	2	1	284	1152	1436	1.38e-130	464
07410f09-3775-4fe0-9843-03b05b9bfa47	NR_029097.1	96.735	245	7	1	1	245	1128	1371	2.35e-113	407
07410f09-3775-4fe0-9843-03b05b9bfa47	NR_104899.1	90.301	299	19	6	1	291	1166	1462	3.97e-106	383
07410f09-3775-4fe0-9843-03b05b9bfa47	NR_042007.1	94.561	239	12	1	1	239	1183	1420	1.11e-101	368
b391de9b-b341-43f0-b025-6d9a6561f54f	NR_043332.1	98.889	90	1	0	3	92	1396	1485	5.29e-40	161
b391de9b-b341-43f0-b025-6d9a6561f54f	NR_074980.1	98.889	90	1	0	3	92	1423	1512	5.29e-40	161
b391de9b-b341-43f0-b025-6d9a6561f54f	NR_113031.1	98.889	90	1	0	3	92	1423	1512	5.29e-40	161
b391de9b-b341-43f0-b025-6d9a6561f54f	NR_115354.1	98.889	90	1	0	3	92	1396	1485	5.29e-40	161
b391de9b-b341-43f0-b025-6d9a6561f54f	NR_115355.1	98.889	90	1	0	3	92	1396	1485	5.29e-40	161
4e8197fd-f767-4c9d-b9e9-6c0ff9d3d504	NR_026419.1	92.517	147	7	1	1	143	1338	1484	1.18e-53	207
4e8197fd-f767-4c9d-b9e9-6c0ff9d3d504	NR_025904.1	91.837	147	7	4	1	143	1349	1494	1.97e-51	200
4e8197fd-f767-4c9d-b9e9-6c0ff9d3d504	NR_025903.1	91.837	147	7	4	1	143	1350	1495	1.97e-51	200
4e8197fd-f767-4c9d-b9e9-6c0ff9d3d504	NR_026420.1	89.726	146	12	1	1	143	1337	1482	1.98e-46	183
4e8197fd-f767-4c9d-b9e9-6c0ff9d3d504	NR_179572.1	89.726	146	12	1	1	143	1357	1502	1.98e-46	183
b8408278-74c1-40e0-bf3c-3ef0ad67f1d3	NR_043314.1	93.388	242	6	6	1	232	1272	1031	3.32e-96	350
b8408278-74c1-40e0-bf3c-3ef0ad67f1d3	NR_116905.1	93.388	242	6	6	1	232	1275	1034	3.32e-96	350
b8408278-74c1-40e0-bf3c-3ef0ad67f1d3	NR_114749.1	93.388	242	6	6	1	232	1274	1033	3.32e-96	350
b8408278-74c1-40e0-bf3c-3ef0ad67f1d3	NR_116899.1	93.388	242	6	6	1	232	1241	1000	3.32e-96	350
b8408278-74c1-40e0-bf3c-3ef0ad67f1d3	NR_118125.1	93.388	242	6	6	1	232	1261	1020	3.32e-96	350
0c1f71bf-c54c-4f58-84d3-30d389dcc59f	NR_024901.1	97.692	130	3	0	19	148	143	14	1.25e-58	224
0c1f71bf-c54c-4f58-84d3-30d389dcc59f	NR_024911.1	97.692	130	3	0	19	148	143	14	1.25e-58	224
0c1f71bf-c54c-4f58-84d3-30d389dcc59f	NR_024912.1	97.692	130	3	0	19	148	143	14	1.25e-58	224
0c1f71bf-c54c-4f58-84d3-30d389dcc59f	NR_024928.1	97.692	130	3	0	19	148	143	14	1.25e-58	224
0c1f71bf-c54c-4f58-84d3-30d389dcc59f	NR_025164.1	97.692	130	3	0	19	148	130	1	1.25e-58	224
9c2a961e-f625-4532-b461-ec388c9cc8c6	NR_040859.1	98.710	155	2	0	1	155	1321	1475	3.57e-74	276
9c2a961e-f625-4532-b461-ec388c9cc8c6	NR_040992.1	98.710	155	2	0	1	155	1329	1483	3.57e-74	276
9c2a961e-f625-4532-b461-ec388c9cc8c6	NR_025881.1	98.710	155	2	0	1	155	1327	1481	3.57e-74	276
9c2a961e-f625-4532-b461-ec388c9cc8c6	NR_026395.1	98.710	155	2	0	1	155	1329	1483	3.57e-74	276
9c2a961e-f625-4532-b461-ec388c9cc8c6	NR_024662.1	98.710	155	2	0	1	155	1329	1483	3.57e-74	276
2f8765d4-b37f-404a-8030-cd7b33ec681e	NR_041715.1	85.106	141	11	9	18	152	1135	1271	7.28e-32	135
2f8765d4-b37f-404a-8030-cd7b33ec681e	NR_024704.1	85.106	141	11	9	18	152	1135	1271	7.28e-32	135
2f8765d4-b37f-404a-8030-cd7b33ec681e	NR_024946.1	85.106	141	11	9	18	152	1135	1271	7.28e-32	135
2f8765d4-b37f-404a-8030-cd7b33ec681e	NR_036909.1	85.106	141	11	9	18	152	1145	1281	7.28e-32	135
2f8765d4-b37f-404a-8030-cd7b33ec681e	NR_043314.1	85.106	141	11	9	18	152	1145	1281	7.28e-32	135
89f50ba9-c1d4-4c16-b62e-3c3c15fa351b	NR_024901.1	93.243	148	7	3	1	145	161	14	7.26e-56	215
89f50ba9-c1d4-4c16-b62e-3c3c15fa351b	NR_024912.1	93.243	148	7	3	1	145	161	14	7.26e-56	215
89f50ba9-c1d4-4c16-b62e-3c3c15fa351b	NR_024928.1	93.243	148	7	3	1	145	161	14	7.26e-56	215
89f50ba9-c1d4-4c16-b62e-3c3c15fa351b	NR_025164.1	93.243	148	7	3	1	145	148	1	7.26e-56	215
89f50ba9-c1d4-4c16-b62e-3c3c15fa351b	NR_025586.1	93.243	148	7	3	1	145	156	9	7.26e-56	215
7830d018-f2f2-4ca4-94a2-c0d6ce858b3f	NR_041989.1	100.000	181	0	0	1	181	1152	972	6.65e-92	335
7830d018-f2f2-4ca4-94a2-c0d6ce858b3f	NR_117694.1	100.000	181	0	0	1	181	1194	1014	6.65e-92	335
7830d018-f2f2-4ca4-94a2-c0d6ce858b3f	NR_156926.1	100.000	181	0	0	1	181	1162	982	6.65e-92	335
7830d018-f2f2-4ca4-94a2-c0d6ce858b3f	NR_025892.1	99.448	181	1	0	1	181	1219	1039	8.60e-91	331
7830d018-f2f2-4ca4-94a2-c0d6ce858b3f	NR_028843.1	99.448	181	1	0	1	181	1196	1016	3.09e-90	329
2b6d8fe6-ac6f-43d7-9849-b5526aa1bd21	NR_117694.1	95.769	520	12	8	1	513	521	5	0.0	830
2b6d8fe6-ac6f-43d7-9849-b5526aa1bd21	NR_025892.1	93.846	520	22	8	1	513	547	31	0.0	791
2b6d8fe6-ac6f-43d7-9849-b5526aa1bd21	NR_121687.1	93.666	521	21	10	1	513	541	25	0.0	769
2b6d8fe6-ac6f-43d7-9849-b5526aa1bd21	NR_117692.1	93.077	520	26	8	1	513	521	5	0.0	752
2b6d8fe6-ac6f-43d7-9849-b5526aa1bd21	NR_025902.1	93.214	501	25	7	1	494	499	1	0.0	728
4855ff2f-4519-40c4-b2d7-41a74325823e	NR_109720.1	94.267	907	25	21	5	895	1105	210	0.0	1362
4855ff2f-4519-40c4-b2d7-41a74325823e	NR_115735.1	94.260	906	27	20	5	895	1102	207	0.0	1362
4855ff2f-4519-40c4-b2d7-41a74325823e	NR_116211.1	94.260	906	27	20	5	895	1034	139	0.0	1362
4855ff2f-4519-40c4-b2d7-41a74325823e	NR_036936.1	94.157	907	26	21	5	895	1111	216	0.0	1356
4855ff2f-4519-40c4-b2d7-41a74325823e	NR_024842.1	94.040	906	29	20	5	895	1126	231	0.0	1354
a9571f1e-cdeb-4899-989b-c30b92809161	NR_024912.1	95.248	505	14	8	1	503	510	14	0.0	791
a9571f1e-cdeb-4899-989b-c30b92809161	NR_042147.1	95.248	505	14	8	1	503	497	1	0.0	791
a9571f1e-cdeb-4899-989b-c30b92809161	NR_156986.1	95.248	505	14	8	1	503	505	9	0.0	791
a9571f1e-cdeb-4899-989b-c30b92809161	NR_178976.1	95.238	504	14	8	1	502	496	1	0.0	789
a9571f1e-cdeb-4899-989b-c30b92809161	NR_179365.1	96.473	482	9	6	1	482	476	3	0.0	789
4f530f0d-8819-4690-96f3-239324aab041	NR_117694.1	94.872	390	10	8	1	387	397	15	1.80e-171	601
4f530f0d-8819-4690-96f3-239324aab041	NR_025892.1	93.077	390	17	8	1	387	423	41	1.41e-162	571
4f530f0d-8819-4690-96f3-239324aab041	NR_117692.1	93.077	390	17	8	1	387	397	15	8.48e-160	562
4f530f0d-8819-4690-96f3-239324aab041	NR_117717.1	92.564	390	19	8	1	387	418	36	1.84e-156	551
4f530f0d-8819-4690-96f3-239324aab041	NR_121687.1	92.583	391	17	10	1	387	417	35	1.84e-156	551
396642d0-242d-4166-8666-d7ff97121882	NR_116168.1	93.236	547	20	15	1	536	449	989	0.0	789
396642d0-242d-4166-8666-d7ff97121882	NR_042878.1	93.053	547	21	15	1	536	428	968	0.0	785
396642d0-242d-4166-8666-d7ff97121882	NR_118143.1	92.870	547	22	15	1	536	430	970	0.0	780
396642d0-242d-4166-8666-d7ff97121882	NR_118762.1	91.408	547	29	16	1	536	452	991	0.0	750
396642d0-242d-4166-8666-d7ff97121882	NR_025423.1	91.606	548	27	17	1	536	433	973	0.0	739
e1dc3198-9492-4242-b1f1-faba8e02d151	NR_117694.1	95.218	481	12	11	1	472	479	1	0.0	750
e1dc3198-9492-4242-b1f1-faba8e02d151	NR_025892.1	93.890	491	19	11	1	482	505	17	0.0	739
e1dc3198-9492-4242-b1f1-faba8e02d151	NR_121687.1	93.089	492	21	12	1	482	499	11	0.0	708
e1dc3198-9492-4242-b1f1-faba8e02d151	NR_117692.1	92.723	481	24	10	1	472	479	1	0.0	684
e1dc3198-9492-4242-b1f1-faba8e02d151	NR_026079.2	91.870	492	27	13	1	482	506	18	0.0	675
6a6772a9-1188-4682-a4f4-a461f437be9e	NR_024912.1	98.712	621	4	3	1	617	626	6	0.0	1099
6a6772a9-1188-4682-a4f4-a461f437be9e	NR_156986.1	98.712	621	4	3	1	617	621	1	0.0	1099
6a6772a9-1188-4682-a4f4-a461f437be9e	NR_024901.1	98.551	621	5	3	1	617	626	6	0.0	1094
6a6772a9-1188-4682-a4f4-a461f437be9e	NR_024928.1	98.551	621	5	3	1	617	626	6	0.0	1094
6a6772a9-1188-4682-a4f4-a461f437be9e	NR_156987.1	98.551	621	5	3	1	617	621	1	0.0	1094
6a709ff4-dc50-4d4a-9af3-f331749d0298	NR_041989.1	98.521	338	2	3	4	338	641	978	1.97e-169	593
6a709ff4-dc50-4d4a-9af3-f331749d0298	NR_117694.1	98.225	338	3	3	4	338	683	1020	9.18e-168	588
6a709ff4-dc50-4d4a-9af3-f331749d0298	NR_178369.1	98.225	338	3	3	4	338	654	991	9.18e-168	588
6a709ff4-dc50-4d4a-9af3-f331749d0298	NR_025892.1	97.929	338	4	3	4	338	708	1045	3.30e-167	586
6a709ff4-dc50-4d4a-9af3-f331749d0298	NR_028900.1	97.929	338	4	3	4	338	641	978	4.27e-166	582
f9610145-644a-48d6-a9b1-db89927088a6	NR_043314.1	94.979	478	18	5	1	473	1005	1481	0.0	745
f9610145-644a-48d6-a9b1-db89927088a6	NR_114749.1	94.979	478	18	5	1	473	1007	1483	0.0	745
f9610145-644a-48d6-a9b1-db89927088a6	NR_116899.1	94.979	478	18	5	1	473	974	1450	0.0	745
f9610145-644a-48d6-a9b1-db89927088a6	NR_178854.1	94.979	478	18	5	1	473	986	1462	0.0	745
f9610145-644a-48d6-a9b1-db89927088a6	NR_179889.1	94.979	478	18	5	1	473	1014	1490	0.0	745
03cb2c68-59f1-4853-a819-3a4e08832b5e	NR_117694.1	91.362	1204	59	35	1	1173	1204	15	0.0	1605
03cb2c68-59f1-4853-a819-3a4e08832b5e	NR_025892.1	90.199	1204	72	37	1	1173	1229	41	0.0	1552
03cb2c68-59f1-4853-a819-3a4e08832b5e	NR_121687.1	90.381	1206	67	40	1	1173	1224	35	0.0	1539
03cb2c68-59f1-4853-a819-3a4e08832b5e	NR_104946.1	89.780	1184	68	44	1	1149	1167	2	0.0	1467
03cb2c68-59f1-4853-a819-3a4e08832b5e	NR_041988.1	89.813	1178	71	40	1	1145	1162	1	0.0	1465
1b54d9bf-ec5e-4b8a-9521-9330281c7b3d	NR_041799.1	95.952	667	13	11	1	656	799	1462	0.0	1070
1b54d9bf-ec5e-4b8a-9521-9330281c7b3d	NR_114227.1	95.952	667	13	11	1	656	799	1462	0.0	1070
1b54d9bf-ec5e-4b8a-9521-9330281c7b3d	NR_116899.1	95.802	667	14	11	1	656	786	1449	0.0	1064
1b54d9bf-ec5e-4b8a-9521-9330281c7b3d	NR_178854.1	95.802	667	14	11	1	656	798	1461	0.0	1064
1b54d9bf-ec5e-4b8a-9521-9330281c7b3d	NR_179889.1	95.802	667	14	11	1	656	826	1489	0.0	1064
b1eec6e5-f34d-45f4-b8e9-c43613548889	NR_199513.1	95.572	1242	34	14	3	1227	1258	21	0.0	1969
b1eec6e5-f34d-45f4-b8e9-c43613548889	NR_156986.1	95.495	1243	33	16	3	1227	1239	2	0.0	1964
b1eec6e5-f34d-45f4-b8e9-c43613548889	NR_024928.1	95.414	1243	34	16	3	1227	1244	7	0.0	1958
b1eec6e5-f34d-45f4-b8e9-c43613548889	NR_156987.1	95.414	1243	34	16	3	1227	1239	2	0.0	1958
b1eec6e5-f34d-45f4-b8e9-c43613548889	NR_199514.1	95.414	1243	34	16	3	1227	1251	14	0.0	1958
303f1bd0-c64e-4f66-9874-8e840352c9f3	NR_156986.1	95.351	1269	36	21	3	1258	1260	2	0.0	1995
303f1bd0-c64e-4f66-9874-8e840352c9f3	NR_178976.1	95.964	1239	31	17	3	1232	1251	23	0.0	1993
303f1bd0-c64e-4f66-9874-8e840352c9f3	NR_024928.1	95.272	1269	37	21	3	1258	1265	7	0.0	1989
303f1bd0-c64e-4f66-9874-8e840352c9f3	NR_156987.1	95.272	1269	37	21	3	1258	1260	2	0.0	1989
303f1bd0-c64e-4f66-9874-8e840352c9f3	NR_199514.1	95.272	1269	37	21	3	1258	1272	14	0.0	1989
40ae8aa6-f9a5-435d-ac0a-06779eb24ed2	NR_169411.1	95.125	841	17	18	1	826	657	1488	0.0	1304
40ae8aa6-f9a5-435d-ac0a-06779eb24ed2	NR_179168.1	95.125	841	17	18	1	826	660	1491	0.0	1304
40ae8aa6-f9a5-435d-ac0a-06779eb24ed2	NR_118155.1	95.006	841	18	18	1	826	660	1491	0.0	1299
40ae8aa6-f9a5-435d-ac0a-06779eb24ed2	NR_027230.1	94.887	841	18	19	1	826	637	1467	0.0	1291
40ae8aa6-f9a5-435d-ac0a-06779eb24ed2	NR_036998.1	94.756	839	23	14	1	826	637	1467	0.0	1286
3fdaeece-5c22-41d6-963c-4d202f67ac61	NR_156986.1	97.220	1331	26	9	1	1323	1333	6	0.0	2242
3fdaeece-5c22-41d6-963c-4d202f67ac61	NR_156987.1	97.145	1331	27	9	1	1323	1333	6	0.0	2237
3fdaeece-5c22-41d6-963c-4d202f67ac61	NR_178976.1	97.212	1327	26	9	1	1319	1324	1	0.0	2237
3fdaeece-5c22-41d6-963c-4d202f67ac61	NR_199513.1	97.143	1330	29	7	1	1323	1352	25	0.0	2237
3fdaeece-5c22-41d6-963c-4d202f67ac61	NR_024928.1	97.070	1331	28	9	1	1323	1338	11	0.0	2233
0cdb958b-2ce9-4ae4-869f-80d86ccc0160	NR_041044.1	89.321	1002	81	22	49	1035	474	1464	0.0	1234
0cdb958b-2ce9-4ae4-869f-80d86ccc0160	NR_178637.1	89.176	1007	83	22	49	1040	448	1443	0.0	1232
0cdb958b-2ce9-4ae4-869f-80d86ccc0160	NR_178515.1	89.783	969	79	17	5	962	440	1399	0.0	1223
0cdb958b-2ce9-4ae4-869f-80d86ccc0160	NR_180875.1	89.318	983	85	17	7	978	421	1394	0.0	1223
0cdb958b-2ce9-4ae4-869f-80d86ccc0160	NR_024842.1	87.989	1049	102	21	5	1040	455	1492	0.0	1219
322ddfc6-3845-49a8-977f-061429f72857	NR_042199.1	82.904	1281	156	51	28	1271	212	1466	0.0	1094
322ddfc6-3845-49a8-977f-061429f72857	NR_041799.1	82.826	1281	157	51	28	1271	212	1466	0.0	1088
322ddfc6-3845-49a8-977f-061429f72857	NR_117823.1	82.826	1281	157	51	28	1271	184	1438	0.0	1088
322ddfc6-3845-49a8-977f-061429f72857	NR_025164.1	82.748	1281	158	51	28	1271	212	1466	0.0	1083
322ddfc6-3845-49a8-977f-061429f72857	NR_028986.1	82.721	1279	162	49	28	1271	212	1466	0.0	1083
f2621f78-35c8-45dc-8ba0-2a51d478b790	NR_024912.1	97.461	512	5	8	14	519	515	6	0.0	867
f2621f78-35c8-45dc-8ba0-2a51d478b790	NR_156986.1	97.461	512	5	8	14	519	510	1	0.0	867
f2621f78-35c8-45dc-8ba0-2a51d478b790	NR_037092.1	97.456	511	6	7	14	519	519	11	0.0	865
f2621f78-35c8-45dc-8ba0-2a51d478b790	NR_042147.1	97.813	503	5	6	14	511	502	1	0.0	863
f2621f78-35c8-45dc-8ba0-2a51d478b790	NR_024901.1	97.266	512	6	8	14	519	515	6	0.0	861
9fc3287e-3d51-4d8a-954a-442e90d2867c	NR_026079.2	91.250	880	42	28	11	861	621	1494	0.0	1166
9fc3287e-3d51-4d8a-954a-442e90d2867c	NR_040933.1	90.806	881	44	30	11	861	616	1489	0.0	1144
9fc3287e-3d51-4d8a-954a-442e90d2867c	NR_114040.1	90.682	880	44	31	11	860	595	1466	0.0	1136
9fc3287e-3d51-4d8a-954a-442e90d2867c	NR_157664.1	89.886	880	54	27	11	861	614	1487	0.0	1099
9fc3287e-3d51-4d8a-954a-442e90d2867c	NR_025144.1	89.498	876	57	27	11	857	596	1465	0.0	1075
3df877ef-0cee-41b9-af98-91b9e8d44ea5	NR_043314.1	95.858	338	8	5	19	351	1145	1481	7.64e-154	542
3df877ef-0cee-41b9-af98-91b9e8d44ea5	NR_114749.1	95.858	338	8	5	19	351	1147	1483	7.64e-154	542
3df877ef-0cee-41b9-af98-91b9e8d44ea5	NR_116899.1	95.858	338	8	5	19	351	1114	1450	7.64e-154	542
3df877ef-0cee-41b9-af98-91b9e8d44ea5	NR_178854.1	95.858	338	8	5	19	351	1126	1462	7.64e-154	542
3df877ef-0cee-41b9-af98-91b9e8d44ea5	NR_179889.1	95.858	338	8	5	19	351	1154	1490	7.64e-154	542
3170a710-d533-4642-9f1a-09bb7d3d7d2d	NR_028665.1	95.567	564	13	8	1	556	934	1493	0.0	893
3170a710-d533-4642-9f1a-09bb7d3d7d2d	NR_179385.1	95.567	564	13	8	1	556	941	1500	0.0	893
3170a710-d533-4642-9f1a-09bb7d3d7d2d	NR_199545.1	95.567	564	13	8	1	556	937	1496	0.0	893
3170a710-d533-4642-9f1a-09bb7d3d7d2d	NR_115736.1	95.871	557	11	8	1	549	866	1418	0.0	891
3170a710-d533-4642-9f1a-09bb7d3d7d2d	NR_113260.1	95.863	556	11	8	1	548	919	1470	0.0	889
a96380f8-528b-4de6-b4b1-c06225d8b4d8	NR_024912.1	94.258	627	21	14	1	621	631	14	0.0	944
a96380f8-528b-4de6-b4b1-c06225d8b4d8	NR_042147.1	94.258	627	21	14	1	621	618	1	0.0	944
a96380f8-528b-4de6-b4b1-c06225d8b4d8	NR_156986.1	94.258	627	21	14	1	621	626	9	0.0	944
a96380f8-528b-4de6-b4b1-c06225d8b4d8	NR_178976.1	94.249	626	21	14	1	620	617	1	0.0	942
a96380f8-528b-4de6-b4b1-c06225d8b4d8	NR_113600.1	94.099	627	22	14	1	621	618	1	0.0	941
3dfb4bd7-dd9c-4d88-b775-d86ac59a2ceb	NR_156986.1	93.187	1365	49	35	1	1336	1351	2	0.0	1965
3dfb4bd7-dd9c-4d88-b775-d86ac59a2ceb	NR_156987.1	93.114	1365	50	35	1	1336	1351	2	0.0	1960
3dfb4bd7-dd9c-4d88-b775-d86ac59a2ceb	NR_113600.1	93.152	1358	49	35	1	1329	1343	1	0.0	1954
3dfb4bd7-dd9c-4d88-b775-d86ac59a2ceb	NR_114225.1	93.078	1358	50	35	1	1329	1343	1	0.0	1949
3dfb4bd7-dd9c-4d88-b775-d86ac59a2ceb	NR_178976.1	93.073	1357	50	35	1	1328	1342	1	0.0	1947
8f655472-d149-4b1f-8401-0e2c1ee9a3b4	NR_042147.1	95.314	1387	36	21	1	1366	89	1467	0.0	2174
8f655472-d149-4b1f-8401-0e2c1ee9a3b4	NR_024912.1	95.242	1387	37	21	1	1366	102	1480	0.0	2169
8f655472-d149-4b1f-8401-0e2c1ee9a3b4	NR_199513.1	95.238	1386	39	19	1	1366	116	1494	0.0	2169
8f655472-d149-4b1f-8401-0e2c1ee9a3b4	NR_113600.1	95.297	1382	36	21	1	1361	89	1462	0.0	2167
8f655472-d149-4b1f-8401-0e2c1ee9a3b4	NR_114225.1	95.224	1382	37	21	1	1361	89	1462	0.0	2161
a0202277-5698-4991-9195-13f2f8321556	NR_043314.1	90.756	357	20	11	16	366	1137	1486	1.77e-130	464
a0202277-5698-4991-9195-13f2f8321556	NR_114749.1	90.756	357	20	11	16	366	1139	1488	1.77e-130	464
a0202277-5698-4991-9195-13f2f8321556	NR_116899.1	90.756	357	20	11	16	366	1106	1455	1.77e-130	464
a0202277-5698-4991-9195-13f2f8321556	NR_178854.1	90.756	357	20	11	16	366	1118	1467	1.77e-130	464
a0202277-5698-4991-9195-13f2f8321556	NR_179889.1	90.756	357	20	11	16	366	1146	1495	1.77e-130	464
967614c1-ab30-40fb-954c-64bae68bf740	NR_156986.1	95.000	700	15	18	4	688	696	2	0.0	1081
967614c1-ab30-40fb-954c-64bae68bf740	NR_024901.1	94.857	700	16	18	4	688	701	7	0.0	1075
967614c1-ab30-40fb-954c-64bae68bf740	NR_024912.1	94.857	700	16	18	4	688	701	7	0.0	1075
967614c1-ab30-40fb-954c-64bae68bf740	NR_024928.1	94.857	700	16	18	4	688	701	7	0.0	1075
967614c1-ab30-40fb-954c-64bae68bf740	NR_156987.1	94.857	700	16	18	4	688	696	2	0.0	1075
795d6e79-d2cd-4536-baa2-ecdcb5d21c5a	NR_125571.1	96.154	364	7	5	1	358	363	1	8.02e-169	592
795d6e79-d2cd-4536-baa2-ecdcb5d21c5a	NR_125570.1	95.963	322	6	5	1	316	321	1	4.97e-146	516
795d6e79-d2cd-4536-baa2-ecdcb5d21c5a	NR_029097.1	93.529	340	15	5	1	334	339	1	5.00e-141	499
795d6e79-d2cd-4536-baa2-ecdcb5d21c5a	NR_028740.1	84.238	387	45	14	1	377	387	7	6.85e-100	363
795d6e79-d2cd-4536-baa2-ecdcb5d21c5a	NR_151895.1	83.548	389	48	13	1	378	384	1	5.33e-96	350
32d6280f-c135-4247-87d3-c39a8d1b2d23	NR_028664.1	90.289	1421	78	52	12	1396	100	1496	0.0	1805
32d6280f-c135-4247-87d3-c39a8d1b2d23	NR_042927.1	90.332	1417	77	52	12	1392	79	1471	0.0	1803
32d6280f-c135-4247-87d3-c39a8d1b2d23	NR_115734.1	90.332	1417	77	52	12	1392	80	1472	0.0	1803
32d6280f-c135-4247-87d3-c39a8d1b2d23	NR_179385.1	90.282	1420	79	51	12	1396	101	1496	0.0	1803
32d6280f-c135-4247-87d3-c39a8d1b2d23	NR_199545.1	90.282	1420	79	51	12	1396	97	1492	0.0	1803
919abb13-a656-47a4-8bd4-6daa3c1d08ed	NR_117694.1	97.568	987	12	11	37	1017	487	1467	0.0	1679
919abb13-a656-47a4-8bd4-6daa3c1d08ed	NR_121687.1	97.163	987	16	11	37	1017	507	1487	0.0	1657
919abb13-a656-47a4-8bd4-6daa3c1d08ed	NR_117692.1	97.062	987	17	11	37	1017	487	1467	0.0	1652
919abb13-a656-47a4-8bd4-6daa3c1d08ed	NR_025902.1	96.859	987	19	11	37	1017	465	1445	0.0	1640
919abb13-a656-47a4-8bd4-6daa3c1d08ed	NR_117696.1	96.859	987	19	11	37	1017	474	1454	0.0	1640
0ee37c2b-8ca0-4e60-9446-38769a2cebc3	NR_199545.1	96.360	989	24	11	15	996	997	14	0.0	1616
0ee37c2b-8ca0-4e60-9446-38769a2cebc3	NR_179385.1	96.259	989	25	11	15	996	1001	18	0.0	1611
0ee37c2b-8ca0-4e60-9446-38769a2cebc3	NR_028664.1	96.061	990	25	12	15	996	1000	17	0.0	1600
0ee37c2b-8ca0-4e60-9446-38769a2cebc3	NR_179383.1	96.057	989	27	11	15	996	1004	21	0.0	1600
0ee37c2b-8ca0-4e60-9446-38769a2cebc3	NR_165741.1	95.854	989	29	11	15	996	986	3	0.0	1589
a08cbdd0-798d-479a-81cc-edbc6692ec2a	NR_181875.1	93.254	252	10	6	12	257	727	477	1.27e-100	364
a08cbdd0-798d-479a-81cc-edbc6692ec2a	NR_024951.1	92.857	252	11	6	12	257	732	482	5.89e-99	359
a08cbdd0-798d-479a-81cc-edbc6692ec2a	NR_029042.2	92.857	252	11	6	12	257	736	486	5.89e-99	359
a08cbdd0-798d-479a-81cc-edbc6692ec2a	NR_178342.1	92.857	252	11	6	12	257	716	466	5.89e-99	359
a08cbdd0-798d-479a-81cc-edbc6692ec2a	NR_178482.1	92.857	252	11	6	12	257	706	456	5.89e-99	359
6bbbd67b-882e-4645-a559-63291df79753	NR_121687.1	89.740	653	28	30	1	625	846	1487	0.0	798
6bbbd67b-882e-4645-a559-63291df79753	NR_117694.1	89.587	653	29	29	1	625	826	1467	0.0	793
6bbbd67b-882e-4645-a559-63291df79753	NR_041989.1	92.679	560	21	19	1	551	784	1332	0.0	789
6bbbd67b-882e-4645-a559-63291df79753	NR_159079.1	89.433	653	30	29	1	625	822	1463	0.0	787
6bbbd67b-882e-4645-a559-63291df79753	NR_178369.1	92.500	560	22	19	1	551	797	1345	0.0	784
c474be2e-e0d3-42d7-972c-9e6e91c12a73	NR_180078.1	92.288	389	16	10	1	383	1144	764	3.00e-153	540
c474be2e-e0d3-42d7-972c-9e6e91c12a73	NR_118155.1	92.031	389	17	10	1	383	1147	767	1.39e-151	534
c474be2e-e0d3-42d7-972c-9e6e91c12a73	NR_169411.1	92.031	389	17	10	1	383	1144	764	1.39e-151	534
c474be2e-e0d3-42d7-972c-9e6e91c12a73	NR_178340.1	92.031	389	17	10	1	383	792	412	1.39e-151	534
c474be2e-e0d3-42d7-972c-9e6e91c12a73	NR_179168.1	92.031	389	17	10	1	383	1147	767	1.39e-151	534
eb33990e-ac22-4e62-b15b-2bc00cc029b6	NR_024918.1	90.263	760	41	26	1	741	736	1481	0.0	963
eb33990e-ac22-4e62-b15b-2bc00cc029b6	NR_042147.1	90.263	760	41	26	1	741	723	1468	0.0	963
eb33990e-ac22-4e62-b15b-2bc00cc029b6	NR_116899.1	90.263	760	41	26	1	741	710	1455	0.0	963
eb33990e-ac22-4e62-b15b-2bc00cc029b6	NR_164626.1	90.263	760	41	26	1	741	733	1478	0.0	963
eb33990e-ac22-4e62-b15b-2bc00cc029b6	NR_178854.1	90.263	760	41	26	1	741	722	1467	0.0	963
c211b36a-d908-4f45-b28d-2d9177ed9f6d	NR_179889.1	95.694	1045	30	11	1	1036	457	1495	0.0	1666
c211b36a-d908-4f45-b28d-2d9177ed9f6d	NR_041953.1	95.598	1045	31	12	1	1036	430	1468	0.0	1661
c211b36a-d908-4f45-b28d-2d9177ed9f6d	NR_042541.1	95.598	1045	31	12	1	1036	430	1468	0.0	1661
c211b36a-d908-4f45-b28d-2d9177ed9f6d	NR_178854.1	95.598	1045	30	12	1	1036	430	1467	0.0	1661
c211b36a-d908-4f45-b28d-2d9177ed9f6d	NR_024918.1	95.502	1045	32	12	1	1036	443	1481	0.0	1659
4719b4da-166d-4c15-be79-a00a2131815b	NR_156986.1	96.499	714	12	12	4	710	713	6	0.0	1168
4719b4da-166d-4c15-be79-a00a2131815b	NR_024901.1	96.359	714	13	12	4	710	718	11	0.0	1162
4719b4da-166d-4c15-be79-a00a2131815b	NR_024912.1	96.359	714	13	12	4	710	718	11	0.0	1162
4719b4da-166d-4c15-be79-a00a2131815b	NR_024928.1	96.359	714	13	12	4	710	718	11	0.0	1162
4719b4da-166d-4c15-be79-a00a2131815b	NR_156987.1	96.359	714	13	12	4	710	713	6	0.0	1162
3dc5f910-ef18-4a68-a290-4e661b3c81a7	NR_179168.1	94.359	585	14	11	1	569	1390	809	0.0	880
3dc5f910-ef18-4a68-a290-4e661b3c81a7	NR_180737.1	94.359	585	14	11	1	569	1368	787	0.0	880
3dc5f910-ef18-4a68-a290-4e661b3c81a7	NR_181265.1	94.359	585	14	11	1	569	1394	813	0.0	880
3dc5f910-ef18-4a68-a290-4e661b3c81a7	NR_169411.1	94.188	585	15	11	1	569	1387	806	0.0	874
3dc5f910-ef18-4a68-a290-4e661b3c81a7	NR_179480.1	94.188	585	15	11	1	569	1318	737	0.0	874
75d5ffe4-7135-47e5-a8ee-2875ec63a6f7	NR_044873.1	95.013	381	9	6	1	373	1087	1465	2.88e-168	590
75d5ffe4-7135-47e5-a8ee-2875ec63a6f7	NR_178796.1	94.271	384	13	5	1	377	1095	1476	6.23e-165	579
75d5ffe4-7135-47e5-a8ee-2875ec63a6f7	NR_178939.1	94.271	384	13	5	1	377	1096	1477	6.23e-165	579
75d5ffe4-7135-47e5-a8ee-2875ec63a6f7	NR_074568.1	93.995	383	15	5	1	377	1097	1477	2.90e-163	573
75d5ffe4-7135-47e5-a8ee-2875ec63a6f7	NR_044895.1	93.473	383	17	5	1	377	1081	1461	6.27e-160	562
dddea937-a555-46e8-bab8-7a4dd34e4bda	NR_199513.1	93.566	1088	49	16	10	1081	1101	19	0.0	1602
dddea937-a555-46e8-bab8-7a4dd34e4bda	NR_156986.1	93.566	1088	47	18	10	1080	1082	1	0.0	1600
dddea937-a555-46e8-bab8-7a4dd34e4bda	NR_156987.1	93.474	1088	48	18	10	1080	1082	1	0.0	1594
dddea937-a555-46e8-bab8-7a4dd34e4bda	NR_199514.1	93.474	1088	48	18	10	1080	1094	13	0.0	1594
dddea937-a555-46e8-bab8-7a4dd34e4bda	NR_024901.1	93.382	1088	49	18	10	1080	1087	6	0.0	1589
ee0bd68d-46e1-4059-9959-f3b05c3c66c3	NR_041983.1	97.030	303	4	2	1	298	904	1206	8.63e-143	505
ee0bd68d-46e1-4059-9959-f3b05c3c66c3	NR_114395.1	97.030	303	4	2	1	298	936	1238	8.63e-143	505
ee0bd68d-46e1-4059-9959-f3b05c3c66c3	NR_179528.1	97.030	303	4	2	1	298	921	1223	8.63e-143	505
ee0bd68d-46e1-4059-9959-f3b05c3c66c3	NR_119102.1	96.370	303	6	3	1	298	906	1208	5.19e-140	496
ee0bd68d-46e1-4059-9959-f3b05c3c66c3	NR_179535.1	96.370	303	6	3	1	298	939	1241	1.87e-139	494
d8a93350-1fa4-448c-a6a9-eb72ce77da1a	NR_199513.1	93.648	1102	39	23	1	1074	1116	18	0.0	1618
d8a93350-1fa4-448c-a6a9-eb72ce77da1a	NR_041953.1	92.968	1095	40	28	1	1064	1089	1	0.0	1561
d8a93350-1fa4-448c-a6a9-eb72ce77da1a	NR_181014.1	92.968	1095	40	29	1	1064	1089	1	0.0	1561
d8a93350-1fa4-448c-a6a9-eb72ce77da1a	NR_181891.1	92.572	1104	47	26	1	1074	1112	14	0.0	1552
d8a93350-1fa4-448c-a6a9-eb72ce77da1a	NR_042543.1	92.609	1096	42	29	1	1064	1089	1	0.0	1546
2a6b8d9b-e01a-4f1f-9b9c-404f6d82ad73	NR_119169.1	94.188	585	15	12	9	583	1367	792	0.0	878
2a6b8d9b-e01a-4f1f-9b9c-404f6d82ad73	NR_119168.1	93.345	586	18	15	9	583	1367	792	0.0	865
2a6b8d9b-e01a-4f1f-9b9c-404f6d82ad73	NR_179507.1	89.983	589	35	17	9	583	1380	802	0.0	739
2a6b8d9b-e01a-4f1f-9b9c-404f6d82ad73	NR_025297.1	89.932	586	34	18	9	580	1362	788	0.0	736
2a6b8d9b-e01a-4f1f-9b9c-404f6d82ad73	NR_134138.1	89.116	588	41	16	9	583	1300	723	0.0	710
a58e6cac-7678-4e4c-974e-465bc0c4e12c	NR_043604.1	94.643	504	21	6	1	500	502	1	0.0	776
a58e6cac-7678-4e4c-974e-465bc0c4e12c	NR_118512.1	94.643	504	21	6	1	500	502	1	0.0	776
a58e6cac-7678-4e4c-974e-465bc0c4e12c	NR_115710.1	92.460	504	32	6	1	500	502	1	0.0	715
a58e6cac-7678-4e4c-974e-465bc0c4e12c	NR_028698.1	91.602	512	37	6	1	508	523	14	0.0	702
a58e6cac-7678-4e4c-974e-465bc0c4e12c	NR_024948.1	92.308	494	32	6	1	490	492	1	0.0	697
296a0010-3e32-4dd9-bf18-c0c56a73ecca	NR_025903.1	95.992	524	10	10	1	520	979	1495	0.0	841
296a0010-3e32-4dd9-bf18-c0c56a73ecca	NR_025904.1	95.229	524	14	10	1	520	978	1494	0.0	819
296a0010-3e32-4dd9-bf18-c0c56a73ecca	NR_133752.1	96.000	500	10	9	1	496	904	1397	0.0	804
296a0010-3e32-4dd9-bf18-c0c56a73ecca	NR_133753.1	96.000	500	10	9	1	496	933	1426	0.0	804
296a0010-3e32-4dd9-bf18-c0c56a73ecca	NR_026419.1	94.466	524	19	9	1	520	967	1484	0.0	798
a123d88f-a848-4502-9a56-ff5c507326fe	NR_113600.1	95.938	1428	29	24	2	1411	46	1462	0.0	2290
a123d88f-a848-4502-9a56-ff5c507326fe	NR_114225.1	95.938	1428	29	24	2	1411	46	1462	0.0	2289
a123d88f-a848-4502-9a56-ff5c507326fe	NR_042147.1	95.801	1429	31	24	2	1412	46	1463	0.0	2279
a123d88f-a848-4502-9a56-ff5c507326fe	NR_113583.1	95.798	1428	31	24	2	1411	46	1462	0.0	2278
a123d88f-a848-4502-9a56-ff5c507326fe	NR_199513.1	96.040	1414	31	20	14	1412	87	1490	0.0	2278
367d4620-be25-4653-9829-6441676b12aa	NR_025174.1	97.734	971	14	7	18	983	974	7	0.0	1664
367d4620-be25-4653-9829-6441676b12aa	NR_179337.1	97.641	975	14	8	14	983	973	3	0.0	1664
367d4620-be25-4653-9829-6441676b12aa	NR_028986.1	97.431	973	16	8	14	981	969	1	0.0	1650
367d4620-be25-4653-9829-6441676b12aa	NR_028987.1	97.431	973	16	8	14	981	969	1	0.0	1650
367d4620-be25-4653-9829-6441676b12aa	NR_025586.1	97.231	975	18	8	14	983	977	7	0.0	1642
4521d414-1a71-4f37-9cd0-c678bb9f15fa	NR_024928.1	95.701	1163	30	12	1	1149	1167	11	0.0	1853
4521d414-1a71-4f37-9cd0-c678bb9f15fa	NR_156986.1	95.701	1163	30	12	1	1149	1162	6	0.0	1853
4521d414-1a71-4f37-9cd0-c678bb9f15fa	NR_156987.1	95.701	1163	30	12	1	1149	1162	6	0.0	1853
4521d414-1a71-4f37-9cd0-c678bb9f15fa	NR_178976.1	95.772	1159	29	12	1	1145	1153	1	0.0	1851
4521d414-1a71-4f37-9cd0-c678bb9f15fa	NR_024901.1	95.615	1163	31	12	1	1149	1167	11	0.0	1847
bb8a6137-a23d-46f8-b165-171dc5ce8b8d	NR_156986.1	95.769	969	23	17	1	957	963	1	0.0	1546
bb8a6137-a23d-46f8-b165-171dc5ce8b8d	NR_156987.1	95.666	969	24	17	1	957	963	1	0.0	1541
bb8a6137-a23d-46f8-b165-171dc5ce8b8d	NR_199514.1	95.666	969	24	17	1	957	975	13	0.0	1541
bb8a6137-a23d-46f8-b165-171dc5ce8b8d	NR_024901.1	95.562	969	25	17	1	957	968	6	0.0	1535
bb8a6137-a23d-46f8-b165-171dc5ce8b8d	NR_024928.1	95.562	969	25	17	1	957	968	6	0.0	1535
9f9ad3f4-5b83-4943-8e35-80ff73cfaa7c	NR_042776.1	95.963	966	11	17	1	948	549	1504	0.0	1543
9f9ad3f4-5b83-4943-8e35-80ff73cfaa7c	NR_042777.1	95.963	966	11	17	1	948	548	1503	0.0	1543
9f9ad3f4-5b83-4943-8e35-80ff73cfaa7c	NR_042778.1	95.756	966	13	17	1	948	549	1504	0.0	1531
9f9ad3f4-5b83-4943-8e35-80ff73cfaa7c	NR_197695.1	95.549	966	15	16	1	948	548	1503	0.0	1520
9f9ad3f4-5b83-4943-8e35-80ff73cfaa7c	NR_118998.1	95.238	966	17	18	1	948	544	1498	0.0	1502
5546b7f7-29a7-4263-97e3-cf70d8c41357	NR_024918.1	88.183	567	34	26	1	543	919	1476	0.0	645
5546b7f7-29a7-4263-97e3-cf70d8c41357	NR_043314.1	88.183	567	34	26	1	543	924	1481	0.0	645
5546b7f7-29a7-4263-97e3-cf70d8c41357	NR_042147.1	88.183	567	34	24	1	543	906	1463	0.0	645
5546b7f7-29a7-4263-97e3-cf70d8c41357	NR_116899.1	88.183	567	34	26	1	543	893	1450	0.0	645
5546b7f7-29a7-4263-97e3-cf70d8c41357	NR_164626.1	88.183	567	34	26	1	543	916	1473	0.0	645
24b3b42b-fb5d-48d1-ad39-48f04846d635	NR_024918.1	93.355	918	42	13	52	959	572	1480	0.0	1339
24b3b42b-fb5d-48d1-ad39-48f04846d635	NR_116899.1	93.246	918	43	13	52	959	546	1454	0.0	1334
24b3b42b-fb5d-48d1-ad39-48f04846d635	NR_029042.2	93.152	920	44	13	50	959	577	1487	0.0	1332
24b3b42b-fb5d-48d1-ad39-48f04846d635	NR_117177.1	93.152	920	44	13	50	959	575	1485	0.0	1332
24b3b42b-fb5d-48d1-ad39-48f04846d635	NR_179889.1	93.152	920	44	13	50	959	584	1494	0.0	1332
0ba63dad-437f-4580-b0f6-511a8b70c1d9	NR_116168.1	94.901	353	14	4	1	349	366	14	4.48e-156	549
0ba63dad-437f-4580-b0f6-511a8b70c1d9	NR_042878.1	93.623	345	18	4	1	341	345	1	9.77e-148	521
0ba63dad-437f-4580-b0f6-511a8b70c1d9	NR_118762.1	91.501	353	26	4	1	349	369	17	4.58e-141	499
0ba63dad-437f-4580-b0f6-511a8b70c1d9	NR_025423.1	91.143	350	25	6	1	344	350	1	3.59e-132	470
0ba63dad-437f-4580-b0f6-511a8b70c1d9	NR_118749.1	89.577	355	31	6	1	349	373	19	1.68e-125	448
a74f415c-4158-44f9-99c3-7c6bafe7fd11	NR_136788.1	93.432	807	31	19	1	798	805	12	0.0	1177
a74f415c-4158-44f9-99c3-7c6bafe7fd11	NR_113082.1	90.470	808	53	21	1	798	805	12	0.0	1044
a74f415c-4158-44f9-99c3-7c6bafe7fd11	NR_026230.1	89.210	797	62	21	1	787	783	1	0.0	992
a74f415c-4158-44f9-99c3-7c6bafe7fd11	NR_117913.1	82.801	814	101	29	1	798	794	4	0.0	691
a74f415c-4158-44f9-99c3-7c6bafe7fd11	NR_113083.1	82.814	803	107	26	3	791	786	1	0.0	689
11120166-7c35-432d-8c06-7d4f3f70549f	NR_114225.1	95.307	277	8	5	1	273	1355	1080	2.79e-122	436
11120166-7c35-432d-8c06-7d4f3f70549f	NR_024911.1	95.307	277	8	5	1	273	1368	1093	1.00e-121	435
11120166-7c35-432d-8c06-7d4f3f70549f	NR_024918.1	95.307	277	8	5	1	273	1368	1093	1.00e-121	435
11120166-7c35-432d-8c06-7d4f3f70549f	NR_025174.1	95.307	277	8	5	1	273	1361	1086	1.00e-121	435
11120166-7c35-432d-8c06-7d4f3f70549f	NR_025227.1	95.307	277	8	5	1	273	1351	1076	1.00e-121	435
69084f47-9231-431b-945e-b805a8e90b67	NR_074980.1	94.837	1414	43	21	1	1394	1416	13	0.0	2180
69084f47-9231-431b-945e-b805a8e90b67	NR_113031.1	94.837	1414	43	21	1	1394	1416	13	0.0	2180
69084f47-9231-431b-945e-b805a8e90b67	NR_113570.1	94.741	1407	41	24	1	1385	1396	1	0.0	2158
69084f47-9231-431b-945e-b805a8e90b67	NR_043332.1	95.134	1377	41	18	1	1361	1389	23	0.0	2152
69084f47-9231-431b-945e-b805a8e90b67	NR_119168.1	94.231	1404	51	22	1	1384	1394	1	0.0	2139
f56dbe41-8804-4003-b6b2-0461df6001a4	NR_156986.1	94.955	1011	28	20	1	1000	999	1	0.0	1563
f56dbe41-8804-4003-b6b2-0461df6001a4	NR_199514.1	94.857	1011	29	20	1	1000	1011	13	0.0	1557
f56dbe41-8804-4003-b6b2-0461df6001a4	NR_199513.1	94.763	1012	30	19	1	1001	1018	19	0.0	1554
f56dbe41-8804-4003-b6b2-0461df6001a4	NR_178976.1	94.910	1002	28	20	1	991	990	1	0.0	1546
f56dbe41-8804-4003-b6b2-0461df6001a4	NR_113600.1	94.816	1003	29	20	1	992	991	1	0.0	1544
2d4e6d22-a8ae-4689-9378-f788b0ada852	NR_181564.1	87.896	1264	125	22	18	1267	207	1456	0.0	1461
2d4e6d22-a8ae-4689-9378-f788b0ada852	NR_025742.1	87.776	1268	127	23	18	1271	222	1475	0.0	1458
2d4e6d22-a8ae-4689-9378-f788b0ada852	NR_132683.1	87.697	1268	128	22	18	1271	196	1449	0.0	1452
2d4e6d22-a8ae-4689-9378-f788b0ada852	NR_180907.1	87.787	1261	126	22	18	1264	205	1451	0.0	1450
2d4e6d22-a8ae-4689-9378-f788b0ada852	NR_181563.1	87.737	1264	127	22	18	1267	207	1456	0.0	1450
d47aa1a0-9592-4ce7-8ac4-71bb4d95e5a0	NR_040859.1	96.849	603	9	4	1	595	376	976	0.0	1000
d47aa1a0-9592-4ce7-8ac4-71bb4d95e5a0	NR_104278.1	96.849	603	9	4	1	595	376	976	0.0	1000
d47aa1a0-9592-4ce7-8ac4-71bb4d95e5a0	NR_104280.1	96.849	603	9	4	1	595	376	976	0.0	1000
d47aa1a0-9592-4ce7-8ac4-71bb4d95e5a0	NR_113855.1	96.849	603	9	4	1	595	364	964	0.0	1000
d47aa1a0-9592-4ce7-8ac4-71bb4d95e5a0	NR_113856.1	96.849	603	9	4	1	595	364	964	0.0	1000
2b06469b-1eb2-4038-982d-d791b4db17c2	NR_117694.1	95.295	1424	35	25	3	1402	1416	1	0.0	2230
2b06469b-1eb2-4038-982d-d791b4db17c2	NR_121687.1	94.479	1431	47	25	4	1410	1435	13	0.0	2176
2b06469b-1eb2-4038-982d-d791b4db17c2	NR_025892.1	94.134	1432	51	26	3	1410	1441	19	0.0	2172
2b06469b-1eb2-4038-982d-d791b4db17c2	NR_117692.1	93.973	1427	48	30	3	1402	1416	1	0.0	2124
2b06469b-1eb2-4038-982d-d791b4db17c2	NR_041989.1	94.868	1364	40	23	21	1363	1355	1	0.0	2104
553b8035-b4b2-43b3-9d68-c30b330f39ea	NR_199513.1	96.487	911	18	11	1	904	117	1020	0.0	1493
553b8035-b4b2-43b3-9d68-c30b330f39ea	NR_156986.1	96.162	912	19	13	1	904	98	1001	0.0	1476
553b8035-b4b2-43b3-9d68-c30b330f39ea	NR_178976.1	96.162	912	19	13	1	904	89	992	0.0	1476
553b8035-b4b2-43b3-9d68-c30b330f39ea	NR_113600.1	96.053	912	20	13	1	904	90	993	0.0	1472
553b8035-b4b2-43b3-9d68-c30b330f39ea	NR_156987.1	96.053	912	20	13	1	904	98	1001	0.0	1471
611b0707-0afd-478c-92c5-b4750a4e077c	NR_043314.1	95.112	491	16	7	6	492	998	1484	0.0	767
611b0707-0afd-478c-92c5-b4750a4e077c	NR_116899.1	95.112	491	16	7	6	492	967	1453	0.0	767
611b0707-0afd-478c-92c5-b4750a4e077c	NR_178854.1	95.112	491	16	7	6	492	979	1465	0.0	767
611b0707-0afd-478c-92c5-b4750a4e077c	NR_179889.1	95.112	491	16	7	6	492	1007	1493	0.0	767
611b0707-0afd-478c-92c5-b4750a4e077c	NR_041799.1	94.908	491	17	7	6	492	980	1466	0.0	761
c8f7007a-29e8-4e89-84eb-fd041214eb29	NR_179889.1	91.510	1331	64	40	1	1297	175	1490	0.0	1786
c8f7007a-29e8-4e89-84eb-fd041214eb29	NR_041953.1	91.435	1331	65	40	1	1297	148	1463	0.0	1781
c8f7007a-29e8-4e89-84eb-fd041214eb29	NR_042541.1	91.435	1331	65	40	1	1297	148	1463	0.0	1781
c8f7007a-29e8-4e89-84eb-fd041214eb29	NR_178854.1	91.435	1331	64	41	1	1297	148	1462	0.0	1781
c8f7007a-29e8-4e89-84eb-fd041214eb29	NR_178447.1	91.360	1331	66	40	1	1297	82	1397	0.0	1775
ad296a13-99b2-4782-8fdc-c5ea7658a518	NR_156986.1	97.219	863	14	9	1	855	861	1	0.0	1452
ad296a13-99b2-4782-8fdc-c5ea7658a518	NR_156987.1	97.103	863	15	9	1	855	861	1	0.0	1447
ad296a13-99b2-4782-8fdc-c5ea7658a518	NR_199514.1	97.103	863	15	9	1	855	873	13	0.0	1447
ad296a13-99b2-4782-8fdc-c5ea7658a518	NR_024901.1	96.987	863	16	9	1	855	866	6	0.0	1441
ad296a13-99b2-4782-8fdc-c5ea7658a518	NR_024928.1	96.987	863	16	9	1	855	866	6	0.0	1441
4e9073cd-9be8-41cb-9422-f78e168d446d	NR_044091.1	97.668	729	7	9	1	722	444	1169	0.0	1243
4e9073cd-9be8-41cb-9422-f78e168d446d	NR_113570.1	97.119	729	10	10	1	722	537	1261	0.0	1219
4e9073cd-9be8-41cb-9422-f78e168d446d	NR_043332.1	96.708	729	13	10	1	722	530	1254	0.0	1208
4e9073cd-9be8-41cb-9422-f78e168d446d	NR_074980.1	96.845	729	12	10	1	722	557	1281	0.0	1208
4e9073cd-9be8-41cb-9422-f78e168d446d	NR_113031.1	96.845	729	12	10	1	722	557	1281	0.0	1208
5f799378-df55-42eb-8c6a-b160b0aad3ea	NR_118234.1	95.652	1449	40	15	5	1441	1445	8	0.0	2305
5f799378-df55-42eb-8c6a-b160b0aad3ea	NR_199545.1	95.586	1450	41	15	1	1439	1450	13	0.0	2302
5f799378-df55-42eb-8c6a-b160b0aad3ea	NR_179385.1	95.517	1450	42	15	1	1439	1454	17	0.0	2296
5f799378-df55-42eb-8c6a-b160b0aad3ea	NR_165741.1	95.241	1450	46	15	1	1439	1439	2	0.0	2274
5f799378-df55-42eb-8c6a-b160b0aad3ea	NR_028664.1	95.301	1447	43	16	5	1439	1449	16	0.0	2272
48c5020e-be77-4a53-ad07-3cfdc5827437	NR_026419.1	94.699	1377	36	31	1	1361	1357	2	0.0	2104
48c5020e-be77-4a53-ad07-3cfdc5827437	NR_025903.1	93.223	1387	55	33	1	1371	1369	6	0.0	2004
48c5020e-be77-4a53-ad07-3cfdc5827437	NR_025904.1	92.729	1389	58	36	1	1371	1368	5	0.0	1965
48c5020e-be77-4a53-ad07-3cfdc5827437	NR_133753.1	93.234	1345	53	32	1	1329	1323	1	0.0	1945
48c5020e-be77-4a53-ad07-3cfdc5827437	NR_133752.1	93.085	1316	54	31	1	1301	1294	1	0.0	1892
d9608456-ac2b-4d19-a052-0c29168c1e7a	NR_113570.1	96.426	1231	22	18	1	1217	268	1490	0.0	2010
d9608456-ac2b-4d19-a052-0c29168c1e7a	NR_043332.1	96.179	1230	26	17	1	1217	261	1482	0.0	1997
d9608456-ac2b-4d19-a052-0c29168c1e7a	NR_074980.1	96.260	1230	25	17	1	1217	288	1509	0.0	1997
d9608456-ac2b-4d19-a052-0c29168c1e7a	NR_113031.1	96.260	1230	25	17	1	1217	288	1509	0.0	1997
d9608456-ac2b-4d19-a052-0c29168c1e7a	NR_115355.1	95.854	1230	30	17	1	1217	261	1482	0.0	1969
117bcd7b-28f7-4b89-9dca-857488b87817	NR_114749.1	97.336	488	9	3	1	487	998	1482	0.0	826
117bcd7b-28f7-4b89-9dca-857488b87817	NR_043314.1	97.125	487	10	3	2	487	997	1480	0.0	819
117bcd7b-28f7-4b89-9dca-857488b87817	NR_116899.1	97.125	487	10	3	2	487	966	1449	0.0	819
117bcd7b-28f7-4b89-9dca-857488b87817	NR_178854.1	97.125	487	10	3	2	487	978	1461	0.0	819
117bcd7b-28f7-4b89-9dca-857488b87817	NR_179889.1	97.125	487	10	3	2	487	1006	1489	0.0	819
a3242918-a54d-4772-a9fd-48f1ceb206da	NR_041953.1	94.242	1320	43	26	1	1295	152	1463	0.0	1986
a3242918-a54d-4772-a9fd-48f1ceb206da	NR_042541.1	94.242	1320	43	26	1	1295	152	1463	0.0	1986
a3242918-a54d-4772-a9fd-48f1ceb206da	NR_179889.1	94.242	1320	43	26	1	1295	179	1490	0.0	1986
a3242918-a54d-4772-a9fd-48f1ceb206da	NR_178854.1	94.167	1320	43	27	1	1295	152	1462	0.0	1980
a3242918-a54d-4772-a9fd-48f1ceb206da	NR_178447.1	94.091	1320	45	26	1	1295	86	1397	0.0	1975
b4705e9e-7a59-474d-8ba3-04eee9021c7e	NR_117694.1	96.026	302	4	5	2	296	147	447	1.08e-136	484
b4705e9e-7a59-474d-8ba3-04eee9021c7e	NR_025892.1	94.702	302	8	5	2	296	173	473	3.02e-132	470
b4705e9e-7a59-474d-8ba3-04eee9021c7e	NR_025902.1	95.819	287	5	4	13	292	135	421	2.35e-128	457
b4705e9e-7a59-474d-8ba3-04eee9021c7e	NR_041989.1	96.127	284	3	5	2	278	105	387	2.35e-128	457
b4705e9e-7a59-474d-8ba3-04eee9021c7e	NR_117692.1	95.819	287	5	4	13	292	157	443	2.35e-128	457
b9cacf06-2423-488e-9951-a1b6dd7c9b4e	NR_043314.1	96.941	425	5	5	5	425	1400	980	0.0	706
b9cacf06-2423-488e-9951-a1b6dd7c9b4e	NR_116905.1	96.941	425	5	5	5	425	1403	983	0.0	706
b9cacf06-2423-488e-9951-a1b6dd7c9b4e	NR_116899.1	96.941	425	5	5	5	425	1369	949	0.0	706
b9cacf06-2423-488e-9951-a1b6dd7c9b4e	NR_118125.1	96.941	425	5	5	5	425	1389	969	0.0	706
b9cacf06-2423-488e-9951-a1b6dd7c9b4e	NR_149822.1	96.941	425	5	5	5	425	1365	945	0.0	706
4c4edc14-546f-423a-af23-6044d5d7330d	NR_199513.1	91.908	865	36	23	1	840	994	139	0.0	1179
4c4edc14-546f-423a-af23-6044d5d7330d	NR_041953.1	91.561	865	39	24	1	840	967	112	0.0	1162
4c4edc14-546f-423a-af23-6044d5d7330d	NR_178447.1	91.561	865	39	24	1	840	901	46	0.0	1162
4c4edc14-546f-423a-af23-6044d5d7330d	NR_181891.1	91.561	865	39	24	1	840	990	135	0.0	1162
4c4edc14-546f-423a-af23-6044d5d7330d	NR_040859.1	91.531	862	39	24	4	840	976	124	0.0	1157
499b3ede-53a5-4fb0-ba53-da49002705d1	NR_164626.1	97.600	250	2	3	18	264	250	2	5.85e-119	425
499b3ede-53a5-4fb0-ba53-da49002705d1	NR_024912.1	97.590	249	2	3	18	263	253	6	2.10e-118	424
499b3ede-53a5-4fb0-ba53-da49002705d1	NR_025586.1	97.590	249	2	3	18	263	248	1	2.10e-118	424
499b3ede-53a5-4fb0-ba53-da49002705d1	NR_025587.1	97.590	249	2	3	18	263	248	1	2.10e-118	424
499b3ede-53a5-4fb0-ba53-da49002705d1	NR_028706.1	97.590	249	2	3	18	263	261	14	2.10e-118	424
19d910e2-5742-4745-814c-8eb420802ecf	NR_024901.1	98.408	754	8	4	1	753	756	6	0.0	1323
19d910e2-5742-4745-814c-8eb420802ecf	NR_024928.1	98.408	754	8	4	1	753	756	6	0.0	1323
19d910e2-5742-4745-814c-8eb420802ecf	NR_156986.1	98.408	754	8	4	1	753	751	1	0.0	1323
19d910e2-5742-4745-814c-8eb420802ecf	NR_199513.1	98.278	755	11	2	1	755	770	18	0.0	1321
19d910e2-5742-4745-814c-8eb420802ecf	NR_156987.1	98.276	754	9	4	1	753	751	1	0.0	1317
66232ec5-8b67-4f47-b380-eafdf8f21af0	NR_041879.1	90.501	379	29	6	83	459	180	553	3.30e-139	494
66232ec5-8b67-4f47-b380-eafdf8f21af0	NR_113570.1	90.501	379	29	6	83	459	230	603	3.30e-139	494
66232ec5-8b67-4f47-b380-eafdf8f21af0	NR_115355.1	90.501	379	29	6	83	459	223	596	3.30e-139	494
66232ec5-8b67-4f47-b380-eafdf8f21af0	NR_179325.1	90.501	379	29	6	83	459	197	570	3.30e-139	494
66232ec5-8b67-4f47-b380-eafdf8f21af0	NR_042940.1	90.237	379	30	6	83	459	135	508	1.54e-137	488
3a16e11f-203d-4019-82c9-7e68f58375a7	NR_025164.1	92.961	483	20	13	8	482	500	24	0.0	691
3a16e11f-203d-4019-82c9-7e68f58375a7	NR_041799.1	92.754	483	21	13	8	482	500	24	0.0	686
3a16e11f-203d-4019-82c9-7e68f58375a7	NR_042199.1	92.754	483	21	13	8	482	500	24	0.0	686
3a16e11f-203d-4019-82c9-7e68f58375a7	NR_114227.1	92.754	483	21	13	8	482	500	24	0.0	686
3a16e11f-203d-4019-82c9-7e68f58375a7	NR_114481.1	92.754	483	21	13	8	482	509	33	0.0	686
c854ed76-b8c9-40f6-89c7-de0c34588ca5	NR_109720.1	94.068	590	10	16	1	570	882	298	0.0	872
c854ed76-b8c9-40f6-89c7-de0c34588ca5	NR_036936.1	93.898	590	11	16	1	570	888	304	0.0	867
c854ed76-b8c9-40f6-89c7-de0c34588ca5	NR_028664.1	93.390	590	14	15	1	570	909	325	0.0	850
c854ed76-b8c9-40f6-89c7-de0c34588ca5	NR_042927.1	93.390	590	14	15	1	570	888	304	0.0	850
c854ed76-b8c9-40f6-89c7-de0c34588ca5	NR_114413.1	93.390	590	14	15	1	570	911	327	0.0	850
80cf565f-6f7b-435b-b7a6-7d82a994d7dd	NR_024912.1	94.141	495	11	15	8	486	494	2	0.0	737
80cf565f-6f7b-435b-b7a6-7d82a994d7dd	NR_156986.1	94.286	490	10	15	8	481	489	2	0.0	734
80cf565f-6f7b-435b-b7a6-7d82a994d7dd	NR_024901.1	93.939	495	12	15	8	486	494	2	0.0	732
80cf565f-6f7b-435b-b7a6-7d82a994d7dd	NR_024928.1	93.939	495	12	15	8	486	494	2	0.0	732
80cf565f-6f7b-435b-b7a6-7d82a994d7dd	NR_199514.1	93.939	495	12	15	8	486	501	9	0.0	732
1945914c-c724-426f-8637-a7fb38775881	NR_156986.1	93.367	1387	43	33	1	1348	1382	6	0.0	2006
1945914c-c724-426f-8637-a7fb38775881	NR_156987.1	93.295	1387	44	33	1	1348	1382	6	0.0	2001
1945914c-c724-426f-8637-a7fb38775881	NR_113600.1	93.280	1384	44	33	1	1345	1374	1	0.0	1997
1945914c-c724-426f-8637-a7fb38775881	NR_178976.1	93.203	1383	45	33	1	1344	1373	1	0.0	1989
1945914c-c724-426f-8637-a7fb38775881	NR_199514.1	93.079	1387	47	33	1	1348	1394	18	0.0	1984
caad4090-f200-4877-8223-7713617d5ca5	NR_042776.1	96.432	981	18	14	42	1007	1005	27	0.0	1602
caad4090-f200-4877-8223-7713617d5ca5	NR_042777.1	96.327	980	20	13	42	1007	1004	27	0.0	1596
caad4090-f200-4877-8223-7713617d5ca5	NR_042778.1	96.228	981	20	14	42	1007	1005	27	0.0	1591
caad4090-f200-4877-8223-7713617d5ca5	NR_197695.1	95.923	981	23	13	42	1007	1004	26	0.0	1574
caad4090-f200-4877-8223-7713617d5ca5	NR_118998.1	95.782	972	25	13	42	999	999	30	0.0	1555
68a0b0f8-de2a-4669-8c35-03573e232035	NR_117839.1	92.799	986	33	28	2	958	993	17	0.0	1395
68a0b0f8-de2a-4669-8c35-03573e232035	NR_178363.1	93.121	974	32	25	2	949	965	1	0.0	1395
68a0b0f8-de2a-4669-8c35-03573e232035	NR_117292.1	93.018	974	33	25	2	949	965	1	0.0	1389
68a0b0f8-de2a-4669-8c35-03573e232035	NR_042755.1	91.091	999	35	29	1	957	987	1	0.0	1303
68a0b0f8-de2a-4669-8c35-03573e232035	NR_074412.1	90.982	998	39	27	2	958	1041	54	0.0	1297
8992ea12-a2e4-460e-badf-ab4a02ee0990	NR_156986.1	96.729	856	14	12	9	855	851	1	0.0	1413
8992ea12-a2e4-460e-badf-ab4a02ee0990	NR_024901.1	98.153	812	6	8	50	855	814	6	0.0	1408
8992ea12-a2e4-460e-badf-ab4a02ee0990	NR_024928.1	98.153	812	6	8	50	855	814	6	0.0	1408
8992ea12-a2e4-460e-badf-ab4a02ee0990	NR_156987.1	96.612	856	15	12	9	855	851	1	0.0	1408
8992ea12-a2e4-460e-badf-ab4a02ee0990	NR_199514.1	96.612	856	15	12	9	855	863	13	0.0	1408
7ed690e8-8a83-4f5f-9c8a-062fe003554c	NR_043314.1	93.235	473	14	15	13	475	1017	1481	0.0	680
7ed690e8-8a83-4f5f-9c8a-062fe003554c	NR_114749.1	93.235	473	14	15	13	475	1019	1483	0.0	680
7ed690e8-8a83-4f5f-9c8a-062fe003554c	NR_116899.1	93.235	473	14	15	13	475	986	1450	0.0	680
7ed690e8-8a83-4f5f-9c8a-062fe003554c	NR_178854.1	93.235	473	14	15	13	475	998	1462	0.0	680
7ed690e8-8a83-4f5f-9c8a-062fe003554c	NR_179889.1	93.235	473	14	15	13	475	1026	1490	0.0	680
2f0633ba-a71e-499a-988f-92871776c2c1	NR_115355.1	96.264	696	17	8	1	691	791	1482	0.0	1133
2f0633ba-a71e-499a-988f-92871776c2c1	NR_179325.1	96.264	696	17	8	1	691	765	1456	0.0	1133
2f0633ba-a71e-499a-988f-92871776c2c1	NR_163639.1	96.121	696	16	10	1	691	808	1497	0.0	1125
2f0633ba-a71e-499a-988f-92871776c2c1	NR_119169.1	95.833	696	20	8	1	691	796	1487	0.0	1120
2f0633ba-a71e-499a-988f-92871776c2c1	NR_115354.1	95.833	696	20	8	1	691	791	1482	0.0	1118
8eaaac6c-9d4a-443b-8478-a59b9150fa80	NR_041953.1	93.258	890	46	11	26	913	1082	205	0.0	1299
8eaaac6c-9d4a-443b-8478-a59b9150fa80	NR_178447.1	93.258	890	46	11	26	913	1016	139	0.0	1299
8eaaac6c-9d4a-443b-8478-a59b9150fa80	NR_199513.1	93.258	890	46	11	26	913	1109	232	0.0	1299
8eaaac6c-9d4a-443b-8478-a59b9150fa80	NR_042541.1	93.146	890	47	11	26	913	1082	205	0.0	1293
8eaaac6c-9d4a-443b-8478-a59b9150fa80	NR_179889.1	93.146	890	47	11	26	913	1109	232	0.0	1293
b8d71d7b-0f8e-4e78-9289-3de099badf5a	NR_074980.1	94.266	715	31	8	1	710	722	13	0.0	1085
b8d71d7b-0f8e-4e78-9289-3de099badf5a	NR_113031.1	94.266	715	31	8	1	710	722	13	0.0	1085
b8d71d7b-0f8e-4e78-9289-3de099badf5a	NR_119168.1	94.326	705	30	8	1	700	700	1	0.0	1072
b8d71d7b-0f8e-4e78-9289-3de099badf5a	NR_163639.1	93.855	716	31	11	1	711	711	4	0.0	1066
b8d71d7b-0f8e-4e78-9289-3de099badf5a	NR_117759.1	94.026	703	32	8	1	698	698	1	0.0	1059
48f8d6b9-cff8-4475-9413-5235bcd20b08	NR_024901.1	91.329	173	9	4	3	170	182	11	8.63e-61	231
48f8d6b9-cff8-4475-9413-5235bcd20b08	NR_024912.1	91.329	173	9	4	3	170	182	11	8.63e-61	231
48f8d6b9-cff8-4475-9413-5235bcd20b08	NR_024928.1	91.329	173	9	4	3	170	182	11	8.63e-61	231
48f8d6b9-cff8-4475-9413-5235bcd20b08	NR_025586.1	91.329	173	9	4	3	170	177	6	8.63e-61	231
48f8d6b9-cff8-4475-9413-5235bcd20b08	NR_025587.1	91.329	173	9	4	3	170	177	6	8.63e-61	231
a942c98a-ba74-4982-95c2-7e21c807176d	NR_024912.1	91.312	541	23	16	4	525	556	21	0.0	717
a942c98a-ba74-4982-95c2-7e21c807176d	NR_042147.1	91.312	541	23	16	4	525	543	8	0.0	717
a942c98a-ba74-4982-95c2-7e21c807176d	NR_156986.1	91.312	541	23	16	4	525	551	16	0.0	717
a942c98a-ba74-4982-95c2-7e21c807176d	NR_178976.1	91.312	541	23	16	4	525	542	7	0.0	717
a942c98a-ba74-4982-95c2-7e21c807176d	NR_037092.1	91.296	540	24	15	4	525	560	26	0.0	715
189d7d07-1f1f-44ef-a498-a77d0ca2fbe9	NR_179889.1	96.870	1278	27	12	3	1278	228	1494	0.0	2126
189d7d07-1f1f-44ef-a498-a77d0ca2fbe9	NR_041953.1	96.792	1278	28	12	3	1278	201	1467	0.0	2121
189d7d07-1f1f-44ef-a498-a77d0ca2fbe9	NR_042541.1	96.792	1278	28	12	3	1278	201	1467	0.0	2121
189d7d07-1f1f-44ef-a498-a77d0ca2fbe9	NR_178854.1	96.792	1278	27	12	3	1278	201	1466	0.0	2121
189d7d07-1f1f-44ef-a498-a77d0ca2fbe9	NR_178447.1	96.714	1278	29	12	3	1278	135	1401	0.0	2115
9ecd3e48-0c47-44f9-90c0-46f38f21de78	NR_199513.1	88.227	688	36	36	1	649	699	18	0.0	780
9ecd3e48-0c47-44f9-90c0-46f38f21de78	NR_156986.1	88.064	687	35	35	1	647	680	1	0.0	771
9ecd3e48-0c47-44f9-90c0-46f38f21de78	NR_024901.1	87.918	687	36	35	1	647	685	6	0.0	765
9ecd3e48-0c47-44f9-90c0-46f38f21de78	NR_024912.1	87.918	687	36	35	1	647	685	6	0.0	765
9ecd3e48-0c47-44f9-90c0-46f38f21de78	NR_024928.1	87.918	687	36	35	1	647	685	6	0.0	765
3165e7e0-1948-46c5-95c9-9960200c7b7e	NR_043332.1	93.199	1441	54	36	1	1410	1445	18	0.0	2084
3165e7e0-1948-46c5-95c9-9960200c7b7e	NR_074980.1	93.269	1441	53	36	1	1410	1472	45	0.0	2084
3165e7e0-1948-46c5-95c9-9960200c7b7e	NR_113031.1	93.269	1441	53	36	1	1410	1472	45	0.0	2084
3165e7e0-1948-46c5-95c9-9960200c7b7e	NR_113570.1	93.204	1442	53	37	1	1410	1452	24	0.0	2078
3165e7e0-1948-46c5-95c9-9960200c7b7e	NR_115355.1	92.922	1441	58	36	1	1410	1445	18	0.0	2060
4d564c37-9f54-424a-baf8-8d1c239b3585	NR_025892.1	89.558	498	28	18	29	509	509	19	5.03e-177	619
4d564c37-9f54-424a-baf8-8d1c239b3585	NR_117694.1	90.369	488	23	18	29	499	483	3	5.03e-177	619
4d564c37-9f54-424a-baf8-8d1c239b3585	NR_121687.1	88.778	499	30	20	29	509	503	13	1.42e-167	588
4d564c37-9f54-424a-baf8-8d1c239b3585	NR_026079.2	87.928	497	38	20	29	509	510	20	6.64e-161	566
4d564c37-9f54-424a-baf8-8d1c239b3585	NR_104830.1	86.720	497	45	19	29	509	498	7	6.74e-151	532
451b93b4-f1b2-4603-bd06-54cd74b676df	NR_117694.1	94.303	1018	32	24	1	1002	465	1472	0.0	1535
451b93b4-f1b2-4603-bd06-54cd74b676df	NR_117692.1	94.008	1018	35	24	1	1002	465	1472	0.0	1519
451b93b4-f1b2-4603-bd06-54cd74b676df	NR_121687.1	93.910	1018	36	24	1	1002	485	1492	0.0	1513
451b93b4-f1b2-4603-bd06-54cd74b676df	NR_025902.1	93.811	1018	37	24	1	1002	443	1450	0.0	1507
451b93b4-f1b2-4603-bd06-54cd74b676df	NR_117696.1	93.615	1018	39	24	1	1002	452	1459	0.0	1496
7d7d0720-04d3-4005-92b2-6767aa596000	NR_115241.1	91.791	268	13	5	1	260	551	285	1.33e-100	364
7d7d0720-04d3-4005-92b2-6767aa596000	NR_115735.1	91.791	268	13	5	1	260	542	276	1.33e-100	364
7d7d0720-04d3-4005-92b2-6767aa596000	NR_116211.1	91.791	268	13	5	1	260	474	208	1.33e-100	364
7d7d0720-04d3-4005-92b2-6767aa596000	NR_024842.1	91.418	268	14	5	1	260	566	300	1.71e-99	361
7d7d0720-04d3-4005-92b2-6767aa596000	NR_036936.1	91.418	268	14	5	1	260	551	285	6.17e-99	359
ea550272-7ea7-4d10-b68f-ee2014613255	NR_164951.1	95.199	604	21	7	1	597	886	1488	0.0	948
ea550272-7ea7-4d10-b68f-ee2014613255	NR_117717.1	95.033	604	22	6	1	597	885	1487	0.0	942
ea550272-7ea7-4d10-b68f-ee2014613255	NR_117694.1	95.033	604	22	6	1	597	865	1467	0.0	942
ea550272-7ea7-4d10-b68f-ee2014613255	NR_117696.1	95.033	604	22	6	1	597	852	1454	0.0	942
ea550272-7ea7-4d10-b68f-ee2014613255	NR_025902.1	94.868	604	23	6	1	597	843	1445	0.0	937
fab22aff-efb4-4e3e-9b66-d4ae35f75e47	NR_156986.1	95.356	926	14	20	331	1233	920	1	0.0	1445
fab22aff-efb4-4e3e-9b66-d4ae35f75e47	NR_156986.1	87.629	194	11	12	10	198	883	698	2.48e-54	213
fab22aff-efb4-4e3e-9b66-d4ae35f75e47	NR_156987.1	95.248	926	15	20	331	1233	920	1	0.0	1439
fab22aff-efb4-4e3e-9b66-d4ae35f75e47	NR_156987.1	87.629	194	11	12	10	198	883	698	2.48e-54	213
fab22aff-efb4-4e3e-9b66-d4ae35f75e47	NR_199514.1	95.248	926	15	20	331	1233	932	13	0.0	1439
fab22aff-efb4-4e3e-9b66-d4ae35f75e47	NR_199514.1	87.629	194	11	12	10	198	895	710	2.48e-54	213
fab22aff-efb4-4e3e-9b66-d4ae35f75e47	NR_024901.1	95.032	926	17	20	331	1233	925	6	0.0	1428
fab22aff-efb4-4e3e-9b66-d4ae35f75e47	NR_024901.1	87.113	194	12	9	10	198	888	703	1.16e-52	207
fab22aff-efb4-4e3e-9b66-d4ae35f75e47	NR_178976.1	95.311	917	14	20	331	1224	911	1	0.0	1428
fab22aff-efb4-4e3e-9b66-d4ae35f75e47	NR_178976.1	87.629	194	11	12	10	198	874	689	2.48e-54	213
873add9c-d34c-44b7-b137-84c6e1f56754	NR_156986.1	94.009	1402	44	37	1	1383	1382	2	0.0	2087
873add9c-d34c-44b7-b137-84c6e1f56754	NR_156987.1	93.937	1402	45	37	1	1383	1382	2	0.0	2082
873add9c-d34c-44b7-b137-84c6e1f56754	NR_113600.1	94.042	1393	44	36	1	1374	1374	2	0.0	2078
873add9c-d34c-44b7-b137-84c6e1f56754	NR_114225.1	93.970	1393	45	36	1	1374	1374	2	0.0	2073
873add9c-d34c-44b7-b137-84c6e1f56754	NR_178976.1	93.970	1393	45	36	1	1374	1373	1	0.0	2073
0d516035-3cd7-46b8-bf90-b83aeaea7d31	NR_189215.1	80.201	399	56	15	46	425	1387	993	3.33e-74	278
0d516035-3cd7-46b8-bf90-b83aeaea7d31	NR_026433.1	80.149	403	51	15	46	426	1409	1014	4.30e-73	274
0d516035-3cd7-46b8-bf90-b83aeaea7d31	NR_151898.1	80.198	404	49	15	46	426	1409	1014	4.30e-73	274
0d516035-3cd7-46b8-bf90-b83aeaea7d31	NR_114209.1	80.050	401	53	11	46	425	1429	1035	1.55e-72	272
0d516035-3cd7-46b8-bf90-b83aeaea7d31	NR_026432.1	79.901	403	52	15	46	426	1409	1014	2.00e-71	268
31967614-292a-491c-81c8-d5ce91178191	NR_024912.1	96.545	521	10	8	1	518	521	6	0.0	856
31967614-292a-491c-81c8-d5ce91178191	NR_156986.1	96.545	521	10	8	1	518	516	1	0.0	856
31967614-292a-491c-81c8-d5ce91178191	NR_024901.1	96.353	521	11	8	1	518	521	6	0.0	850
31967614-292a-491c-81c8-d5ce91178191	NR_024928.1	96.353	521	11	8	1	518	521	6	0.0	850
31967614-292a-491c-81c8-d5ce91178191	NR_156987.1	96.353	521	11	8	1	518	516	1	0.0	850
12ffc860-c4fd-483a-9b1e-fe3b91bd43fb	NR_024901.1	96.547	753	14	10	1	746	755	8	0.0	1236
12ffc860-c4fd-483a-9b1e-fe3b91bd43fb	NR_024928.1	96.547	753	14	10	1	746	755	8	0.0	1236
12ffc860-c4fd-483a-9b1e-fe3b91bd43fb	NR_156986.1	96.547	753	14	10	1	746	750	3	0.0	1236
12ffc860-c4fd-483a-9b1e-fe3b91bd43fb	NR_113583.1	96.653	747	13	10	1	740	742	1	0.0	1230
12ffc860-c4fd-483a-9b1e-fe3b91bd43fb	NR_114225.1	96.653	747	13	10	1	740	742	1	0.0	1230
1b1bda45-1b8c-4b94-ae33-9ffe9e67aa9d	NR_179480.1	93.703	667	13	20	2	644	1305	644	0.0	972
1b1bda45-1b8c-4b94-ae33-9ffe9e67aa9d	NR_181857.1	93.703	667	13	20	2	644	1412	751	0.0	972
1b1bda45-1b8c-4b94-ae33-9ffe9e67aa9d	NR_179168.1	93.553	667	14	20	2	644	1377	716	0.0	966
1b1bda45-1b8c-4b94-ae33-9ffe9e67aa9d	NR_180737.1	93.553	667	14	20	2	644	1355	694	0.0	966
1b1bda45-1b8c-4b94-ae33-9ffe9e67aa9d	NR_181265.1	93.553	667	14	20	2	644	1381	720	0.0	966
367a3d30-5cb0-473f-b36e-7abe0b07e4eb	NR_156986.1	97.053	1052	17	13	1	1042	1048	1	0.0	1759
367a3d30-5cb0-473f-b36e-7abe0b07e4eb	NR_156987.1	96.958	1052	18	13	1	1042	1048	1	0.0	1753
367a3d30-5cb0-473f-b36e-7abe0b07e4eb	NR_199514.1	96.958	1052	18	13	1	1042	1060	13	0.0	1753
367a3d30-5cb0-473f-b36e-7abe0b07e4eb	NR_199513.1	96.866	1053	19	13	1	1043	1067	19	0.0	1749
367a3d30-5cb0-473f-b36e-7abe0b07e4eb	NR_024901.1	96.863	1052	19	13	1	1042	1053	6	0.0	1748
c4a6a203-8062-4992-9946-08895bb9bb6b	NR_025174.1	88.824	340	21	16	1	332	282	612	1.68e-111	401
c4a6a203-8062-4992-9946-08895bb9bb6b	NR_025586.1	88.824	340	21	16	1	332	282	612	1.68e-111	401
c4a6a203-8062-4992-9946-08895bb9bb6b	NR_025587.1	88.824	340	21	16	1	332	282	612	1.68e-111	401
c4a6a203-8062-4992-9946-08895bb9bb6b	NR_028986.1	88.824	340	21	16	1	332	274	604	1.68e-111	401
c4a6a203-8062-4992-9946-08895bb9bb6b	NR_028987.1	88.824	340	21	16	1	332	274	604	1.68e-111	401
3b5a662e-0a16-4252-a91c-9ec3aba29240	NR_179227.1	97.832	369	3	4	1	364	381	13	0.0	632
3b5a662e-0a16-4252-a91c-9ec3aba29240	NR_164626.1	97.568	370	4	4	1	365	371	2	5.92e-180	628
3b5a662e-0a16-4252-a91c-9ec3aba29240	NR_170438.1	97.568	370	4	4	1	365	370	1	5.92e-180	628
3b5a662e-0a16-4252-a91c-9ec3aba29240	NR_024912.1	97.561	369	4	4	1	364	374	6	2.13e-179	627
3b5a662e-0a16-4252-a91c-9ec3aba29240	NR_028706.1	97.561	369	4	4	1	364	382	14	2.13e-179	627
4913f607-08e7-4bdc-882f-af090b09c591	NR_175455.1	96.583	761	14	7	1	758	719	1470	0.0	1251
4913f607-08e7-4bdc-882f-af090b09c591	NR_179383.1	96.583	761	14	7	1	758	738	1489	0.0	1251
4913f607-08e7-4bdc-882f-af090b09c591	NR_042927.1	96.452	761	15	7	1	758	713	1464	0.0	1245
4913f607-08e7-4bdc-882f-af090b09c591	NR_115734.1	96.452	761	15	7	1	758	714	1465	0.0	1245
4913f607-08e7-4bdc-882f-af090b09c591	NR_117719.1	96.452	761	15	7	1	758	731	1482	0.0	1245
b7f7dadf-22a1-483d-8686-95726a1f6b01	NR_178976.1	95.884	1312	36	17	18	1316	1329	23	0.0	2109
b7f7dadf-22a1-483d-8686-95726a1f6b01	NR_156986.1	95.884	1312	36	17	18	1316	1338	32	0.0	2108
b7f7dadf-22a1-483d-8686-95726a1f6b01	NR_113600.1	95.808	1312	37	17	18	1316	1330	24	0.0	2104
b7f7dadf-22a1-483d-8686-95726a1f6b01	NR_156987.1	95.808	1312	37	17	18	1316	1338	32	0.0	2102
b7f7dadf-22a1-483d-8686-95726a1f6b01	NR_024928.1	95.732	1312	38	17	18	1316	1343	37	0.0	2098
c012c069-60be-44f2-9d80-f61be3a3803d	NR_024912.1	94.672	488	13	11	1	482	486	6	0.0	745
c012c069-60be-44f2-9d80-f61be3a3803d	NR_156986.1	94.672	488	13	11	1	482	481	1	0.0	745
c012c069-60be-44f2-9d80-f61be3a3803d	NR_024901.1	94.467	488	14	11	1	482	486	6	0.0	739
c012c069-60be-44f2-9d80-f61be3a3803d	NR_024928.1	94.467	488	14	11	1	482	486	6	0.0	739
c012c069-60be-44f2-9d80-f61be3a3803d	NR_156987.1	94.467	488	14	11	1	482	481	1	0.0	739
439e061a-98d1-4d4b-9233-d681c9e0f558	NR_042939.1	92.395	1315	63	30	1	1288	1316	12	0.0	1840
439e061a-98d1-4d4b-9233-d681c9e0f558	NR_043935.1	92.395	1315	62	31	1	1288	1317	14	0.0	1840
439e061a-98d1-4d4b-9233-d681c9e0f558	NR_041799.1	92.202	1308	62	33	1	1280	1296	1	0.0	1814
439e061a-98d1-4d4b-9233-d681c9e0f558	NR_041953.1	91.902	1309	64	36	1	1280	1296	1	0.0	1792
439e061a-98d1-4d4b-9233-d681c9e0f558	NR_024951.1	91.629	1314	73	29	1	1288	1312	10	0.0	1783
f261b3a4-ebe6-4b94-9016-0ed943e6abaa	NR_117694.1	95.761	1203	31	15	1	1193	275	1467	0.0	1921
f261b3a4-ebe6-4b94-9016-0ed943e6abaa	NR_121687.1	95.428	1203	35	15	1	1193	295	1487	0.0	1899
f261b3a4-ebe6-4b94-9016-0ed943e6abaa	NR_117692.1	95.021	1205	36	18	1	1193	275	1467	0.0	1871
f261b3a4-ebe6-4b94-9016-0ed943e6abaa	NR_025902.1	94.855	1205	38	18	1	1193	253	1445	0.0	1860
f261b3a4-ebe6-4b94-9016-0ed943e6abaa	NR_026079.2	94.763	1203	43	16	1	1193	302	1494	0.0	1855
3b09e786-110d-4d21-af2c-5f6232b690bf	NR_156986.1	93.215	958	39	23	1	939	964	14	0.0	1386
3b09e786-110d-4d21-af2c-5f6232b690bf	NR_178976.1	93.215	958	39	23	1	939	955	5	0.0	1386
3b09e786-110d-4d21-af2c-5f6232b690bf	NR_113600.1	93.111	958	40	23	1	939	956	6	0.0	1382
3b09e786-110d-4d21-af2c-5f6232b690bf	NR_024901.1	93.118	959	38	25	1	939	969	19	0.0	1380
3b09e786-110d-4d21-af2c-5f6232b690bf	NR_024912.1	93.111	958	40	24	1	939	969	19	0.0	1380
339279bc-f2fb-486d-a496-f6eb26ec11ff	NR_125571.1	96.887	1349	24	16	1	1338	95	1436	0.0	2244
339279bc-f2fb-486d-a496-f6eb26ec11ff	NR_125570.1	96.370	1350	30	17	1	1338	53	1395	0.0	2204
339279bc-f2fb-486d-a496-f6eb26ec11ff	NR_029097.1	96.418	1312	28	17	1	1302	71	1373	0.0	2145
339279bc-f2fb-486d-a496-f6eb26ec11ff	NR_042832.1	89.299	1355	118	21	1	1336	110	1456	0.0	1676
339279bc-f2fb-486d-a496-f6eb26ec11ff	NR_113410.1	88.995	1363	119	23	1	1341	37	1390	0.0	1657
7cd77d7f-a54b-4b82-a149-52f9888e53c2	NR_024918.1	95.847	891	23	9	3	883	593	1479	0.0	1428
7cd77d7f-a54b-4b82-a149-52f9888e53c2	NR_116899.1	95.847	891	23	9	3	883	567	1453	0.0	1428
7cd77d7f-a54b-4b82-a149-52f9888e53c2	NR_041799.1	95.740	892	22	11	3	883	580	1466	0.0	1423
7cd77d7f-a54b-4b82-a149-52f9888e53c2	NR_042541.1	95.735	891	24	9	3	883	580	1466	0.0	1423
7cd77d7f-a54b-4b82-a149-52f9888e53c2	NR_029042.2	95.735	891	24	9	3	883	600	1486	0.0	1423
198191da-884a-49b3-8fa1-955ca46f29f2	NR_026454.1	91.922	359	12	10	1	349	1163	812	3.60e-137	486
198191da-884a-49b3-8fa1-955ca46f29f2	NR_025862.1	91.643	359	13	10	1	349	1186	835	4.65e-136	483
198191da-884a-49b3-8fa1-955ca46f29f2	NR_028682.1	91.643	359	13	10	1	349	1187	836	1.67e-135	481
198191da-884a-49b3-8fa1-955ca46f29f2	NR_040926.1	91.086	359	15	10	1	349	1165	814	3.62e-132	470
198191da-884a-49b3-8fa1-955ca46f29f2	NR_116890.1	91.086	359	15	10	1	349	1175	824	3.62e-132	470
fc247ade-e3c2-48e5-a87e-fbb935c42792	NR_118155.1	95.828	719	20	10	3	716	1418	705	0.0	1153
fc247ade-e3c2-48e5-a87e-fbb935c42792	NR_029050.1	95.694	720	23	8	1	716	1365	650	0.0	1151
fc247ade-e3c2-48e5-a87e-fbb935c42792	NR_041799.1	95.700	721	21	10	1	716	1397	682	0.0	1151
fc247ade-e3c2-48e5-a87e-fbb935c42792	NR_114227.1	95.700	721	21	10	1	716	1397	682	0.0	1151
fc247ade-e3c2-48e5-a87e-fbb935c42792	NR_114481.1	95.700	721	21	10	1	716	1406	691	0.0	1151
ea49d345-b840-4e85-84d6-28a6a7c55164	NR_156986.1	90.406	1157	50	48	9	1115	1147	2	0.0	1465
ea49d345-b840-4e85-84d6-28a6a7c55164	NR_156987.1	90.320	1157	51	48	9	1115	1147	2	0.0	1459
ea49d345-b840-4e85-84d6-28a6a7c55164	NR_024912.1	90.233	1157	52	48	9	1115	1152	7	0.0	1454
ea49d345-b840-4e85-84d6-28a6a7c55164	NR_113600.1	90.348	1150	50	48	9	1108	1139	1	0.0	1454
ea49d345-b840-4e85-84d6-28a6a7c55164	NR_199514.1	90.233	1157	52	48	9	1115	1159	14	0.0	1454
74c355cb-85f4-4182-a24c-b2ff7e98abbb	NR_025174.1	94.286	385	10	9	1	378	380	1	6.26e-165	579
74c355cb-85f4-4182-a24c-b2ff7e98abbb	NR_164626.1	94.057	387	11	9	1	380	382	1	2.25e-164	577
74c355cb-85f4-4182-a24c-b2ff7e98abbb	NR_179337.1	94.488	381	10	8	1	375	376	1	2.25e-164	577
74c355cb-85f4-4182-a24c-b2ff7e98abbb	NR_024911.1	94.026	385	11	9	1	378	385	6	2.91e-163	573
74c355cb-85f4-4182-a24c-b2ff7e98abbb	NR_024912.1	94.026	385	11	9	1	378	385	6	2.91e-163	573
1c6d54a0-c268-41b2-a4be-ec0891810ab8	NR_117694.1	96.447	1379	26	20	1	1369	107	1472	0.0	2254
1c6d54a0-c268-41b2-a4be-ec0891810ab8	NR_121687.1	95.757	1367	39	16	10	1369	138	1492	0.0	2185
1c6d54a0-c268-41b2-a4be-ec0891810ab8	NR_025892.1	95.252	1369	39	23	1	1358	133	1486	0.0	2170
1c6d54a0-c268-41b2-a4be-ec0891810ab8	NR_117692.1	95.800	1357	33	20	22	1369	131	1472	0.0	2169
1c6d54a0-c268-41b2-a4be-ec0891810ab8	NR_025902.1	95.652	1357	35	20	22	1369	109	1450	0.0	2158
6910cdd2-6a9b-461d-8400-0ff9978c4ba9	NR_024912.1	98.081	521	4	6	1	516	526	7	0.0	902
6910cdd2-6a9b-461d-8400-0ff9978c4ba9	NR_156986.1	98.081	521	4	6	1	516	521	2	0.0	902
6910cdd2-6a9b-461d-8400-0ff9978c4ba9	NR_024901.1	97.889	521	5	6	1	516	526	7	0.0	896
6910cdd2-6a9b-461d-8400-0ff9978c4ba9	NR_024928.1	97.889	521	5	6	1	516	526	7	0.0	896
6910cdd2-6a9b-461d-8400-0ff9978c4ba9	NR_156987.1	97.889	521	5	6	1	516	521	2	0.0	896
b4f499d7-167d-42bb-87ec-e917fe766695	NR_028665.1	90.698	344	23	9	24	361	1135	1475	5.08e-126	449
b4f499d7-167d-42bb-87ec-e917fe766695	NR_114172.1	90.698	344	23	9	24	361	1118	1458	5.08e-126	449
b4f499d7-167d-42bb-87ec-e917fe766695	NR_115239.1	90.698	344	23	9	24	361	1118	1458	5.08e-126	449
b4f499d7-167d-42bb-87ec-e917fe766695	NR_027214.1	90.698	344	23	9	24	361	1118	1458	5.08e-126	449
b4f499d7-167d-42bb-87ec-e917fe766695	NR_165741.1	90.698	344	23	9	24	361	1127	1467	5.08e-126	449
0a4c4c61-f6dc-4ea5-b616-382e5c00c44c	NR_156986.1	96.708	1367	28	13	15	1371	1360	1	0.0	2259
0a4c4c61-f6dc-4ea5-b616-382e5c00c44c	NR_156987.1	96.635	1367	29	13	15	1371	1360	1	0.0	2254
0a4c4c61-f6dc-4ea5-b616-382e5c00c44c	NR_024928.1	96.562	1367	30	13	15	1371	1365	6	0.0	2250
0a4c4c61-f6dc-4ea5-b616-382e5c00c44c	NR_178976.1	96.824	1354	26	13	15	1358	1351	5	0.0	2248
0a4c4c61-f6dc-4ea5-b616-382e5c00c44c	NR_199513.1	96.489	1367	33	11	15	1372	1379	19	0.0	2244
a1207d8e-0898-4272-86d3-c0e4e55949e2	NR_074980.1	95.995	824	20	12	9	825	830	13	0.0	1327
a1207d8e-0898-4272-86d3-c0e4e55949e2	NR_113031.1	95.995	824	20	12	9	825	830	13	0.0	1327
a1207d8e-0898-4272-86d3-c0e4e55949e2	NR_119168.1	96.069	814	19	12	9	815	808	1	0.0	1314
a1207d8e-0898-4272-86d3-c0e4e55949e2	NR_113570.1	95.711	816	21	13	9	816	810	1	0.0	1301
a1207d8e-0898-4272-86d3-c0e4e55949e2	NR_117759.1	95.813	812	21	12	9	813	806	1	0.0	1301
484b5ae5-5d7d-40ab-9329-a7c1cca8a669	NR_116899.1	94.439	1115	30	20	1	1093	1430	326	0.0	1687
484b5ae5-5d7d-40ab-9329-a7c1cca8a669	NR_040992.1	93.184	1115	44	21	1	1093	1463	359	0.0	1609
484b5ae5-5d7d-40ab-9329-a7c1cca8a669	NR_181924.1	92.613	1110	48	25	7	1093	1464	366	0.0	1565
484b5ae5-5d7d-40ab-9329-a7c1cca8a669	NR_041036.1	91.982	1110	54	24	7	1093	1414	317	0.0	1524
484b5ae5-5d7d-40ab-9329-a7c1cca8a669	NR_043990.1	91.802	1110	56	26	7	1093	1408	311	0.0	1513
00f2e8e9-0e3a-473e-b8bc-c982ad218b12	NR_156986.1	93.835	1103	38	22	1	1085	1098	8	0.0	1633
00f2e8e9-0e3a-473e-b8bc-c982ad218b12	NR_042147.1	93.829	1102	38	22	1	1084	1090	1	0.0	1631
00f2e8e9-0e3a-473e-b8bc-c982ad218b12	NR_178976.1	93.824	1101	38	22	1	1083	1089	1	0.0	1629
00f2e8e9-0e3a-473e-b8bc-c982ad218b12	NR_024912.1	93.744	1103	39	22	1	1085	1103	13	0.0	1628
00f2e8e9-0e3a-473e-b8bc-c982ad218b12	NR_113600.1	93.739	1102	39	22	1	1084	1090	1	0.0	1628
b3884695-252c-4408-90d6-58014a0ea551	NR_043314.1	91.152	486	21	18	1	473	1005	1481	0.0	640
b3884695-252c-4408-90d6-58014a0ea551	NR_114749.1	91.152	486	21	18	1	473	1007	1483	0.0	640
b3884695-252c-4408-90d6-58014a0ea551	NR_116899.1	91.152	486	21	18	1	473	974	1450	0.0	640
b3884695-252c-4408-90d6-58014a0ea551	NR_178854.1	91.152	486	21	18	1	473	986	1462	0.0	640
b3884695-252c-4408-90d6-58014a0ea551	NR_179889.1	91.152	486	21	18	1	473	1014	1490	0.0	640
2842619c-8253-4376-bcb8-3fad3e247138	NR_114225.1	94.611	334	9	4	12	340	1096	1425	2.06e-144	510
2842619c-8253-4376-bcb8-3fad3e247138	NR_024918.1	94.611	334	9	4	12	340	1109	1438	7.42e-144	508
2842619c-8253-4376-bcb8-3fad3e247138	NR_025227.1	94.611	334	9	4	12	340	1092	1421	7.42e-144	508
2842619c-8253-4376-bcb8-3fad3e247138	NR_028986.1	94.611	334	9	4	12	340	1096	1425	7.42e-144	508
2842619c-8253-4376-bcb8-3fad3e247138	NR_043314.1	94.611	334	9	4	12	340	1114	1443	7.42e-144	508
b65decf7-836f-4c0c-8d56-c7baf1bdd09d	NR_116168.1	94.955	337	5	5	1	330	969	638	1.23e-146	518
b65decf7-836f-4c0c-8d56-c7baf1bdd09d	NR_042878.1	94.659	337	6	5	1	330	948	617	1.59e-145	514
b65decf7-836f-4c0c-8d56-c7baf1bdd09d	NR_118143.1	94.659	337	6	5	1	330	950	619	5.72e-145	512
b65decf7-836f-4c0c-8d56-c7baf1bdd09d	NR_042885.1	94.848	330	5	5	1	323	948	624	9.57e-143	505
b65decf7-836f-4c0c-8d56-c7baf1bdd09d	NR_042871.1	94.065	337	8	5	1	330	950	619	1.24e-141	501
171c3456-a7b4-4d34-9aae-beefc18ab179	NR_042776.1	99.083	436	2	1	1	434	453	18	0.0	782
171c3456-a7b4-4d34-9aae-beefc18ab179	NR_042778.1	98.853	436	3	1	1	434	453	18	0.0	776
171c3456-a7b4-4d34-9aae-beefc18ab179	NR_042777.1	98.624	436	4	1	1	434	453	18	0.0	771
171c3456-a7b4-4d34-9aae-beefc18ab179	NR_118998.1	97.936	436	7	1	1	434	448	13	0.0	756
171c3456-a7b4-4d34-9aae-beefc18ab179	NR_197695.1	97.936	436	7	1	1	434	452	17	0.0	754
8a4dd225-3bf6-4cec-aed7-995b5a6f2415	NR_043314.1	95.536	224	5	5	1	222	1392	1172	2.31e-97	353
8a4dd225-3bf6-4cec-aed7-995b5a6f2415	NR_114225.1	95.536	224	5	5	1	222	1374	1154	2.31e-97	353
8a4dd225-3bf6-4cec-aed7-995b5a6f2415	NR_116905.1	95.536	224	5	5	1	222	1395	1175	2.31e-97	353
8a4dd225-3bf6-4cec-aed7-995b5a6f2415	NR_114749.1	95.536	224	5	5	1	222	1394	1174	2.31e-97	353
8a4dd225-3bf6-4cec-aed7-995b5a6f2415	NR_116899.1	95.536	224	5	5	1	222	1361	1141	2.31e-97	353
4366eda4-5629-449c-b862-585cc29d4dd1	NR_156986.1	95.668	1385	36	21	1	1371	1383	9	0.0	2204
4366eda4-5629-449c-b862-585cc29d4dd1	NR_113600.1	95.596	1385	37	21	1	1371	1375	1	0.0	2200
4366eda4-5629-449c-b862-585cc29d4dd1	NR_156987.1	95.596	1385	37	21	1	1371	1383	9	0.0	2198
4366eda4-5629-449c-b862-585cc29d4dd1	NR_114225.1	95.523	1385	38	21	1	1371	1375	1	0.0	2194
4366eda4-5629-449c-b862-585cc29d4dd1	NR_178976.1	95.520	1384	38	21	1	1370	1374	1	0.0	2193
d75155a1-f687-40cf-9ec2-9e36cfd62c25	NR_043314.1	95.258	485	15	8	4	483	1005	1486	0.0	761
d75155a1-f687-40cf-9ec2-9e36cfd62c25	NR_114749.1	95.258	485	15	8	4	483	1007	1488	0.0	761
d75155a1-f687-40cf-9ec2-9e36cfd62c25	NR_116899.1	95.258	485	15	8	4	483	974	1455	0.0	761
d75155a1-f687-40cf-9ec2-9e36cfd62c25	NR_178854.1	95.258	485	15	8	4	483	986	1467	0.0	761
d75155a1-f687-40cf-9ec2-9e36cfd62c25	NR_179889.1	95.258	485	15	8	4	483	1014	1495	0.0	761
598fe98a-78c4-47b2-8af0-45a3bcdecf93	NR_024901.1	95.304	724	17	15	1	711	740	21	0.0	1133
598fe98a-78c4-47b2-8af0-45a3bcdecf93	NR_024912.1	95.304	724	17	15	1	711	740	21	0.0	1133
598fe98a-78c4-47b2-8af0-45a3bcdecf93	NR_024928.1	95.304	724	17	15	1	711	740	21	0.0	1133
598fe98a-78c4-47b2-8af0-45a3bcdecf93	NR_042147.1	95.304	724	17	15	1	711	727	8	0.0	1133
598fe98a-78c4-47b2-8af0-45a3bcdecf93	NR_113583.1	95.304	724	17	15	1	711	727	8	0.0	1133
1499f1dc-a0cc-4ca2-9510-d14ab2083692	NR_117694.1	93.098	594	14	22	1	571	590	1	0.0	845
1499f1dc-a0cc-4ca2-9510-d14ab2083692	NR_025892.1	91.077	594	25	22	1	571	615	27	0.0	795
1499f1dc-a0cc-4ca2-9510-d14ab2083692	NR_121687.1	91.443	596	20	27	1	571	610	21	0.0	789
1499f1dc-a0cc-4ca2-9510-d14ab2083692	NR_117692.1	91.246	594	25	24	1	571	590	1	0.0	784
1499f1dc-a0cc-4ca2-9510-d14ab2083692	NR_025902.1	91.434	572	24	22	1	551	568	1	0.0	761
cfecadba-32a6-41bc-981d-87b8ea4b3d6c	NR_118143.1	95.325	385	7	9	1	377	382	1	1.34e-171	601
cfecadba-32a6-41bc-981d-87b8ea4b3d6c	NR_042871.1	92.468	385	18	9	1	377	382	1	1.78e-155	547
cfecadba-32a6-41bc-981d-87b8ea4b3d6c	NR_026030.1	92.268	388	17	11	1	379	384	1	8.26e-154	542
cfecadba-32a6-41bc-981d-87b8ea4b3d6c	NR_179979.1	92.268	388	19	9	1	380	406	22	2.97e-153	540
cfecadba-32a6-41bc-981d-87b8ea4b3d6c	NR_115212.1	91.169	385	23	9	1	377	382	1	1.07e-152	538
0a9edd0b-bde1-4315-88b5-847a9967bbff	NR_024912.1	97.475	594	7	7	3	591	627	37	0.0	1007
0a9edd0b-bde1-4315-88b5-847a9967bbff	NR_042147.1	97.475	594	7	7	3	591	614	24	0.0	1007
0a9edd0b-bde1-4315-88b5-847a9967bbff	NR_156986.1	97.475	594	7	7	3	591	622	32	0.0	1007
0a9edd0b-bde1-4315-88b5-847a9967bbff	NR_178976.1	97.475	594	7	7	3	591	613	23	0.0	1007
0a9edd0b-bde1-4315-88b5-847a9967bbff	NR_113600.1	97.306	594	8	7	3	591	614	24	0.0	1003
37490966-42db-4139-9492-4cae25a69be4	NR_119169.1	93.849	634	25	12	1	627	627	1	0.0	946
37490966-42db-4139-9492-4cae25a69be4	NR_115355.1	93.959	629	24	12	1	622	622	1	0.0	942
37490966-42db-4139-9492-4cae25a69be4	NR_163639.1	93.740	639	23	15	1	632	638	10	0.0	942
37490966-42db-4139-9492-4cae25a69be4	NR_074980.1	93.584	639	27	12	1	632	649	18	0.0	941
37490966-42db-4139-9492-4cae25a69be4	NR_113031.1	93.584	639	27	12	1	632	649	18	0.0	941
4cdd1961-f488-47be-9d7d-30288332edd9	NR_179385.1	92.120	368	21	7	4	368	379	17	6.26e-145	512
4cdd1961-f488-47be-9d7d-30288332edd9	NR_199545.1	92.120	368	21	7	4	368	375	13	6.26e-145	512
4cdd1961-f488-47be-9d7d-30288332edd9	NR_165741.1	91.848	368	22	7	4	368	364	2	2.91e-143	507
4cdd1961-f488-47be-9d7d-30288332edd9	NR_028664.1	91.304	368	24	7	4	368	378	16	6.30e-140	496
4cdd1961-f488-47be-9d7d-30288332edd9	NR_179383.1	91.304	368	24	7	4	368	382	20	6.30e-140	496
a3b23213-5853-415b-9196-2d6b2d8e3702	NR_117694.1	97.045	1455	23	16	1	1445	26	1470	0.0	2431
a3b23213-5853-415b-9196-2d6b2d8e3702	NR_121687.1	96.016	1456	36	18	1	1445	46	1490	0.0	2348
a3b23213-5853-415b-9196-2d6b2d8e3702	NR_025892.1	95.781	1446	40	17	1	1436	52	1486	0.0	2338
a3b23213-5853-415b-9196-2d6b2d8e3702	NR_117692.1	95.882	1457	36	19	1	1445	26	1470	0.0	2337
a3b23213-5853-415b-9196-2d6b2d8e3702	NR_025902.1	95.679	1458	38	20	1	1445	3	1448	0.0	2320
c9819edf-a4eb-4b0b-82d1-2c0e226c65b6	NR_164626.1	96.744	430	6	7	3	428	427	2	0.0	710
c9819edf-a4eb-4b0b-82d1-2c0e226c65b6	NR_024912.1	96.737	429	6	7	3	427	430	6	0.0	708
c9819edf-a4eb-4b0b-82d1-2c0e226c65b6	NR_028706.1	96.737	429	6	7	3	427	438	14	0.0	708
c9819edf-a4eb-4b0b-82d1-2c0e226c65b6	NR_042939.1	96.737	429	6	7	3	427	436	12	0.0	708
c9819edf-a4eb-4b0b-82d1-2c0e226c65b6	NR_114473.1	96.737	429	6	7	3	427	425	1	0.0	708
4c9b7e25-0ed0-4cfa-93d2-c6dcb8ffd8af	NR_024918.1	96.673	511	12	5	14	521	968	1476	0.0	845
4c9b7e25-0ed0-4cfa-93d2-c6dcb8ffd8af	NR_043314.1	96.673	511	12	5	14	521	973	1481	0.0	845
4c9b7e25-0ed0-4cfa-93d2-c6dcb8ffd8af	NR_042147.1	96.673	511	12	5	14	521	955	1463	0.0	845
4c9b7e25-0ed0-4cfa-93d2-c6dcb8ffd8af	NR_116899.1	96.673	511	12	5	14	521	942	1450	0.0	845
4c9b7e25-0ed0-4cfa-93d2-c6dcb8ffd8af	NR_164626.1	96.673	511	12	5	14	521	965	1473	0.0	845
bb0d7c21-611c-4aaf-953f-ea5ff1a41dfc	NR_165737.1	94.486	1324	35	30	1	1301	163	1471	0.0	2006
bb0d7c21-611c-4aaf-953f-ea5ff1a41dfc	NR_109720.1	94.212	1313	38	31	4	1293	160	1457	0.0	1969
bb0d7c21-611c-4aaf-953f-ea5ff1a41dfc	NR_036936.1	93.944	1321	42	31	4	1301	166	1471	0.0	1964
bb0d7c21-611c-4aaf-953f-ea5ff1a41dfc	NR_115735.1	93.825	1328	41	33	1	1304	154	1464	0.0	1960
bb0d7c21-611c-4aaf-953f-ea5ff1a41dfc	NR_024842.1	93.679	1329	43	33	1	1305	178	1489	0.0	1954
20c74368-f056-48d5-9af9-05a02bf4b07f	NR_024918.1	96.355	823	18	9	1	814	660	1479	0.0	1343
20c74368-f056-48d5-9af9-05a02bf4b07f	NR_041799.1	96.355	823	18	8	1	814	647	1466	0.0	1343
20c74368-f056-48d5-9af9-05a02bf4b07f	NR_116899.1	96.355	823	18	9	1	814	634	1453	0.0	1343
20c74368-f056-48d5-9af9-05a02bf4b07f	NR_117823.1	96.355	823	18	8	1	814	619	1438	0.0	1343
20c74368-f056-48d5-9af9-05a02bf4b07f	NR_164626.1	96.355	823	18	9	1	814	657	1476	0.0	1343
17d5deb3-0e1a-46c1-a46f-a7960c1f5ddf	NR_117694.1	95.172	870	15	18	1	854	1453	595	0.0	1349
17d5deb3-0e1a-46c1-a46f-a7960c1f5ddf	NR_117692.1	94.822	869	20	17	1	854	1453	595	0.0	1332
17d5deb3-0e1a-46c1-a46f-a7960c1f5ddf	NR_025902.1	94.591	869	22	17	1	854	1431	573	0.0	1321
17d5deb3-0e1a-46c1-a46f-a7960c1f5ddf	NR_104947.1	94.598	870	20	18	1	854	1426	568	0.0	1321
17d5deb3-0e1a-46c1-a46f-a7960c1f5ddf	NR_117696.1	94.598	870	20	18	1	854	1440	582	0.0	1321
83b3f7c1-75d3-45d5-a83c-d4d82cd20362	NR_043459.1	92.165	1238	52	35	1	1201	1242	13	0.0	1707
83b3f7c1-75d3-45d5-a83c-d4d82cd20362	NR_156926.1	93.019	1146	54	19	1	1123	1186	44	0.0	1650
83b3f7c1-75d3-45d5-a83c-d4d82cd20362	NR_157664.1	90.916	1233	74	29	1	1201	1238	12	0.0	1622
83b3f7c1-75d3-45d5-a83c-d4d82cd20362	NR_159079.1	90.894	1219	74	29	1	1188	1214	2	0.0	1602
83b3f7c1-75d3-45d5-a83c-d4d82cd20362	NR_181569.1	90.445	1235	76	34	1	1201	1240	14	0.0	1589
2818c97e-66ef-425a-815c-4d0f5c44422b	NR_156986.1	95.574	1333	33	24	1	1317	1323	1	0.0	2111
2818c97e-66ef-425a-815c-4d0f5c44422b	NR_156987.1	95.499	1333	34	24	1	1317	1323	1	0.0	2106
2818c97e-66ef-425a-815c-4d0f5c44422b	NR_024928.1	95.424	1333	35	24	1	1317	1328	6	0.0	2102
2818c97e-66ef-425a-815c-4d0f5c44422b	NR_178976.1	95.544	1324	33	24	1	1308	1314	1	0.0	2097
2818c97e-66ef-425a-815c-4d0f5c44422b	NR_199513.1	95.349	1333	38	22	1	1318	1342	19	0.0	2097
4a275df4-8f98-490c-84c4-129b78423cff	NR_028664.1	94.255	644	21	11	1	632	857	1496	0.0	970
4a275df4-8f98-490c-84c4-129b78423cff	NR_024842.1	94.246	643	22	10	1	632	851	1489	0.0	968
4a275df4-8f98-490c-84c4-129b78423cff	NR_115735.1	94.237	642	22	10	1	631	827	1464	0.0	966
4a275df4-8f98-490c-84c4-129b78423cff	NR_115240.1	94.219	640	21	11	1	628	834	1469	0.0	963
4a275df4-8f98-490c-84c4-129b78423cff	NR_165737.1	94.219	640	21	11	1	628	836	1471	0.0	963
0640b306-1a0f-4ab0-8dd3-a4a05357cc26	NR_179889.1	95.944	1134	26	17	1	1126	369	1490	0.0	1821
0640b306-1a0f-4ab0-8dd3-a4a05357cc26	NR_041953.1	95.855	1134	27	17	1	1126	342	1463	0.0	1816
0640b306-1a0f-4ab0-8dd3-a4a05357cc26	NR_042541.1	95.855	1134	27	17	1	1126	342	1463	0.0	1816
0640b306-1a0f-4ab0-8dd3-a4a05357cc26	NR_178854.1	95.855	1134	26	18	1	1126	342	1462	0.0	1814
0640b306-1a0f-4ab0-8dd3-a4a05357cc26	NR_178447.1	95.767	1134	28	17	1	1126	276	1397	0.0	1810
c025646b-3372-4f07-bbab-b51ac51db1b0	NR_117717.1	93.686	586	16	17	1	569	906	1487	0.0	857
c025646b-3372-4f07-bbab-b51ac51db1b0	NR_117696.1	93.686	586	16	17	1	569	873	1454	0.0	857
c025646b-3372-4f07-bbab-b51ac51db1b0	NR_159079.1	93.515	586	17	17	1	569	882	1463	0.0	852
c025646b-3372-4f07-bbab-b51ac51db1b0	NR_117694.1	93.515	586	17	17	1	569	886	1467	0.0	852
c025646b-3372-4f07-bbab-b51ac51db1b0	NR_025902.1	93.345	586	18	16	1	569	864	1445	0.0	846
a536ada5-662e-494c-aeae-a4c05007fec9	NR_159079.1	96.615	650	17	4	1	647	819	1466	0.0	1074
a536ada5-662e-494c-aeae-a4c05007fec9	NR_117694.1	96.615	650	17	5	1	647	823	1470	0.0	1074
a536ada5-662e-494c-aeae-a4c05007fec9	NR_117692.1	96.462	650	18	4	1	647	823	1470	0.0	1068
a536ada5-662e-494c-aeae-a4c05007fec9	NR_117696.1	96.462	650	18	4	1	647	810	1457	0.0	1068
a536ada5-662e-494c-aeae-a4c05007fec9	NR_117717.1	96.308	650	18	5	1	647	844	1490	0.0	1062
48394d19-774c-480a-b34b-2a55530983dd	NR_199513.1	94.786	1400	45	19	15	1400	102	1487	0.0	2156
48394d19-774c-480a-b34b-2a55530983dd	NR_113600.1	94.571	1400	48	19	15	1400	75	1460	0.0	2141
48394d19-774c-480a-b34b-2a55530983dd	NR_041953.1	94.571	1400	48	19	15	1400	75	1460	0.0	2139
48394d19-774c-480a-b34b-2a55530983dd	NR_179889.1	94.571	1400	48	19	15	1400	102	1487	0.0	2139
48394d19-774c-480a-b34b-2a55530983dd	NR_181891.1	94.571	1400	48	19	15	1400	98	1483	0.0	2139
5a59d105-cf45-4db9-b741-aba963a077d7	NR_041953.1	97.126	1357	28	8	5	1353	113	1466	0.0	2279
5a59d105-cf45-4db9-b741-aba963a077d7	NR_042541.1	97.126	1357	28	8	5	1353	113	1466	0.0	2279
5a59d105-cf45-4db9-b741-aba963a077d7	NR_199513.1	97.126	1357	28	8	5	1353	140	1493	0.0	2279
5a59d105-cf45-4db9-b741-aba963a077d7	NR_179889.1	97.052	1357	29	8	5	1353	140	1493	0.0	2274
5a59d105-cf45-4db9-b741-aba963a077d7	NR_024928.1	96.979	1357	30	8	5	1353	126	1479	0.0	2270
40a49f2c-accb-4875-ade8-5adf90ec9792	NR_164626.1	99.528	212	0	1	4	214	212	1	7.87e-107	385
40a49f2c-accb-4875-ade8-5adf90ec9792	NR_024901.1	99.524	210	0	1	4	212	215	6	1.02e-105	381
40a49f2c-accb-4875-ade8-5adf90ec9792	NR_024912.1	99.524	210	0	1	4	212	215	6	1.02e-105	381
40a49f2c-accb-4875-ade8-5adf90ec9792	NR_024928.1	99.524	210	0	1	4	212	215	6	1.02e-105	381
40a49f2c-accb-4875-ade8-5adf90ec9792	NR_025586.1	99.524	210	0	1	4	212	210	1	1.02e-105	381
c8d3a586-9c6b-40b0-a08a-d61df8a9b7fd	NR_117694.1	96.505	515	9	8	1	508	513	1	0.0	843
c8d3a586-9c6b-40b0-a08a-d61df8a9b7fd	NR_025892.1	94.626	521	19	8	1	514	539	21	0.0	813
c8d3a586-9c6b-40b0-a08a-d61df8a9b7fd	NR_121687.1	94.061	522	20	10	1	514	533	15	0.0	782
c8d3a586-9c6b-40b0-a08a-d61df8a9b7fd	NR_117692.1	93.786	515	23	8	1	508	513	1	0.0	765
c8d3a586-9c6b-40b0-a08a-d61df8a9b7fd	NR_117717.1	92.337	522	29	10	1	514	534	16	0.0	732
f3599227-ca34-4dc2-a55f-63a8a1a732c1	NR_026419.1	94.000	800	22	16	1	783	795	5	0.0	1188
f3599227-ca34-4dc2-a55f-63a8a1a732c1	NR_025903.1	92.488	812	35	16	1	796	807	6	0.0	1138
f3599227-ca34-4dc2-a55f-63a8a1a732c1	NR_025904.1	92.147	815	32	21	1	796	806	5	0.0	1122
f3599227-ca34-4dc2-a55f-63a8a1a732c1	NR_133753.1	93.117	770	28	16	1	754	761	1	0.0	1105
f3599227-ca34-4dc2-a55f-63a8a1a732c1	NR_133752.1	93.741	735	26	14	1	721	732	4	0.0	1085
fedd1ae0-1987-406c-b695-0d572f79c352	NR_199545.1	93.821	1149	32	32	1	1131	365	1492	0.0	1692
fedd1ae0-1987-406c-b695-0d572f79c352	NR_028664.1	93.734	1149	34	32	1	1131	368	1496	0.0	1688
fedd1ae0-1987-406c-b695-0d572f79c352	NR_179383.1	93.734	1149	34	32	1	1131	372	1500	0.0	1688
fedd1ae0-1987-406c-b695-0d572f79c352	NR_042927.1	93.799	1145	33	32	1	1127	347	1471	0.0	1687
fedd1ae0-1987-406c-b695-0d572f79c352	NR_115734.1	93.799	1145	33	32	1	1127	348	1472	0.0	1687
c16fd6a3-dd09-484e-9c6f-604515410268	NR_116168.1	95.842	457	8	8	2	450	1037	1490	0.0	728
c16fd6a3-dd09-484e-9c6f-604515410268	NR_118762.1	95.312	448	10	8	2	441	1039	1483	0.0	704
c16fd6a3-dd09-484e-9c6f-604515410268	NR_115546.2	94.311	457	15	8	2	450	1046	1499	0.0	689
c16fd6a3-dd09-484e-9c6f-604515410268	NR_024897.1	94.092	457	16	8	2	450	1036	1489	0.0	684
c16fd6a3-dd09-484e-9c6f-604515410268	NR_181418.1	94.092	457	16	8	2	450	1036	1489	0.0	684
f534c95a-8bd6-468c-a9ac-979dfc24eeee	NR_043314.1	93.696	349	14	6	3	350	1140	1481	4.62e-146	516
f534c95a-8bd6-468c-a9ac-979dfc24eeee	NR_114225.1	93.678	348	14	6	3	349	1122	1462	4.62e-146	516
f534c95a-8bd6-468c-a9ac-979dfc24eeee	NR_114749.1	93.696	349	14	6	3	350	1142	1483	4.62e-146	516
f534c95a-8bd6-468c-a9ac-979dfc24eeee	NR_116899.1	93.696	349	14	6	3	350	1109	1450	4.62e-146	516
f534c95a-8bd6-468c-a9ac-979dfc24eeee	NR_178854.1	93.696	349	14	6	3	350	1121	1462	4.62e-146	516
ab9e1c66-7964-4a24-8513-0a3bc8785c44	NR_136445.1	94.976	836	25	12	1	830	659	1483	0.0	1295
ab9e1c66-7964-4a24-8513-0a3bc8785c44	NR_028801.1	94.026	837	31	14	1	830	638	1462	0.0	1251
ab9e1c66-7964-4a24-8513-0a3bc8785c44	NR_043790.1	89.247	837	74	13	1	830	655	1482	0.0	1033
ab9e1c66-7964-4a24-8513-0a3bc8785c44	NR_179829.1	88.067	838	82	14	1	830	669	1496	0.0	977
ab9e1c66-7964-4a24-8513-0a3bc8785c44	NR_179881.1	88.067	838	82	14	1	830	664	1491	0.0	977
60bc3b6d-8a67-4cd8-9279-90744721b453	NR_024912.1	85.977	1412	141	52	1	1386	1387	7	0.0	1458
60bc3b6d-8a67-4cd8-9279-90744721b453	NR_156986.1	85.967	1411	143	50	1	1386	1382	2	0.0	1458
60bc3b6d-8a67-4cd8-9279-90744721b453	NR_024928.1	85.907	1412	142	52	1	1386	1387	7	0.0	1454
60bc3b6d-8a67-4cd8-9279-90744721b453	NR_024901.1	85.907	1412	142	52	1	1386	1387	7	0.0	1452
60bc3b6d-8a67-4cd8-9279-90744721b453	NR_156987.1	85.897	1411	144	50	1	1386	1382	2	0.0	1452
26208094-d403-4394-a31a-178e6f09137b	NR_024912.1	96.926	488	4	9	17	495	491	6	0.0	808
26208094-d403-4394-a31a-178e6f09137b	NR_156986.1	96.926	488	4	9	17	495	486	1	0.0	808
26208094-d403-4394-a31a-178e6f09137b	NR_024901.1	96.721	488	5	9	17	495	491	6	0.0	802
26208094-d403-4394-a31a-178e6f09137b	NR_024928.1	96.721	488	5	9	17	495	491	6	0.0	802
26208094-d403-4394-a31a-178e6f09137b	NR_156987.1	96.721	488	5	9	17	495	486	1	0.0	802
a74abe2d-f8d9-48d9-ab6e-5786b388576f	NR_117694.1	97.739	398	5	3	1	396	513	118	0.0	682
a74abe2d-f8d9-48d9-ab6e-5786b388576f	NR_025892.1	95.729	398	13	3	1	396	539	144	0.0	652
a74abe2d-f8d9-48d9-ab6e-5786b388576f	NR_041989.1	95.489	399	12	5	1	396	471	76	0.0	632
a74abe2d-f8d9-48d9-ab6e-5786b388576f	NR_121687.1	95.238	399	13	5	1	396	533	138	2.36e-179	627
a74abe2d-f8d9-48d9-ab6e-5786b388576f	NR_104946.1	95.250	400	11	7	1	396	476	81	2.36e-179	627
cc6f1580-39f2-4ec4-9af7-17d65683b369	NR_156986.1	96.154	650	7	14	5	647	23	661	0.0	1046
cc6f1580-39f2-4ec4-9af7-17d65683b369	NR_178976.1	96.154	650	7	14	5	647	14	652	0.0	1046
cc6f1580-39f2-4ec4-9af7-17d65683b369	NR_113600.1	96.000	650	8	14	5	647	15	653	0.0	1042
cc6f1580-39f2-4ec4-9af7-17d65683b369	NR_024901.1	96.000	650	8	14	5	647	28	666	0.0	1040
cc6f1580-39f2-4ec4-9af7-17d65683b369	NR_024912.1	96.000	650	8	14	5	647	28	666	0.0	1040
0a30f7f0-16c1-4b2c-ab21-0b88537fb9e7	NR_156986.1	92.661	981	28	32	9	965	962	2	0.0	1373
0a30f7f0-16c1-4b2c-ab21-0b88537fb9e7	NR_156987.1	92.559	981	29	32	9	965	962	2	0.0	1367
0a30f7f0-16c1-4b2c-ab21-0b88537fb9e7	NR_199514.1	92.559	981	29	32	9	965	974	14	0.0	1367
0a30f7f0-16c1-4b2c-ab21-0b88537fb9e7	NR_024901.1	92.457	981	30	32	9	965	967	7	0.0	1362
0a30f7f0-16c1-4b2c-ab21-0b88537fb9e7	NR_178976.1	92.600	973	28	32	9	957	953	1	0.0	1358
c31dad8f-6326-4c49-bd2a-5c75340f00bf	NR_156986.1	95.649	1287	29	26	1	1268	1281	3	0.0	2041
c31dad8f-6326-4c49-bd2a-5c75340f00bf	NR_156987.1	95.571	1287	30	26	1	1268	1281	3	0.0	2036
c31dad8f-6326-4c49-bd2a-5c75340f00bf	NR_113600.1	95.628	1281	29	26	1	1262	1273	1	0.0	2032
c31dad8f-6326-4c49-bd2a-5c75340f00bf	NR_114225.1	95.550	1281	30	26	1	1262	1273	1	0.0	2026
c31dad8f-6326-4c49-bd2a-5c75340f00bf	NR_178976.1	95.547	1280	30	26	1	1261	1272	1	0.0	2025
7de2360c-cb25-4e64-9d90-cb4a34706d3f	NR_121687.1	95.059	425	13	7	5	422	1038	615	0.0	662
7de2360c-cb25-4e64-9d90-cb4a34706d3f	NR_041989.1	94.824	425	14	7	5	422	976	553	0.0	656
7de2360c-cb25-4e64-9d90-cb4a34706d3f	NR_117694.1	94.588	425	15	7	5	422	1018	595	0.0	651
7de2360c-cb25-4e64-9d90-cb4a34706d3f	NR_028900.1	94.118	425	17	7	5	422	976	553	0.0	640
7de2360c-cb25-4e64-9d90-cb4a34706d3f	NR_041988.1	93.882	425	18	7	5	422	976	553	0.0	634
ffc66d8f-58d8-4075-b5b5-4c8200cb9761	NR_043314.1	98.756	643	6	1	2	642	839	1481	0.0	1142
ffc66d8f-58d8-4075-b5b5-4c8200cb9761	NR_116899.1	98.756	643	6	1	2	642	808	1450	0.0	1142
ffc66d8f-58d8-4075-b5b5-4c8200cb9761	NR_178854.1	98.756	643	6	1	2	642	820	1462	0.0	1142
ffc66d8f-58d8-4075-b5b5-4c8200cb9761	NR_179889.1	98.756	643	6	1	2	642	848	1490	0.0	1142
ffc66d8f-58d8-4075-b5b5-4c8200cb9761	NR_041799.1	98.600	643	7	1	2	642	821	1463	0.0	1136
48926c37-11be-424e-b98f-80540e797ea9	NR_199513.1	96.219	1005	24	14	1	995	1148	148	0.0	1633
48926c37-11be-424e-b98f-80540e797ea9	NR_041953.1	96.300	1000	23	14	1	990	1121	126	0.0	1629
48926c37-11be-424e-b98f-80540e797ea9	NR_178447.1	96.300	1000	23	14	1	990	1055	60	0.0	1629
48926c37-11be-424e-b98f-80540e797ea9	NR_042541.1	96.200	1000	24	14	1	990	1121	126	0.0	1624
48926c37-11be-424e-b98f-80540e797ea9	NR_179889.1	96.200	1000	24	14	1	990	1148	153	0.0	1624
57cbe626-f00f-4b24-b52f-934b8b419632	NR_117694.1	95.066	1054	33	17	1	1038	1051	1	0.0	1640
57cbe626-f00f-4b24-b52f-934b8b419632	NR_025892.1	93.879	1062	45	18	1	1046	1076	19	0.0	1604
57cbe626-f00f-4b24-b52f-934b8b419632	NR_121687.1	93.791	1063	45	19	1	1046	1071	13	0.0	1578
57cbe626-f00f-4b24-b52f-934b8b419632	NR_117692.1	93.567	1057	43	21	1	1038	1051	1	0.0	1552
57cbe626-f00f-4b24-b52f-934b8b419632	NR_041989.1	94.472	1013	36	18	1	997	1009	1	0.0	1543
5032ad83-da7e-452f-b07c-9f53a9cd4df5	NR_024912.1	96.709	547	8	10	1	541	548	6	0.0	902
5032ad83-da7e-452f-b07c-9f53a9cd4df5	NR_156986.1	96.709	547	8	10	1	541	543	1	0.0	902
5032ad83-da7e-452f-b07c-9f53a9cd4df5	NR_037092.1	96.703	546	9	9	1	541	552	11	0.0	900
5032ad83-da7e-452f-b07c-9f53a9cd4df5	NR_024901.1	96.527	547	9	10	1	541	548	6	0.0	896
5032ad83-da7e-452f-b07c-9f53a9cd4df5	NR_024928.1	96.527	547	9	10	1	541	548	6	0.0	896
42e8743c-c3d0-4f92-9bbd-a44e211824dc	NR_024912.1	98.352	546	4	4	1	541	551	6	0.0	953
42e8743c-c3d0-4f92-9bbd-a44e211824dc	NR_037092.1	98.349	545	5	3	1	541	555	11	0.0	953
42e8743c-c3d0-4f92-9bbd-a44e211824dc	NR_156986.1	98.352	546	4	4	1	541	546	1	0.0	953
42e8743c-c3d0-4f92-9bbd-a44e211824dc	NR_024901.1	98.168	546	5	4	1	541	551	6	0.0	948
42e8743c-c3d0-4f92-9bbd-a44e211824dc	NR_024928.1	98.168	546	5	4	1	541	551	6	0.0	948
1cc39304-aac0-470a-91bb-3463e36c46a3	NR_036936.1	93.008	1187	42	36	6	1168	1278	109	0.0	1696
1cc39304-aac0-470a-91bb-3463e36c46a3	NR_109720.1	92.839	1187	44	36	6	1168	1272	103	0.0	1683
1cc39304-aac0-470a-91bb-3463e36c46a3	NR_178515.1	92.761	1188	43	38	6	1168	1278	109	0.0	1677
1cc39304-aac0-470a-91bb-3463e36c46a3	NR_180875.1	92.424	1188	47	37	6	1168	1257	88	0.0	1663
1cc39304-aac0-470a-91bb-3463e36c46a3	NR_165737.1	92.502	1187	48	37	6	1168	1278	109	0.0	1661
b6beac83-6275-4426-9d7b-69ad3dd0e9b2	NR_164626.1	97.759	357	2	5	1	353	355	1	2.05e-174	610
b6beac83-6275-4426-9d7b-69ad3dd0e9b2	NR_024912.1	98.555	346	1	3	1	343	358	14	7.38e-174	608
b6beac83-6275-4426-9d7b-69ad3dd0e9b2	NR_025164.1	98.555	346	1	3	1	343	345	1	7.38e-174	608
b6beac83-6275-4426-9d7b-69ad3dd0e9b2	NR_028706.1	98.555	346	1	3	1	343	366	22	7.38e-174	608
b6beac83-6275-4426-9d7b-69ad3dd0e9b2	NR_037092.1	98.555	346	1	3	1	343	363	19	7.38e-174	608
221b7ad3-1807-4f13-906b-50ef29733d9e	NR_025903.1	96.369	358	3	7	1	354	1148	1499	1.61e-165	580
221b7ad3-1807-4f13-906b-50ef29733d9e	NR_025904.1	95.251	358	7	7	1	354	1147	1498	7.56e-159	558
221b7ad3-1807-4f13-906b-50ef29733d9e	NR_026419.1	95.429	350	9	4	9	354	1142	1488	1.27e-156	551
221b7ad3-1807-4f13-906b-50ef29733d9e	NR_133752.1	96.364	330	3	6	1	326	1073	1397	1.27e-151	534
221b7ad3-1807-4f13-906b-50ef29733d9e	NR_133753.1	96.364	330	3	6	1	326	1102	1426	1.27e-151	534
384169ad-cfdc-470a-8afa-3be0f3c05551	NR_024842.1	96.426	1371	31	14	16	1375	1371	8	0.0	2248
384169ad-cfdc-470a-8afa-3be0f3c05551	NR_115241.1	96.478	1363	30	14	16	1367	1356	1	0.0	2237
384169ad-cfdc-470a-8afa-3be0f3c05551	NR_178515.1	96.408	1364	29	17	16	1367	1356	1	0.0	2230
384169ad-cfdc-470a-8afa-3be0f3c05551	NR_115735.1	96.455	1354	29	15	16	1357	1347	1	0.0	2217
384169ad-cfdc-470a-8afa-3be0f3c05551	NR_165737.1	96.188	1364	32	17	16	1367	1356	1	0.0	2213
6cebff94-283a-4b1b-9230-36de0559549e	NR_113570.1	97.319	373	5	5	1	371	704	335	6.11e-180	628
6cebff94-283a-4b1b-9230-36de0559549e	NR_044091.1	97.319	373	5	5	1	371	611	242	6.11e-180	628
6cebff94-283a-4b1b-9230-36de0559549e	NR_041879.1	97.043	372	8	3	1	371	654	285	2.84e-178	623
6cebff94-283a-4b1b-9230-36de0559549e	NR_074980.1	97.051	373	6	5	1	371	724	355	2.84e-178	623
6cebff94-283a-4b1b-9230-36de0559549e	NR_113031.1	97.051	373	6	5	1	371	724	355	2.84e-178	623
7a7a1eb9-68d9-4ac4-959a-7bf86b1e4ed0	NR_024918.1	94.527	603	15	13	1	594	883	1476	0.0	915
7a7a1eb9-68d9-4ac4-959a-7bf86b1e4ed0	NR_028986.1	94.527	603	15	13	1	594	870	1463	0.0	915
7a7a1eb9-68d9-4ac4-959a-7bf86b1e4ed0	NR_043314.1	94.527	603	15	13	1	594	888	1481	0.0	915
7a7a1eb9-68d9-4ac4-959a-7bf86b1e4ed0	NR_042147.1	94.527	603	15	12	1	594	870	1463	0.0	915
7a7a1eb9-68d9-4ac4-959a-7bf86b1e4ed0	NR_042199.1	94.527	603	15	13	1	594	870	1463	0.0	915
f84c6c4d-b7fd-441c-abb9-0f0414861ed4	NR_026419.1	96.429	700	12	11	1	689	698	1	0.0	1142
f84c6c4d-b7fd-441c-abb9-0f0414861ed4	NR_025903.1	94.492	708	24	13	1	696	710	6	0.0	1077
f84c6c4d-b7fd-441c-abb9-0f0414861ed4	NR_025904.1	93.662	710	26	16	1	696	709	5	0.0	1044
f84c6c4d-b7fd-441c-abb9-0f0414861ed4	NR_133753.1	94.895	666	21	11	1	655	664	1	0.0	1029
f84c6c4d-b7fd-441c-abb9-0f0414861ed4	NR_036920.1	92.373	708	36	15	1	696	703	2	0.0	992
2cb23278-16ee-41cf-813c-2c8627f8508c	NR_117694.1	96.067	661	18	8	11	666	810	1467	0.0	1070
2cb23278-16ee-41cf-813c-2c8627f8508c	NR_117692.1	95.764	661	20	8	11	666	810	1467	0.0	1059
2cb23278-16ee-41cf-813c-2c8627f8508c	NR_043459.1	96.012	652	18	8	11	657	834	1482	0.0	1053
2cb23278-16ee-41cf-813c-2c8627f8508c	NR_025892.1	95.573	655	21	8	11	660	835	1486	0.0	1048
2cb23278-16ee-41cf-813c-2c8627f8508c	NR_025902.1	95.461	661	22	8	11	666	788	1445	0.0	1048
7a8b10b2-4f2e-4259-8c00-cc95753423c5	NR_116899.1	94.887	1017	31	18	5	1008	442	1450	0.0	1570
7a8b10b2-4f2e-4259-8c00-cc95753423c5	NR_179889.1	94.887	1017	31	18	5	1008	482	1490	0.0	1570
7a8b10b2-4f2e-4259-8c00-cc95753423c5	NR_181891.1	94.887	1017	31	18	5	1008	478	1486	0.0	1570
7a8b10b2-4f2e-4259-8c00-cc95753423c5	NR_199515.1	94.887	1017	31	18	5	1008	484	1492	0.0	1570
7a8b10b2-4f2e-4259-8c00-cc95753423c5	NR_181354.1	94.882	1016	29	20	5	1008	482	1486	0.0	1567
c99d55a9-28d0-4fdf-9561-1b9110121529	NR_024842.1	94.872	1287	36	24	6	1278	1279	9	0.0	1988
c99d55a9-28d0-4fdf-9561-1b9110121529	NR_115241.1	94.844	1280	36	24	6	1271	1264	1	0.0	1975
c99d55a9-28d0-4fdf-9561-1b9110121529	NR_115735.1	94.965	1271	34	24	6	1262	1255	1	0.0	1965
c99d55a9-28d0-4fdf-9561-1b9110121529	NR_116211.1	96.241	1197	21	18	6	1192	1187	5	0.0	1940
c99d55a9-28d0-4fdf-9561-1b9110121529	NR_036936.1	94.384	1282	38	28	6	1271	1264	1	0.0	1938
356d0c92-6c96-4838-b7c7-ed8fa0d43baa	NR_179540.1	95.110	1043	20	23	1	1028	1039	13	0.0	1615
356d0c92-6c96-4838-b7c7-ed8fa0d43baa	NR_118234.1	94.269	1047	25	26	1	1029	1038	9	0.0	1568
356d0c92-6c96-4838-b7c7-ed8fa0d43baa	NR_117719.1	94.157	1044	28	25	1	1028	1039	13	0.0	1559
356d0c92-6c96-4838-b7c7-ed8fa0d43baa	NR_028664.1	94.061	1044	29	25	1	1028	1042	16	0.0	1554
356d0c92-6c96-4838-b7c7-ed8fa0d43baa	NR_179383.1	94.061	1044	29	25	1	1028	1046	20	0.0	1554
8c92d9a9-0805-4028-b740-7f6bbc3315dd	NR_156986.1	97.046	677	9	8	4	671	675	1	0.0	1129
8c92d9a9-0805-4028-b740-7f6bbc3315dd	NR_024901.1	96.898	677	10	8	4	671	680	6	0.0	1123
8c92d9a9-0805-4028-b740-7f6bbc3315dd	NR_024912.1	96.898	677	10	8	4	671	680	6	0.0	1123
8c92d9a9-0805-4028-b740-7f6bbc3315dd	NR_024928.1	96.898	677	10	8	4	671	680	6	0.0	1123
8c92d9a9-0805-4028-b740-7f6bbc3315dd	NR_156987.1	96.898	677	10	8	4	671	675	1	0.0	1123
88b610a4-c9e8-46d7-a995-8f04c09e824f	NR_043314.1	97.479	357	2	4	27	376	1108	1464	3.88e-172	603
88b610a4-c9e8-46d7-a995-8f04c09e824f	NR_114749.1	97.479	357	2	4	27	376	1110	1466	3.88e-172	603
88b610a4-c9e8-46d7-a995-8f04c09e824f	NR_116899.1	97.479	357	2	4	27	376	1077	1433	3.88e-172	603
88b610a4-c9e8-46d7-a995-8f04c09e824f	NR_178854.1	97.479	357	2	4	27	376	1089	1445	3.88e-172	603
88b610a4-c9e8-46d7-a995-8f04c09e824f	NR_179889.1	97.479	357	2	4	27	376	1117	1473	3.88e-172	603
856b1426-02f7-415e-92ad-99bb222a0942	NR_178482.1	91.743	654	25	24	1	638	646	6	0.0	881
856b1426-02f7-415e-92ad-99bb222a0942	NR_148763.1	90.520	654	33	24	1	638	676	36	0.0	837
856b1426-02f7-415e-92ad-99bb222a0942	NR_136473.1	89.602	654	39	24	1	638	659	19	0.0	806
856b1426-02f7-415e-92ad-99bb222a0942	NR_024946.1	89.602	654	39	24	1	638	664	24	0.0	804
856b1426-02f7-415e-92ad-99bb222a0942	NR_113578.1	89.602	654	39	24	1	638	656	16	0.0	804
3448a35b-371c-4225-8f6f-4e6d23d35ea1	NR_156986.1	94.553	973	30	18	6	961	967	1	0.0	1482
3448a35b-371c-4225-8f6f-4e6d23d35ea1	NR_156987.1	94.450	973	31	18	6	961	967	1	0.0	1476
3448a35b-371c-4225-8f6f-4e6d23d35ea1	NR_199514.1	94.450	973	31	18	6	961	979	13	0.0	1476
3448a35b-371c-4225-8f6f-4e6d23d35ea1	NR_024901.1	94.347	973	32	18	6	961	972	6	0.0	1471
3448a35b-371c-4225-8f6f-4e6d23d35ea1	NR_024928.1	94.347	973	32	18	6	961	972	6	0.0	1471
2bf35ade-009d-4d87-9268-1ec3122e7494	NR_040859.1	94.040	302	8	10	58	352	944	646	4.89e-126	449
2bf35ade-009d-4d87-9268-1ec3122e7494	NR_025947.1	94.040	302	8	10	58	352	952	654	4.89e-126	449
2bf35ade-009d-4d87-9268-1ec3122e7494	NR_024662.1	94.040	302	8	10	58	352	952	654	4.89e-126	449
2bf35ade-009d-4d87-9268-1ec3122e7494	NR_024910.1	94.040	302	8	10	58	352	943	645	4.89e-126	449
2bf35ade-009d-4d87-9268-1ec3122e7494	NR_024924.1	94.040	302	8	10	58	352	943	645	4.89e-126	449
0eaa9fcc-ccf6-43bc-b6be-6b0935018c0e	NR_165737.1	92.941	1020	32	33	1	1001	473	1471	0.0	1448
0eaa9fcc-ccf6-43bc-b6be-6b0935018c0e	NR_036936.1	92.843	1020	33	33	1	1001	473	1471	0.0	1443
0eaa9fcc-ccf6-43bc-b6be-6b0935018c0e	NR_115735.1	92.843	1020	32	34	1	1001	464	1461	0.0	1441
0eaa9fcc-ccf6-43bc-b6be-6b0935018c0e	NR_024842.1	92.745	1020	33	34	1	1001	488	1485	0.0	1437
0eaa9fcc-ccf6-43bc-b6be-6b0935018c0e	NR_109720.1	92.885	1012	32	33	1	993	467	1457	0.0	1434
79587d1b-fa95-468e-9b95-52993de23fe0	NR_041953.1	94.484	417	13	9	1	410	358	771	0.0	634
79587d1b-fa95-468e-9b95-52993de23fe0	NR_199513.1	94.484	417	13	9	1	410	385	798	0.0	634
79587d1b-fa95-468e-9b95-52993de23fe0	NR_042541.1	94.245	417	14	10	1	410	358	771	6.65e-180	628
79587d1b-fa95-468e-9b95-52993de23fe0	NR_152710.1	94.245	417	14	10	1	410	339	752	6.65e-180	628
79587d1b-fa95-468e-9b95-52993de23fe0	NR_178447.1	94.245	417	14	10	1	410	292	705	6.65e-180	628
