a1f0151d-007a-4d7d-8c0c-87c0c9e72b1f	NR_165737.1	97.042	1251	20	14	18	1262	232	1471	0.0	2089
a1f0151d-007a-4d7d-8c0c-87c0c9e72b1f	NR_036936.1	96.723	1251	24	14	18	1262	232	1471	0.0	2067
a1f0151d-007a-4d7d-8c0c-87c0c9e72b1f	NR_115735.1	96.651	1254	24	15	18	1265	223	1464	0.0	2067
a1f0151d-007a-4d7d-8c0c-87c0c9e72b1f	NR_109720.1	96.862	1243	22	14	18	1254	226	1457	0.0	2063
a1f0151d-007a-4d7d-8c0c-87c0c9e72b1f	NR_024842.1	96.494	1255	26	15	18	1266	247	1489	0.0	2061
80cab827-6a2a-474f-9651-4f3d079ad12d	NR_156986.1	95.320	641	12	13	2	628	659	23	0.0	1002
80cab827-6a2a-474f-9651-4f3d079ad12d	NR_178976.1	95.320	641	12	13	2	628	650	14	0.0	1002
80cab827-6a2a-474f-9651-4f3d079ad12d	NR_113600.1	95.164	641	13	13	2	628	651	15	0.0	998
80cab827-6a2a-474f-9651-4f3d079ad12d	NR_024901.1	95.164	641	13	13	2	628	664	28	0.0	996
80cab827-6a2a-474f-9651-4f3d079ad12d	NR_024912.1	95.164	641	13	13	2	628	664	28	0.0	996
0a64b50b-4095-4b2d-b6e4-a6351c7fbeaa	NR_041953.1	93.855	895	23	17	1	880	227	1104	0.0	1319
0a64b50b-4095-4b2d-b6e4-a6351c7fbeaa	NR_178447.1	93.855	895	23	17	1	880	161	1038	0.0	1319
0a64b50b-4095-4b2d-b6e4-a6351c7fbeaa	NR_042541.1	93.743	895	24	17	1	880	227	1104	0.0	1314
0a64b50b-4095-4b2d-b6e4-a6351c7fbeaa	NR_179889.1	93.743	895	24	17	1	880	254	1131	0.0	1314
0a64b50b-4095-4b2d-b6e4-a6351c7fbeaa	NR_181891.1	93.743	895	24	17	1	880	250	1127	0.0	1314
805d260a-5202-43d7-87e2-0ce18c59bf4a	NR_024912.1	97.948	536	4	6	2	532	547	14	0.0	922
805d260a-5202-43d7-87e2-0ce18c59bf4a	NR_042147.1	97.948	536	4	6	2	532	534	1	0.0	922
805d260a-5202-43d7-87e2-0ce18c59bf4a	NR_156986.1	97.948	536	4	6	2	532	542	9	0.0	922
805d260a-5202-43d7-87e2-0ce18c59bf4a	NR_178976.1	97.944	535	4	6	2	531	533	1	0.0	920
805d260a-5202-43d7-87e2-0ce18c59bf4a	NR_113600.1	97.761	536	5	6	2	532	534	1	0.0	918
6fefc461-fb4f-456a-b564-78acd202a44c	NR_024912.1	96.648	537	7	10	4	535	536	6	0.0	881
6fefc461-fb4f-456a-b564-78acd202a44c	NR_156986.1	96.648	537	7	10	4	535	531	1	0.0	881
6fefc461-fb4f-456a-b564-78acd202a44c	NR_024901.1	96.462	537	8	10	4	535	536	6	0.0	876
6fefc461-fb4f-456a-b564-78acd202a44c	NR_024928.1	96.462	537	8	10	4	535	536	6	0.0	876
6fefc461-fb4f-456a-b564-78acd202a44c	NR_037092.1	96.455	536	9	9	4	535	540	11	0.0	876
e07ea303-88ae-49d8-ad2e-b0fe77c83959	NR_117717.1	93.705	413	19	7	1	408	1077	1487	6.75e-175	612
e07ea303-88ae-49d8-ad2e-b0fe77c83959	NR_121688.1	93.705	413	19	7	1	408	1077	1487	6.75e-175	612
e07ea303-88ae-49d8-ad2e-b0fe77c83959	NR_117696.1	93.705	413	19	7	1	408	1044	1454	6.75e-175	612
e07ea303-88ae-49d8-ad2e-b0fe77c83959	NR_117701.1	93.705	413	19	7	1	408	1057	1467	6.75e-175	612
e07ea303-88ae-49d8-ad2e-b0fe77c83959	NR_025902.1	93.462	413	20	7	1	408	1035	1445	3.14e-173	606
9163709f-1aa0-4957-9a24-c3978a6443d4	NR_025863.1	96.875	704	14	7	1	701	713	1411	0.0	1179
9163709f-1aa0-4957-9a24-c3978a6443d4	NR_156899.1	92.472	797	47	10	1	791	643	1432	0.0	1127
9163709f-1aa0-4957-9a24-c3978a6443d4	NR_025445.1	91.960	796	52	10	1	791	700	1488	0.0	1105
9163709f-1aa0-4957-9a24-c3978a6443d4	NR_040926.1	91.970	797	49	13	2	791	688	1476	0.0	1103
9163709f-1aa0-4957-9a24-c3978a6443d4	NR_113798.1	91.960	796	51	11	1	790	693	1481	0.0	1103
b56328d7-addd-45fa-83f5-a4a100aabf4f	NR_126220.1	95.254	611	14	13	1	598	711	1319	0.0	953
b56328d7-addd-45fa-83f5-a4a100aabf4f	NR_179451.1	95.254	611	14	13	1	598	675	1283	0.0	953
b56328d7-addd-45fa-83f5-a4a100aabf4f	NR_179483.1	95.254	611	14	13	1	598	608	1216	0.0	953
b56328d7-addd-45fa-83f5-a4a100aabf4f	NR_181838.1	95.254	611	14	13	1	598	728	1336	0.0	953
b56328d7-addd-45fa-83f5-a4a100aabf4f	NR_024918.1	95.090	611	15	13	1	598	718	1326	0.0	948
f7d43a2e-2048-4223-bc56-534b636c9f2d	NR_024918.1	97.207	537	8	6	5	539	1389	858	0.0	902
f7d43a2e-2048-4223-bc56-534b636c9f2d	NR_025227.1	97.207	537	8	6	5	539	1372	841	0.0	902
f7d43a2e-2048-4223-bc56-534b636c9f2d	NR_043314.1	97.207	537	8	6	5	539	1394	863	0.0	902
f7d43a2e-2048-4223-bc56-534b636c9f2d	NR_042147.1	97.207	537	8	6	5	539	1376	845	0.0	902
f7d43a2e-2048-4223-bc56-534b636c9f2d	NR_116905.1	97.207	537	8	6	5	539	1397	866	0.0	902
95595ec8-96a2-4f87-bdc5-edc586491fd3	NR_199513.1	95.540	1009	30	13	1	1002	1018	18	0.0	1600
95595ec8-96a2-4f87-bdc5-edc586491fd3	NR_156986.1	95.536	1008	28	15	1	1000	999	1	0.0	1596
95595ec8-96a2-4f87-bdc5-edc586491fd3	NR_156987.1	95.437	1008	29	15	1	1000	999	1	0.0	1591
95595ec8-96a2-4f87-bdc5-edc586491fd3	NR_178976.1	95.696	999	26	15	1	991	990	1	0.0	1591
95595ec8-96a2-4f87-bdc5-edc586491fd3	NR_199514.1	95.437	1008	29	15	1	1000	1011	13	0.0	1591
a621dd69-e4d3-4320-8f91-1fdcea27b547	NR_024912.1	95.890	511	12	8	1	507	511	6	0.0	819
a621dd69-e4d3-4320-8f91-1fdcea27b547	NR_156986.1	95.890	511	12	8	1	507	506	1	0.0	819
a621dd69-e4d3-4320-8f91-1fdcea27b547	NR_024901.1	95.695	511	13	8	1	507	511	6	0.0	813
a621dd69-e4d3-4320-8f91-1fdcea27b547	NR_024928.1	95.695	511	13	8	1	507	511	6	0.0	813
a621dd69-e4d3-4320-8f91-1fdcea27b547	NR_156987.1	95.695	511	13	8	1	507	506	1	0.0	813
3b90e437-2580-4978-90c7-de69046276ce	NR_041799.1	97.297	481	4	6	1	473	1456	977	0.0	808
3b90e437-2580-4978-90c7-de69046276ce	NR_043314.1	97.292	480	6	4	1	473	1474	995	0.0	808
3b90e437-2580-4978-90c7-de69046276ce	NR_042541.1	97.297	481	4	6	1	473	1456	977	0.0	808
3b90e437-2580-4978-90c7-de69046276ce	NR_114227.1	97.297	481	4	6	1	473	1456	977	0.0	808
3b90e437-2580-4978-90c7-de69046276ce	NR_043935.1	97.297	481	4	6	1	473	1477	998	0.0	808
1d15f04d-7d36-41c2-af4a-66c985d0100c	NR_041721.1	86.800	1447	123	56	1	1400	1435	10	0.0	1552
1d15f04d-7d36-41c2-af4a-66c985d0100c	NR_117426.1	86.741	1433	122	54	1	1386	1412	1	0.0	1531
1d15f04d-7d36-41c2-af4a-66c985d0100c	NR_042833.1	86.690	1435	123	55	1	1388	1414	1	0.0	1530
1d15f04d-7d36-41c2-af4a-66c985d0100c	NR_118319.1	87.647	1360	112	46	1	1323	1378	38	0.0	1530
1d15f04d-7d36-41c2-af4a-66c985d0100c	NR_118318.1	87.574	1360	113	46	1	1323	1378	38	0.0	1524
72c271b1-6482-418f-a3a2-980e6ed8f716	NR_179889.1	97.508	1284	22	8	1	1278	214	1493	0.0	2185
72c271b1-6482-418f-a3a2-980e6ed8f716	NR_181891.1	97.508	1284	22	8	1	1278	210	1489	0.0	2185
72c271b1-6482-418f-a3a2-980e6ed8f716	NR_041953.1	97.430	1284	23	8	1	1278	187	1466	0.0	2180
72c271b1-6482-418f-a3a2-980e6ed8f716	NR_042541.1	97.430	1284	23	8	1	1278	187	1466	0.0	2180
72c271b1-6482-418f-a3a2-980e6ed8f716	NR_199513.1	97.430	1284	23	8	1	1278	214	1493	0.0	2180
d918ee6b-dfdc-4e83-9b72-5e73843dd15b	NR_181354.1	95.087	977	27	13	1	964	518	1486	0.0	1519
d918ee6b-dfdc-4e83-9b72-5e73843dd15b	NR_114595.1	94.931	947	25	17	1	931	511	1450	0.0	1461
d918ee6b-dfdc-4e83-9b72-5e73843dd15b	NR_118158.1	89.796	980	76	18	1	964	508	1479	0.0	1234
d918ee6b-dfdc-4e83-9b72-5e73843dd15b	NR_025116.1	89.409	982	76	23	1	964	517	1488	0.0	1212
d918ee6b-dfdc-4e83-9b72-5e73843dd15b	NR_027551.1	89.318	983	76	24	1	964	502	1474	0.0	1206
6894a13c-b374-4477-a6ae-4151ccd7b590	NR_181730.1	94.835	697	19	12	8	691	777	1469	0.0	1072
6894a13c-b374-4477-a6ae-4151ccd7b590	NR_041799.1	94.699	698	18	13	8	691	771	1463	0.0	1066
6894a13c-b374-4477-a6ae-4151ccd7b590	NR_117823.1	94.699	698	18	13	8	691	743	1435	0.0	1066
6894a13c-b374-4477-a6ae-4151ccd7b590	NR_181265.1	94.692	697	20	12	8	691	798	1490	0.0	1066
6894a13c-b374-4477-a6ae-4151ccd7b590	NR_114227.1	94.692	697	18	13	8	690	771	1462	0.0	1064
9e04c04c-b409-4576-8328-e0dd98869b63	NR_156986.1	94.729	1423	45	23	33	1433	1415	1	0.0	2185
9e04c04c-b409-4576-8328-e0dd98869b63	NR_199513.1	94.663	1424	48	23	33	1435	1434	18	0.0	2183
9e04c04c-b409-4576-8328-e0dd98869b63	NR_156987.1	94.659	1423	46	23	33	1433	1415	1	0.0	2180
9e04c04c-b409-4576-8328-e0dd98869b63	NR_024928.1	94.589	1423	47	23	33	1433	1420	6	0.0	2176
9e04c04c-b409-4576-8328-e0dd98869b63	NR_178976.1	94.696	1414	45	23	33	1424	1406	1	0.0	2170
b3bd4356-0b57-44f4-9a0f-fd6ca45420d1	NR_179540.1	95.557	1328	28	23	1	1310	1327	13	0.0	2097
b3bd4356-0b57-44f4-9a0f-fd6ca45420d1	NR_118234.1	95.410	1329	32	23	1	1311	1326	9	0.0	2089
b3bd4356-0b57-44f4-9a0f-fd6ca45420d1	NR_028664.1	95.260	1329	30	27	1	1310	1330	16	0.0	2074
b3bd4356-0b57-44f4-9a0f-fd6ca45420d1	NR_199545.1	95.260	1329	30	27	1	1310	1327	13	0.0	2074
b3bd4356-0b57-44f4-9a0f-fd6ca45420d1	NR_179385.1	95.109	1329	32	27	1	1310	1331	17	0.0	2063
4db25e30-a995-46bc-9fa5-e1f9dfe01f22	NR_178976.1	94.970	1332	35	25	1	1316	1339	24	0.0	2061
4db25e30-a995-46bc-9fa5-e1f9dfe01f22	NR_156986.1	94.966	1331	37	25	1	1316	1348	33	0.0	2060
4db25e30-a995-46bc-9fa5-e1f9dfe01f22	NR_113600.1	94.891	1331	38	25	1	1316	1340	25	0.0	2056
4db25e30-a995-46bc-9fa5-e1f9dfe01f22	NR_156987.1	94.891	1331	38	25	1	1316	1348	33	0.0	2054
4db25e30-a995-46bc-9fa5-e1f9dfe01f22	NR_199513.1	94.887	1330	40	23	1	1316	1367	52	0.0	2054
0955a600-8c83-49f5-b8f6-259e5d2b6dac	NR_114225.1	89.344	488	42	10	13	491	976	1462	3.82e-173	606
0955a600-8c83-49f5-b8f6-259e5d2b6dac	NR_114749.1	89.366	489	42	10	13	492	996	1483	3.82e-173	606
0955a600-8c83-49f5-b8f6-259e5d2b6dac	NR_043422.1	89.366	489	41	11	13	492	994	1480	1.37e-172	604
0955a600-8c83-49f5-b8f6-259e5d2b6dac	NR_028986.1	89.162	489	43	10	13	492	976	1463	1.78e-171	601
0955a600-8c83-49f5-b8f6-259e5d2b6dac	NR_043314.1	90.021	471	37	10	31	492	1012	1481	1.78e-171	601
48c93044-af1a-48ab-b17b-7765a43c0148	NR_116899.1	96.333	1009	24	11	1	1000	446	1450	0.0	1646
48c93044-af1a-48ab-b17b-7765a43c0148	NR_179889.1	96.333	1009	24	11	1	1000	486	1490	0.0	1646
48c93044-af1a-48ab-b17b-7765a43c0148	NR_199515.1	96.333	1009	24	11	1	1000	488	1492	0.0	1646
48c93044-af1a-48ab-b17b-7765a43c0148	NR_024918.1	96.234	1009	25	11	1	1000	472	1476	0.0	1640
48c93044-af1a-48ab-b17b-7765a43c0148	NR_041799.1	96.238	1010	23	13	1	1000	459	1463	0.0	1640
ed3b0f68-aa0e-416f-9d2f-598595785b35	NR_156986.1	96.236	983	19	12	2	974	26	1000	0.0	1594
ed3b0f68-aa0e-416f-9d2f-598595785b35	NR_178976.1	96.236	983	19	12	2	974	17	991	0.0	1594
ed3b0f68-aa0e-416f-9d2f-598595785b35	NR_113600.1	96.134	983	20	12	2	974	18	992	0.0	1591
ed3b0f68-aa0e-416f-9d2f-598595785b35	NR_156987.1	96.134	983	20	12	2	974	26	1000	0.0	1589
ed3b0f68-aa0e-416f-9d2f-598595785b35	NR_199513.1	96.130	982	22	10	2	974	45	1019	0.0	1589
110bb377-aa1a-4eb7-860f-821a7df37ae4	NR_156986.1	96.784	995	17	13	4	986	992	1	0.0	1646
110bb377-aa1a-4eb7-860f-821a7df37ae4	NR_178976.1	96.957	986	16	12	4	978	983	1	0.0	1642
110bb377-aa1a-4eb7-860f-821a7df37ae4	NR_113600.1	96.859	987	17	12	4	979	984	1	0.0	1640
110bb377-aa1a-4eb7-860f-821a7df37ae4	NR_156987.1	96.683	995	18	13	4	986	992	1	0.0	1640
110bb377-aa1a-4eb7-860f-821a7df37ae4	NR_199514.1	96.683	995	18	13	4	986	1004	13	0.0	1640
47aab86a-0bc3-47d7-a4ae-961ac7a32ced	NR_179385.1	91.686	421	27	7	16	430	435	17	2.57e-164	577
47aab86a-0bc3-47d7-a4ae-961ac7a32ced	NR_199545.1	91.686	421	27	7	16	430	431	13	2.57e-164	577
47aab86a-0bc3-47d7-a4ae-961ac7a32ced	NR_175455.1	91.647	419	27	7	16	428	419	3	3.33e-163	573
47aab86a-0bc3-47d7-a4ae-961ac7a32ced	NR_117719.1	91.449	421	28	7	16	430	431	13	1.20e-162	571
47aab86a-0bc3-47d7-a4ae-961ac7a32ced	NR_165741.1	91.211	421	29	7	16	430	420	2	5.57e-161	566
144b12d4-0280-41d9-a376-4f363ca7a0e9	NR_029097.1	92.422	607	35	10	1	600	1056	454	0.0	856
144b12d4-0280-41d9-a376-4f363ca7a0e9	NR_125570.1	91.763	607	39	10	1	600	1038	436	0.0	833
144b12d4-0280-41d9-a376-4f363ca7a0e9	NR_125571.1	90.625	608	44	12	1	600	1080	478	0.0	795
144b12d4-0280-41d9-a376-4f363ca7a0e9	NR_117129.1	86.949	613	57	20	1	600	1112	510	0.0	667
144b12d4-0280-41d9-a376-4f363ca7a0e9	NR_117130.1	86.949	613	57	20	1	600	1112	510	0.0	667
23565154-6f81-43af-b081-79b65f851beb	NR_156986.1	94.598	1407	50	20	10	1401	1398	3	0.0	2154
23565154-6f81-43af-b081-79b65f851beb	NR_156987.1	94.527	1407	51	20	10	1401	1398	3	0.0	2148
23565154-6f81-43af-b081-79b65f851beb	NR_024928.1	94.456	1407	52	20	10	1401	1403	8	0.0	2145
23565154-6f81-43af-b081-79b65f851beb	NR_178976.1	94.571	1400	50	20	10	1394	1389	1	0.0	2143
23565154-6f81-43af-b081-79b65f851beb	NR_199513.1	94.452	1406	54	19	10	1401	1417	22	0.0	2143
13228aa2-cb14-4328-9cb4-8bc7c5eae676	NR_043314.1	98.309	473	5	3	1	470	1009	1481	0.0	826
13228aa2-cb14-4328-9cb4-8bc7c5eae676	NR_114749.1	98.309	473	5	3	1	470	1011	1483	0.0	826
13228aa2-cb14-4328-9cb4-8bc7c5eae676	NR_116899.1	98.309	473	5	3	1	470	978	1450	0.0	826
13228aa2-cb14-4328-9cb4-8bc7c5eae676	NR_178854.1	98.309	473	5	3	1	470	990	1462	0.0	826
13228aa2-cb14-4328-9cb4-8bc7c5eae676	NR_179889.1	98.309	473	5	3	1	470	1018	1490	0.0	826
58c3883e-c4b7-4b13-b035-8d963092a0ee	NR_043314.1	95.267	486	12	9	3	483	1005	1484	0.0	760
58c3883e-c4b7-4b13-b035-8d963092a0ee	NR_114749.1	95.267	486	12	9	3	483	1007	1486	0.0	760
58c3883e-c4b7-4b13-b035-8d963092a0ee	NR_116899.1	95.267	486	12	9	3	483	974	1453	0.0	760
58c3883e-c4b7-4b13-b035-8d963092a0ee	NR_178854.1	95.267	486	12	9	3	483	986	1465	0.0	760
58c3883e-c4b7-4b13-b035-8d963092a0ee	NR_179889.1	95.267	486	12	9	3	483	1014	1493	0.0	760
d6e794f8-0804-41b9-8d63-74abe8dba2c5	NR_024912.1	94.992	619	17	13	10	621	617	6	0.0	959
d6e794f8-0804-41b9-8d63-74abe8dba2c5	NR_156986.1	94.992	619	17	13	10	621	612	1	0.0	959
d6e794f8-0804-41b9-8d63-74abe8dba2c5	NR_024901.1	94.830	619	18	13	10	621	617	6	0.0	953
d6e794f8-0804-41b9-8d63-74abe8dba2c5	NR_024928.1	94.830	619	18	13	10	621	617	6	0.0	953
d6e794f8-0804-41b9-8d63-74abe8dba2c5	NR_156987.1	94.830	619	18	13	10	621	612	1	0.0	953
209f47d5-e31c-4972-8dfc-df4ede7966f2	NR_028900.1	97.740	354	3	5	17	365	1034	681	9.90e-173	604
209f47d5-e31c-4972-8dfc-df4ede7966f2	NR_041989.1	97.740	354	3	5	17	365	1034	681	9.90e-173	604
209f47d5-e31c-4972-8dfc-df4ede7966f2	NR_178369.1	97.740	354	3	5	17	365	1047	694	9.90e-173	604
209f47d5-e31c-4972-8dfc-df4ede7966f2	NR_043459.1	97.458	354	4	5	17	365	1100	747	4.60e-171	599
209f47d5-e31c-4972-8dfc-df4ede7966f2	NR_117692.1	97.458	354	4	5	17	365	1076	723	4.60e-171	599
fdd8c5ce-d50d-4f63-8865-4d605faea6f8	NR_179540.1	96.158	833	16	13	119	941	667	1493	0.0	1347
fdd8c5ce-d50d-4f63-8865-4d605faea6f8	NR_117719.1	96.038	833	18	12	119	941	667	1494	0.0	1341
fdd8c5ce-d50d-4f63-8865-4d605faea6f8	NR_028664.1	95.918	833	19	12	119	941	670	1497	0.0	1336
fdd8c5ce-d50d-4f63-8865-4d605faea6f8	NR_179383.1	95.918	833	19	12	119	941	674	1501	0.0	1336
fdd8c5ce-d50d-4f63-8865-4d605faea6f8	NR_042927.1	96.014	828	18	12	119	936	649	1471	0.0	1332
bdb45132-2c06-4227-9476-bf4a7b809a99	NR_074980.1	95.581	792	23	10	1	785	799	13	0.0	1258
bdb45132-2c06-4227-9476-bf4a7b809a99	NR_113031.1	95.581	792	23	10	1	785	799	13	0.0	1258
bdb45132-2c06-4227-9476-bf4a7b809a99	NR_119168.1	96.015	778	21	9	1	771	777	3	0.0	1256
bdb45132-2c06-4227-9476-bf4a7b809a99	NR_043332.1	96.099	769	20	9	1	762	772	7	0.0	1247
bdb45132-2c06-4227-9476-bf4a7b809a99	NR_117759.1	95.758	778	23	9	1	771	775	1	0.0	1247
66ce0117-57f0-4699-bfec-05859435eabb	NR_041953.1	92.712	1276	47	36	1	1244	1354	93	0.0	1799
66ce0117-57f0-4699-bfec-05859435eabb	NR_179889.1	92.706	1275	49	36	1	1244	1381	120	0.0	1799
66ce0117-57f0-4699-bfec-05859435eabb	NR_178447.1	92.627	1275	50	36	1	1244	1288	27	0.0	1794
66ce0117-57f0-4699-bfec-05859435eabb	NR_199513.1	92.627	1275	50	35	1	1244	1381	120	0.0	1794
66ce0117-57f0-4699-bfec-05859435eabb	NR_178854.1	92.633	1276	47	37	1	1244	1353	93	0.0	1792
58cadff6-ca0c-4845-a525-f128a5a474e6	NR_117692.1	95.584	702	19	10	1	696	769	1464	0.0	1114
58cadff6-ca0c-4845-a525-f128a5a474e6	NR_117694.1	95.584	702	19	10	1	696	769	1464	0.0	1114
58cadff6-ca0c-4845-a525-f128a5a474e6	NR_025892.1	95.279	699	21	10	1	693	794	1486	0.0	1103
58cadff6-ca0c-4845-a525-f128a5a474e6	NR_025902.1	95.299	702	21	10	1	696	747	1442	0.0	1103
58cadff6-ca0c-4845-a525-f128a5a474e6	NR_043459.1	95.402	696	20	10	1	690	793	1482	0.0	1098
b1e7060f-1699-40ad-83ec-ea55c6c30921	NR_179482.1	93.931	692	24	14	1	679	468	1154	0.0	1029
b1e7060f-1699-40ad-83ec-ea55c6c30921	NR_181875.1	93.931	692	24	14	1	679	576	1262	0.0	1029
b1e7060f-1699-40ad-83ec-ea55c6c30921	NR_181891.1	93.931	692	24	14	1	679	588	1274	0.0	1029
b1e7060f-1699-40ad-83ec-ea55c6c30921	NR_037135.1	93.786	692	25	14	1	679	545	1231	0.0	1024
b1e7060f-1699-40ad-83ec-ea55c6c30921	NR_041953.1	93.786	692	25	14	1	679	565	1251	0.0	1024
206bcf84-e00e-4b4a-9ee2-500bd982e680	NR_113600.1	96.788	1401	30	12	1	1390	66	1462	0.0	2326
206bcf84-e00e-4b4a-9ee2-500bd982e680	NR_114225.1	96.717	1401	31	12	1	1390	66	1462	0.0	2320
206bcf84-e00e-4b4a-9ee2-500bd982e680	NR_199513.1	96.717	1401	33	10	1	1391	93	1490	0.0	2320
206bcf84-e00e-4b4a-9ee2-500bd982e680	NR_042147.1	96.648	1402	32	12	1	1391	66	1463	0.0	2314
206bcf84-e00e-4b4a-9ee2-500bd982e680	NR_113583.1	96.645	1401	32	12	1	1390	66	1462	0.0	2313
1d3536f2-da29-4eab-8d24-3289c63af2c2	NR_043314.1	96.930	456	7	5	1	451	1032	1485	0.0	758
1d3536f2-da29-4eab-8d24-3289c63af2c2	NR_114749.1	96.930	456	7	5	1	451	1034	1487	0.0	758
1d3536f2-da29-4eab-8d24-3289c63af2c2	NR_116899.1	96.930	456	7	5	1	451	1001	1454	0.0	758
1d3536f2-da29-4eab-8d24-3289c63af2c2	NR_178854.1	96.930	456	7	5	1	451	1013	1466	0.0	758
1d3536f2-da29-4eab-8d24-3289c63af2c2	NR_179889.1	96.930	456	7	5	1	451	1041	1494	0.0	758
61d5e133-7b80-4b57-8e9a-36933b0d4091	NR_163639.1	94.470	217	10	2	16	232	218	4	3.18e-91	333
61d5e133-7b80-4b57-8e9a-36933b0d4091	NR_074980.1	93.981	216	11	2	16	231	226	13	5.32e-89	326
61d5e133-7b80-4b57-8e9a-36933b0d4091	NR_113031.1	93.981	216	11	2	16	231	226	13	5.32e-89	326
61d5e133-7b80-4b57-8e9a-36933b0d4091	NR_119168.1	94.634	205	9	2	16	220	204	2	3.20e-86	316
61d5e133-7b80-4b57-8e9a-36933b0d4091	NR_115354.1	95.025	201	8	2	16	216	199	1	1.15e-85	315
af436904-6f01-48da-b75e-cea9cdc431bd	NR_024704.1	95.739	399	5	9	1	394	1004	1395	0.0	632
af436904-6f01-48da-b75e-cea9cdc431bd	NR_024946.1	95.739	399	5	9	1	394	1004	1395	0.0	632
af436904-6f01-48da-b75e-cea9cdc431bd	NR_036909.1	95.739	399	5	9	1	394	1014	1405	0.0	632
af436904-6f01-48da-b75e-cea9cdc431bd	NR_112077.1	95.739	399	5	9	1	394	1014	1405	0.0	632
af436904-6f01-48da-b75e-cea9cdc431bd	NR_113578.1	95.739	399	5	9	1	394	996	1387	0.0	632
106f102d-9b6f-4fd5-924b-13d9c000ef78	NR_074980.1	93.124	1149	40	27	3	1126	1147	13	0.0	1648
106f102d-9b6f-4fd5-924b-13d9c000ef78	NR_113031.1	93.124	1149	40	27	3	1126	1147	13	0.0	1648
106f102d-9b6f-4fd5-924b-13d9c000ef78	NR_119168.1	93.304	1135	38	25	3	1112	1125	4	0.0	1644
106f102d-9b6f-4fd5-924b-13d9c000ef78	NR_117759.1	93.216	1135	39	26	3	1112	1123	2	0.0	1639
106f102d-9b6f-4fd5-924b-13d9c000ef78	NR_043332.1	93.204	1133	39	25	3	1110	1120	1	0.0	1635
2b4a47ef-178d-45bb-8a8b-ca2b5ed31067	NR_179540.1	96.548	898	19	10	4	896	962	72	0.0	1476
2b4a47ef-178d-45bb-8a8b-ca2b5ed31067	NR_199541.1	95.667	900	23	16	4	896	920	30	0.0	1432
2b4a47ef-178d-45bb-8a8b-ca2b5ed31067	NR_118234.1	95.556	900	25	14	4	896	961	70	0.0	1426
2b4a47ef-178d-45bb-8a8b-ca2b5ed31067	NR_165747.1	95.556	900	24	14	4	896	942	52	0.0	1426
2b4a47ef-178d-45bb-8a8b-ca2b5ed31067	NR_180629.1	95.551	899	26	12	4	896	924	34	0.0	1426
a30c3722-0ccd-48f2-9b2e-dad9e2101a33	NR_165747.1	94.915	708	16	18	1	699	700	4	0.0	1090
a30c3722-0ccd-48f2-9b2e-dad9e2101a33	NR_028664.1	94.429	718	18	19	1	707	723	17	0.0	1085
a30c3722-0ccd-48f2-9b2e-dad9e2101a33	NR_115240.1	94.774	708	17	18	1	699	700	4	0.0	1085
a30c3722-0ccd-48f2-9b2e-dad9e2101a33	NR_042928.1	94.633	708	18	18	1	699	700	4	0.0	1079
a30c3722-0ccd-48f2-9b2e-dad9e2101a33	NR_115732.1	94.633	708	17	19	1	699	702	7	0.0	1077
9cda7880-6ff6-4e7f-b1a4-2e810c79ab2e	NR_117694.1	96.810	627	5	9	1	617	629	8	0.0	1033
9cda7880-6ff6-4e7f-b1a4-2e810c79ab2e	NR_025892.1	94.090	643	21	11	1	632	654	18	0.0	979
9cda7880-6ff6-4e7f-b1a4-2e810c79ab2e	NR_121687.1	94.565	644	17	14	1	632	649	12	0.0	979
9cda7880-6ff6-4e7f-b1a4-2e810c79ab2e	NR_041989.1	96.604	589	10	8	1	582	587	2	0.0	968
9cda7880-6ff6-4e7f-b1a4-2e810c79ab2e	NR_117692.1	94.745	628	16	15	1	617	629	8	0.0	961
df760dcb-36a5-4a9b-8254-bf3650ac924f	NR_041989.1	96.538	520	8	8	1	515	631	1145	0.0	852
df760dcb-36a5-4a9b-8254-bf3650ac924f	NR_117694.1	96.346	520	9	8	1	515	673	1187	0.0	846
df760dcb-36a5-4a9b-8254-bf3650ac924f	NR_025892.1	95.962	520	11	8	1	515	698	1212	0.0	841
df760dcb-36a5-4a9b-8254-bf3650ac924f	NR_178369.1	96.154	520	10	8	1	515	644	1158	0.0	841
df760dcb-36a5-4a9b-8254-bf3650ac924f	NR_028900.1	95.962	520	11	8	1	515	631	1145	0.0	835
33fbc6d2-b0b1-435f-b52d-674969782dec	NR_156986.1	90.862	974	44	40	50	997	956	2	0.0	1264
33fbc6d2-b0b1-435f-b52d-674969782dec	NR_156987.1	90.760	974	45	40	50	997	956	2	0.0	1258
33fbc6d2-b0b1-435f-b52d-674969782dec	NR_199514.1	90.760	974	45	40	50	997	968	14	0.0	1258
33fbc6d2-b0b1-435f-b52d-674969782dec	NR_037092.1	90.628	971	47	39	50	997	961	12	0.0	1249
33fbc6d2-b0b1-435f-b52d-674969782dec	NR_178976.1	90.787	966	44	40	50	989	947	1	0.0	1249
250c6212-56ca-49f0-ba2f-4fb09974983e	NR_042147.1	94.901	1412	43	23	1	1388	1411	5	0.0	2182
250c6212-56ca-49f0-ba2f-4fb09974983e	NR_024912.1	94.596	1425	46	24	1	1400	1424	6	0.0	2176
250c6212-56ca-49f0-ba2f-4fb09974983e	NR_156986.1	94.596	1425	46	24	1	1400	1419	1	0.0	2176
250c6212-56ca-49f0-ba2f-4fb09974983e	NR_113600.1	94.759	1412	45	22	1	1388	1411	5	0.0	2172
250c6212-56ca-49f0-ba2f-4fb09974983e	NR_156987.1	94.526	1425	47	24	1	1400	1419	1	0.0	2170
c178c631-2091-4114-bb58-a0d9d712e305	NR_117694.1	95.796	666	9	12	1	648	665	1	0.0	1057
c178c631-2091-4114-bb58-a0d9d712e305	NR_025892.1	93.935	676	21	13	1	658	690	17	0.0	1024
c178c631-2091-4114-bb58-a0d9d712e305	NR_121687.1	94.387	677	17	14	1	658	685	11	0.0	1020
c178c631-2091-4114-bb58-a0d9d712e305	NR_117692.1	93.862	668	18	15	1	648	665	1	0.0	985
c178c631-2091-4114-bb58-a0d9d712e305	NR_025902.1	94.118	646	18	15	1	629	643	1	0.0	965
06c5f065-cd44-4af4-ae0d-502211a31f7b	NR_043332.1	94.961	258	8	4	62	314	1479	1222	4.26e-111	399
06c5f065-cd44-4af4-ae0d-502211a31f7b	NR_074980.1	94.961	258	8	4	62	314	1506	1249	4.26e-111	399
06c5f065-cd44-4af4-ae0d-502211a31f7b	NR_113031.1	94.961	258	8	4	62	314	1506	1249	4.26e-111	399
06c5f065-cd44-4af4-ae0d-502211a31f7b	NR_113570.1	94.595	259	8	5	62	314	1487	1229	5.51e-110	396
06c5f065-cd44-4af4-ae0d-502211a31f7b	NR_119168.1	94.574	258	9	4	62	314	1484	1227	5.51e-110	396
62f860fa-387f-4027-82d6-44c8ee3cbe25	NR_024912.1	96.281	484	9	8	1	477	487	6	0.0	785
62f860fa-387f-4027-82d6-44c8ee3cbe25	NR_156986.1	96.281	484	9	8	1	477	482	1	0.0	785
62f860fa-387f-4027-82d6-44c8ee3cbe25	NR_024901.1	96.074	484	10	8	1	477	487	6	0.0	780
62f860fa-387f-4027-82d6-44c8ee3cbe25	NR_024928.1	96.074	484	10	8	1	477	487	6	0.0	780
62f860fa-387f-4027-82d6-44c8ee3cbe25	NR_156987.1	96.074	484	10	8	1	477	482	1	0.0	780
346d0980-45d8-44a6-ba5d-db542c4c8a20	NR_116899.1	92.934	1019	48	21	1	1001	438	1450	0.0	1461
346d0980-45d8-44a6-ba5d-db542c4c8a20	NR_179889.1	92.934	1019	48	21	1	1001	478	1490	0.0	1461
346d0980-45d8-44a6-ba5d-db542c4c8a20	NR_042541.1	92.836	1019	49	21	1	1001	451	1463	0.0	1456
346d0980-45d8-44a6-ba5d-db542c4c8a20	NR_043935.1	92.836	1019	49	21	1	1001	472	1484	0.0	1456
346d0980-45d8-44a6-ba5d-db542c4c8a20	NR_178854.1	92.836	1019	48	22	1	1001	451	1462	0.0	1454
8db3feb7-d595-4d48-89c8-d9af71c38627	NR_041953.1	92.584	1281	48	40	6	1263	1257	1	0.0	1796
8db3feb7-d595-4d48-89c8-d9af71c38627	NR_029042.2	92.326	1290	55	38	4	1271	1280	13	0.0	1796
8db3feb7-d595-4d48-89c8-d9af71c38627	NR_029050.1	92.714	1249	46	37	6	1233	1225	1	0.0	1760
8db3feb7-d595-4d48-89c8-d9af71c38627	NR_180743.1	92.044	1282	55	38	6	1264	1258	1	0.0	1759
8db3feb7-d595-4d48-89c8-d9af71c38627	NR_199515.1	91.821	1296	54	45	4	1272	1289	19	0.0	1759
1cb4fbd8-197f-4abc-b205-26d0c411cd32	NR_118155.1	93.803	355	12	8	1	349	1120	770	7.62e-149	525
1cb4fbd8-197f-4abc-b205-26d0c411cd32	NR_180078.1	93.803	355	12	8	1	349	1117	767	7.62e-149	525
1cb4fbd8-197f-4abc-b205-26d0c411cd32	NR_169411.1	93.521	355	13	8	1	349	1117	767	3.55e-147	520
1cb4fbd8-197f-4abc-b205-26d0c411cd32	NR_179168.1	93.521	355	13	8	1	349	1120	770	3.55e-147	520
1cb4fbd8-197f-4abc-b205-26d0c411cd32	NR_179327.1	93.521	355	13	8	1	349	1070	720	3.55e-147	520
54f17839-edf9-4ad1-8d7e-2327adfc36c1	NR_113570.1	97.403	385	5	4	1	381	1006	623	0.0	651
54f17839-edf9-4ad1-8d7e-2327adfc36c1	NR_044091.1	97.403	385	5	4	1	381	913	530	0.0	651
54f17839-edf9-4ad1-8d7e-2327adfc36c1	NR_043332.1	97.143	385	6	4	1	381	999	616	0.0	647
54f17839-edf9-4ad1-8d7e-2327adfc36c1	NR_115354.1	97.143	385	6	4	1	381	999	616	0.0	647
54f17839-edf9-4ad1-8d7e-2327adfc36c1	NR_117759.1	97.143	385	6	4	1	381	1002	619	0.0	647
939ff3e5-87fc-4ffa-ac90-5ae2fb2bcd33	NR_043314.1	96.429	560	9	10	1	554	1414	860	0.0	913
939ff3e5-87fc-4ffa-ac90-5ae2fb2bcd33	NR_116905.1	96.429	560	9	10	1	554	1417	863	0.0	913
939ff3e5-87fc-4ffa-ac90-5ae2fb2bcd33	NR_116899.1	96.429	560	9	10	1	554	1383	829	0.0	913
939ff3e5-87fc-4ffa-ac90-5ae2fb2bcd33	NR_118125.1	96.429	560	9	10	1	554	1403	849	0.0	913
939ff3e5-87fc-4ffa-ac90-5ae2fb2bcd33	NR_149822.1	96.429	560	9	10	1	554	1379	825	0.0	913
7235fd3a-9253-469d-9342-2b439a8ad2a8	NR_134794.1	90.441	1203	56	44	1	1164	246	1428	0.0	1530
7235fd3a-9253-469d-9342-2b439a8ad2a8	NR_135703.1	90.357	1203	57	44	1	1164	315	1497	0.0	1524
7235fd3a-9253-469d-9342-2b439a8ad2a8	NR_024924.1	90.191	1203	59	44	1	1164	294	1476	0.0	1513
7235fd3a-9253-469d-9342-2b439a8ad2a8	NR_102854.1	90.108	1203	60	44	1	1164	303	1485	0.0	1507
7235fd3a-9253-469d-9342-2b439a8ad2a8	NR_115336.1	90.025	1203	61	44	1	1164	289	1471	0.0	1504
67afa913-c46a-444a-abe9-1b56b1bfdabe	NR_113124.1	94.940	415	14	7	24	433	943	1355	0.0	643
67afa913-c46a-444a-abe9-1b56b1bfdabe	NR_115327.1	94.940	415	14	7	24	433	923	1335	0.0	643
67afa913-c46a-444a-abe9-1b56b1bfdabe	NR_029148.1	94.699	415	14	8	24	433	951	1362	0.0	638
67afa913-c46a-444a-abe9-1b56b1bfdabe	NR_109628.1	94.699	415	15	7	24	433	924	1336	0.0	638
67afa913-c46a-444a-abe9-1b56b1bfdabe	NR_042843.1	94.458	415	16	7	24	433	923	1335	0.0	632
c123b438-f8e9-4b61-bfdd-cbde4b3df2e0	NR_102893.1	88.235	289	29	5	3	288	1205	1491	2.44e-93	340
c123b438-f8e9-4b61-bfdd-cbde4b3df2e0	NR_029185.1	87.889	289	30	5	3	288	1204	1490	1.13e-91	335
c123b438-f8e9-4b61-bfdd-cbde4b3df2e0	NR_036869.2	87.372	293	27	10	3	288	1184	1473	1.90e-89	327
c123b438-f8e9-4b61-bfdd-cbde4b3df2e0	NR_144608.1	87.372	293	27	10	3	288	1193	1482	1.90e-89	327
c123b438-f8e9-4b61-bfdd-cbde4b3df2e0	NR_199906.1	86.644	292	31	8	3	288	1196	1485	4.11e-86	316
c19b5ce4-94a0-41d4-accb-f1d4477b7bc2	NR_178976.1	95.065	1155	29	24	1	1140	1142	1	0.0	1792
c19b5ce4-94a0-41d4-accb-f1d4477b7bc2	NR_156986.1	94.978	1155	30	24	1	1140	1151	10	0.0	1786
c19b5ce4-94a0-41d4-accb-f1d4477b7bc2	NR_113600.1	94.892	1155	31	24	1	1140	1143	2	0.0	1783
c19b5ce4-94a0-41d4-accb-f1d4477b7bc2	NR_024928.1	94.892	1155	31	24	1	1140	1156	15	0.0	1781
c19b5ce4-94a0-41d4-accb-f1d4477b7bc2	NR_156987.1	94.892	1155	31	24	1	1140	1151	10	0.0	1781
7033db2c-48f9-4d94-b3bb-22e4b553f007	NR_181265.1	91.619	883	47	18	1	863	618	1493	0.0	1195
7033db2c-48f9-4d94-b3bb-22e4b553f007	NR_181857.1	91.619	883	47	18	1	863	649	1524	0.0	1195
7033db2c-48f9-4d94-b3bb-22e4b553f007	NR_181730.1	91.600	881	47	18	1	861	597	1470	0.0	1192
7033db2c-48f9-4d94-b3bb-22e4b553f007	NR_118155.1	91.506	883	48	20	1	863	614	1489	0.0	1190
7033db2c-48f9-4d94-b3bb-22e4b553f007	NR_169411.1	91.393	883	49	18	1	863	611	1486	0.0	1184
635458e3-f6fa-40c8-9ab6-07eca3f57b0f	NR_043314.1	98.551	345	0	4	20	362	1140	1481	9.95e-173	604
635458e3-f6fa-40c8-9ab6-07eca3f57b0f	NR_114749.1	98.551	345	0	4	20	362	1142	1483	9.95e-173	604
635458e3-f6fa-40c8-9ab6-07eca3f57b0f	NR_116899.1	98.551	345	0	4	20	362	1109	1450	9.95e-173	604
635458e3-f6fa-40c8-9ab6-07eca3f57b0f	NR_178854.1	98.551	345	0	4	20	362	1121	1462	9.95e-173	604
635458e3-f6fa-40c8-9ab6-07eca3f57b0f	NR_179889.1	98.551	345	0	4	20	362	1149	1490	9.95e-173	604
e724354b-bf09-4881-8320-6ef65add5f64	NR_116168.1	94.048	252	10	5	1	250	149	397	1.59e-104	377
e724354b-bf09-4881-8320-6ef65add5f64	NR_042878.1	93.254	252	12	5	1	250	128	376	7.41e-103	372
e724354b-bf09-4881-8320-6ef65add5f64	NR_181946.1	92.460	252	14	5	1	250	134	382	7.46e-98	355
e724354b-bf09-4881-8320-6ef65add5f64	NR_118762.1	90.873	252	18	5	1	250	152	400	4.49e-95	346
e724354b-bf09-4881-8320-6ef65add5f64	NR_025423.1	91.667	252	16	5	1	250	133	381	1.61e-94	344
0d161e87-0777-4b4f-b117-038d2a1101d8	NR_178796.1	91.667	96	5	1	1	96	1385	1477	1.60e-30	130
0d161e87-0777-4b4f-b117-038d2a1101d8	NR_178939.1	91.667	96	5	1	1	96	1386	1478	1.60e-30	130
0d161e87-0777-4b4f-b117-038d2a1101d8	NR_156958.1	89.583	96	6	2	1	96	1369	1460	3.46e-27	119
0d161e87-0777-4b4f-b117-038d2a1101d8	NR_116716.1	88.542	96	7	2	1	96	1311	1402	1.61e-25	113
0d161e87-0777-4b4f-b117-038d2a1101d8	NR_148585.1	88.542	96	8	1	1	96	1380	1472	1.61e-25	113
ec0a64c9-8a2b-4cdb-b6bd-64e37eba7445	NR_112072.1	96.923	195	2	1	1	191	1269	1463	1.58e-88	324
ec0a64c9-8a2b-4cdb-b6bd-64e37eba7445	NR_040859.1	96.410	195	3	1	1	191	1281	1475	7.37e-87	318
ec0a64c9-8a2b-4cdb-b6bd-64e37eba7445	NR_040992.1	96.410	195	3	1	1	191	1289	1483	7.37e-87	318
ec0a64c9-8a2b-4cdb-b6bd-64e37eba7445	NR_025881.1	96.410	195	3	1	1	191	1287	1481	7.37e-87	318
ec0a64c9-8a2b-4cdb-b6bd-64e37eba7445	NR_026395.1	96.410	195	3	1	1	191	1289	1483	7.37e-87	318
e5638bae-b3a1-486b-ac17-d72565e7db8e	NR_199513.1	94.086	186	6	4	1	184	644	462	1.16e-74	278
e5638bae-b3a1-486b-ac17-d72565e7db8e	NR_041953.1	93.989	183	6	4	4	184	614	435	5.42e-73	272
e5638bae-b3a1-486b-ac17-d72565e7db8e	NR_152710.1	93.548	186	7	4	1	184	598	416	5.42e-73	272
e5638bae-b3a1-486b-ac17-d72565e7db8e	NR_178447.1	93.548	186	7	4	1	184	551	369	5.42e-73	272
e5638bae-b3a1-486b-ac17-d72565e7db8e	NR_181014.1	93.989	183	6	4	4	184	614	435	5.42e-73	272
2dfba41c-147b-4654-8621-e78f932054f6	NR_121687.1	91.860	172	8	6	2	168	672	502	6.36e-62	235
2dfba41c-147b-4654-8621-e78f932054f6	NR_041989.1	91.860	172	8	6	2	168	610	440	6.36e-62	235
2dfba41c-147b-4654-8621-e78f932054f6	NR_117694.1	91.860	172	8	6	2	168	652	482	6.36e-62	235
2dfba41c-147b-4654-8621-e78f932054f6	NR_104947.1	91.279	172	9	6	2	168	625	455	2.96e-60	230
2dfba41c-147b-4654-8621-e78f932054f6	NR_117717.1	91.279	172	9	6	2	168	673	503	2.96e-60	230
127aaa04-c192-483e-88d9-14d2a802bb5d	NR_179595.1	93.011	186	7	6	12	193	1271	1454	2.65e-71	267
127aaa04-c192-483e-88d9-14d2a802bb5d	NR_024707.1	93.370	181	7	5	12	189	1287	1465	3.42e-70	263
127aaa04-c192-483e-88d9-14d2a802bb5d	NR_024902.1	93.370	181	7	5	12	189	1300	1478	3.42e-70	263
127aaa04-c192-483e-88d9-14d2a802bb5d	NR_024911.1	93.370	181	7	5	12	189	1298	1476	3.42e-70	263
127aaa04-c192-483e-88d9-14d2a802bb5d	NR_025174.1	93.370	181	7	5	12	189	1291	1469	3.42e-70	263
eb4b156d-6bc7-4965-98a2-ce5fd4673167	NR_179385.1	95.833	216	6	3	1	213	237	22	3.79e-95	346
eb4b156d-6bc7-4965-98a2-ce5fd4673167	NR_199545.1	95.833	216	6	3	1	213	233	18	3.79e-95	346
eb4b156d-6bc7-4965-98a2-ce5fd4673167	NR_028664.1	95.370	216	7	3	1	213	236	21	1.76e-93	340
eb4b156d-6bc7-4965-98a2-ce5fd4673167	NR_115560.1	95.370	216	7	3	1	213	233	18	1.76e-93	340
eb4b156d-6bc7-4965-98a2-ce5fd4673167	NR_165741.1	95.370	216	7	3	1	213	222	7	1.76e-93	340
c73f542c-eb34-4bd1-8d8f-91360dabb5fc	NR_040859.1	95.862	145	1	4	4	145	504	362	2.53e-60	230
c73f542c-eb34-4bd1-8d8f-91360dabb5fc	NR_024901.1	95.862	145	1	4	4	145	505	363	2.53e-60	230
c73f542c-eb34-4bd1-8d8f-91360dabb5fc	NR_024912.1	95.862	145	1	4	4	145	505	363	2.53e-60	230
c73f542c-eb34-4bd1-8d8f-91360dabb5fc	NR_024928.1	95.862	145	1	4	4	145	505	363	2.53e-60	230
c73f542c-eb34-4bd1-8d8f-91360dabb5fc	NR_025228.1	95.862	145	1	4	4	145	488	346	2.53e-60	230
85ff37ee-39ac-40e1-9ec3-4289b1d8ead4	NR_179378.1	94.615	130	6	1	7	135	1338	1467	1.86e-51	200
85ff37ee-39ac-40e1-9ec3-4289b1d8ead4	NR_025437.1	98.230	113	2	0	7	119	1306	1418	6.68e-51	198
85ff37ee-39ac-40e1-9ec3-4289b1d8ead4	NR_104716.1	94.615	130	4	2	7	135	1317	1444	6.68e-51	198
85ff37ee-39ac-40e1-9ec3-4289b1d8ead4	NR_179652.1	98.230	113	2	0	7	119	1341	1453	6.68e-51	198
85ff37ee-39ac-40e1-9ec3-4289b1d8ead4	NR_181160.1	98.230	113	2	0	7	119	1324	1436	6.68e-51	198
d80cf305-9049-41cc-b6a0-0124c48dfd5f	NR_164626.1	94.977	219	6	4	3	220	215	1	6.44e-93	339
d80cf305-9049-41cc-b6a0-0124c48dfd5f	NR_024901.1	94.931	217	6	4	3	218	218	6	8.33e-92	335
d80cf305-9049-41cc-b6a0-0124c48dfd5f	NR_024911.1	94.931	217	6	3	3	218	218	6	8.33e-92	335
d80cf305-9049-41cc-b6a0-0124c48dfd5f	NR_024912.1	94.931	217	6	4	3	218	218	6	8.33e-92	335
d80cf305-9049-41cc-b6a0-0124c48dfd5f	NR_024928.1	94.931	217	6	4	3	218	218	6	8.33e-92	335
944610aa-541d-485d-b1ad-1fdacd6f8b5d	NR_028826.1	100.000	116	0	0	1	116	973	858	5.38e-56	215
944610aa-541d-485d-b1ad-1fdacd6f8b5d	NR_026395.1	100.000	116	0	0	1	116	991	876	5.38e-56	215
944610aa-541d-485d-b1ad-1fdacd6f8b5d	NR_024704.1	100.000	116	0	0	1	116	979	864	5.38e-56	215
944610aa-541d-485d-b1ad-1fdacd6f8b5d	NR_024707.1	100.000	116	0	0	1	116	973	858	5.38e-56	215
944610aa-541d-485d-b1ad-1fdacd6f8b5d	NR_024901.1	100.000	116	0	0	1	116	984	869	5.38e-56	215
d487994a-3b86-4b15-91cb-91463ea8adc7	NR_117694.1	92.977	299	10	11	2	292	296	1	6.69e-119	425
d487994a-3b86-4b15-91cb-91463ea8adc7	NR_025892.1	92.642	299	11	11	2	292	322	27	8.66e-118	422
d487994a-3b86-4b15-91cb-91463ea8adc7	NR_121687.1	90.698	301	13	14	2	292	316	21	3.16e-107	387
d487994a-3b86-4b15-91cb-91463ea8adc7	NR_104830.1	90.365	301	15	13	2	292	311	15	4.09e-106	383
d487994a-3b86-4b15-91cb-91463ea8adc7	NR_117692.1	90.033	301	15	13	2	292	296	1	6.84e-104	375
6e34b72b-db04-4a11-a6b5-043b73b59b19	NR_028826.1	98.333	180	1	1	1	178	207	386	8.55e-86	315
6e34b72b-db04-4a11-a6b5-043b73b59b19	NR_040992.1	98.333	180	1	1	1	178	225	404	8.55e-86	315
6e34b72b-db04-4a11-a6b5-043b73b59b19	NR_026395.1	98.333	180	1	1	1	178	225	404	8.55e-86	315
6e34b72b-db04-4a11-a6b5-043b73b59b19	NR_024707.1	98.333	180	1	1	1	178	207	386	8.55e-86	315
6e34b72b-db04-4a11-a6b5-043b73b59b19	NR_024734.1	98.333	180	1	1	1	178	205	384	8.55e-86	315
8fa5ce60-29c8-4896-a84b-f15a419c47ae	NR_024707.1	91.630	227	13	6	1	222	1093	868	5.25e-84	309
8fa5ce60-29c8-4896-a84b-f15a419c47ae	NR_036830.1	91.630	227	13	6	1	222	1073	848	5.25e-84	309
8fa5ce60-29c8-4896-a84b-f15a419c47ae	NR_115612.1	91.630	227	13	6	1	222	1071	846	5.25e-84	309
8fa5ce60-29c8-4896-a84b-f15a419c47ae	NR_117822.1	91.630	227	13	6	1	222	1065	840	5.25e-84	309
8fa5ce60-29c8-4896-a84b-f15a419c47ae	NR_118155.1	91.630	227	13	6	1	222	1114	889	5.25e-84	309
1a082aa9-7d86-43c2-aa78-c66ee91f76ee	NR_036998.1	96.516	287	4	6	2	286	1180	1462	2.96e-132	470
1a082aa9-7d86-43c2-aa78-c66ee91f76ee	NR_043314.1	96.516	287	4	6	2	286	1199	1481	2.96e-132	470
1a082aa9-7d86-43c2-aa78-c66ee91f76ee	NR_114793.1	96.516	287	4	6	2	286	1073	1355	2.96e-132	470
1a082aa9-7d86-43c2-aa78-c66ee91f76ee	NR_114749.1	96.516	287	4	6	2	286	1201	1483	2.96e-132	470
1a082aa9-7d86-43c2-aa78-c66ee91f76ee	NR_116899.1	96.516	287	4	6	2	286	1168	1450	2.96e-132	470
0c8b2dba-4c62-418c-8340-7407f65a27f9	NR_040859.1	87.383	214	16	7	1	203	1262	1475	8.08e-62	235
0c8b2dba-4c62-418c-8340-7407f65a27f9	NR_040992.1	87.383	214	16	7	1	203	1270	1483	8.08e-62	235
0c8b2dba-4c62-418c-8340-7407f65a27f9	NR_025881.1	87.383	214	16	7	1	203	1268	1481	8.08e-62	235
0c8b2dba-4c62-418c-8340-7407f65a27f9	NR_024662.1	87.383	214	16	7	1	203	1270	1483	8.08e-62	235
0c8b2dba-4c62-418c-8340-7407f65a27f9	NR_178680.1	87.678	211	13	8	5	203	1281	1490	2.90e-61	233
334a8df8-f723-40d8-8707-1209c1793918	NR_024901.1	94.737	133	2	5	3	131	136	5	4.85e-52	202
334a8df8-f723-40d8-8707-1209c1793918	NR_024911.1	94.737	133	2	5	3	131	136	5	4.85e-52	202
334a8df8-f723-40d8-8707-1209c1793918	NR_024912.1	94.737	133	2	5	3	131	136	5	4.85e-52	202
334a8df8-f723-40d8-8707-1209c1793918	NR_024928.1	94.737	133	2	5	3	131	136	5	4.85e-52	202
334a8df8-f723-40d8-8707-1209c1793918	NR_028706.1	94.737	133	2	5	3	131	144	13	4.85e-52	202
878da374-614a-43a4-9ca1-6cf95e2dac36	NR_025754.1	98.246	57	1	0	3	59	348	404	6.52e-22	100
878da374-614a-43a4-9ca1-6cf95e2dac36	NR_028817.1	98.246	57	1	0	3	59	372	428	6.52e-22	100
878da374-614a-43a4-9ca1-6cf95e2dac36	NR_028922.1	98.246	57	1	0	3	59	305	361	6.52e-22	100
878da374-614a-43a4-9ca1-6cf95e2dac36	NR_042500.1	98.246	57	1	0	3	59	296	352	6.52e-22	100
878da374-614a-43a4-9ca1-6cf95e2dac36	NR_044929.2	98.246	57	1	0	3	59	308	364	6.52e-22	100
eba1074a-c472-4d41-894e-a4a024f66483	NR_025762.1	95.058	344	6	7	1	340	1095	759	1.59e-150	531
eba1074a-c472-4d41-894e-a4a024f66483	NR_041879.1	95.058	344	6	7	1	340	1074	738	1.59e-150	531
eba1074a-c472-4d41-894e-a4a024f66483	NR_113570.1	95.058	344	6	7	1	340	1124	788	1.59e-150	531
eba1074a-c472-4d41-894e-a4a024f66483	NR_115355.1	95.058	344	6	7	1	340	1117	781	1.59e-150	531
eba1074a-c472-4d41-894e-a4a024f66483	NR_044091.1	95.058	344	6	7	1	340	1031	695	1.59e-150	531
446992ce-4a9e-4257-aa57-2885d127f5c5	NR_025902.1	98.507	134	1	1	1	134	1313	1445	5.05e-62	235
446992ce-4a9e-4257-aa57-2885d127f5c5	NR_028844.1	98.507	134	1	1	1	134	1344	1476	5.05e-62	235
446992ce-4a9e-4257-aa57-2885d127f5c5	NR_040933.1	98.507	134	1	1	1	134	1357	1489	5.05e-62	235
446992ce-4a9e-4257-aa57-2885d127f5c5	NR_117717.1	98.507	134	1	1	1	134	1355	1487	5.05e-62	235
446992ce-4a9e-4257-aa57-2885d127f5c5	NR_121688.1	98.507	134	1	1	1	134	1355	1487	5.05e-62	235
54a541e4-c4a7-4b26-9125-b61910eca724	NR_133752.1	93.496	123	5	2	1	123	535	416	2.11e-45	180
54a541e4-c4a7-4b26-9125-b61910eca724	NR_133753.1	93.496	123	5	2	1	123	564	445	2.11e-45	180
54a541e4-c4a7-4b26-9125-b61910eca724	NR_025904.1	93.496	123	5	2	1	123	609	490	2.11e-45	180
54a541e4-c4a7-4b26-9125-b61910eca724	NR_026419.1	93.496	123	5	2	1	123	598	479	2.11e-45	180
54a541e4-c4a7-4b26-9125-b61910eca724	NR_025903.1	93.496	123	5	2	1	123	610	491	2.11e-45	180
010bce83-9b8e-409b-8a49-b3b73e594119	NR_044873.1	100.000	193	0	0	7	199	922	1114	1.61e-98	357
010bce83-9b8e-409b-8a49-b3b73e594119	NR_074568.1	97.927	193	4	0	7	199	932	1124	7.53e-92	335
010bce83-9b8e-409b-8a49-b3b73e594119	NR_109752.1	97.927	193	4	0	7	199	943	1135	7.53e-92	335
010bce83-9b8e-409b-8a49-b3b73e594119	NR_044712.2	97.927	193	4	0	7	199	941	1133	7.53e-92	335
010bce83-9b8e-409b-8a49-b3b73e594119	NR_178360.1	97.927	193	4	0	7	199	899	1091	7.53e-92	335
f5ac3975-6635-4557-ab11-0c68b3250311	NR_025902.1	97.203	143	2	2	1	142	1304	1445	1.16e-63	241
f5ac3975-6635-4557-ab11-0c68b3250311	NR_028844.1	97.203	143	2	2	1	142	1335	1476	1.16e-63	241
f5ac3975-6635-4557-ab11-0c68b3250311	NR_040933.1	97.203	143	2	2	1	142	1348	1489	1.16e-63	241
f5ac3975-6635-4557-ab11-0c68b3250311	NR_117717.1	97.203	143	2	2	1	142	1346	1487	1.16e-63	241
f5ac3975-6635-4557-ab11-0c68b3250311	NR_121688.1	97.203	143	2	2	1	142	1346	1487	1.16e-63	241
da20b1d7-abbb-4312-bfe9-fe2996859782	NR_043420.1	94.964	139	5	2	1	137	1343	1481	1.92e-56	217
da20b1d7-abbb-4312-bfe9-fe2996859782	NR_040859.1	94.286	140	4	3	1	137	1337	1475	8.95e-55	211
da20b1d7-abbb-4312-bfe9-fe2996859782	NR_040992.1	94.286	140	4	3	1	137	1345	1483	8.95e-55	211
da20b1d7-abbb-4312-bfe9-fe2996859782	NR_025881.1	94.286	140	4	3	1	137	1343	1481	8.95e-55	211
da20b1d7-abbb-4312-bfe9-fe2996859782	NR_026395.1	94.286	140	4	3	1	137	1345	1483	8.95e-55	211
7e9c9210-aa4a-49f4-8c3c-981618f56fb6	NR_040859.1	97.633	169	0	1	1	165	650	818	1.71e-77	287
7e9c9210-aa4a-49f4-8c3c-981618f56fb6	NR_025947.1	97.633	169	0	1	1	165	658	826	1.71e-77	287
7e9c9210-aa4a-49f4-8c3c-981618f56fb6	NR_024662.1	97.633	169	0	1	1	165	658	826	1.71e-77	287
7e9c9210-aa4a-49f4-8c3c-981618f56fb6	NR_024910.1	97.633	169	0	1	1	165	649	817	1.71e-77	287
7e9c9210-aa4a-49f4-8c3c-981618f56fb6	NR_024924.1	97.633	169	0	1	1	165	649	817	1.71e-77	287
50cdcd12-9243-4da2-810e-34e5a31b5bd1	NR_118155.1	96.131	336	9	4	5	340	711	1042	5.80e-155	545
50cdcd12-9243-4da2-810e-34e5a31b5bd1	NR_029050.1	95.833	336	10	4	5	340	656	987	2.70e-153	540
50cdcd12-9243-4da2-810e-34e5a31b5bd1	NR_169411.1	95.833	336	10	4	5	340	708	1039	2.70e-153	540
50cdcd12-9243-4da2-810e-34e5a31b5bd1	NR_178340.1	95.833	336	10	4	5	340	356	687	2.70e-153	540
50cdcd12-9243-4da2-810e-34e5a31b5bd1	NR_179168.1	95.833	336	10	4	5	340	711	1042	2.70e-153	540
4d98834d-4396-4e51-9943-28211ed24ff3	NR_036998.1	94.737	190	6	4	1	188	1399	1212	4.29e-79	292
4d98834d-4396-4e51-9943-28211ed24ff3	NR_043314.1	94.737	190	6	4	1	188	1418	1231	4.29e-79	292
4d98834d-4396-4e51-9943-28211ed24ff3	NR_114225.1	94.737	190	6	4	1	188	1400	1213	4.29e-79	292
4d98834d-4396-4e51-9943-28211ed24ff3	NR_114793.1	94.737	190	6	4	1	188	1292	1105	4.29e-79	292
4d98834d-4396-4e51-9943-28211ed24ff3	NR_116905.1	94.737	190	6	4	1	188	1421	1234	4.29e-79	292
cf9c24cd-74f6-439e-b854-77c8669750d5	NR_179385.1	95.928	221	8	1	1	220	237	17	1.78e-98	357
cf9c24cd-74f6-439e-b854-77c8669750d5	NR_199545.1	95.928	221	8	1	1	220	233	13	1.78e-98	357
cf9c24cd-74f6-439e-b854-77c8669750d5	NR_165741.1	95.475	221	9	1	1	220	222	2	8.27e-97	351
cf9c24cd-74f6-439e-b854-77c8669750d5	NR_115560.1	94.595	222	11	1	1	221	233	12	4.98e-94	342
cf9c24cd-74f6-439e-b854-77c8669750d5	NR_028664.1	94.570	221	11	1	1	220	236	16	1.79e-93	340
f4b76c75-0199-4856-aecd-5bda69840481	NR_136788.1	97.976	247	3	2	1	247	1232	1476	1.54e-119	427
f4b76c75-0199-4856-aecd-5bda69840481	NR_026230.1	95.851	241	8	2	7	247	1216	1454	7.26e-108	388
f4b76c75-0199-4856-aecd-5bda69840481	NR_136443.1	96.137	233	6	3	7	239	1200	1429	1.57e-104	377
f4b76c75-0199-4856-aecd-5bda69840481	NR_041464.1	93.776	241	13	2	7	247	1239	1477	1.58e-99	361
f4b76c75-0199-4856-aecd-5bda69840481	NR_117913.1	93.117	247	15	2	1	247	1221	1465	1.58e-99	361
92d7ada9-9e95-430b-b3d4-252a3d73dac6	NR_036998.1	97.719	263	3	3	2	262	1204	1465	3.47e-126	449
92d7ada9-9e95-430b-b3d4-252a3d73dac6	NR_043314.1	97.719	263	3	3	2	262	1223	1484	3.47e-126	449
92d7ada9-9e95-430b-b3d4-252a3d73dac6	NR_114793.1	97.719	263	3	3	2	262	1097	1358	3.47e-126	449
92d7ada9-9e95-430b-b3d4-252a3d73dac6	NR_114749.1	97.719	263	3	3	2	262	1225	1486	3.47e-126	449
92d7ada9-9e95-430b-b3d4-252a3d73dac6	NR_116899.1	97.719	263	3	3	2	262	1192	1453	3.47e-126	449
f1946f8c-fb5b-4d53-b340-d6542c42aad1	NR_163639.1	98.344	302	2	2	1	299	1426	1125	1.84e-149	527
f1946f8c-fb5b-4d53-b340-d6542c42aad1	NR_179325.1	98.344	302	2	2	1	299	1385	1084	1.84e-149	527
f1946f8c-fb5b-4d53-b340-d6542c42aad1	NR_115355.1	98.013	302	3	2	1	299	1411	1110	8.57e-148	521
f1946f8c-fb5b-4d53-b340-d6542c42aad1	NR_041879.1	97.690	303	3	3	1	299	1369	1067	1.11e-146	518
f1946f8c-fb5b-4d53-b340-d6542c42aad1	NR_041880.1	97.682	302	4	2	1	299	1367	1066	3.99e-146	516
5c1f404a-d268-4478-8236-7203b620375c	NR_042928.1	96.914	162	4	1	7	167	162	1	1.85e-72	270
5c1f404a-d268-4478-8236-7203b620375c	NR_165741.1	96.875	160	4	1	9	167	169	10	2.40e-71	267
5c1f404a-d268-4478-8236-7203b620375c	NR_036936.1	96.296	162	3	3	9	167	162	1	3.10e-70	263
5c1f404a-d268-4478-8236-7203b620375c	NR_179385.1	96.250	160	5	1	9	167	184	25	1.12e-69	261
5c1f404a-d268-4478-8236-7203b620375c	NR_199545.1	96.250	160	5	1	9	167	180	21	1.12e-69	261
b2a2391c-355c-43fb-8e8f-1800f26a279c	NR_024901.1	98.624	218	2	1	1	217	224	7	8.03e-107	385
b2a2391c-355c-43fb-8e8f-1800f26a279c	NR_024912.1	98.624	218	2	1	1	217	224	7	8.03e-107	385
b2a2391c-355c-43fb-8e8f-1800f26a279c	NR_024928.1	98.624	218	2	1	1	217	224	7	8.03e-107	385
b2a2391c-355c-43fb-8e8f-1800f26a279c	NR_025586.1	98.624	218	2	1	1	217	219	2	8.03e-107	385
b2a2391c-355c-43fb-8e8f-1800f26a279c	NR_025587.1	98.624	218	2	1	1	217	219	2	8.03e-107	385
3b1e57fc-187c-4e59-a7c5-dc915e337f80	NR_114225.1	91.954	261	11	6	1	252	1355	1096	6.12e-99	359
3b1e57fc-187c-4e59-a7c5-dc915e337f80	NR_024911.1	91.954	261	11	6	1	252	1368	1109	2.20e-98	357
3b1e57fc-187c-4e59-a7c5-dc915e337f80	NR_024918.1	91.954	261	11	6	1	252	1368	1109	2.20e-98	357
3b1e57fc-187c-4e59-a7c5-dc915e337f80	NR_025174.1	91.954	261	11	6	1	252	1361	1102	2.20e-98	357
3b1e57fc-187c-4e59-a7c5-dc915e337f80	NR_025227.1	91.954	261	11	6	1	252	1351	1092	2.20e-98	357
3775854e-63b8-4828-9222-db41f2307a4d	NR_074568.1	95.652	138	2	4	3	137	147	11	5.04e-57	219
3775854e-63b8-4828-9222-db41f2307a4d	NR_044712.2	95.652	138	2	4	3	137	156	20	5.04e-57	219
3775854e-63b8-4828-9222-db41f2307a4d	NR_044873.1	94.891	137	3	4	3	136	136	1	8.43e-55	211
3775854e-63b8-4828-9222-db41f2307a4d	NR_109752.1	95.349	129	4	2	9	136	149	22	1.41e-52	204
3775854e-63b8-4828-9222-db41f2307a4d	NR_179993.1	95.312	128	4	2	9	135	139	13	5.07e-52	202
3c39ca61-e07e-4a1d-b3c2-195fa5e999de	NR_121687.1	92.377	223	6	8	2	217	592	810	1.90e-83	307
3c39ca61-e07e-4a1d-b3c2-195fa5e999de	NR_041989.1	92.377	223	6	8	2	217	530	748	1.90e-83	307
3c39ca61-e07e-4a1d-b3c2-195fa5e999de	NR_117694.1	92.377	223	6	8	2	217	572	790	1.90e-83	307
3c39ca61-e07e-4a1d-b3c2-195fa5e999de	NR_025892.1	91.892	222	8	7	2	217	598	815	6.83e-83	305
3c39ca61-e07e-4a1d-b3c2-195fa5e999de	NR_104947.1	90.987	233	10	8	2	227	545	773	2.46e-82	303
a29a43c8-2dde-41b5-9bff-a76eef804543	NR_043464.1	98.291	117	1	1	1	116	117	1	1.28e-52	204
a29a43c8-2dde-41b5-9bff-a76eef804543	NR_181682.1	92.857	126	8	1	1	125	141	16	5.98e-46	182
a29a43c8-2dde-41b5-9bff-a76eef804543	NR_165677.1	91.339	127	9	2	1	125	147	21	3.60e-43	172
a29a43c8-2dde-41b5-9bff-a76eef804543	NR_181560.1	91.339	127	9	2	1	125	138	12	3.60e-43	172
a29a43c8-2dde-41b5-9bff-a76eef804543	NR_042496.1	90.625	128	7	3	3	125	135	8	6.02e-41	165
2122153d-99d3-474a-90b2-a01a7a96581a	NR_029050.1	95.035	141	3	2	1	138	1198	1059	5.17e-57	219
2122153d-99d3-474a-90b2-a01a7a96581a	NR_043314.1	95.035	141	3	2	1	138	1248	1109	5.17e-57	219
2122153d-99d3-474a-90b2-a01a7a96581a	NR_116905.1	95.035	141	3	2	1	138	1251	1112	5.17e-57	219
2122153d-99d3-474a-90b2-a01a7a96581a	NR_114749.1	95.035	141	3	2	1	138	1250	1111	5.17e-57	219
2122153d-99d3-474a-90b2-a01a7a96581a	NR_116899.1	95.035	141	3	2	1	138	1217	1078	5.17e-57	219
1835438b-de68-484f-9fe7-58876a7bc1ef	NR_043459.1	96.124	129	1	4	1	125	142	14	9.96e-54	207
1835438b-de68-484f-9fe7-58876a7bc1ef	NR_025892.1	96.094	128	2	2	1	125	146	19	3.58e-53	206
1835438b-de68-484f-9fe7-58876a7bc1ef	NR_121687.1	96.094	128	2	2	1	125	140	13	3.58e-53	206
1835438b-de68-484f-9fe7-58876a7bc1ef	NR_117717.1	95.312	128	3	2	1	125	141	14	1.67e-51	200
1835438b-de68-484f-9fe7-58876a7bc1ef	NR_121688.1	95.312	128	3	2	1	125	140	13	1.67e-51	200
860031a4-36e2-49fd-8895-b8896ab254db	NR_174212.1	87.368	95	3	6	1	90	92	2	1.30e-21	100
860031a4-36e2-49fd-8895-b8896ab254db	NR_116230.1	86.813	91	5	5	3	90	111	25	6.07e-20	95.3
860031a4-36e2-49fd-8895-b8896ab254db	NR_116459.1	86.813	91	5	6	3	90	112	26	6.07e-20	95.3
860031a4-36e2-49fd-8895-b8896ab254db	NR_125524.1	86.813	91	5	5	3	90	101	15	6.07e-20	95.3
860031a4-36e2-49fd-8895-b8896ab254db	NR_044294.1	86.813	91	5	5	3	90	111	25	6.07e-20	95.3
32b22f66-e458-4b27-a0da-d0882d6bea41	NR_028665.1	92.278	259	11	6	6	257	1232	1488	5.97e-99	359
32b22f66-e458-4b27-a0da-d0882d6bea41	NR_114172.1	92.278	259	11	6	6	257	1215	1471	5.97e-99	359
32b22f66-e458-4b27-a0da-d0882d6bea41	NR_179385.1	92.278	259	11	6	6	257	1239	1495	5.97e-99	359
32b22f66-e458-4b27-a0da-d0882d6bea41	NR_199545.1	92.278	259	11	6	6	257	1235	1491	5.97e-99	359
32b22f66-e458-4b27-a0da-d0882d6bea41	NR_041722.2	91.892	259	12	6	6	257	1252	1508	2.78e-97	353
ffa6d16e-9565-42a6-9a4f-0879618780d3	NR_116168.1	96.212	132	2	2	1	130	152	22	2.36e-55	213
ffa6d16e-9565-42a6-9a4f-0879618780d3	NR_042878.1	94.697	132	4	2	1	130	131	1	3.96e-53	206
ffa6d16e-9565-42a6-9a4f-0879618780d3	NR_118762.1	92.424	132	7	2	1	130	155	25	3.08e-49	193
ffa6d16e-9565-42a6-9a4f-0879618780d3	NR_137345.1	93.846	130	5	2	1	128	133	5	3.08e-49	193
ffa6d16e-9565-42a6-9a4f-0879618780d3	NR_042879.1	93.182	132	6	2	1	130	131	1	1.11e-48	191
720f9ce1-ffc5-4485-8eb4-a9f6ce187cc8	NR_043332.1	92.437	119	6	3	1	118	1341	1225	1.56e-41	167
720f9ce1-ffc5-4485-8eb4-a9f6ce187cc8	NR_074980.1	92.437	119	6	3	1	118	1368	1252	1.56e-41	167
720f9ce1-ffc5-4485-8eb4-a9f6ce187cc8	NR_113031.1	92.437	119	6	3	1	118	1368	1252	1.56e-41	167
720f9ce1-ffc5-4485-8eb4-a9f6ce187cc8	NR_113570.1	92.437	119	6	3	1	118	1348	1232	1.56e-41	167
720f9ce1-ffc5-4485-8eb4-a9f6ce187cc8	NR_117759.1	92.437	119	6	3	1	118	1344	1228	1.56e-41	167
cc5ccce7-9a72-4f91-810b-8d6700faa928	NR_024912.1	94.190	327	5	12	1	318	327	6	3.22e-137	486
cc5ccce7-9a72-4f91-810b-8d6700faa928	NR_028706.1	94.190	327	5	12	1	318	335	14	3.22e-137	486
cc5ccce7-9a72-4f91-810b-8d6700faa928	NR_037092.1	94.190	327	5	12	1	318	332	11	3.22e-137	486
cc5ccce7-9a72-4f91-810b-8d6700faa928	NR_042939.1	94.190	327	5	12	1	318	333	12	3.22e-137	486
cc5ccce7-9a72-4f91-810b-8d6700faa928	NR_114473.1	94.190	327	5	12	1	318	322	1	3.22e-137	486
c94c4468-f021-44f0-a3db-75fd63238ca9	NR_179924.1	92.473	93	3	4	7	95	103	11	1.56e-30	130
c94c4468-f021-44f0-a3db-75fd63238ca9	NR_148763.1	91.398	93	4	3	7	95	103	11	7.24e-29	124
c94c4468-f021-44f0-a3db-75fd63238ca9	NR_159249.1	91.398	93	4	3	7	95	93	1	7.24e-29	124
c94c4468-f021-44f0-a3db-75fd63238ca9	NR_159348.1	91.398	93	4	3	7	95	110	18	7.24e-29	124
c94c4468-f021-44f0-a3db-75fd63238ca9	NR_164626.1	91.398	93	4	3	7	95	93	1	7.24e-29	124
bc91b610-e9b2-4da6-9f85-b5beb500ecb6	NR_024659.1	95.324	278	5	6	1	273	506	232	1.00e-121	435
bc91b610-e9b2-4da6-9f85-b5beb500ecb6	NR_116212.1	95.324	278	5	6	1	273	448	174	1.00e-121	435
bc91b610-e9b2-4da6-9f85-b5beb500ecb6	NR_178515.1	94.604	278	7	6	1	273	525	251	2.17e-118	424
bc91b610-e9b2-4da6-9f85-b5beb500ecb6	NR_042776.1	94.565	276	7	6	1	271	550	278	2.81e-117	420
bc91b610-e9b2-4da6-9f85-b5beb500ecb6	NR_197695.1	94.565	276	7	6	1	271	549	277	2.81e-117	420
76179550-3ef1-4388-af81-3c8b5fad2720	NR_133752.1	98.113	265	2	3	7	269	1247	984	5.89e-129	459
76179550-3ef1-4388-af81-3c8b5fad2720	NR_133753.1	98.113	265	2	3	7	269	1276	1013	5.89e-129	459
76179550-3ef1-4388-af81-3c8b5fad2720	NR_025903.1	98.113	265	2	3	7	269	1322	1059	5.89e-129	459
76179550-3ef1-4388-af81-3c8b5fad2720	NR_025904.1	96.981	265	5	3	7	269	1321	1058	5.93e-124	442
76179550-3ef1-4388-af81-3c8b5fad2720	NR_026419.1	95.094	265	10	3	7	269	1310	1047	1.29e-115	414
a02834bf-4cb8-4741-9221-47b41a447269	NR_042928.1	86.202	674	34	39	1	634	655	1	0.0	675
a02834bf-4cb8-4741-9221-47b41a447269	NR_112026.1	86.719	640	31	35	1	602	638	15	0.0	662
a02834bf-4cb8-4741-9221-47b41a447269	NR_199547.1	87.521	601	28	29	1	568	635	49	0.0	651
a02834bf-4cb8-4741-9221-47b41a447269	NR_165747.1	85.438	673	41	38	1	634	655	1	0.0	647
a02834bf-4cb8-4741-9221-47b41a447269	NR_116206.1	87.374	594	28	30	1	561	580	1	0.0	640
d96db4f5-6024-4626-be4e-15ba34e45442	NR_025863.1	93.306	493	21	11	1	483	501	11	0.0	721
d96db4f5-6024-4626-be4e-15ba34e45442	NR_025862.1	85.513	497	47	23	1	483	496	11	6.47e-141	499
d96db4f5-6024-4626-be4e-15ba34e45442	NR_173518.1	84.507	497	52	22	1	483	496	11	1.82e-131	468
d96db4f5-6024-4626-be4e-15ba34e45442	NR_179652.1	84.242	495	54	24	1	481	501	17	3.05e-129	460
d96db4f5-6024-4626-be4e-15ba34e45442	NR_179378.1	83.164	493	65	17	1	481	498	12	1.85e-121	435
2af43fbe-52d8-4423-8d4f-23b5f62c7402	NR_074980.1	94.286	420	16	6	9	426	426	13	0.0	636
2af43fbe-52d8-4423-8d4f-23b5f62c7402	NR_113031.1	94.286	420	16	6	9	426	426	13	0.0	636
2af43fbe-52d8-4423-8d4f-23b5f62c7402	NR_119170.1	94.878	410	13	6	9	416	404	1	0.0	636
2af43fbe-52d8-4423-8d4f-23b5f62c7402	NR_115354.1	95.062	405	12	6	9	411	399	1	1.94e-180	630
2af43fbe-52d8-4423-8d4f-23b5f62c7402	NR_163639.1	93.839	422	15	8	9	428	415	3	9.04e-179	625
07186dae-4109-46ef-b548-c25385d1b807	NR_199513.1	94.841	659	23	7	18	668	1122	467	0.0	1018
07186dae-4109-46ef-b548-c25385d1b807	NR_179482.1	94.689	659	24	7	18	668	998	343	0.0	1013
07186dae-4109-46ef-b548-c25385d1b807	NR_181891.1	94.689	659	24	7	18	668	1118	463	0.0	1013
07186dae-4109-46ef-b548-c25385d1b807	NR_181875.1	94.809	655	23	7	18	664	1106	455	0.0	1011
07186dae-4109-46ef-b548-c25385d1b807	NR_041953.1	94.537	659	25	7	18	668	1095	440	0.0	1007
92f26f59-7589-43b9-995c-54b0e9e8977e	NR_156986.1	94.153	1009	30	23	1	989	1000	1	0.0	1509
92f26f59-7589-43b9-995c-54b0e9e8977e	NR_199513.1	94.054	1009	33	23	1	990	1019	19	0.0	1506
92f26f59-7589-43b9-995c-54b0e9e8977e	NR_156987.1	94.054	1009	31	23	1	989	1000	1	0.0	1504
92f26f59-7589-43b9-995c-54b0e9e8977e	NR_199514.1	94.054	1009	31	23	1	989	1012	13	0.0	1504
92f26f59-7589-43b9-995c-54b0e9e8977e	NR_024901.1	93.954	1009	32	23	1	989	1005	6	0.0	1498
0f23e208-2e0f-42f7-aabe-1a2bd31031f8	NR_179325.1	98.617	506	5	2	1	504	951	1456	0.0	894
0f23e208-2e0f-42f7-aabe-1a2bd31031f8	NR_163639.1	98.419	506	6	2	1	504	992	1497	0.0	889
0f23e208-2e0f-42f7-aabe-1a2bd31031f8	NR_115354.1	98.221	506	7	2	1	504	977	1482	0.0	885
0f23e208-2e0f-42f7-aabe-1a2bd31031f8	NR_115355.1	98.221	506	7	2	1	504	977	1482	0.0	883
0f23e208-2e0f-42f7-aabe-1a2bd31031f8	NR_074980.1	97.826	506	9	2	1	504	1004	1509	0.0	872
6e781660-a94b-4c46-a1cb-7351a521e629	NR_024918.1	98.701	231	1	2	1	231	1248	1476	5.18e-114	409
6e781660-a94b-4c46-a1cb-7351a521e629	NR_025164.1	98.701	231	1	2	1	231	1235	1463	5.18e-114	409
6e781660-a94b-4c46-a1cb-7351a521e629	NR_028986.1	98.701	231	1	2	1	231	1235	1463	5.18e-114	409
6e781660-a94b-4c46-a1cb-7351a521e629	NR_036998.1	98.701	231	1	2	1	231	1234	1462	5.18e-114	409
6e781660-a94b-4c46-a1cb-7351a521e629	NR_041799.1	98.701	231	1	2	1	231	1235	1463	5.18e-114	409
03d2fdad-9305-4186-ac5f-affdf3f006eb	NR_117694.1	95.537	717	17	15	1	707	712	1	0.0	1133
03d2fdad-9305-4186-ac5f-affdf3f006eb	NR_121687.1	94.077	726	26	16	1	715	732	13	0.0	1086
03d2fdad-9305-4186-ac5f-affdf3f006eb	NR_025892.1	93.517	725	31	15	1	715	737	19	0.0	1085
03d2fdad-9305-4186-ac5f-affdf3f006eb	NR_117692.1	93.969	713	29	13	4	707	708	1	0.0	1066
03d2fdad-9305-4186-ac5f-affdf3f006eb	NR_025902.1	93.632	691	29	14	4	684	686	1	0.0	1018
ee90294d-708f-4bbf-b540-beda3fbb0eef	NR_041799.1	95.990	823	21	11	1	816	646	1463	0.0	1327
ee90294d-708f-4bbf-b540-beda3fbb0eef	NR_116899.1	95.990	823	21	11	1	816	633	1450	0.0	1327
ee90294d-708f-4bbf-b540-beda3fbb0eef	NR_117823.1	95.990	823	21	11	1	816	618	1435	0.0	1327
ee90294d-708f-4bbf-b540-beda3fbb0eef	NR_179889.1	95.990	823	21	11	1	816	673	1490	0.0	1327
ee90294d-708f-4bbf-b540-beda3fbb0eef	NR_181730.1	95.990	823	21	11	1	816	652	1469	0.0	1327
bea24e00-1056-46fc-b8f8-15cae10f2c71	NR_041989.1	95.950	321	8	5	1	319	513	830	4.13e-146	516
bea24e00-1056-46fc-b8f8-15cae10f2c71	NR_117694.1	95.950	321	8	5	1	319	555	872	4.13e-146	516
bea24e00-1056-46fc-b8f8-15cae10f2c71	NR_121687.1	95.327	321	10	5	1	319	575	892	8.93e-143	505
bea24e00-1056-46fc-b8f8-15cae10f2c71	NR_025892.1	95.016	321	10	5	1	319	581	897	3.21e-142	503
bea24e00-1056-46fc-b8f8-15cae10f2c71	NR_028900.1	94.704	321	12	5	1	319	513	830	1.93e-139	494
bdf5d333-71aa-4cb7-a4dd-d9a1061095cb	NR_043314.1	93.207	368	10	11	2	360	1120	1481	2.19e-149	527
bdf5d333-71aa-4cb7-a4dd-d9a1061095cb	NR_114749.1	93.207	368	10	11	2	360	1122	1483	2.19e-149	527
bdf5d333-71aa-4cb7-a4dd-d9a1061095cb	NR_116899.1	93.207	368	10	11	2	360	1089	1450	2.19e-149	527
bdf5d333-71aa-4cb7-a4dd-d9a1061095cb	NR_178854.1	93.207	368	10	11	2	360	1101	1462	2.19e-149	527
bdf5d333-71aa-4cb7-a4dd-d9a1061095cb	NR_179889.1	93.207	368	10	11	2	360	1129	1490	2.19e-149	527
8c7067b6-09af-4c30-9f64-f22008603369	NR_037092.1	95.082	915	24	16	14	912	925	16	0.0	1421
8c7067b6-09af-4c30-9f64-f22008603369	NR_156986.1	94.886	919	23	19	14	912	920	6	0.0	1415
8c7067b6-09af-4c30-9f64-f22008603369	NR_024901.1	94.777	919	24	21	14	912	925	11	0.0	1410
8c7067b6-09af-4c30-9f64-f22008603369	NR_156987.1	94.777	919	24	19	14	912	920	6	0.0	1410
8c7067b6-09af-4c30-9f64-f22008603369	NR_199514.1	94.777	919	24	19	14	912	932	18	0.0	1410
2f6c6014-238d-4ef2-83c0-02f482579f31	NR_163639.1	97.867	375	5	3	1	374	375	3	0.0	645
2f6c6014-238d-4ef2-83c0-02f482579f31	NR_074980.1	97.855	373	6	2	1	372	384	13	0.0	643
2f6c6014-238d-4ef2-83c0-02f482579f31	NR_113031.1	97.855	373	6	2	1	372	384	13	0.0	643
2f6c6014-238d-4ef2-83c0-02f482579f31	NR_119168.1	98.072	363	5	2	1	362	362	1	1.68e-180	630
2f6c6014-238d-4ef2-83c0-02f482579f31	NR_119169.1	97.796	363	6	2	1	362	362	1	2.17e-179	627
f7f3aa8b-35ba-46e3-89be-7abff4f2c524	NR_024912.1	92.929	198	6	8	6	199	88	281	1.02e-75	281
f7f3aa8b-35ba-46e3-89be-7abff4f2c524	NR_025102.1	92.929	198	6	8	6	199	67	260	1.02e-75	281
f7f3aa8b-35ba-46e3-89be-7abff4f2c524	NR_025164.1	92.929	198	6	8	6	199	75	268	1.02e-75	281
f7f3aa8b-35ba-46e3-89be-7abff4f2c524	NR_028706.1	92.929	198	6	8	6	199	96	289	1.02e-75	281
f7f3aa8b-35ba-46e3-89be-7abff4f2c524	NR_036999.1	92.929	198	6	8	6	199	77	270	1.02e-75	281
2b791c61-69d5-42db-a625-17bb83b3c012	NR_117694.1	92.606	568	21	18	1	552	563	1	0.0	797
2b791c61-69d5-42db-a625-17bb83b3c012	NR_025892.1	91.478	575	30	16	1	560	589	19	0.0	789
2b791c61-69d5-42db-a625-17bb83b3c012	NR_121687.1	90.988	577	29	20	1	560	583	13	0.0	756
2b791c61-69d5-42db-a625-17bb83b3c012	NR_117692.1	90.175	570	31	21	1	552	563	1	0.0	719
2b791c61-69d5-42db-a625-17bb83b3c012	NR_026079.2	89.446	578	36	22	1	560	590	20	0.0	706
493aa98d-d69b-44f3-a490-7ff1d521f026	NR_040933.1	99.327	446	2	1	3	447	1042	1487	0.0	806
493aa98d-d69b-44f3-a490-7ff1d521f026	NR_117717.1	99.327	446	2	1	3	447	1040	1485	0.0	806
493aa98d-d69b-44f3-a490-7ff1d521f026	NR_121688.1	99.327	446	2	1	3	447	1040	1485	0.0	806
493aa98d-d69b-44f3-a490-7ff1d521f026	NR_117694.1	99.327	446	2	1	3	447	1020	1465	0.0	806
493aa98d-d69b-44f3-a490-7ff1d521f026	NR_117696.1	99.327	446	2	1	3	447	1007	1452	0.0	806
5886f814-e01e-4f93-bfd8-d740fcdf6f3c	NR_117694.1	94.948	1247	25	35	1	1227	239	1467	0.0	1919
5886f814-e01e-4f93-bfd8-d740fcdf6f3c	NR_121687.1	94.547	1247	30	35	1	1227	259	1487	0.0	1892
5886f814-e01e-4f93-bfd8-d740fcdf6f3c	NR_117692.1	94.235	1249	30	38	1	1227	239	1467	0.0	1869
5886f814-e01e-4f93-bfd8-d740fcdf6f3c	NR_025892.1	93.876	1241	37	36	1	1221	265	1486	0.0	1858
5886f814-e01e-4f93-bfd8-d740fcdf6f3c	NR_025902.1	94.075	1249	32	38	1	1227	217	1445	0.0	1858
0484cdf0-5986-4052-aae2-9349860651cb	NR_199513.1	94.396	910	30	14	1	893	1019	114	0.0	1378
0484cdf0-5986-4052-aae2-9349860651cb	NR_116992.1	93.187	910	41	15	1	893	960	55	0.0	1317
0484cdf0-5986-4052-aae2-9349860651cb	NR_135703.1	92.982	912	41	18	1	893	1024	117	0.0	1308
0484cdf0-5986-4052-aae2-9349860651cb	NR_118155.1	92.967	910	43	16	1	893	1015	110	0.0	1306
0484cdf0-5986-4052-aae2-9349860651cb	NR_178286.1	92.967	910	43	16	1	893	997	92	0.0	1306
c07b675f-7d22-4f35-8497-31f77c7d7e4c	NR_041989.1	86.914	512	39	23	1	503	976	484	6.61e-156	549
c07b675f-7d22-4f35-8497-31f77c7d7e4c	NR_117694.1	86.719	512	40	23	1	503	1018	526	3.07e-154	544
c07b675f-7d22-4f35-8497-31f77c7d7e4c	NR_121687.1	86.523	512	41	23	1	503	1038	546	1.43e-152	538
c07b675f-7d22-4f35-8497-31f77c7d7e4c	NR_028900.1	86.133	512	43	23	1	503	976	484	3.10e-149	527
c07b675f-7d22-4f35-8497-31f77c7d7e4c	NR_041988.1	85.938	512	44	23	1	503	976	484	1.44e-147	521
ad2f49e5-ae6c-4ac9-b954-12246b7f0061	NR_041953.1	96.634	921	15	10	1	915	1100	190	0.0	1515
ad2f49e5-ae6c-4ac9-b954-12246b7f0061	NR_178447.1	96.634	921	15	10	1	915	1034	124	0.0	1515
ad2f49e5-ae6c-4ac9-b954-12246b7f0061	NR_199513.1	96.634	921	15	10	1	915	1127	217	0.0	1515
ad2f49e5-ae6c-4ac9-b954-12246b7f0061	NR_042541.1	96.526	921	16	10	1	915	1100	190	0.0	1509
ad2f49e5-ae6c-4ac9-b954-12246b7f0061	NR_179889.1	96.526	921	16	10	1	915	1127	217	0.0	1509
638719a2-273a-4905-9537-3d43384ebc2e	NR_117694.1	94.146	820	36	9	1	812	652	1467	0.0	1238
638719a2-273a-4905-9537-3d43384ebc2e	NR_121687.1	93.780	820	39	9	1	812	672	1487	0.0	1221
638719a2-273a-4905-9537-3d43384ebc2e	NR_025892.1	93.735	814	39	9	1	806	677	1486	0.0	1216
638719a2-273a-4905-9537-3d43384ebc2e	NR_117692.1	93.659	820	40	9	1	812	652	1467	0.0	1216
638719a2-273a-4905-9537-3d43384ebc2e	NR_178369.1	94.885	782	28	9	1	774	623	1400	0.0	1212
4c7da312-1f64-47c9-b590-9ef3f2a08937	NR_117694.1	95.494	688	6	17	1	666	685	1	0.0	1075
4c7da312-1f64-47c9-b590-9ef3f2a08937	NR_025892.1	93.169	688	21	17	1	666	710	27	0.0	1005
4c7da312-1f64-47c9-b590-9ef3f2a08937	NR_121687.1	93.614	689	17	19	1	666	705	21	0.0	1003
4c7da312-1f64-47c9-b590-9ef3f2a08937	NR_117692.1	93.169	688	22	17	1	666	685	1	0.0	987
4c7da312-1f64-47c9-b590-9ef3f2a08937	NR_025902.1	93.093	666	21	17	1	644	663	1	0.0	952
cb92ec6c-a5ee-416a-9fe1-2d3590c2cd92	NR_024918.1	98.469	653	9	1	3	654	824	1476	0.0	1149
cb92ec6c-a5ee-416a-9fe1-2d3590c2cd92	NR_041799.1	98.469	653	9	1	3	654	811	1463	0.0	1149
cb92ec6c-a5ee-416a-9fe1-2d3590c2cd92	NR_043314.1	98.469	653	9	1	3	654	829	1481	0.0	1149
cb92ec6c-a5ee-416a-9fe1-2d3590c2cd92	NR_042147.1	98.469	653	9	1	3	654	811	1463	0.0	1149
cb92ec6c-a5ee-416a-9fe1-2d3590c2cd92	NR_116899.1	98.469	653	9	1	3	654	798	1450	0.0	1149
c1a702c6-fcf7-416a-8b47-57d3fa02eb08	NR_156986.1	92.157	1326	58	34	8	1302	1311	1	0.0	1831
c1a702c6-fcf7-416a-8b47-57d3fa02eb08	NR_024912.1	92.081	1326	59	35	8	1302	1316	6	0.0	1825
c1a702c6-fcf7-416a-8b47-57d3fa02eb08	NR_156987.1	92.081	1326	59	34	8	1302	1311	1	0.0	1825
c1a702c6-fcf7-416a-8b47-57d3fa02eb08	NR_042147.1	92.109	1318	58	35	8	1294	1303	1	0.0	1816
c1a702c6-fcf7-416a-8b47-57d3fa02eb08	NR_113600.1	92.033	1318	59	34	8	1294	1303	1	0.0	1812
d6fdbcd9-def7-4b58-8703-7efc5a07dafb	NR_116168.1	90.426	376	21	13	2	368	1123	1492	1.77e-135	481
d6fdbcd9-def7-4b58-8703-7efc5a07dafb	NR_118762.1	89.835	364	24	12	2	357	1125	1483	8.27e-129	459
d6fdbcd9-def7-4b58-8703-7efc5a07dafb	NR_024897.1	88.329	377	27	15	2	368	1122	1491	3.88e-122	436
d6fdbcd9-def7-4b58-8703-7efc5a07dafb	NR_181418.1	88.329	377	27	15	2	368	1122	1491	3.88e-122	436
d6fdbcd9-def7-4b58-8703-7efc5a07dafb	NR_180040.1	88.095	378	26	17	2	368	1129	1498	1.80e-120	431
4326ff7d-2996-4b07-829f-3762e3921a22	NR_156986.1	93.322	1228	42	34	1	1193	1223	1	0.0	1777
4326ff7d-2996-4b07-829f-3762e3921a22	NR_113600.1	93.361	1220	43	33	1	1187	1215	1	0.0	1772
4326ff7d-2996-4b07-829f-3762e3921a22	NR_156987.1	93.241	1228	43	34	1	1193	1223	1	0.0	1772
4326ff7d-2996-4b07-829f-3762e3921a22	NR_178976.1	93.355	1219	43	33	1	1186	1214	1	0.0	1768
4326ff7d-2996-4b07-829f-3762e3921a22	NR_199513.1	93.160	1228	46	32	1	1194	1242	19	0.0	1768
e986c2b3-5b5d-4d4f-9e4b-5319e29378d0	NR_043314.1	97.113	381	5	6	1	378	1097	1474	0.0	638
e986c2b3-5b5d-4d4f-9e4b-5319e29378d0	NR_114749.1	97.113	381	5	6	1	378	1099	1476	0.0	638
e986c2b3-5b5d-4d4f-9e4b-5319e29378d0	NR_116899.1	97.113	381	5	6	1	378	1066	1443	0.0	638
e986c2b3-5b5d-4d4f-9e4b-5319e29378d0	NR_178854.1	97.113	381	5	6	1	378	1078	1455	0.0	638
e986c2b3-5b5d-4d4f-9e4b-5319e29378d0	NR_179889.1	97.113	381	5	6	1	378	1106	1483	0.0	638
0a188e0b-4f82-4a1d-ac3b-97f6aec0dee8	NR_044091.1	94.880	996	33	14	14	999	302	1289	0.0	1541
0a188e0b-4f82-4a1d-ac3b-97f6aec0dee8	NR_113570.1	94.177	996	39	15	14	999	395	1381	0.0	1500
0a188e0b-4f82-4a1d-ac3b-97f6aec0dee8	NR_074980.1	94.076	996	40	15	14	999	415	1401	0.0	1495
0a188e0b-4f82-4a1d-ac3b-97f6aec0dee8	NR_113031.1	94.076	996	40	15	14	999	415	1401	0.0	1495
0a188e0b-4f82-4a1d-ac3b-97f6aec0dee8	NR_042940.1	93.976	996	42	14	14	999	300	1287	0.0	1491
84d16076-37ec-49e2-96ac-908466e98c37	NR_199545.1	95.595	454	12	7	1	450	463	14	0.0	721
84d16076-37ec-49e2-96ac-908466e98c37	NR_165741.1	95.374	454	13	7	1	450	452	3	0.0	715
84d16076-37ec-49e2-96ac-908466e98c37	NR_179385.1	95.374	454	13	7	1	450	467	18	0.0	715
84d16076-37ec-49e2-96ac-908466e98c37	NR_028664.1	94.934	454	15	7	1	450	466	17	0.0	704
84d16076-37ec-49e2-96ac-908466e98c37	NR_179383.1	94.934	454	15	7	1	450	470	21	0.0	704
c43b11f8-bc8b-4165-b19d-f23745fae0cc	NR_043314.1	94.268	471	14	11	7	466	1013	1481	0.0	708
c43b11f8-bc8b-4165-b19d-f23745fae0cc	NR_114749.1	94.268	471	14	11	7	466	1015	1483	0.0	708
c43b11f8-bc8b-4165-b19d-f23745fae0cc	NR_116899.1	94.268	471	14	11	7	466	982	1450	0.0	708
c43b11f8-bc8b-4165-b19d-f23745fae0cc	NR_178854.1	94.268	471	14	11	7	466	994	1462	0.0	708
c43b11f8-bc8b-4165-b19d-f23745fae0cc	NR_179889.1	94.268	471	14	11	7	466	1022	1490	0.0	708
d0ac98dc-d7cd-4919-a63f-6c48c57b80ab	NR_024918.1	96.350	411	11	4	12	422	1075	1481	0.0	673
d0ac98dc-d7cd-4919-a63f-6c48c57b80ab	NR_028986.1	96.350	411	11	4	12	422	1062	1468	0.0	673
d0ac98dc-d7cd-4919-a63f-6c48c57b80ab	NR_043314.1	96.350	411	11	4	12	422	1080	1486	0.0	673
d0ac98dc-d7cd-4919-a63f-6c48c57b80ab	NR_042199.1	96.350	411	11	4	12	422	1062	1468	0.0	673
d0ac98dc-d7cd-4919-a63f-6c48c57b80ab	NR_117821.1	96.350	411	11	4	12	422	1034	1440	0.0	673
279702a5-111a-41a2-9691-ec0a8441be17	NR_165737.1	97.496	1118	21	6	1	1113	356	1471	0.0	1903
279702a5-111a-41a2-9691-ec0a8441be17	NR_024842.1	97.061	1123	25	7	4	1121	374	1493	0.0	1886
279702a5-111a-41a2-9691-ec0a8441be17	NR_036936.1	97.309	1115	23	6	4	1113	359	1471	0.0	1886
279702a5-111a-41a2-9691-ec0a8441be17	NR_115735.1	97.227	1118	23	7	4	1116	350	1464	0.0	1886
279702a5-111a-41a2-9691-ec0a8441be17	NR_109720.1	97.380	1107	22	6	4	1105	353	1457	0.0	1877
b42f0df1-a811-4146-83ba-1ff817806cfb	NR_041953.1	95.903	1318	31	18	1	1313	164	1463	0.0	2113
b42f0df1-a811-4146-83ba-1ff817806cfb	NR_042541.1	95.903	1318	31	18	1	1313	164	1463	0.0	2113
b42f0df1-a811-4146-83ba-1ff817806cfb	NR_179889.1	95.903	1318	31	18	1	1313	191	1490	0.0	2113
b42f0df1-a811-4146-83ba-1ff817806cfb	NR_181891.1	95.903	1318	31	18	1	1313	187	1486	0.0	2113
b42f0df1-a811-4146-83ba-1ff817806cfb	NR_178854.1	95.827	1318	31	19	1	1313	164	1462	0.0	2108
12f4ec61-ad55-4cc9-ad70-9e4eb4b45983	NR_199513.1	96.124	1419	38	15	1	1410	80	1490	0.0	2300
12f4ec61-ad55-4cc9-ad70-9e4eb4b45983	NR_113600.1	95.989	1421	34	18	1	1409	53	1462	0.0	2289
12f4ec61-ad55-4cc9-ad70-9e4eb4b45983	NR_178976.1	96.805	1377	31	11	1	1371	52	1421	0.0	2289
12f4ec61-ad55-4cc9-ad70-9e4eb4b45983	NR_024928.1	95.915	1420	39	17	1	1410	66	1476	0.0	2285
12f4ec61-ad55-4cc9-ad70-9e4eb4b45983	NR_114225.1	95.918	1421	35	18	1	1409	53	1462	0.0	2283
f59a0f52-1a82-4f00-9105-27a7f6c5b52e	NR_024901.1	97.727	176	0	3	29	200	189	14	2.82e-81	300
f59a0f52-1a82-4f00-9105-27a7f6c5b52e	NR_024912.1	97.727	176	0	3	29	200	189	14	2.82e-81	300
f59a0f52-1a82-4f00-9105-27a7f6c5b52e	NR_024928.1	97.727	176	0	3	29	200	189	14	2.82e-81	300
f59a0f52-1a82-4f00-9105-27a7f6c5b52e	NR_025164.1	97.727	176	0	3	29	200	176	1	2.82e-81	300
f59a0f52-1a82-4f00-9105-27a7f6c5b52e	NR_025586.1	97.727	176	0	3	29	200	184	9	2.82e-81	300
6090d595-59be-4c66-b29f-7f9ca028389c	NR_028664.1	93.243	148	8	2	10	157	162	17	2.15e-56	217
6090d595-59be-4c66-b29f-7f9ca028389c	NR_115560.1	93.243	148	8	2	10	157	159	14	2.15e-56	217
6090d595-59be-4c66-b29f-7f9ca028389c	NR_028665.1	92.568	148	9	2	10	157	156	11	9.99e-55	211
6090d595-59be-4c66-b29f-7f9ca028389c	NR_117719.1	92.568	148	9	2	10	157	159	14	9.99e-55	211
6090d595-59be-4c66-b29f-7f9ca028389c	NR_165744.1	92.568	148	9	2	10	157	148	3	9.99e-55	211
fca9a0ca-849c-4f72-a151-129dd47d954c	NR_036998.1	93.822	259	9	6	8	262	1212	1467	3.57e-106	383
fca9a0ca-849c-4f72-a151-129dd47d954c	NR_043314.1	93.822	259	9	6	8	262	1231	1486	3.57e-106	383
fca9a0ca-849c-4f72-a151-129dd47d954c	NR_114793.1	93.822	259	9	6	8	262	1105	1360	3.57e-106	383
fca9a0ca-849c-4f72-a151-129dd47d954c	NR_114749.1	93.822	259	9	6	8	262	1233	1488	3.57e-106	383
fca9a0ca-849c-4f72-a151-129dd47d954c	NR_116899.1	93.822	259	9	6	8	262	1200	1455	3.57e-106	383
6ed83d3b-9746-46cb-83db-50490bd098de	NR_025892.1	95.146	206	6	4	4	205	224	19	1.67e-88	324
6ed83d3b-9746-46cb-83db-50490bd098de	NR_117694.1	95.455	198	6	3	4	198	198	1	3.61e-85	313
6ed83d3b-9746-46cb-83db-50490bd098de	NR_104830.1	91.469	211	13	5	1	206	216	6	7.86e-77	285
6ed83d3b-9746-46cb-83db-50490bd098de	NR_117717.1	91.388	209	14	4	1	205	222	14	2.83e-76	283
6ed83d3b-9746-46cb-83db-50490bd098de	NR_121688.1	91.388	209	14	4	1	205	221	13	2.83e-76	283
685c9ce8-4d80-4765-87d9-0c07efea9fc5	NR_165737.1	98.235	170	3	0	1	170	172	3	8.61e-81	298
685c9ce8-4d80-4765-87d9-0c07efea9fc5	NR_178515.1	98.235	170	3	0	1	170	172	3	8.61e-81	298
685c9ce8-4d80-4765-87d9-0c07efea9fc5	NR_024842.1	97.059	170	5	0	1	170	187	18	1.86e-77	287
685c9ce8-4d80-4765-87d9-0c07efea9fc5	NR_115241.1	97.059	170	5	0	1	170	172	3	1.86e-77	287
685c9ce8-4d80-4765-87d9-0c07efea9fc5	NR_042927.1	97.024	168	5	0	2	169	171	4	2.41e-76	283
0d7f5847-2ad4-4241-b448-7b67067d8bf2	NR_163639.1	95.141	391	8	11	1	382	394	6	2.90e-173	606
0d7f5847-2ad4-4241-b448-7b67067d8bf2	NR_074980.1	94.898	392	9	11	1	382	404	14	3.76e-172	603
0d7f5847-2ad4-4241-b448-7b67067d8bf2	NR_113031.1	94.898	392	9	11	1	382	404	14	3.76e-172	603
0d7f5847-2ad4-4241-b448-7b67067d8bf2	NR_119168.1	95.039	383	8	11	1	373	382	1	8.13e-169	592
0d7f5847-2ad4-4241-b448-7b67067d8bf2	NR_119169.1	94.778	383	9	11	1	373	382	1	1.05e-167	588
a9ced765-c143-4acf-be2c-e8e544dff6f2	NR_165737.1	96.757	185	5	1	7	190	190	6	1.67e-83	307
a9ced765-c143-4acf-be2c-e8e544dff6f2	NR_178515.1	97.222	180	4	1	12	190	185	6	2.16e-82	303
a9ced765-c143-4acf-be2c-e8e544dff6f2	NR_114413.1	93.103	203	10	4	4	203	217	16	1.30e-79	294
a9ced765-c143-4acf-be2c-e8e544dff6f2	NR_042927.1	94.180	189	9	2	4	190	194	6	2.17e-77	287
a9ced765-c143-4acf-be2c-e8e544dff6f2	NR_115734.1	95.000	180	8	1	4	182	195	16	1.01e-75	281
c715d055-1e6d-4591-ac38-3f7fb04ff805	NR_125571.1	96.667	120	2	2	19	138	118	1	2.19e-51	200
c715d055-1e6d-4591-ac38-3f7fb04ff805	NR_136763.1	87.121	132	10	5	29	157	139	12	3.75e-34	143
c715d055-1e6d-4591-ac38-3f7fb04ff805	NR_179447.1	86.567	134	12	6	27	157	146	16	3.75e-34	143
c715d055-1e6d-4591-ac38-3f7fb04ff805	NR_029097.1	92.708	96	5	2	19	114	94	1	1.74e-32	137
c715d055-1e6d-4591-ac38-3f7fb04ff805	NR_028740.1	85.714	133	14	4	26	157	135	7	6.27e-32	135
01c30245-422b-4511-afbd-fedd783e24f7	NR_024927.1	93.392	227	9	5	1	226	1170	949	1.11e-90	331
01c30245-422b-4511-afbd-fedd783e24f7	NR_024950.1	93.392	227	9	5	1	226	1173	952	1.11e-90	331
01c30245-422b-4511-afbd-fedd783e24f7	NR_029063.1	93.392	227	9	5	1	226	1178	957	1.11e-90	331
01c30245-422b-4511-afbd-fedd783e24f7	NR_037135.1	93.392	227	9	5	1	226	1137	916	1.11e-90	331
01c30245-422b-4511-afbd-fedd783e24f7	NR_041799.1	93.392	227	9	5	1	226	1157	936	1.11e-90	331
24fec9ae-744f-4e37-83fd-044320c98426	NR_024918.1	96.491	228	5	3	1	228	1253	1477	1.86e-103	374
24fec9ae-744f-4e37-83fd-044320c98426	NR_025164.1	96.491	228	5	3	1	228	1240	1464	1.86e-103	374
24fec9ae-744f-4e37-83fd-044320c98426	NR_028986.1	96.491	228	5	3	1	228	1240	1464	1.86e-103	374
24fec9ae-744f-4e37-83fd-044320c98426	NR_036998.1	96.491	228	5	3	1	228	1239	1463	1.86e-103	374
24fec9ae-744f-4e37-83fd-044320c98426	NR_041799.1	96.491	228	5	3	1	228	1240	1464	1.86e-103	374
5cd8c5dc-efac-4d1d-93b7-f3ab631fd046	NR_036936.1	96.569	204	5	1	1	204	691	490	2.13e-92	337
5cd8c5dc-efac-4d1d-93b7-f3ab631fd046	NR_109720.1	96.569	204	5	1	1	204	685	484	2.13e-92	337
5cd8c5dc-efac-4d1d-93b7-f3ab631fd046	NR_115241.1	96.569	204	5	1	1	204	691	490	2.13e-92	337
5cd8c5dc-efac-4d1d-93b7-f3ab631fd046	NR_115735.1	96.569	204	5	1	1	204	682	481	2.13e-92	337
5cd8c5dc-efac-4d1d-93b7-f3ab631fd046	NR_116211.1	96.569	204	5	1	1	204	614	413	2.13e-92	337
58493f7a-6136-4ef5-86bf-07e865b158d8	NR_025862.1	89.474	152	8	5	10	156	1035	887	6.23e-47	185
58493f7a-6136-4ef5-86bf-07e865b158d8	NR_026454.1	89.474	152	8	5	10	156	1012	864	6.23e-47	185
58493f7a-6136-4ef5-86bf-07e865b158d8	NR_116890.1	88.608	158	10	5	4	156	1030	876	6.23e-47	185
58493f7a-6136-4ef5-86bf-07e865b158d8	NR_025396.1	88.816	152	9	5	10	156	1007	859	2.90e-45	180
58493f7a-6136-4ef5-86bf-07e865b158d8	NR_025445.1	88.816	152	9	5	10	156	1027	879	2.90e-45	180
16df5a2f-98d3-4bf7-b5c3-284d29c01b80	NR_025892.1	95.082	122	3	2	1	120	139	19	3.43e-48	189
16df5a2f-98d3-4bf7-b5c3-284d29c01b80	NR_121687.1	95.082	122	3	2	1	120	133	13	3.43e-48	189
16df5a2f-98d3-4bf7-b5c3-284d29c01b80	NR_117717.1	95.041	121	3	2	2	120	133	14	1.23e-47	187
16df5a2f-98d3-4bf7-b5c3-284d29c01b80	NR_121688.1	95.041	121	3	2	2	120	132	13	1.23e-47	187
16df5a2f-98d3-4bf7-b5c3-284d29c01b80	NR_104830.1	93.548	124	4	2	1	121	128	6	5.75e-46	182
a9e12fb0-1c6f-4720-94ff-3cf9a857e45a	NR_043458.1	98.864	88	1	0	1	88	1213	1126	6.45e-39	158
a9e12fb0-1c6f-4720-94ff-3cf9a857e45a	NR_104947.1	98.864	88	1	0	1	88	1165	1078	6.45e-39	158
a9e12fb0-1c6f-4720-94ff-3cf9a857e45a	NR_117717.1	98.864	88	1	0	1	88	1212	1125	6.45e-39	158
a9e12fb0-1c6f-4720-94ff-3cf9a857e45a	NR_121688.1	98.864	88	1	0	1	88	1212	1125	6.45e-39	158
a9e12fb0-1c6f-4720-94ff-3cf9a857e45a	NR_159079.1	98.864	88	1	0	1	88	1188	1101	6.45e-39	158
1ff041c6-1c18-4936-b8fb-87b7d867b6e1	NR_116168.1	100.000	106	0	0	1	106	120	15	1.82e-50	196
1ff041c6-1c18-4936-b8fb-87b7d867b6e1	NR_118762.1	96.330	109	4	0	1	109	123	15	1.42e-46	183
1ff041c6-1c18-4936-b8fb-87b7d867b6e1	NR_042878.1	98.990	99	1	0	1	99	99	1	1.84e-45	180
1ff041c6-1c18-4936-b8fb-87b7d867b6e1	NR_024896.1	96.226	106	4	0	1	106	119	14	8.55e-44	174
1ff041c6-1c18-4936-b8fb-87b7d867b6e1	NR_024897.1	96.226	106	4	0	1	106	119	14	8.55e-44	174
1529a67e-687d-47ad-8d34-460c60bd79c2	NR_164626.1	97.087	103	2	1	1	102	103	1	2.79e-43	172
1529a67e-687d-47ad-8d34-460c60bd79c2	NR_180260.1	97.087	103	2	1	1	102	113	11	2.79e-43	172
1529a67e-687d-47ad-8d34-460c60bd79c2	NR_180878.1	97.087	103	2	1	1	102	113	11	2.79e-43	172
1529a67e-687d-47ad-8d34-460c60bd79c2	NR_181570.1	97.087	103	2	1	1	102	120	18	2.79e-43	172
1529a67e-687d-47ad-8d34-460c60bd79c2	NR_024901.1	97.030	101	2	1	1	100	106	6	3.61e-42	169
2b3f2bab-dd2d-4763-93f5-0e87245d834b	NR_043314.1	99.692	325	0	1	1	325	1364	1041	1.89e-169	593
2b3f2bab-dd2d-4763-93f5-0e87245d834b	NR_116905.1	99.692	325	0	1	1	325	1367	1044	1.89e-169	593
2b3f2bab-dd2d-4763-93f5-0e87245d834b	NR_114749.1	99.692	325	0	1	1	325	1366	1043	1.89e-169	593
2b3f2bab-dd2d-4763-93f5-0e87245d834b	NR_116899.1	99.692	325	0	1	1	325	1333	1010	1.89e-169	593
2b3f2bab-dd2d-4763-93f5-0e87245d834b	NR_118125.1	99.692	325	0	1	1	325	1353	1030	1.89e-169	593
c56bb4f8-19d8-4f61-82e1-424f0470a7a8	NR_025892.1	91.573	178	8	7	1	174	1277	1103	5.19e-63	239
c56bb4f8-19d8-4f61-82e1-424f0470a7a8	NR_041989.1	91.573	178	8	7	1	174	1210	1036	5.19e-63	239
c56bb4f8-19d8-4f61-82e1-424f0470a7a8	NR_117694.1	91.573	178	8	7	1	174	1252	1078	5.19e-63	239
c56bb4f8-19d8-4f61-82e1-424f0470a7a8	NR_043458.1	91.011	178	9	7	1	174	1273	1099	2.42e-61	233
c56bb4f8-19d8-4f61-82e1-424f0470a7a8	NR_043459.1	91.011	178	9	7	1	174	1276	1102	2.42e-61	233
a5c48c43-b265-4db3-aa27-bcc2ee6f5a93	NR_041983.1	92.222	90	7	0	1	90	27	116	5.37e-30	128
a5c48c43-b265-4db3-aa27-bcc2ee6f5a93	NR_114395.1	92.222	90	7	0	1	90	59	148	5.37e-30	128
a5c48c43-b265-4db3-aa27-bcc2ee6f5a93	NR_029286.1	91.111	90	8	0	1	90	53	142	2.50e-28	122
a5c48c43-b265-4db3-aa27-bcc2ee6f5a93	NR_179528.1	90.217	92	7	2	1	90	39	130	3.23e-27	119
a5c48c43-b265-4db3-aa27-bcc2ee6f5a93	NR_179535.1	90.698	86	6	2	1	84	59	144	1.50e-25	113
f34bc513-8543-4180-b060-4d289329b4ac	NR_040859.1	92.857	98	5	1	1	98	519	424	8.18e-34	141
f34bc513-8543-4180-b060-4d289329b4ac	NR_024901.1	92.857	98	5	1	1	98	520	425	8.18e-34	141
f34bc513-8543-4180-b060-4d289329b4ac	NR_024912.1	92.857	98	5	1	1	98	520	425	8.18e-34	141
f34bc513-8543-4180-b060-4d289329b4ac	NR_024928.1	92.857	98	5	1	1	98	520	425	8.18e-34	141
f34bc513-8543-4180-b060-4d289329b4ac	NR_025228.1	92.857	98	5	1	1	98	503	408	8.18e-34	141
a6c003fa-4500-4228-bedb-17b5a545fcb6	NR_025892.1	94.819	193	7	2	2	191	1439	1247	9.44e-81	298
a6c003fa-4500-4228-bedb-17b5a545fcb6	NR_025902.1	94.819	193	7	2	2	191	1392	1200	9.44e-81	298
a6c003fa-4500-4228-bedb-17b5a545fcb6	NR_040933.1	94.819	193	7	2	2	191	1436	1244	9.44e-81	298
a6c003fa-4500-4228-bedb-17b5a545fcb6	NR_104947.1	94.819	193	7	2	2	191	1387	1195	9.44e-81	298
a6c003fa-4500-4228-bedb-17b5a545fcb6	NR_114040.1	94.819	193	7	2	2	191	1415	1223	9.44e-81	298
a3ec247d-658a-4772-9f30-72a253b249fe	NR_036909.1	93.966	116	4	3	11	126	219	107	3.63e-43	172
a3ec247d-658a-4772-9f30-72a253b249fe	NR_178975.1	93.966	116	4	3	11	126	200	88	3.63e-43	172
a3ec247d-658a-4772-9f30-72a253b249fe	NR_024901.1	93.913	115	4	3	11	125	214	103	1.31e-42	171
a3ec247d-658a-4772-9f30-72a253b249fe	NR_024909.1	93.913	115	4	3	11	125	214	103	1.31e-42	171
a3ec247d-658a-4772-9f30-72a253b249fe	NR_024912.1	93.913	115	4	3	11	125	214	103	1.31e-42	171
a1c8cb5f-08de-4edc-b01c-06b08b5ff846	NR_040859.1	97.238	181	1	3	64	240	473	293	2.57e-82	303
a1c8cb5f-08de-4edc-b01c-06b08b5ff846	NR_024901.1	97.238	181	1	3	64	240	474	294	2.57e-82	303
a1c8cb5f-08de-4edc-b01c-06b08b5ff846	NR_024912.1	97.238	181	1	3	64	240	474	294	2.57e-82	303
a1c8cb5f-08de-4edc-b01c-06b08b5ff846	NR_024928.1	97.238	181	1	3	64	240	474	294	2.57e-82	303
a1c8cb5f-08de-4edc-b01c-06b08b5ff846	NR_025228.1	97.238	181	1	3	64	240	457	277	2.57e-82	303
b01ece20-aff0-4006-82a5-fae3129d3da5	NR_028826.1	92.245	245	6	11	3	234	848	604	1.00e-91	335
b01ece20-aff0-4006-82a5-fae3129d3da5	NR_029042.2	92.245	245	6	11	3	234	866	622	1.00e-91	335
b01ece20-aff0-4006-82a5-fae3129d3da5	NR_178342.1	92.245	245	6	11	3	234	846	602	1.00e-91	335
b01ece20-aff0-4006-82a5-fae3129d3da5	NR_178482.1	92.245	245	6	11	3	234	836	592	1.00e-91	335
b01ece20-aff0-4006-82a5-fae3129d3da5	NR_179482.1	92.245	245	6	11	3	234	749	505	1.00e-91	335
07457599-b855-4198-8308-9ee6b788ba20	NR_121687.1	94.955	337	8	9	1	330	822	488	3.32e-147	520
07457599-b855-4198-8308-9ee6b788ba20	NR_041989.1	94.955	337	8	9	1	330	760	426	3.32e-147	520
07457599-b855-4198-8308-9ee6b788ba20	NR_117694.1	94.955	337	8	9	1	330	802	468	3.32e-147	520
07457599-b855-4198-8308-9ee6b788ba20	NR_026079.2	94.362	337	10	9	1	330	829	495	7.19e-144	508
07457599-b855-4198-8308-9ee6b788ba20	NR_025902.1	94.065	337	11	9	1	330	780	446	3.34e-142	503
a9d4ec20-3bbe-4d8a-aa8d-ff02a006fff4	NR_164626.1	95.067	223	2	8	1	218	219	1	4.90e-94	342
a9d4ec20-3bbe-4d8a-aa8d-ff02a006fff4	NR_024901.1	95.023	221	2	8	1	216	222	6	6.34e-93	339
a9d4ec20-3bbe-4d8a-aa8d-ff02a006fff4	NR_024912.1	95.023	221	2	8	1	216	222	6	6.34e-93	339
a9d4ec20-3bbe-4d8a-aa8d-ff02a006fff4	NR_024928.1	95.023	221	2	8	1	216	222	6	6.34e-93	339
a9d4ec20-3bbe-4d8a-aa8d-ff02a006fff4	NR_025586.1	95.023	221	2	8	1	216	217	1	6.34e-93	339
ac3eb885-ddbb-4265-afc7-4da6b139ce91	NR_025550.1	96.552	145	4	1	1	144	940	1084	4.17e-63	239
ac3eb885-ddbb-4265-afc7-4da6b139ce91	NR_042147.1	96.552	145	4	1	1	144	938	1082	4.17e-63	239
ac3eb885-ddbb-4265-afc7-4da6b139ce91	NR_137215.1	96.552	145	4	1	1	144	945	1089	4.17e-63	239
ac3eb885-ddbb-4265-afc7-4da6b139ce91	NR_197749.1	96.552	145	4	1	1	144	960	1104	4.17e-63	239
ac3eb885-ddbb-4265-afc7-4da6b139ce91	NR_026395.1	95.862	145	5	1	1	144	958	1102	1.94e-61	233
2b116514-4897-479c-a755-a1be15814c1e	NR_042776.1	98.246	285	4	1	18	301	302	18	1.41e-140	497
2b116514-4897-479c-a755-a1be15814c1e	NR_042778.1	97.895	285	5	1	18	301	302	18	6.55e-139	492
2b116514-4897-479c-a755-a1be15814c1e	NR_042777.1	97.544	285	6	1	18	301	302	18	3.05e-137	486
2b116514-4897-479c-a755-a1be15814c1e	NR_118998.1	97.193	285	7	1	18	301	297	13	3.94e-136	483
2b116514-4897-479c-a755-a1be15814c1e	NR_197695.1	96.491	285	9	1	18	301	301	17	3.07e-132	470
07011412-9b10-4940-833c-9f9c7171aa61	NR_042776.1	97.122	278	5	3	8	284	1229	1504	3.73e-131	466
07011412-9b10-4940-833c-9f9c7171aa61	NR_042777.1	97.122	278	5	3	8	284	1228	1503	3.73e-131	466
07011412-9b10-4940-833c-9f9c7171aa61	NR_042052.1	96.403	278	7	3	8	284	1127	1402	8.07e-128	455
07011412-9b10-4940-833c-9f9c7171aa61	NR_042778.1	96.403	278	7	3	8	284	1229	1504	8.07e-128	455
07011412-9b10-4940-833c-9f9c7171aa61	NR_114642.1	96.403	278	7	3	8	284	1186	1461	8.07e-128	455
0b064d6b-35ad-4838-90c4-d1da5da362c0	NR_036998.1	93.774	257	11	4	1	256	1200	1452	1.36e-105	381
0b064d6b-35ad-4838-90c4-d1da5da362c0	NR_043314.1	93.774	257	11	4	1	256	1219	1471	1.36e-105	381
0b064d6b-35ad-4838-90c4-d1da5da362c0	NR_114225.1	93.774	257	11	4	1	256	1201	1453	1.36e-105	381
0b064d6b-35ad-4838-90c4-d1da5da362c0	NR_114793.1	93.774	257	11	4	1	256	1093	1345	1.36e-105	381
0b064d6b-35ad-4838-90c4-d1da5da362c0	NR_114749.1	93.774	257	11	4	1	256	1221	1473	1.36e-105	381
b2bf191c-748a-4ee4-a6d6-98874d4e4e6e	NR_179540.1	88.670	203	10	11	3	199	376	181	7.77e-62	235
b2bf191c-748a-4ee4-a6d6-98874d4e4e6e	NR_042771.1	88.177	203	11	11	3	199	376	181	3.61e-60	230
b2bf191c-748a-4ee4-a6d6-98874d4e4e6e	NR_115274.1	88.177	203	11	11	3	199	356	161	3.61e-60	230
b2bf191c-748a-4ee4-a6d6-98874d4e4e6e	NR_116204.1	88.177	203	11	11	3	199	281	86	3.61e-60	230
b2bf191c-748a-4ee4-a6d6-98874d4e4e6e	NR_118234.1	87.192	203	13	11	3	199	375	180	7.82e-57	219
308d3d16-3c6c-4659-b7a2-7b70b41bdbfd	NR_179596.1	96.923	195	2	4	1	193	1264	1456	1.59e-88	324
308d3d16-3c6c-4659-b7a2-7b70b41bdbfd	NR_040859.1	96.410	195	3	4	1	193	1283	1475	7.41e-87	318
308d3d16-3c6c-4659-b7a2-7b70b41bdbfd	NR_040992.1	96.410	195	3	4	1	193	1291	1483	7.41e-87	318
308d3d16-3c6c-4659-b7a2-7b70b41bdbfd	NR_025881.1	96.410	195	3	4	1	193	1289	1481	7.41e-87	318
308d3d16-3c6c-4659-b7a2-7b70b41bdbfd	NR_026395.1	96.410	195	3	4	1	193	1291	1483	7.41e-87	318
d5e88d41-e7cd-4c1f-ad91-2556239a2549	NR_163639.1	96.183	131	2	3	1	129	133	4	7.91e-55	211
d5e88d41-e7cd-4c1f-ad91-2556239a2549	NR_074980.1	96.154	130	2	3	1	128	141	13	2.85e-54	209
d5e88d41-e7cd-4c1f-ad91-2556239a2549	NR_113031.1	96.154	130	2	3	1	128	141	13	2.85e-54	209
d5e88d41-e7cd-4c1f-ad91-2556239a2549	NR_113376.1	95.385	130	3	3	1	128	141	13	1.32e-52	204
d5e88d41-e7cd-4c1f-ad91-2556239a2549	NR_119168.1	96.667	120	2	2	1	119	119	1	6.16e-51	198
363a169b-c7c0-4346-97ef-b20ab021dc64	NR_114225.1	93.443	305	6	11	1	293	1374	1072	6.55e-124	442
363a169b-c7c0-4346-97ef-b20ab021dc64	NR_024911.1	93.443	305	6	11	1	293	1387	1085	2.36e-123	440
363a169b-c7c0-4346-97ef-b20ab021dc64	NR_024918.1	93.443	305	6	11	1	293	1387	1085	2.36e-123	440
363a169b-c7c0-4346-97ef-b20ab021dc64	NR_025174.1	93.443	305	6	11	1	293	1380	1078	2.36e-123	440
363a169b-c7c0-4346-97ef-b20ab021dc64	NR_025227.1	93.443	305	6	11	1	293	1370	1068	2.36e-123	440
84d0e6df-f936-41d7-85f6-96779ae48108	NR_179398.1	88.571	175	7	13	1	164	1485	1313	2.45e-51	200
84d0e6df-f936-41d7-85f6-96779ae48108	NR_145895.1	88.824	170	7	12	1	160	1446	1279	8.81e-51	198
84d0e6df-f936-41d7-85f6-96779ae48108	NR_181715.1	88.824	170	7	12	1	160	1485	1318	8.81e-51	198
84d0e6df-f936-41d7-85f6-96779ae48108	NR_040859.1	88.000	175	8	13	1	164	1477	1305	1.14e-49	195
84d0e6df-f936-41d7-85f6-96779ae48108	NR_040992.1	88.000	175	8	13	1	164	1485	1313	1.14e-49	195
7f4daf16-b467-4263-acc1-7d0071a97d9d	NR_028665.1	92.069	580	17	20	13	576	926	1492	0.0	789
7f4daf16-b467-4263-acc1-7d0071a97d9d	NR_179385.1	92.069	580	17	20	13	576	933	1499	0.0	789
7f4daf16-b467-4263-acc1-7d0071a97d9d	NR_199545.1	92.069	580	17	20	13	576	929	1495	0.0	789
7f4daf16-b467-4263-acc1-7d0071a97d9d	NR_117719.1	91.724	580	20	19	13	576	929	1496	0.0	780
7f4daf16-b467-4263-acc1-7d0071a97d9d	NR_179383.1	91.724	580	20	19	13	576	936	1503	0.0	780
da215941-dbde-4d2f-9325-489d28e70364	NR_117694.1	95.525	1363	31	26	1	1347	1378	30	0.0	2152
da215941-dbde-4d2f-9325-489d28e70364	NR_025892.1	94.428	1364	43	28	1	1347	1403	56	0.0	2091
da215941-dbde-4d2f-9325-489d28e70364	NR_041989.1	94.963	1350	37	27	1	1333	1336	1	0.0	2087
da215941-dbde-4d2f-9325-489d28e70364	NR_121687.1	94.501	1364	43	28	1	1347	1398	50	0.0	2074
da215941-dbde-4d2f-9325-489d28e70364	NR_117692.1	94.139	1365	46	29	1	1347	1378	30	0.0	2047
4d7911c4-cb21-4918-b1cb-f726ee5433ef	NR_041989.1	94.880	332	8	8	1	326	1100	772	2.00e-144	510
4d7911c4-cb21-4918-b1cb-f726ee5433ef	NR_028900.1	94.578	332	9	8	1	326	1100	772	9.29e-143	505
4d7911c4-cb21-4918-b1cb-f726ee5433ef	NR_043459.1	94.578	332	9	8	1	326	1166	838	9.29e-143	505
4d7911c4-cb21-4918-b1cb-f726ee5433ef	NR_117694.1	94.578	332	9	8	1	326	1142	814	9.29e-143	505
4d7911c4-cb21-4918-b1cb-f726ee5433ef	NR_178369.1	94.578	332	9	8	1	326	1113	785	9.29e-143	505
c8c931f9-a23b-4a28-8a52-d74749ef6953	NR_024918.1	97.260	219	5	1	1	218	1258	1476	2.31e-102	370
c8c931f9-a23b-4a28-8a52-d74749ef6953	NR_025164.1	97.260	219	5	1	1	218	1245	1463	2.31e-102	370
c8c931f9-a23b-4a28-8a52-d74749ef6953	NR_028986.1	97.260	219	5	1	1	218	1245	1463	2.31e-102	370
c8c931f9-a23b-4a28-8a52-d74749ef6953	NR_036998.1	97.260	219	5	1	1	218	1244	1462	2.31e-102	370
c8c931f9-a23b-4a28-8a52-d74749ef6953	NR_041799.1	97.260	219	5	1	1	218	1245	1463	2.31e-102	370
65eed2a7-b2b1-48fb-84da-fde9549eb508	NR_136788.1	91.031	446	20	15	1	429	1034	1476	1.56e-166	584
65eed2a7-b2b1-48fb-84da-fde9549eb508	NR_026230.1	89.238	446	28	15	1	429	1012	1454	3.42e-153	540
65eed2a7-b2b1-48fb-84da-fde9549eb508	NR_113082.1	89.074	421	26	15	1	404	1034	1451	1.25e-142	505
65eed2a7-b2b1-48fb-84da-fde9549eb508	NR_109439.1	87.248	447	33	17	2	429	1032	1473	1.26e-137	488
65eed2a7-b2b1-48fb-84da-fde9549eb508	NR_117913.1	87.248	447	33	17	2	429	1024	1465	1.26e-137	488
05f05885-b46c-46fd-8bdd-f8858594cc8c	NR_181014.1	92.024	1191	59	29	11	1177	281	1459	0.0	1640
05f05885-b46c-46fd-8bdd-f8858594cc8c	NR_134794.1	91.632	1195	64	30	11	1181	244	1426	0.0	1620
05f05885-b46c-46fd-8bdd-f8858594cc8c	NR_043422.1	91.388	1196	64	32	11	1181	299	1480	0.0	1605
05f05885-b46c-46fd-8bdd-f8858594cc8c	NR_169429.1	91.381	1195	67	31	11	1181	302	1484	0.0	1604
05f05885-b46c-46fd-8bdd-f8858594cc8c	NR_178366.1	91.352	1191	67	31	11	1177	281	1459	0.0	1596
4fb42f07-9ed0-4c53-b21f-533bbdf32161	NR_125570.1	98.047	1331	16	9	1	1326	70	1395	0.0	2305
4fb42f07-9ed0-4c53-b21f-533bbdf32161	NR_125571.1	98.045	1330	17	8	1	1326	112	1436	0.0	2305
4fb42f07-9ed0-4c53-b21f-533bbdf32161	NR_029097.1	97.211	1291	23	11	1	1285	88	1371	0.0	2172
4fb42f07-9ed0-4c53-b21f-533bbdf32161	NR_025567.1	90.284	1338	110	15	5	1328	149	1480	0.0	1733
4fb42f07-9ed0-4c53-b21f-533bbdf32161	NR_113410.1	90.284	1338	110	15	5	1328	58	1389	0.0	1733
d4a4b956-2b49-40e7-9569-6cd2c2b199a0	NR_117694.1	97.250	691	8	10	1	684	687	1	0.0	1160
d4a4b956-2b49-40e7-9569-6cd2c2b199a0	NR_025892.1	95.299	702	19	12	1	694	712	17	0.0	1120
d4a4b956-2b49-40e7-9569-6cd2c2b199a0	NR_121687.1	95.584	702	18	12	1	694	707	11	0.0	1112
d4a4b956-2b49-40e7-9569-6cd2c2b199a0	NR_117692.1	94.949	693	20	13	1	684	687	1	0.0	1072
d4a4b956-2b49-40e7-9569-6cd2c2b199a0	NR_117717.1	94.160	702	28	12	1	694	708	12	0.0	1057
3bb33496-d24e-4c9e-885e-a9f8d32d5178	NR_116899.1	95.914	930	20	12	1	924	533	1450	0.0	1491
3bb33496-d24e-4c9e-885e-a9f8d32d5178	NR_179889.1	95.914	930	20	12	1	924	573	1490	0.0	1491
3bb33496-d24e-4c9e-885e-a9f8d32d5178	NR_199515.1	95.914	930	20	12	1	924	575	1492	0.0	1491
3bb33496-d24e-4c9e-885e-a9f8d32d5178	NR_024918.1	95.806	930	21	12	1	924	559	1476	0.0	1485
3bb33496-d24e-4c9e-885e-a9f8d32d5178	NR_041799.1	95.811	931	19	14	1	924	546	1463	0.0	1485
c253e05d-6327-4c12-a583-0fd16534e1cc	NR_165737.1	88.451	355	24	14	1	342	351	1	6.19e-115	412
c253e05d-6327-4c12-a583-0fd16534e1cc	NR_178515.1	88.451	355	24	14	1	342	351	1	6.19e-115	412
c253e05d-6327-4c12-a583-0fd16534e1cc	NR_114413.1	87.052	363	32	12	1	351	374	15	6.24e-110	396
c253e05d-6327-4c12-a583-0fd16534e1cc	NR_042927.1	86.723	354	32	12	1	342	351	1	6.28e-105	379
c253e05d-6327-4c12-a583-0fd16534e1cc	NR_024842.1	86.027	365	32	16	1	351	366	7	8.12e-104	375
2d830d0e-a85a-4b5b-b10e-560ef5ec8a8e	NR_024912.1	98.671	602	2	6	4	600	606	6	0.0	1062
2d830d0e-a85a-4b5b-b10e-560ef5ec8a8e	NR_156986.1	98.671	602	2	6	4	600	601	1	0.0	1062
2d830d0e-a85a-4b5b-b10e-560ef5ec8a8e	NR_024901.1	98.505	602	3	6	4	600	606	6	0.0	1057
2d830d0e-a85a-4b5b-b10e-560ef5ec8a8e	NR_024928.1	98.505	602	3	6	4	600	606	6	0.0	1057
2d830d0e-a85a-4b5b-b10e-560ef5ec8a8e	NR_156987.1	98.505	602	3	6	4	600	601	1	0.0	1057
ccc93938-809c-4ea3-b04e-245832b678fe	NR_024928.1	96.783	1461	33	13	1	1453	22	1476	0.0	2427
ccc93938-809c-4ea3-b04e-245832b678fe	NR_113600.1	96.781	1460	33	13	1	1452	9	1462	0.0	2425
ccc93938-809c-4ea3-b04e-245832b678fe	NR_114225.1	96.712	1460	34	13	1	1452	9	1462	0.0	2420
ccc93938-809c-4ea3-b04e-245832b678fe	NR_024901.1	96.646	1461	35	13	1	1453	22	1476	0.0	2414
ccc93938-809c-4ea3-b04e-245832b678fe	NR_042147.1	96.646	1461	35	13	1	1453	9	1463	0.0	2414
19982df6-0515-4076-a97e-13e74875170a	NR_041799.1	96.822	818	17	8	1	813	655	1468	0.0	1358
19982df6-0515-4076-a97e-13e74875170a	NR_116899.1	96.822	818	17	8	1	813	642	1455	0.0	1358
19982df6-0515-4076-a97e-13e74875170a	NR_117823.1	96.822	818	17	8	1	813	627	1440	0.0	1358
19982df6-0515-4076-a97e-13e74875170a	NR_179889.1	96.822	818	17	8	1	813	682	1495	0.0	1358
19982df6-0515-4076-a97e-13e74875170a	NR_043314.1	96.703	819	17	9	1	813	672	1486	0.0	1354
5cba6355-46a7-45a7-9a52-5ebec31983fb	NR_029097.1	95.104	531	16	8	1	526	605	1130	0.0	828
5cba6355-46a7-45a7-9a52-5ebec31983fb	NR_125570.1	94.915	531	17	8	1	526	587	1112	0.0	822
5cba6355-46a7-45a7-9a52-5ebec31983fb	NR_125571.1	94.350	531	20	8	1	526	629	1154	0.0	806
5cba6355-46a7-45a7-9a52-5ebec31983fb	NR_042008.1	92.116	482	32	4	49	526	702	1181	0.0	675
5cba6355-46a7-45a7-9a52-5ebec31983fb	NR_074809.1	92.116	482	32	4	49	526	712	1191	0.0	675
26a7cc9f-9bb1-4953-91f7-7716e44e9cb9	NR_117694.1	96.519	747	12	13	9	746	774	33	0.0	1223
26a7cc9f-9bb1-4953-91f7-7716e44e9cb9	NR_121687.1	95.174	746	24	11	9	746	794	53	0.0	1168
26a7cc9f-9bb1-4953-91f7-7716e44e9cb9	NR_041989.1	95.393	738	18	16	9	736	732	1	0.0	1160
26a7cc9f-9bb1-4953-91f7-7716e44e9cb9	NR_025892.1	94.511	747	26	14	9	746	799	59	0.0	1158
26a7cc9f-9bb1-4953-91f7-7716e44e9cb9	NR_104946.1	94.467	741	29	11	9	741	737	1	0.0	1131
4c163e08-9731-461a-97cf-7917d517897f	NR_117719.1	96.349	493	12	2	1	488	1007	1498	0.0	806
4c163e08-9731-461a-97cf-7917d517897f	NR_179383.1	96.349	493	12	2	1	488	1014	1505	0.0	806
4c163e08-9731-461a-97cf-7917d517897f	NR_175455.1	96.154	494	12	3	1	488	995	1487	0.0	800
4c163e08-9731-461a-97cf-7917d517897f	NR_028664.1	95.943	493	14	2	1	488	1010	1501	0.0	795
4c163e08-9731-461a-97cf-7917d517897f	NR_152678.1	95.943	493	14	2	1	488	1009	1500	0.0	795
57d2de57-dbd8-4161-98b5-6642098effe9	NR_178976.1	97.347	1093	17	9	1	1084	1132	43	0.0	1847
57d2de57-dbd8-4161-98b5-6642098effe9	NR_156986.1	96.137	1139	26	14	1	1124	1141	6	0.0	1844
57d2de57-dbd8-4161-98b5-6642098effe9	NR_199513.1	95.983	1145	29	13	1	1130	1160	18	0.0	1844
57d2de57-dbd8-4161-98b5-6642098effe9	NR_024928.1	96.049	1139	27	14	1	1124	1146	11	0.0	1838
57d2de57-dbd8-4161-98b5-6642098effe9	NR_113600.1	97.164	1093	19	9	1	1084	1133	44	0.0	1838
4a5518b6-605b-45a6-80c2-7c1313b6f16d	NR_175455.1	95.706	885	26	12	1	875	885	3	0.0	1413
4a5518b6-605b-45a6-80c2-7c1313b6f16d	NR_117719.1	95.490	887	28	12	1	877	897	13	0.0	1406
4a5518b6-605b-45a6-80c2-7c1313b6f16d	NR_199545.1	95.490	887	28	12	1	877	897	13	0.0	1406
4a5518b6-605b-45a6-80c2-7c1313b6f16d	NR_179385.1	95.378	887	29	12	1	877	901	17	0.0	1400
4a5518b6-605b-45a6-80c2-7c1313b6f16d	NR_179383.1	95.152	887	31	12	1	877	904	20	0.0	1389
073fc74a-72b4-47bb-953b-a50692e42160	NR_116168.1	89.303	804	69	15	62	851	817	17	0.0	992
073fc74a-72b4-47bb-953b-a50692e42160	NR_042878.1	88.861	799	72	15	62	846	796	1	0.0	976
073fc74a-72b4-47bb-953b-a50692e42160	NR_118762.1	87.786	786	82	13	77	851	802	20	0.0	931
073fc74a-72b4-47bb-953b-a50692e42160	NR_025423.1	88.243	791	73	19	73	848	787	2	0.0	928
073fc74a-72b4-47bb-953b-a50692e42160	NR_118143.1	87.406	802	80	19	62	846	798	1	0.0	904
f377e5ca-fc21-4aac-af26-61e5ef60cee9	NR_117694.1	96.159	755	10	10	1	742	1453	705	0.0	1216
f377e5ca-fc21-4aac-af26-61e5ef60cee9	NR_025892.1	95.894	755	12	10	1	742	1478	730	0.0	1210
f377e5ca-fc21-4aac-af26-61e5ef60cee9	NR_117692.1	96.026	755	11	10	1	742	1453	705	0.0	1210
f377e5ca-fc21-4aac-af26-61e5ef60cee9	NR_104946.1	95.883	753	12	10	3	742	1414	668	0.0	1201
f377e5ca-fc21-4aac-af26-61e5ef60cee9	NR_043459.1	95.629	755	14	13	1	742	1477	729	0.0	1194
d09397d9-80a5-4768-8ec1-7614407e3ce4	NR_156986.1	92.908	987	43	23	4	971	985	7	0.0	1410
d09397d9-80a5-4768-8ec1-7614407e3ce4	NR_156987.1	92.806	987	44	23	4	971	985	7	0.0	1404
d09397d9-80a5-4768-8ec1-7614407e3ce4	NR_178976.1	92.886	984	43	23	4	968	976	1	0.0	1404
d09397d9-80a5-4768-8ec1-7614407e3ce4	NR_199513.1	92.720	989	47	21	1	971	1007	26	0.0	1404
d09397d9-80a5-4768-8ec1-7614407e3ce4	NR_199514.1	92.806	987	44	23	4	971	997	19	0.0	1404
c98d636e-f48d-45a0-ad74-ac80788073df	NR_024912.1	90.355	591	30	21	3	577	593	14	0.0	750
c98d636e-f48d-45a0-ad74-ac80788073df	NR_042147.1	90.355	591	30	21	3	577	580	1	0.0	750
c98d636e-f48d-45a0-ad74-ac80788073df	NR_156986.1	90.355	591	30	21	3	577	588	9	0.0	750
c98d636e-f48d-45a0-ad74-ac80788073df	NR_178976.1	90.339	590	30	21	3	576	579	1	0.0	749
c98d636e-f48d-45a0-ad74-ac80788073df	NR_113600.1	90.186	591	31	21	3	577	580	1	0.0	747
b434f4ac-cea6-495a-b740-7ce1c319ed6b	NR_117694.1	97.141	1399	18	16	6	1387	74	1467	0.0	2342
b434f4ac-cea6-495a-b740-7ce1c319ed6b	NR_041989.1	97.967	1328	9	13	6	1319	32	1355	0.0	2287
b434f4ac-cea6-495a-b740-7ce1c319ed6b	NR_117692.1	96.352	1398	31	14	6	1387	74	1467	0.0	2281
b434f4ac-cea6-495a-b740-7ce1c319ed6b	NR_117696.1	96.352	1398	31	14	6	1387	61	1454	0.0	2281
b434f4ac-cea6-495a-b740-7ce1c319ed6b	NR_117717.1	96.280	1398	31	15	6	1387	95	1487	0.0	2274
a13749f2-549d-456b-9bec-e04e2afd0d4d	NR_115355.1	92.108	1039	39	34	1	1011	459	1482	0.0	1424
a13749f2-549d-456b-9bec-e04e2afd0d4d	NR_179325.1	92.108	1039	39	34	1	1011	433	1456	0.0	1424
a13749f2-549d-456b-9bec-e04e2afd0d4d	NR_163639.1	91.923	1040	38	36	1	1011	475	1497	0.0	1413
a13749f2-549d-456b-9bec-e04e2afd0d4d	NR_119169.1	91.819	1039	42	35	1	1011	464	1487	0.0	1411
a13749f2-549d-456b-9bec-e04e2afd0d4d	NR_113570.1	91.346	1040	46	35	1	1011	466	1490	0.0	1382
250809a0-7d72-40cb-a5c7-06f3211c5f6d	NR_113114.1	97.448	627	11	3	4	628	1208	585	0.0	1064
250809a0-7d72-40cb-a5c7-06f3211c5f6d	NR_043292.1	97.448	627	11	3	4	628	1159	536	0.0	1064
250809a0-7d72-40cb-a5c7-06f3211c5f6d	NR_029147.1	90.431	627	54	4	4	627	1215	592	0.0	821
250809a0-7d72-40cb-a5c7-06f3211c5f6d	NR_113096.1	90.112	627	55	5	4	627	1209	587	0.0	808
250809a0-7d72-40cb-a5c7-06f3211c5f6d	NR_112878.1	89.968	628	54	6	4	627	1211	589	0.0	802
f294edc7-2994-442a-a412-89612036c50f	NR_041953.1	91.126	924	38	38	1	894	335	1244	0.0	1212
f294edc7-2994-442a-a412-89612036c50f	NR_181891.1	91.126	924	38	38	1	894	358	1267	0.0	1212
f294edc7-2994-442a-a412-89612036c50f	NR_199513.1	90.072	967	49	40	1	937	362	1311	0.0	1210
f294edc7-2994-442a-a412-89612036c50f	NR_042541.1	91.017	924	39	38	1	894	335	1244	0.0	1206
f294edc7-2994-442a-a412-89612036c50f	NR_178447.1	91.017	924	39	37	1	894	269	1178	0.0	1206
e66e5994-5f77-4e8c-aaa1-68e8619c5635	NR_179889.1	91.323	1383	75	38	1	1355	128	1493	0.0	1847
e66e5994-5f77-4e8c-aaa1-68e8619c5635	NR_178854.1	91.251	1383	75	39	1	1355	101	1465	0.0	1842
e66e5994-5f77-4e8c-aaa1-68e8619c5635	NR_042541.1	91.247	1371	78	35	13	1355	110	1466	0.0	1829
e66e5994-5f77-4e8c-aaa1-68e8619c5635	NR_116899.1	90.962	1383	80	38	1	1355	88	1453	0.0	1820
e66e5994-5f77-4e8c-aaa1-68e8619c5635	NR_043314.1	90.903	1385	78	41	1	1355	118	1484	0.0	1816
e8e55454-28f2-4403-94ba-f27b4277c554	NR_024918.1	96.117	412	11	5	28	437	579	987	0.0	667
e8e55454-28f2-4403-94ba-f27b4277c554	NR_037135.1	96.117	412	11	5	28	437	546	954	0.0	667
e8e55454-28f2-4403-94ba-f27b4277c554	NR_041953.1	96.117	412	11	5	28	437	566	974	0.0	667
e8e55454-28f2-4403-94ba-f27b4277c554	NR_042543.1	96.117	412	11	5	28	437	566	974	0.0	667
e8e55454-28f2-4403-94ba-f27b4277c554	NR_028929.1	96.117	412	11	5	28	437	583	991	0.0	667
07fa3ff3-23f7-47a2-8ac2-e522f4cf3130	NR_116168.1	94.041	537	21	10	1	531	553	22	0.0	804
07fa3ff3-23f7-47a2-8ac2-e522f4cf3130	NR_042878.1	93.482	537	24	10	1	531	532	1	0.0	797
07fa3ff3-23f7-47a2-8ac2-e522f4cf3130	NR_118762.1	91.434	537	35	10	1	531	556	25	0.0	749
07fa3ff3-23f7-47a2-8ac2-e522f4cf3130	NR_025423.1	91.466	539	33	12	1	531	537	4	0.0	728
07fa3ff3-23f7-47a2-8ac2-e522f4cf3130	NR_118143.1	90.167	539	40	12	1	531	534	1	0.0	691
3ccfbd4d-f169-4a9a-92de-906f8edee830	NR_024912.1	92.137	496	16	17	21	499	500	11	0.0	678
3ccfbd4d-f169-4a9a-92de-906f8edee830	NR_037092.1	92.121	495	17	16	21	499	504	16	0.0	678
3ccfbd4d-f169-4a9a-92de-906f8edee830	NR_156986.1	92.137	496	16	17	21	499	495	6	0.0	678
3ccfbd4d-f169-4a9a-92de-906f8edee830	NR_024901.1	91.935	496	17	17	21	499	500	11	0.0	673
3ccfbd4d-f169-4a9a-92de-906f8edee830	NR_024928.1	91.935	496	17	17	21	499	500	11	0.0	673
a8daba1e-f154-4558-8652-ddb199d994ce	NR_024909.1	98.288	292	4	1	1	291	134	425	1.74e-144	510
a8daba1e-f154-4558-8652-ddb199d994ce	NR_024912.1	98.288	292	4	1	1	291	134	425	1.74e-144	510
a8daba1e-f154-4558-8652-ddb199d994ce	NR_025102.1	98.288	292	4	1	1	291	113	404	1.74e-144	510
a8daba1e-f154-4558-8652-ddb199d994ce	NR_025164.1	98.288	292	4	1	1	291	121	412	1.74e-144	510
a8daba1e-f154-4558-8652-ddb199d994ce	NR_028706.1	98.288	292	4	1	1	291	142	433	1.74e-144	510
d90f0b24-eeca-4615-9f69-fe414e9c91ad	NR_117694.1	90.661	514	27	17	13	510	509	1	0.0	664
d90f0b24-eeca-4615-9f69-fe414e9c91ad	NR_025892.1	89.804	510	31	17	20	513	528	24	0.0	640
d90f0b24-eeca-4615-9f69-fe414e9c91ad	NR_121687.1	88.803	518	35	19	13	513	529	18	2.38e-175	614
d90f0b24-eeca-4615-9f69-fe414e9c91ad	NR_117692.1	88.521	514	38	19	13	510	509	1	5.16e-172	603
d90f0b24-eeca-4615-9f69-fe414e9c91ad	NR_117717.1	87.259	518	43	21	13	513	530	19	5.23e-162	569
62fe6399-9580-4e06-8b1e-ebc8ffc13e41	NR_199513.1	95.697	581	11	8	1	579	780	212	0.0	922
62fe6399-9580-4e06-8b1e-ebc8ffc13e41	NR_041953.1	95.525	581	12	8	1	579	753	185	0.0	917
62fe6399-9580-4e06-8b1e-ebc8ffc13e41	NR_178447.1	95.525	581	12	8	1	579	687	119	0.0	917
62fe6399-9580-4e06-8b1e-ebc8ffc13e41	NR_181891.1	95.525	581	12	8	1	579	776	208	0.0	917
62fe6399-9580-4e06-8b1e-ebc8ffc13e41	NR_199518.1	95.525	581	12	8	1	579	697	129	0.0	917
1347d569-f65a-42e0-9b27-d6cc8347d01b	NR_044873.1	97.817	229	1	4	11	236	343	116	5.29e-109	392
1347d569-f65a-42e0-9b27-d6cc8347d01b	NR_074568.1	96.847	222	5	2	11	231	354	134	2.48e-102	370
1347d569-f65a-42e0-9b27-d6cc8347d01b	NR_024785.1	96.396	222	6	2	11	231	311	91	1.15e-100	364
1347d569-f65a-42e0-9b27-d6cc8347d01b	NR_044712.2	95.495	222	8	2	11	231	363	143	5.37e-99	359
1347d569-f65a-42e0-9b27-d6cc8347d01b	NR_178360.1	93.478	230	10	5	11	236	321	93	2.51e-92	337
178ede4d-a08b-4eef-8da4-c920718966d9	NR_026182.1	94.545	110	3	2	1	109	828	721	1.46e-41	167
178ede4d-a08b-4eef-8da4-c920718966d9	NR_025521.1	94.545	110	3	2	1	109	826	719	1.46e-41	167
178ede4d-a08b-4eef-8da4-c920718966d9	NR_025523.1	94.545	110	3	2	1	109	811	704	1.46e-41	167
178ede4d-a08b-4eef-8da4-c920718966d9	NR_029286.1	94.545	110	3	2	1	109	825	718	1.46e-41	167
178ede4d-a08b-4eef-8da4-c920718966d9	NR_041983.1	94.545	110	3	2	1	109	798	691	1.46e-41	167
f3c1e32e-daaa-452e-81a0-72e21d1b22d7	NR_043314.1	99.035	518	3	2	1	518	969	1484	0.0	928
f3c1e32e-daaa-452e-81a0-72e21d1b22d7	NR_116899.1	99.035	518	3	2	1	518	938	1453	0.0	928
f3c1e32e-daaa-452e-81a0-72e21d1b22d7	NR_178854.1	99.035	518	3	2	1	518	950	1465	0.0	928
f3c1e32e-daaa-452e-81a0-72e21d1b22d7	NR_179889.1	99.035	518	3	2	1	518	978	1493	0.0	928
f3c1e32e-daaa-452e-81a0-72e21d1b22d7	NR_041799.1	98.842	518	4	2	1	518	951	1466	0.0	922
fb1ae256-55bc-4a31-b217-fe818778bfd7	NR_043314.1	97.368	418	5	5	1	415	1067	1481	0.0	706
fb1ae256-55bc-4a31-b217-fe818778bfd7	NR_114749.1	97.368	418	5	5	1	415	1069	1483	0.0	706
fb1ae256-55bc-4a31-b217-fe818778bfd7	NR_116899.1	97.368	418	5	5	1	415	1036	1450	0.0	706
fb1ae256-55bc-4a31-b217-fe818778bfd7	NR_178854.1	97.368	418	5	5	1	415	1048	1462	0.0	706
fb1ae256-55bc-4a31-b217-fe818778bfd7	NR_179889.1	97.368	418	5	5	1	415	1076	1490	0.0	706
f04bd54e-afad-4f82-824d-367b368b531a	NR_024912.1	94.872	546	13	14	1	534	548	6	0.0	839
f04bd54e-afad-4f82-824d-367b368b531a	NR_037092.1	94.862	545	14	13	1	534	552	11	0.0	839
f04bd54e-afad-4f82-824d-367b368b531a	NR_156986.1	94.872	546	13	14	1	534	543	1	0.0	839
f04bd54e-afad-4f82-824d-367b368b531a	NR_042147.1	95.158	537	13	12	1	526	535	1	0.0	835
f04bd54e-afad-4f82-824d-367b368b531a	NR_024901.1	94.689	546	14	14	1	534	548	6	0.0	833
9ddad2c9-b2b0-4ddc-8825-1e2de6f83935	NR_036998.1	98.881	268	1	2	10	277	1197	1462	1.69e-134	477
9ddad2c9-b2b0-4ddc-8825-1e2de6f83935	NR_043314.1	98.881	268	1	2	10	277	1216	1481	1.69e-134	477
9ddad2c9-b2b0-4ddc-8825-1e2de6f83935	NR_114793.1	98.881	268	1	2	10	277	1090	1355	1.69e-134	477
9ddad2c9-b2b0-4ddc-8825-1e2de6f83935	NR_114749.1	98.881	268	1	2	10	277	1218	1483	1.69e-134	477
9ddad2c9-b2b0-4ddc-8825-1e2de6f83935	NR_116899.1	98.881	268	1	2	10	277	1185	1450	1.69e-134	477
41c8fc72-9ebc-4ddf-9bea-e5720a60dc84	NR_024918.1	91.139	395	14	8	1	386	1094	1476	5.15e-146	516
41c8fc72-9ebc-4ddf-9bea-e5720a60dc84	NR_028986.1	91.139	395	14	8	1	386	1081	1463	5.15e-146	516
41c8fc72-9ebc-4ddf-9bea-e5720a60dc84	NR_043314.1	91.139	395	14	8	1	386	1099	1481	5.15e-146	516
41c8fc72-9ebc-4ddf-9bea-e5720a60dc84	NR_114225.1	91.117	394	14	8	1	385	1081	1462	5.15e-146	516
41c8fc72-9ebc-4ddf-9bea-e5720a60dc84	NR_114749.1	91.139	395	14	8	1	386	1101	1483	5.15e-146	516
541ebf9c-a428-48aa-a91f-27aa4cb2e75c	NR_028664.1	92.541	1153	38	34	1	1124	368	1501	0.0	1609
541ebf9c-a428-48aa-a91f-27aa4cb2e75c	NR_179383.1	92.541	1153	38	34	1	1124	372	1505	0.0	1609
541ebf9c-a428-48aa-a91f-27aa4cb2e75c	NR_042927.1	92.657	1144	36	34	1	1115	347	1471	0.0	1604
541ebf9c-a428-48aa-a91f-27aa4cb2e75c	NR_115734.1	92.657	1144	36	34	1	1115	348	1472	0.0	1604
541ebf9c-a428-48aa-a91f-27aa4cb2e75c	NR_117719.1	92.454	1153	39	34	1	1124	365	1498	0.0	1604
42e0fc1f-803e-4bc6-8a54-912eec7460d1	NR_133752.1	92.238	554	23	11	1	535	1397	845	0.0	767
42e0fc1f-803e-4bc6-8a54-912eec7460d1	NR_133753.1	92.238	554	23	11	1	535	1426	874	0.0	767
42e0fc1f-803e-4bc6-8a54-912eec7460d1	NR_025903.1	92.224	553	23	11	2	535	1471	920	0.0	765
42e0fc1f-803e-4bc6-8a54-912eec7460d1	NR_025904.1	91.501	553	27	12	2	535	1470	919	0.0	743
42e0fc1f-803e-4bc6-8a54-912eec7460d1	NR_026419.1	91.155	554	29	12	1	535	1460	908	0.0	734
a00fadda-d958-46ed-b409-88860d2e3827	NR_118155.1	97.860	514	7	2	4	515	674	1185	0.0	885
a00fadda-d958-46ed-b409-88860d2e3827	NR_169411.1	97.860	514	7	2	4	515	671	1182	0.0	885
a00fadda-d958-46ed-b409-88860d2e3827	NR_179168.1	97.860	514	7	2	4	515	674	1185	0.0	885
a00fadda-d958-46ed-b409-88860d2e3827	NR_180737.1	97.860	514	7	2	4	515	652	1163	0.0	885
a00fadda-d958-46ed-b409-88860d2e3827	NR_181265.1	97.860	514	7	2	4	515	678	1189	0.0	885
ace5cfb9-dfc2-4342-b505-89831a3f3428	NR_042776.1	98.077	312	4	2	1	311	1046	1356	6.95e-154	542
ace5cfb9-dfc2-4342-b505-89831a3f3428	NR_042777.1	98.077	312	4	2	1	311	1045	1355	6.95e-154	542
ace5cfb9-dfc2-4342-b505-89831a3f3428	NR_042778.1	97.756	312	5	2	1	311	1046	1356	3.23e-152	536
ace5cfb9-dfc2-4342-b505-89831a3f3428	NR_118998.1	97.756	312	5	2	1	311	1040	1350	3.23e-152	536
ace5cfb9-dfc2-4342-b505-89831a3f3428	NR_197695.1	97.756	312	5	2	1	311	1045	1355	3.23e-152	536
161a0cd9-187b-4df8-93b2-ff31189d7487	NR_042649.1	94.203	138	4	3	1	135	1401	1265	1.07e-53	207
161a0cd9-187b-4df8-93b2-ff31189d7487	NR_115087.1	94.203	138	4	3	1	135	1341	1205	1.07e-53	207
161a0cd9-187b-4df8-93b2-ff31189d7487	NR_117375.1	94.203	138	4	3	1	135	1370	1234	1.07e-53	207
161a0cd9-187b-4df8-93b2-ff31189d7487	NR_024842.1	94.161	137	4	3	1	134	1408	1273	3.85e-53	206
161a0cd9-187b-4df8-93b2-ff31189d7487	NR_036936.1	94.161	137	4	3	1	134	1393	1258	3.85e-53	206
f8d31f8c-3aae-43c8-aac1-c70fb6a01792	NR_181857.1	96.746	676	13	7	1	670	854	1526	0.0	1118
f8d31f8c-3aae-43c8-aac1-c70fb6a01792	NR_041799.1	96.598	676	14	8	1	670	796	1468	0.0	1112
f8d31f8c-3aae-43c8-aac1-c70fb6a01792	NR_117823.1	96.598	676	14	8	1	670	768	1440	0.0	1112
f8d31f8c-3aae-43c8-aac1-c70fb6a01792	NR_181265.1	96.598	676	14	8	1	670	823	1495	0.0	1112
f8d31f8c-3aae-43c8-aac1-c70fb6a01792	NR_181730.1	96.721	671	13	8	1	665	802	1469	0.0	1109
cb466728-76d0-4d14-9c6a-12e7d035e5f5	NR_024901.1	92.979	527	9	23	1	509	522	6	0.0	743
cb466728-76d0-4d14-9c6a-12e7d035e5f5	NR_024912.1	92.979	527	9	22	1	509	522	6	0.0	743
cb466728-76d0-4d14-9c6a-12e7d035e5f5	NR_024928.1	92.979	527	9	23	1	509	522	6	0.0	743
cb466728-76d0-4d14-9c6a-12e7d035e5f5	NR_156986.1	92.979	527	9	22	1	509	517	1	0.0	743
cb466728-76d0-4d14-9c6a-12e7d035e5f5	NR_156987.1	92.979	527	9	23	1	509	517	1	0.0	743
73a223db-5ef9-47fc-ad89-54ce86ee272b	NR_041953.1	90.674	1201	65	36	1	1175	283	1462	0.0	1554
73a223db-5ef9-47fc-ad89-54ce86ee272b	NR_042541.1	90.674	1201	65	40	1	1175	283	1462	0.0	1554
73a223db-5ef9-47fc-ad89-54ce86ee272b	NR_179889.1	90.674	1201	65	40	1	1175	310	1489	0.0	1554
73a223db-5ef9-47fc-ad89-54ce86ee272b	NR_178854.1	90.591	1201	65	41	1	1175	283	1461	0.0	1548
73a223db-5ef9-47fc-ad89-54ce86ee272b	NR_181891.1	90.591	1201	66	40	1	1175	306	1485	0.0	1548
a21d295a-d870-4745-890a-c1fddfde9ce8	NR_043314.1	96.475	539	8	5	4	534	934	1469	0.0	880
a21d295a-d870-4745-890a-c1fddfde9ce8	NR_116899.1	96.475	539	8	5	4	534	903	1438	0.0	880
a21d295a-d870-4745-890a-c1fddfde9ce8	NR_178854.1	96.475	539	8	5	4	534	915	1450	0.0	880
a21d295a-d870-4745-890a-c1fddfde9ce8	NR_179889.1	96.475	539	8	5	4	534	943	1478	0.0	880
a21d295a-d870-4745-890a-c1fddfde9ce8	NR_024950.1	96.289	539	10	5	3	534	931	1466	0.0	876
ec2744fb-145f-4748-9850-1b8a8aad91d2	NR_156986.1	94.428	1005	29	24	8	996	994	1	0.0	1520
ec2744fb-145f-4748-9850-1b8a8aad91d2	NR_156987.1	94.328	1005	30	24	8	996	994	1	0.0	1515
ec2744fb-145f-4748-9850-1b8a8aad91d2	NR_199514.1	94.328	1005	30	24	8	996	1006	13	0.0	1515
ec2744fb-145f-4748-9850-1b8a8aad91d2	NR_024901.1	94.229	1005	31	24	8	996	999	6	0.0	1509
ec2744fb-145f-4748-9850-1b8a8aad91d2	NR_024928.1	94.229	1005	31	24	8	996	999	6	0.0	1509
fd62edc8-f51d-489a-b548-e11998eed96f	NR_117694.1	96.976	992	16	13	1	985	985	1	0.0	1653
fd62edc8-f51d-489a-b548-e11998eed96f	NR_041989.1	97.682	949	10	11	1	943	943	1	0.0	1620
fd62edc8-f51d-489a-b548-e11998eed96f	NR_117692.1	95.859	990	29	11	2	985	984	1	0.0	1591
fd62edc8-f51d-489a-b548-e11998eed96f	NR_121687.1	95.500	1000	31	13	1	993	1005	13	0.0	1585
fd62edc8-f51d-489a-b548-e11998eed96f	NR_025892.1	94.995	999	35	14	2	993	1009	19	0.0	1576
c07af48a-5076-4a7f-ac13-a6b0d34fcf94	NR_028986.1	96.829	946	14	13	11	944	504	1445	0.0	1567
c07af48a-5076-4a7f-ac13-a6b0d34fcf94	NR_042199.1	96.829	946	14	13	11	944	504	1445	0.0	1567
c07af48a-5076-4a7f-ac13-a6b0d34fcf94	NR_113600.1	96.829	946	14	13	11	944	504	1445	0.0	1567
c07af48a-5076-4a7f-ac13-a6b0d34fcf94	NR_179337.1	96.829	946	14	13	11	944	508	1449	0.0	1567
c07af48a-5076-4a7f-ac13-a6b0d34fcf94	NR_025164.1	96.723	946	15	13	11	944	504	1445	0.0	1561
b5b58ae4-604e-4e2d-acd2-c0a6fd8bf72f	NR_199513.1	91.961	1219	44	42	6	1183	1225	20	0.0	1659
b5b58ae4-604e-4e2d-acd2-c0a6fd8bf72f	NR_024928.1	91.790	1218	48	44	6	1183	1211	6	0.0	1648
b5b58ae4-604e-4e2d-acd2-c0a6fd8bf72f	NR_024901.1	91.708	1218	49	44	6	1183	1211	6	0.0	1642
b5b58ae4-604e-4e2d-acd2-c0a6fd8bf72f	NR_024912.1	91.708	1218	49	44	6	1183	1211	6	0.0	1642
b5b58ae4-604e-4e2d-acd2-c0a6fd8bf72f	NR_156986.1	91.708	1218	49	44	6	1183	1206	1	0.0	1642
a37c7f63-8a82-48c5-a144-e4f0be91015e	NR_028664.1	92.133	661	26	18	1	646	665	16	0.0	909
a37c7f63-8a82-48c5-a144-e4f0be91015e	NR_179383.1	92.133	661	26	18	1	646	669	20	0.0	909
a37c7f63-8a82-48c5-a144-e4f0be91015e	NR_199545.1	91.982	661	27	18	1	646	662	13	0.0	904
a37c7f63-8a82-48c5-a144-e4f0be91015e	NR_165744.1	91.843	662	28	18	1	647	651	1	0.0	900
a37c7f63-8a82-48c5-a144-e4f0be91015e	NR_179385.1	91.831	661	28	18	1	646	666	17	0.0	898
bbb8aba9-0e20-433c-a1ad-b9f91ec73086	NR_156986.1	96.318	869	16	9	1	860	862	1	0.0	1413
bbb8aba9-0e20-433c-a1ad-b9f91ec73086	NR_156987.1	96.203	869	17	9	1	860	862	1	0.0	1408
bbb8aba9-0e20-433c-a1ad-b9f91ec73086	NR_199514.1	96.203	869	17	9	1	860	874	13	0.0	1408
bbb8aba9-0e20-433c-a1ad-b9f91ec73086	NR_024901.1	96.087	869	18	9	1	860	867	6	0.0	1402
bbb8aba9-0e20-433c-a1ad-b9f91ec73086	NR_024928.1	96.087	869	18	9	1	860	867	6	0.0	1402
6d2861a2-e4fb-44c6-9bf5-6a37455e3c04	NR_041799.1	98.344	604	6	4	1	603	773	1373	0.0	1057
6d2861a2-e4fb-44c6-9bf5-6a37455e3c04	NR_114227.1	98.344	604	6	4	1	603	773	1373	0.0	1057
6d2861a2-e4fb-44c6-9bf5-6a37455e3c04	NR_114481.1	98.344	604	6	4	1	603	782	1382	0.0	1057
6d2861a2-e4fb-44c6-9bf5-6a37455e3c04	NR_117823.1	98.344	604	6	4	1	603	745	1345	0.0	1057
6d2861a2-e4fb-44c6-9bf5-6a37455e3c04	NR_179168.1	98.344	604	6	4	1	603	796	1396	0.0	1057
35cb2d7d-667f-4ad5-aa35-909cf317e0e8	NR_025762.1	91.038	703	41	15	1	690	685	1378	0.0	929
35cb2d7d-667f-4ad5-aa35-909cf317e0e8	NR_115354.1	90.612	703	44	15	1	690	707	1400	0.0	915
35cb2d7d-667f-4ad5-aa35-909cf317e0e8	NR_041880.1	90.612	703	44	15	1	690	663	1356	0.0	913
35cb2d7d-667f-4ad5-aa35-909cf317e0e8	NR_042940.1	90.701	699	41	17	1	685	619	1307	0.0	909
35cb2d7d-667f-4ad5-aa35-909cf317e0e8	NR_044153.1	90.469	703	45	15	1	690	707	1400	0.0	909
3ec9fbe4-6688-4df5-9a6c-db5f6f13a760	NR_028664.1	96.370	303	8	3	1	300	129	431	5.03e-140	496
3ec9fbe4-6688-4df5-9a6c-db5f6f13a760	NR_115240.1	96.370	303	8	3	1	300	106	408	5.03e-140	496
3ec9fbe4-6688-4df5-9a6c-db5f6f13a760	NR_115732.1	96.370	303	8	3	1	300	108	410	5.03e-140	496
3ec9fbe4-6688-4df5-9a6c-db5f6f13a760	NR_165741.1	96.370	303	8	3	1	300	115	417	5.03e-140	496
3ec9fbe4-6688-4df5-9a6c-db5f6f13a760	NR_180629.1	96.370	303	8	3	1	300	88	390	5.03e-140	496
b4e01ce3-d176-4eb5-8ff0-8de8dc7fd502	NR_156986.1	95.715	1237	33	15	2	1221	1251	18	0.0	1973
b4e01ce3-d176-4eb5-8ff0-8de8dc7fd502	NR_113600.1	95.635	1237	34	15	2	1221	1243	10	0.0	1969
b4e01ce3-d176-4eb5-8ff0-8de8dc7fd502	NR_156987.1	95.635	1237	34	15	2	1221	1251	18	0.0	1967
b4e01ce3-d176-4eb5-8ff0-8de8dc7fd502	NR_178976.1	95.635	1237	34	15	2	1221	1242	9	0.0	1967
b4e01ce3-d176-4eb5-8ff0-8de8dc7fd502	NR_114225.1	95.554	1237	35	15	2	1221	1243	10	0.0	1964
f08e8b7f-ef10-47d1-ac11-0b2a5cb4d8b8	NR_041799.1	95.455	748	20	11	1	738	723	1466	0.0	1181
f08e8b7f-ef10-47d1-ac11-0b2a5cb4d8b8	NR_117823.1	95.455	748	20	11	1	738	695	1438	0.0	1181
f08e8b7f-ef10-47d1-ac11-0b2a5cb4d8b8	NR_181265.1	95.455	748	20	11	1	738	750	1493	0.0	1181
f08e8b7f-ef10-47d1-ac11-0b2a5cb4d8b8	NR_181730.1	95.442	746	20	11	1	736	729	1470	0.0	1177
f08e8b7f-ef10-47d1-ac11-0b2a5cb4d8b8	NR_116899.1	95.321	748	21	11	1	738	710	1453	0.0	1175
a89c5200-d9c8-424a-968d-5950a0db81ab	NR_043314.1	92.636	258	9	7	1	254	1455	1204	4.50e-100	363
a89c5200-d9c8-424a-968d-5950a0db81ab	NR_114225.1	92.636	258	9	7	1	254	1437	1186	4.50e-100	363
a89c5200-d9c8-424a-968d-5950a0db81ab	NR_114749.1	92.636	258	9	7	1	254	1457	1206	4.50e-100	363
a89c5200-d9c8-424a-968d-5950a0db81ab	NR_116899.1	92.636	258	9	7	1	254	1424	1173	4.50e-100	363
a89c5200-d9c8-424a-968d-5950a0db81ab	NR_178854.1	92.636	258	9	7	1	254	1436	1185	4.50e-100	363
c9c5bc9e-b6a0-43b7-a3f8-b01c6bec9b03	NR_041989.1	96.421	503	6	9	1	493	1259	759	0.0	819
c9c5bc9e-b6a0-43b7-a3f8-b01c6bec9b03	NR_117694.1	96.223	503	7	9	1	493	1301	801	0.0	813
c9c5bc9e-b6a0-43b7-a3f8-b01c6bec9b03	NR_178369.1	96.223	503	7	9	1	493	1272	772	0.0	813
c9c5bc9e-b6a0-43b7-a3f8-b01c6bec9b03	NR_028900.1	96.024	503	8	9	1	493	1259	759	0.0	808
c9c5bc9e-b6a0-43b7-a3f8-b01c6bec9b03	NR_043459.1	96.024	503	8	9	1	493	1325	825	0.0	808
57a3113b-a490-4cb0-b632-c03281de551e	NR_042541.1	93.948	1074	35	27	1	1057	386	1446	0.0	1596
57a3113b-a490-4cb0-b632-c03281de551e	NR_179889.1	93.948	1074	35	27	1	1057	413	1473	0.0	1596
57a3113b-a490-4cb0-b632-c03281de551e	NR_178854.1	93.855	1074	35	28	1	1057	386	1445	0.0	1589
57a3113b-a490-4cb0-b632-c03281de551e	NR_116899.1	93.575	1074	39	27	1	1057	373	1433	0.0	1574
57a3113b-a490-4cb0-b632-c03281de551e	NR_043314.1	93.494	1076	37	30	1	1057	403	1464	0.0	1568
39f364fb-fc5a-40d0-8f4d-a40f7ec429b8	NR_024912.1	96.676	361	5	7	1	360	539	185	2.11e-169	593
39f364fb-fc5a-40d0-8f4d-a40f7ec429b8	NR_025228.1	96.676	361	5	7	1	360	522	168	2.11e-169	593
39f364fb-fc5a-40d0-8f4d-a40f7ec429b8	NR_041953.1	96.676	361	5	7	1	360	526	172	2.11e-169	593
39f364fb-fc5a-40d0-8f4d-a40f7ec429b8	NR_042147.1	96.676	361	5	7	1	360	526	172	2.11e-169	593
39f364fb-fc5a-40d0-8f4d-a40f7ec429b8	NR_042541.1	96.676	361	5	7	1	360	526	172	2.11e-169	593
f0ebfe9f-e5e3-4a6a-8c96-d82f94b38bcb	NR_164626.1	95.652	391	9	8	1	385	389	1	1.04e-177	621
f0ebfe9f-e5e3-4a6a-8c96-d82f94b38bcb	NR_024912.1	95.630	389	9	8	1	383	392	6	1.35e-176	617
f0ebfe9f-e5e3-4a6a-8c96-d82f94b38bcb	NR_025174.1	95.630	389	9	8	1	383	387	1	1.35e-176	617
f0ebfe9f-e5e3-4a6a-8c96-d82f94b38bcb	NR_028706.1	95.630	389	9	8	1	383	400	14	1.35e-176	617
f0ebfe9f-e5e3-4a6a-8c96-d82f94b38bcb	NR_042939.1	95.630	389	9	8	1	383	398	12	1.35e-176	617
c2321493-7df0-4dcf-bb8e-46754a23d54a	NR_024842.1	95.030	664	15	14	7	661	835	1489	0.0	1027
c2321493-7df0-4dcf-bb8e-46754a23d54a	NR_115735.1	95.023	663	15	14	7	660	811	1464	0.0	1026
c2321493-7df0-4dcf-bb8e-46754a23d54a	NR_156072.1	94.880	664	16	14	7	661	840	1494	0.0	1022
c2321493-7df0-4dcf-bb8e-46754a23d54a	NR_199974.1	94.887	665	15	16	7	661	847	1502	0.0	1022
c2321493-7df0-4dcf-bb8e-46754a23d54a	NR_036936.1	95.008	661	14	15	7	657	820	1471	0.0	1020
5814998c-acaf-45a9-890d-9677e9102db9	NR_040933.1	95.188	478	10	13	21	487	1014	1489	0.0	743
5814998c-acaf-45a9-890d-9677e9102db9	NR_117717.1	95.010	481	10	14	19	487	1009	1487	0.0	743
5814998c-acaf-45a9-890d-9677e9102db9	NR_117696.1	95.010	481	10	14	19	487	976	1454	0.0	743
5814998c-acaf-45a9-890d-9677e9102db9	NR_025902.1	94.802	481	11	12	19	487	967	1445	0.0	737
5814998c-acaf-45a9-890d-9677e9102db9	NR_121688.1	94.802	481	11	14	19	487	1009	1487	0.0	737
b5ccb3bc-2b08-4849-8bae-d13585e97452	NR_024912.1	92.579	539	15	22	6	530	541	14	0.0	750
b5ccb3bc-2b08-4849-8bae-d13585e97452	NR_037092.1	92.565	538	16	20	6	530	545	19	0.0	750
b5ccb3bc-2b08-4849-8bae-d13585e97452	NR_042147.1	92.579	539	15	22	6	530	528	1	0.0	750
b5ccb3bc-2b08-4849-8bae-d13585e97452	NR_156986.1	92.579	539	15	22	6	530	536	9	0.0	750
b5ccb3bc-2b08-4849-8bae-d13585e97452	NR_178976.1	92.565	538	15	22	6	529	527	1	0.0	749
a202a960-6eb3-420f-9bf3-46e3319618f4	NR_043314.1	97.802	455	4	2	1	453	1035	1485	0.0	780
a202a960-6eb3-420f-9bf3-46e3319618f4	NR_114749.1	97.802	455	4	2	1	453	1037	1487	0.0	780
a202a960-6eb3-420f-9bf3-46e3319618f4	NR_116899.1	97.802	455	4	2	1	453	1004	1454	0.0	780
a202a960-6eb3-420f-9bf3-46e3319618f4	NR_178854.1	97.802	455	4	2	1	453	1016	1466	0.0	780
a202a960-6eb3-420f-9bf3-46e3319618f4	NR_179889.1	97.802	455	4	2	1	453	1044	1494	0.0	780
15058782-fe28-4433-96a2-526890f37fd0	NR_179540.1	98.352	789	8	5	5	790	709	1495	0.0	1380
15058782-fe28-4433-96a2-526890f37fd0	NR_117719.1	98.226	789	10	4	5	790	709	1496	0.0	1376
15058782-fe28-4433-96a2-526890f37fd0	NR_028664.1	98.099	789	11	4	5	790	712	1499	0.0	1371
15058782-fe28-4433-96a2-526890f37fd0	NR_179383.1	98.099	789	11	4	5	790	716	1503	0.0	1371
15058782-fe28-4433-96a2-526890f37fd0	NR_175455.1	97.975	790	11	5	5	790	697	1485	0.0	1365
4c8ba816-7445-49eb-b781-956e4beed6fc	NR_024912.1	95.736	469	8	8	8	470	468	6	0.0	745
4c8ba816-7445-49eb-b781-956e4beed6fc	NR_156986.1	95.736	469	8	8	8	470	463	1	0.0	745
4c8ba816-7445-49eb-b781-956e4beed6fc	NR_024901.1	95.522	469	9	8	8	470	468	6	0.0	739
4c8ba816-7445-49eb-b781-956e4beed6fc	NR_024928.1	95.522	469	9	8	8	470	468	6	0.0	739
4c8ba816-7445-49eb-b781-956e4beed6fc	NR_156987.1	95.522	469	9	8	8	470	463	1	0.0	739
31168b5d-cf31-4ea4-818a-d152168243f5	NR_025862.1	98.901	273	2	1	1	273	155	426	7.65e-138	488
31168b5d-cf31-4ea4-818a-d152168243f5	NR_028682.1	94.505	273	11	4	1	271	155	425	1.02e-116	418
31168b5d-cf31-4ea4-818a-d152168243f5	NR_026454.1	92.701	274	18	2	1	273	129	401	1.72e-109	394
31168b5d-cf31-4ea4-818a-d152168243f5	NR_180911.1	90.876	274	20	5	3	273	146	417	4.84e-100	363
31168b5d-cf31-4ea4-818a-d152168243f5	NR_113289.1	90.110	273	23	4	3	273	172	442	1.05e-96	351
2df18828-3ae6-4771-a340-cca448de5288	NR_156986.1	94.466	1319	37	30	1	1300	1305	4	0.0	1999
2df18828-3ae6-4771-a340-cca448de5288	NR_199513.1	94.461	1318	39	28	1	1300	1324	23	0.0	1999
2df18828-3ae6-4771-a340-cca448de5288	NR_178976.1	94.516	1313	36	30	1	1294	1296	1	0.0	1995
2df18828-3ae6-4771-a340-cca448de5288	NR_156987.1	94.390	1319	38	30	1	1300	1305	4	0.0	1993
2df18828-3ae6-4771-a340-cca448de5288	NR_113600.1	94.444	1314	37	30	1	1295	1297	1	0.0	1991
fce65795-2f9f-4b2d-b4f0-592eb361f23f	NR_044873.1	96.282	511	7	11	1	504	1230	725	0.0	828
fce65795-2f9f-4b2d-b4f0-592eb361f23f	NR_074568.1	95.499	511	11	11	1	504	1240	735	0.0	806
fce65795-2f9f-4b2d-b4f0-592eb361f23f	NR_044712.2	95.108	511	13	11	1	504	1249	744	0.0	798
fce65795-2f9f-4b2d-b4f0-592eb361f23f	NR_025310.1	94.922	512	12	13	1	504	1220	715	0.0	789
fce65795-2f9f-4b2d-b4f0-592eb361f23f	NR_109752.1	94.912	511	14	11	1	504	1251	746	0.0	789
aa490f4e-c0f4-417b-bdf1-632225aa0336	NR_117694.1	95.225	1131	27	23	16	1129	1121	1	0.0	1764
aa490f4e-c0f4-417b-bdf1-632225aa0336	NR_025892.1	93.805	1130	44	22	16	1129	1146	27	0.0	1701
aa490f4e-c0f4-417b-bdf1-632225aa0336	NR_121687.1	94.170	1132	37	25	16	1129	1141	21	0.0	1698
aa490f4e-c0f4-417b-bdf1-632225aa0336	NR_117692.1	93.557	1133	42	26	16	1129	1121	1	0.0	1659
aa490f4e-c0f4-417b-bdf1-632225aa0336	NR_026079.2	92.845	1132	52	25	16	1129	1148	28	0.0	1615
367c8560-6beb-41dd-93a2-46c76ffbae3f	NR_117694.1	94.841	659	16	15	4	656	232	878	0.0	1013
367c8560-6beb-41dd-93a2-46c76ffbae3f	NR_121687.1	94.234	659	20	15	4	656	252	898	0.0	990
367c8560-6beb-41dd-93a2-46c76ffbae3f	NR_041988.1	93.930	659	22	15	4	656	190	836	0.0	979
367c8560-6beb-41dd-93a2-46c76ffbae3f	NR_104946.1	93.627	659	24	15	4	656	195	841	0.0	968
367c8560-6beb-41dd-93a2-46c76ffbae3f	NR_025892.1	93.020	659	27	16	4	656	258	903	0.0	963
61f87ebe-ddbb-4fe4-81ca-653bbbbedd6f	NR_024912.1	97.934	484	3	4	5	481	489	6	0.0	832
61f87ebe-ddbb-4fe4-81ca-653bbbbedd6f	NR_037092.1	97.930	483	4	3	5	481	493	11	0.0	832
61f87ebe-ddbb-4fe4-81ca-653bbbbedd6f	NR_156986.1	97.934	484	3	4	5	481	484	1	0.0	832
61f87ebe-ddbb-4fe4-81ca-653bbbbedd6f	NR_024901.1	97.727	484	4	4	5	481	489	6	0.0	826
61f87ebe-ddbb-4fe4-81ca-653bbbbedd6f	NR_024928.1	97.727	484	4	4	5	481	489	6	0.0	826
fc1f0455-0eca-4599-8e1f-75d3af3ad848	NR_024912.1	95.826	599	15	10	10	599	608	11	0.0	959
fc1f0455-0eca-4599-8e1f-75d3af3ad848	NR_156986.1	95.826	599	15	10	10	599	603	6	0.0	959
fc1f0455-0eca-4599-8e1f-75d3af3ad848	NR_024901.1	95.659	599	16	10	10	599	608	11	0.0	953
fc1f0455-0eca-4599-8e1f-75d3af3ad848	NR_024928.1	95.659	599	16	10	10	599	608	11	0.0	953
fc1f0455-0eca-4599-8e1f-75d3af3ad848	NR_042147.1	95.805	596	15	10	10	596	595	1	0.0	953
20becd6b-9a2b-441f-9065-62c53fb2a561	NR_156986.1	96.745	1198	18	19	1	1191	1184	1	0.0	1977
20becd6b-9a2b-441f-9065-62c53fb2a561	NR_156987.1	96.661	1198	19	19	1	1191	1184	1	0.0	1971
20becd6b-9a2b-441f-9065-62c53fb2a561	NR_199514.1	96.578	1198	20	19	1	1191	1196	13	0.0	1965
20becd6b-9a2b-441f-9065-62c53fb2a561	NR_024901.1	96.494	1198	21	19	1	1191	1189	6	0.0	1960
20becd6b-9a2b-441f-9065-62c53fb2a561	NR_024912.1	96.494	1198	21	19	1	1191	1189	6	0.0	1960
a62220da-8a3d-46e1-95cc-3944f25f27f4	NR_125570.1	96.730	581	10	6	1	576	819	1395	0.0	959
a62220da-8a3d-46e1-95cc-3944f25f27f4	NR_125571.1	96.558	581	10	7	1	576	861	1436	0.0	953
a62220da-8a3d-46e1-95cc-3944f25f27f4	NR_029097.1	97.217	539	9	3	1	537	837	1371	0.0	907
a62220da-8a3d-46e1-95cc-3944f25f27f4	NR_042832.1	90.769	585	38	9	1	574	877	1456	0.0	769
a62220da-8a3d-46e1-95cc-3944f25f27f4	NR_025127.1	92.979	527	31	3	1	525	893	1415	0.0	763
886e6dba-9a89-4ba8-af57-3c645494e62d	NR_117694.1	97.603	1335	21	10	14	1344	1328	1	0.0	2278
886e6dba-9a89-4ba8-af57-3c645494e62d	NR_025892.1	96.277	1343	38	11	14	1352	1353	19	0.0	2218
886e6dba-9a89-4ba8-af57-3c645494e62d	NR_121687.1	96.577	1344	33	12	14	1352	1348	13	0.0	2215
886e6dba-9a89-4ba8-af57-3c645494e62d	NR_117692.1	96.180	1335	40	10	14	1344	1328	1	0.0	2172
886e6dba-9a89-4ba8-af57-3c645494e62d	NR_041989.1	96.909	1294	27	12	14	1302	1286	1	0.0	2156
36b2b8d6-493b-4f0b-8557-733c6b14c8ba	NR_113570.1	96.047	1189	23	19	1	1174	314	1493	0.0	1914
36b2b8d6-493b-4f0b-8557-733c6b14c8ba	NR_043332.1	95.791	1188	27	18	1	1174	307	1485	0.0	1901
36b2b8d6-493b-4f0b-8557-733c6b14c8ba	NR_074980.1	95.875	1188	26	18	1	1174	334	1512	0.0	1901
36b2b8d6-493b-4f0b-8557-733c6b14c8ba	NR_113031.1	95.875	1188	26	18	1	1174	334	1512	0.0	1901
36b2b8d6-493b-4f0b-8557-733c6b14c8ba	NR_115355.1	95.455	1188	31	18	1	1174	307	1485	0.0	1873
de1d0dad-dace-400a-999d-fbb41461c97b	NR_036830.1	93.443	549	17	16	6	544	1356	817	0.0	797
de1d0dad-dace-400a-999d-fbb41461c97b	NR_043314.1	93.443	549	17	16	6	544	1392	853	0.0	797
de1d0dad-dace-400a-999d-fbb41461c97b	NR_116905.1	93.443	549	17	16	6	544	1395	856	0.0	797
de1d0dad-dace-400a-999d-fbb41461c97b	NR_116899.1	93.443	549	17	16	6	544	1361	822	0.0	797
de1d0dad-dace-400a-999d-fbb41461c97b	NR_118155.1	93.443	549	17	16	6	544	1397	858	0.0	797
5969cc34-0b35-4a3c-b957-85054fd49eba	NR_024951.1	96.602	618	13	5	1	611	1159	543	0.0	1018
5969cc34-0b35-4a3c-b957-85054fd49eba	NR_197706.1	96.602	618	13	5	1	611	1170	554	0.0	1018
5969cc34-0b35-4a3c-b957-85054fd49eba	NR_024918.1	96.440	618	14	5	1	611	1156	540	0.0	1013
5969cc34-0b35-4a3c-b957-85054fd49eba	NR_028906.1	96.440	618	14	5	1	611	1182	566	0.0	1013
5969cc34-0b35-4a3c-b957-85054fd49eba	NR_029042.2	96.440	618	14	5	1	611	1163	547	0.0	1013
a6bab82b-83f1-4e10-a55b-0dcd9f7a3aa8	NR_180629.1	96.160	1198	26	15	1	1192	1412	229	0.0	1940
a6bab82b-83f1-4e10-a55b-0dcd9f7a3aa8	NR_027214.1	96.077	1198	27	15	1	1192	1430	247	0.0	1934
a6bab82b-83f1-4e10-a55b-0dcd9f7a3aa8	NR_165744.1	96.077	1198	27	15	1	1192	1439	256	0.0	1934
a6bab82b-83f1-4e10-a55b-0dcd9f7a3aa8	NR_117719.1	96.147	1194	26	15	5	1192	1446	267	0.0	1932
a6bab82b-83f1-4e10-a55b-0dcd9f7a3aa8	NR_179385.1	95.997	1199	26	17	1	1192	1454	271	0.0	1929
3386c6fd-1e1c-41f1-a061-8cbb35379a97	NR_199513.1	95.030	1006	34	13	4	996	1020	18	0.0	1567
3386c6fd-1e1c-41f1-a061-8cbb35379a97	NR_181891.1	93.948	1008	41	16	4	996	1016	14	0.0	1506
3386c6fd-1e1c-41f1-a061-8cbb35379a97	NR_041953.1	94.194	999	36	18	4	986	993	1	0.0	1504
3386c6fd-1e1c-41f1-a061-8cbb35379a97	NR_040859.1	93.837	1006	42	16	4	994	1005	5	0.0	1496
3386c6fd-1e1c-41f1-a061-8cbb35379a97	NR_104278.1	93.837	1006	42	16	4	994	1005	5	0.0	1496
d788007e-25fc-4c78-82fc-aa5b721262b9	NR_117694.1	91.965	1481	59	45	13	1457	1	1457	0.0	2021
d788007e-25fc-4c78-82fc-aa5b721262b9	NR_025892.1	91.232	1494	68	48	1	1457	15	1482	0.0	2001
d788007e-25fc-4c78-82fc-aa5b721262b9	NR_121687.1	91.371	1495	65	48	1	1457	9	1477	0.0	1988
d788007e-25fc-4c78-82fc-aa5b721262b9	NR_117692.1	90.836	1484	70	52	13	1457	1	1457	0.0	1927
d788007e-25fc-4c78-82fc-aa5b721262b9	NR_026079.2	90.502	1495	78	48	1	1457	16	1484	0.0	1916
0a8db43c-3b87-4b74-a2f3-cf36b0ea1840	NR_181730.1	97.711	699	10	4	12	710	777	1469	0.0	1197
0a8db43c-3b87-4b74-a2f3-cf36b0ea1840	NR_041799.1	97.443	704	12	4	12	715	771	1468	0.0	1195
0a8db43c-3b87-4b74-a2f3-cf36b0ea1840	NR_117823.1	97.443	704	12	4	12	715	743	1440	0.0	1195
0a8db43c-3b87-4b74-a2f3-cf36b0ea1840	NR_180078.1	97.443	704	12	4	12	715	791	1488	0.0	1195
0a8db43c-3b87-4b74-a2f3-cf36b0ea1840	NR_181265.1	97.443	704	12	4	12	715	798	1495	0.0	1195
c94ff933-64d8-487c-96e8-7291bb7ba5b5	NR_117694.1	96.890	643	14	6	1	639	830	1470	0.0	1072
c94ff933-64d8-487c-96e8-7291bb7ba5b5	NR_159079.1	96.734	643	15	6	1	639	826	1466	0.0	1066
c94ff933-64d8-487c-96e8-7291bb7ba5b5	NR_117717.1	96.579	643	16	6	1	639	850	1490	0.0	1061
c94ff933-64d8-487c-96e8-7291bb7ba5b5	NR_121687.1	96.579	643	16	6	1	639	850	1490	0.0	1061
c94ff933-64d8-487c-96e8-7291bb7ba5b5	NR_117692.1	96.579	643	16	6	1	639	830	1470	0.0	1061
5dcd2d46-25f4-4b86-9694-64edd1e68d41	NR_117694.1	93.423	669	28	15	2	659	664	1	0.0	977
5dcd2d46-25f4-4b86-9694-64edd1e68d41	NR_121687.1	92.526	669	34	15	2	659	684	21	0.0	944
5dcd2d46-25f4-4b86-9694-64edd1e68d41	NR_117692.1	92.227	669	36	14	2	659	664	1	0.0	933
5dcd2d46-25f4-4b86-9694-64edd1e68d41	NR_025892.1	91.317	668	43	14	2	659	689	27	0.0	918
5dcd2d46-25f4-4b86-9694-64edd1e68d41	NR_041989.1	93.461	627	24	16	2	616	622	1	0.0	915
bed59391-7419-402a-9582-752e59ec5a4e	NR_156986.1	95.884	899	19	17	1	886	894	1	0.0	1439
bed59391-7419-402a-9582-752e59ec5a4e	NR_156987.1	95.773	899	20	17	1	886	894	1	0.0	1434
bed59391-7419-402a-9582-752e59ec5a4e	NR_199514.1	95.773	899	20	17	1	886	906	13	0.0	1434
bed59391-7419-402a-9582-752e59ec5a4e	NR_024901.1	95.662	899	21	17	1	886	899	6	0.0	1428
bed59391-7419-402a-9582-752e59ec5a4e	NR_024928.1	95.662	899	21	17	1	886	899	6	0.0	1428
ebfd3fe2-0b36-4f20-a314-f8d471b1632c	NR_026419.1	95.822	359	6	7	1	354	355	1	1.00e-162	571
ebfd3fe2-0b36-4f20-a314-f8d471b1632c	NR_025903.1	93.460	367	14	9	1	362	367	6	3.65e-152	536
ebfd3fe2-0b36-4f20-a314-f8d471b1632c	NR_025904.1	92.916	367	16	8	1	362	366	5	7.90e-149	525
ebfd3fe2-0b36-4f20-a314-f8d471b1632c	NR_133753.1	95.527	313	10	4	1	310	321	10	1.72e-140	497
ebfd3fe2-0b36-4f20-a314-f8d471b1632c	NR_036920.1	90.164	366	25	9	1	362	360	2	4.86e-131	466
badc31b3-01bd-4d2d-8511-e311ded47e29	NR_117694.1	95.614	570	17	7	1	568	565	2	0.0	907
badc31b3-01bd-4d2d-8511-e311ded47e29	NR_025892.1	93.860	570	27	7	1	568	591	28	0.0	869
badc31b3-01bd-4d2d-8511-e311ded47e29	NR_121687.1	93.870	571	25	9	1	568	585	22	0.0	852
badc31b3-01bd-4d2d-8511-e311ded47e29	NR_117692.1	93.158	570	31	7	1	568	565	2	0.0	830
badc31b3-01bd-4d2d-8511-e311ded47e29	NR_117717.1	92.469	571	33	9	1	568	586	23	0.0	808
b3225769-20fd-4f96-b567-b0b8bef0c9a7	NR_024912.1	96.515	373	7	5	1	371	386	18	6.19e-175	612
b3225769-20fd-4f96-b567-b0b8bef0c9a7	NR_025164.1	96.515	373	7	5	1	371	373	5	6.19e-175	612
b3225769-20fd-4f96-b567-b0b8bef0c9a7	NR_028706.1	96.515	373	7	5	1	371	394	26	6.19e-175	612
b3225769-20fd-4f96-b567-b0b8bef0c9a7	NR_042147.1	96.515	373	7	5	1	371	373	5	6.19e-175	612
b3225769-20fd-4f96-b567-b0b8bef0c9a7	NR_042939.1	96.515	373	7	5	1	371	392	24	6.19e-175	612
c669978e-cfa8-47f1-a212-d6e76860e1e7	NR_044873.1	92.909	1241	36	42	1	1202	238	1465	0.0	1757
c669978e-cfa8-47f1-a212-d6e76860e1e7	NR_109752.1	90.997	1244	63	41	1	1207	260	1491	0.0	1631
c669978e-cfa8-47f1-a212-d6e76860e1e7	NR_178360.1	90.887	1240	62	43	1	1201	216	1443	0.0	1616
c669978e-cfa8-47f1-a212-d6e76860e1e7	NR_108194.1	87.811	1247	93	44	1	1207	244	1471	0.0	1406
c669978e-cfa8-47f1-a212-d6e76860e1e7	NR_044881.1	87.268	1241	110	37	1	1207	220	1446	0.0	1373
42347728-21b5-4a40-87d8-81519929c63e	NR_024901.1	97.166	741	8	7	1	735	739	6	0.0	1240
42347728-21b5-4a40-87d8-81519929c63e	NR_024928.1	97.166	741	8	7	1	735	739	6	0.0	1240
42347728-21b5-4a40-87d8-81519929c63e	NR_156986.1	97.166	741	8	7	1	735	734	1	0.0	1240
42347728-21b5-4a40-87d8-81519929c63e	NR_199513.1	97.035	742	11	5	1	737	753	18	0.0	1238
42347728-21b5-4a40-87d8-81519929c63e	NR_156987.1	97.031	741	9	7	1	735	734	1	0.0	1234
80d12cb8-3bc8-44dd-a11e-d46cd27fa5fd	NR_024912.1	96.842	380	5	6	1	375	384	7	6.10e-180	628
80d12cb8-3bc8-44dd-a11e-d46cd27fa5fd	NR_028706.1	96.842	380	5	6	1	375	392	15	6.10e-180	628
80d12cb8-3bc8-44dd-a11e-d46cd27fa5fd	NR_042939.1	96.842	380	5	6	1	375	390	13	6.10e-180	628
80d12cb8-3bc8-44dd-a11e-d46cd27fa5fd	NR_114473.1	96.842	380	5	6	1	375	379	2	6.10e-180	628
80d12cb8-3bc8-44dd-a11e-d46cd27fa5fd	NR_156986.1	96.842	380	5	6	1	375	379	2	6.10e-180	628
9dcde359-016f-4cce-ae7e-5077e32f8eaf	NR_117719.1	95.965	1388	30	18	1	1370	1403	24	0.0	2230
9dcde359-016f-4cce-ae7e-5077e32f8eaf	NR_042928.1	95.893	1388	31	18	1	1370	1383	4	0.0	2224
9dcde359-016f-4cce-ae7e-5077e32f8eaf	NR_175455.1	95.821	1388	32	18	1	1370	1391	12	0.0	2218
9dcde359-016f-4cce-ae7e-5077e32f8eaf	NR_179540.1	95.680	1389	32	20	1	1370	1403	24	0.0	2207
9dcde359-016f-4cce-ae7e-5077e32f8eaf	NR_199545.1	95.605	1388	35	18	1	1370	1403	24	0.0	2202
4c7e48b2-d7ac-49f7-95e1-474ae97742fa	NR_179720.1	91.542	402	20	12	1	398	1081	1472	8.72e-154	542
4c7e48b2-d7ac-49f7-95e1-474ae97742fa	NR_024842.1	91.521	401	21	11	1	398	1076	1466	3.14e-153	540
4c7e48b2-d7ac-49f7-95e1-474ae97742fa	NR_115735.1	91.521	401	21	11	1	398	1052	1442	3.14e-153	540
4c7e48b2-d7ac-49f7-95e1-474ae97742fa	NR_115241.1	91.500	400	21	11	1	397	1061	1450	1.13e-152	538
4c7e48b2-d7ac-49f7-95e1-474ae97742fa	NR_025453.1	91.294	402	21	12	1	398	1061	1452	4.06e-152	536
ece5a578-7707-4214-843e-9e70e52ea8a1	NR_074980.1	93.017	1475	51	45	3	1439	1472	12	0.0	2106
ece5a578-7707-4214-843e-9e70e52ea8a1	NR_113031.1	93.017	1475	51	45	3	1439	1472	12	0.0	2106
ece5a578-7707-4214-843e-9e70e52ea8a1	NR_043332.1	92.872	1459	53	43	3	1424	1445	1	0.0	2074
ece5a578-7707-4214-843e-9e70e52ea8a1	NR_113570.1	92.701	1466	54	45	3	1429	1452	1	0.0	2065
ece5a578-7707-4214-843e-9e70e52ea8a1	NR_119168.1	92.402	1461	60	43	3	1426	1450	4	0.0	2054
6bc0f5d0-9427-4879-8295-9f7bff287a15	NR_041799.1	95.808	835	22	13	1	827	634	1463	0.0	1336
6bc0f5d0-9427-4879-8295-9f7bff287a15	NR_117823.1	95.808	835	22	13	1	827	606	1435	0.0	1336
6bc0f5d0-9427-4879-8295-9f7bff287a15	NR_114227.1	95.803	834	22	13	1	826	634	1462	0.0	1334
6bc0f5d0-9427-4879-8295-9f7bff287a15	NR_042541.1	95.689	835	23	13	1	827	634	1463	0.0	1330
6bc0f5d0-9427-4879-8295-9f7bff287a15	NR_043935.1	95.689	835	23	13	1	827	655	1484	0.0	1330
a777951f-6aaa-4e7a-8d3b-b336f0ff06cc	NR_156986.1	96.318	679	10	11	1	676	667	1	0.0	1101
a777951f-6aaa-4e7a-8d3b-b336f0ff06cc	NR_024901.1	96.171	679	11	11	1	676	672	6	0.0	1096
a777951f-6aaa-4e7a-8d3b-b336f0ff06cc	NR_024912.1	96.171	679	11	11	1	676	672	6	0.0	1096
a777951f-6aaa-4e7a-8d3b-b336f0ff06cc	NR_024928.1	96.171	679	11	11	1	676	672	6	0.0	1096
a777951f-6aaa-4e7a-8d3b-b336f0ff06cc	NR_156987.1	96.171	679	11	11	1	676	667	1	0.0	1096
6471449e-c0b2-4b06-9d14-5bebbd659e5c	NR_125571.1	97.421	504	9	4	1	501	934	1436	0.0	856
6471449e-c0b2-4b06-9d14-5bebbd659e5c	NR_125570.1	96.838	506	9	5	1	501	892	1395	0.0	839
6471449e-c0b2-4b06-9d14-5bebbd659e5c	NR_029097.1	96.559	465	12	4	1	462	910	1373	0.0	767
6471449e-c0b2-4b06-9d14-5bebbd659e5c	NR_025127.1	92.053	453	28	5	1	448	966	1415	2.31e-180	630
6471449e-c0b2-4b06-9d14-5bebbd659e5c	NR_104899.1	90.546	476	29	11	40	503	986	1457	6.47e-176	616
c0ba0d64-e8b7-404f-a808-51c40f2e6af9	NR_179889.1	96.733	1102	17	13	11	1094	390	1490	0.0	1818
c0ba0d64-e8b7-404f-a808-51c40f2e6af9	NR_041953.1	96.642	1102	18	13	11	1094	363	1463	0.0	1812
c0ba0d64-e8b7-404f-a808-51c40f2e6af9	NR_042541.1	96.642	1102	18	13	11	1094	363	1463	0.0	1812
c0ba0d64-e8b7-404f-a808-51c40f2e6af9	NR_178854.1	96.642	1102	17	14	11	1094	363	1462	0.0	1812
c0ba0d64-e8b7-404f-a808-51c40f2e6af9	NR_178447.1	96.552	1102	19	13	11	1094	297	1397	0.0	1807
4bc6e291-c06a-4bbe-8472-fffd360c4b5c	NR_117694.1	95.013	1143	30	24	6	1126	1138	1	0.0	1770
4bc6e291-c06a-4bbe-8472-fffd360c4b5c	NR_041989.1	95.822	1101	19	24	6	1084	1096	1	0.0	1753
4bc6e291-c06a-4bbe-8472-fffd360c4b5c	NR_117692.1	93.969	1144	40	26	6	1126	1138	1	0.0	1703
4bc6e291-c06a-4bbe-8472-fffd360c4b5c	NR_117717.1	93.745	1151	44	25	6	1134	1158	14	0.0	1701
4bc6e291-c06a-4bbe-8472-fffd360c4b5c	NR_121688.1	93.571	1151	47	24	6	1134	1158	13	0.0	1690
