Date,Organization,Latitude (bottom),Longitude (bottom),Latitude (top),Longitude (top),Elevation bottom (ft),Elevation top (ft),Stream,Location,Origin,Method,OrganismType,Species,Common Name,Count,Size Range (cm),Notes (during / post capture),~ Biomass (lbs),HSIBI Score,
5/5/2015,Iolani School ,21.32792,-157.79959,21.32748,-157.79980,332,335,Manoa,Waiakeakua (USGS Gage),Non-native,Opae / A-Frame Net,Vertebrate,Poecilia reticulata,Rainbow Guppy,23,NA,Removed from study site,NA,NA,
5/5/2015,Iolani School ,21.32792,-157.79959,21.32748,-157.79980,332,335,Manoa,Waiakeakua (USGS Gage),Non-native,Opae / A-Frame Net,Vertebrate,Ancistrus temminckii,Bristlenose / Bushynose Plecostomus,7,NA,Removed from study site,NA,NA,
5/5/2015,Iolani School ,21.32792,-157.79959,21.32748,-157.79980,332,335,Manoa,Waiakeakua (USGS Gage),Non-native,Opae / A-Frame Net,Vertebrate,Xiphophorus helleri,Green Swordtail,2,NA,Removed from study site,NA,NA,
5/5/2015,Iolani School ,21.32792,-157.79959,21.32748,-157.79980,332,335,Manoa,Waiakeakua (USGS Gage),Non-native,Opae / A-Frame Net,Invertebrate,Neocaridina denticulata sinensis,Japanese Swamp Shrimp,17,NA,Removed from study site,NA,NA,
5/5/2015,Iolani School ,21.32792,-157.79959,21.32748,-157.79980,332,335,Manoa,Waiakeakua (USGS Gage),Non-native,Opae / A-Frame Net,Invertebrate,Procambarus clarkii,Swamp Crayfish,3,NA,Removed from study site,NA,NA,
5/5/2015,Iolani School ,21.32792,-157.79959,21.32748,-157.79980,332,335,Manoa,Waiakeakua (USGS Gage),NA,Opae / A-Frame Net,NA,NA,NA,52,NA,Summary,0.10,NA,
5/5/2015,Iolani School ,21.30973,-157.80943,21.31090,-157.80879,168,172,Manoa,Manoa Marketplace,Non-native,Opae / A-Frame Net,Vertebrate,Hypostomus watwata,Suckermouth Catfish / Plecostomus,87,NA,Removed from study site,NA,NA,
5/5/2015,Iolani School ,21.30973,-157.80943,21.31090,-157.80879,168,172,Manoa,Manoa Marketplace,Non-native,Opae / A-Frame Net,Vertebrate,Ancistrus temminckii,Bristlenose / Bushynose Plecostomus,42,NA,Removed from study site,NA,NA,
5/5/2015,Iolani School ,21.30973,-157.80943,21.31090,-157.80879,168,172,Manoa,Manoa Marketplace,Non-native,Opae / A-Frame Net,Vertebrate,Poecilia sphenops,Mexican Molly,27,NA,Removed from study site,NA,NA,
5/5/2015,Iolani School ,21.30973,-157.80943,21.31090,-157.80879,168,172,Manoa,Manoa Marketplace,NA,Opae / A-Frame Net,NA,NA,NA,156,NA,Summary,1.90,NA,
9/22/2015,Iolani School ,21.28555,-157.82913,21.28441,-157.82800,12,12,NA,Ala Wai Canal,Native,Plankton Tow,Invertebrate,Palaemon debilis,Opae huna,1,NA,Returned live to capture location,NA,NA,
9/22/2015,Iolani School ,21.28555,-157.82913,21.28441,-157.82800,12,12,NA,Ala Wai Canal,Native,Hester Dendy Plates,Invertebrate,Palaemon pacificus,Tiger Shrimp,1,NA,Returned live to capture location,NA,NA,
9/22/2015,Iolani School ,21.28555,-157.82913,21.28441,-157.82800,12,12,NA,Ala Wai Canal,Native,Crab Trap,Invertebrate,Thalamita crenata,Blue Pincher Crab,1,NA,Returned live to capture location,NA,NA,
9/22/2015,Iolani School ,21.28555,-157.82913,21.28441,-157.82800,12,12,NA,Ala Wai Canal,Non-native,Crab Trap,Invertebrate,Scylla serrata,Samoan Crab,1,NA,Returned live to capture location,NA,NA,
9/22/2015,Iolani School ,21.28555,-157.82913,21.28441,-157.82800,12,12,NA,Ala Wai Canal,Non-native,Crab Trap,Vertebrate,Sarotherodon melanotheron,Black Chin Tilapia,7,NA,Removed from study site,NA,NA,
10/6/2015,Iolani School ,21.28555,-157.82913,21.28441,-157.82800,12,12,NA,Ala Wai Canal,Native,Hester Dendy Plates,Invertebrate,Neritina vespertina,Hapawai,1,NA,Returned live to capture location,NA,NA,
11/6/2015,Iolani School ,21.28639,-157.81888,21.28728,-157.81799,18,19,Manoa-Palolo,Kaimuki  High School,Native,Opae / A-Frame Net,Vertebrate,Stenogobius hawaiiensis,Oopu Naniha,3,NA,Returned live to capture location,NA,NA,
11/6/2015,Iolani School ,21.28639,-157.81888,21.28728,-157.81799,18,19,Manoa-Palolo,Kaimuki  High School,Native,Opae / A-Frame Net,Vertebrate,Eleotris sandwicensis,Oopu Akupa,4,NA,Returned live to capture location,NA,NA,
11/6/2015,Iolani School ,21.28639,-157.81888,21.28728,-157.81799,18,19,Manoa-Palolo,Kaimuki  High School,Native,Opae / A-Frame Net,Invertebrate,Macrobrachium grandimanus,Opae Oehaa,3,NA,Returned live to capture location,NA,NA,
11/6/2015,Iolani School ,21.28639,-157.81888,21.28728,-157.81799,18,19,Manoa-Palolo,Kaimuki  High School,Native,Opae / A-Frame Net,Invertebrate,Neritina vespertina,Hapawai,4,NA,Returned live to capture location,NA,NA,
11/6/2015,Iolani School ,21.28639,-157.81888,21.28728,-157.81799,18,19,Manoa-Palolo,Kaimuki  High School,Native,Opae / A-Frame Net,Vertebrate,Kuhlia xenura,Aholehole / Hawaiian Flagtail,2,NA,Returned live to capture location,NA,NA,
11/6/2015,Iolani School ,21.28639,-157.81888,21.28728,-157.81799,18,19,Manoa-Palolo,Kaimuki  High School,Non-native,Opae / A-Frame Net,Vertebrate,Hypostomus watwata,Suckermouth Catfish / Plecostomus,1,NA,Removed from study site,NA,NA,
11/6/2015,Iolani School ,21.28639,-157.81888,21.28728,-157.81799,18,19,Manoa-Palolo,Kaimuki  High School,Non-native,Opae / A-Frame Net,Vertebrate,Ancistrus temminckii,Bristlenose / Bushynose Plecostomus,1,NA,Removed from study site,NA,NA,
11/6/2015,Iolani School ,21.28639,-157.81888,21.28728,-157.81799,18,19,Manoa-Palolo,Kaimuki  High School,Non-native,Opae / A-Frame Net,Vertebrate,Poecilia sphenops,Mexican Molly,4,NA,Removed from study site,NA,NA,
11/6/2015,Iolani School ,21.28639,-157.81888,21.28728,-157.81799,18,19,Manoa-Palolo,Kaimuki  High School,Non-native,Opae / A-Frame Net,Vertebrate,Amatitlania nigrofasciata,Convict Cichlid,1,NA,Removed from study site,NA,NA,
11/6/2015,Iolani School ,21.28639,-157.81888,21.28728,-157.81799,18,19,Manoa-Palolo,Kaimuki  High School,Non-native,Opae / A-Frame Net,Vertebrate,Sarotherodon melanotheron,Black Chin Tilapia,12,NA,Removed from study site,NA,NA,
11/6/2015,Iolani School ,21.28639,-157.81888,21.28728,-157.81799,18,19,Manoa-Palolo,Kaimuki  High School,Non-native,Opae / A-Frame Net,Vertebrate,Gambusia affinis,Mosquitofish,5,NA,Removed from study site,NA,NA,
11/6/2015,Iolani School ,21.28639,-157.81888,21.28728,-157.81799,18,19,Manoa-Palolo,Kaimuki  High School,NA,Opae / A-Frame Net,NA,NA,NA,40,NA,Summary,0.20,NA,
11/6/2015,Iolani School ,21.32792,-157.79959,21.32748,-157.79980,332,335,Manoa,Waiakeakua (USGS Gage),Non-native,Opae / A-Frame Net,Vertebrate,Ancistrus temminckii,Bristlenose / Bushynose Plecostomus,4,NA,Removed from study site,NA,NA,
11/6/2015,Iolani School ,21.32792,-157.79959,21.32748,-157.79980,332,335,Manoa,Waiakeakua (USGS Gage),Non-native,Opae / A-Frame Net,Vertebrate,Xiphophorus helleri,Green Swordtail,1,NA,Removed from study site,NA,NA,
11/6/2015,Iolani School ,21.32792,-157.79959,21.32748,-157.79980,332,335,Manoa,Waiakeakua (USGS Gage),Non-native,Opae / A-Frame Net,Vertebrate,Poecilia reticulata,Rainbow Guppy,19,NA,Removed from study site,NA,NA,
11/6/2015,Iolani School ,21.32792,-157.79959,21.32748,-157.79980,332,335,Manoa,Waiakeakua (USGS Gage),Non-native,Opae / A-Frame Net,Invertebrate,Procambarus clarkii,Swamp Crayfish,1,NA,Removed from study site,NA,NA,
11/6/2015,Iolani School ,21.32792,-157.79959,21.32748,-157.79980,332,335,Manoa,Waiakeakua (USGS Gage),Non-native,Opae / A-Frame Net,Invertebrate,Neocaridina denticulata sinensis,Japanese Swamp Shrimp,5,NA,Removed from study site,NA,NA,
11/6/2015,Iolani School ,21.32792,-157.79959,21.32748,-157.79980,332,335,Manoa,Waiakeakua (USGS Gage),NA,Opae / A-Frame Net,NA,NA,NA,30,NA,Summary,0.10,NA,
12/9/2015,Iolani School ,21.28639,-157.81888,21.28728,-157.81799,18,19,Manoa-Palolo,Kaimuki  High School,Native,Opae / A-Frame Net,Vertebrate,Stenogobius hawaiiensis,Oopu Naniha,2,6 to 7,Returned live to capture location,NA,NA,
12/9/2015,Iolani School ,21.28639,-157.81888,21.28728,-157.81799,18,19,Manoa-Palolo,Kaimuki  High School,Native,Opae / A-Frame Net,Vertebrate,Eleotris sandwicensis,Oopu Akupa,2,8 to 9,Returned live to capture location,NA,NA,
12/9/2015,Iolani School ,21.28639,-157.81888,21.28728,-157.81799,18,19,Manoa-Palolo,Kaimuki  High School,Native,Opae / A-Frame Net,Vertebrate,Awaous stamineus,Oopu Nakea,1,11,Returned live to capture location,NA,NA,
12/9/2015,Iolani School ,21.28639,-157.81888,21.28728,-157.81799,18,19,Manoa-Palolo,Kaimuki  High School,Native,Opae / A-Frame Net,Vertebrate,Macrobrachium grandimanus,Opae Oehaa,1,5,Returned live to capture location,NA,NA,
12/9/2015,Iolani School ,21.28639,-157.81888,21.28728,-157.81799,18,19,Manoa-Palolo,Kaimuki  High School,Native,Opae / A-Frame Net,Invertebrate,Neritina granosa,Hihiwai,1,0.5,Returned live to capture location,NA,NA,
12/9/2015,Iolani School ,21.28639,-157.81888,21.28728,-157.81799,18,19,Manoa-Palolo,Kaimuki  High School,Native,Opae / A-Frame Net,Invertebrate,Neritina vespertina,Hapawai,3,1,Returned live to capture location,NA,NA,
12/9/2015,Iolani School ,21.28639,-157.81888,21.28728,-157.81799,18,19,Manoa-Palolo,Kaimuki  High School,Native,Opae / A-Frame Net,Vertebrate,Kuhlia xenura,Aholehole / Hawaiian Flagtail,2,3 to 4,Returned live to capture location,NA,NA,
12/9/2015,Iolani School ,21.28639,-157.81888,21.28728,-157.81799,18,19,Manoa-Palolo,Kaimuki  High School,Non-native,Opae / A-Frame Net,Vertebrate,Hypostomus watwata,Suckermouth Catfish / Plecostomus,32,6 to 25,Removed from study site,NA,NA,
12/9/2015,Iolani School ,21.28639,-157.81888,21.28728,-157.81799,18,19,Manoa-Palolo,Kaimuki  High School,Non-native,Opae / A-Frame Net,Vertebrate,Ancistrus temminckii,Bristlenose / Bushynose Plecostomus,6,4 to 8,Removed from study site,NA,NA,
12/9/2015,Iolani School ,21.28639,-157.81888,21.28728,-157.81799,18,19,Manoa-Palolo,Kaimuki  High School,Non-native,Opae / A-Frame Net,Vertebrate,Poecilia sphenops,Mexican Molly,4,2 to 6,Removed from study site,NA,NA,
12/9/2015,Iolani School ,21.28639,-157.81888,21.28728,-157.81799,18,19,Manoa-Palolo,Kaimuki  High School,Non-native,Opae / A-Frame Net,Vertebrate,Gambusia affinis,Mosquitofish,1,4,Removed from study site,NA,NA,
12/9/2015,Iolani School ,21.28639,-157.81888,21.28728,-157.81799,18,19,Manoa-Palolo,Kaimuki  High School,Non-native,Opae / A-Frame Net,Vertebrate,Andinoacara rivulatus,Green Terror Cichlid,1,11,Removed from study site,NA,NA,
12/9/2015,Iolani School ,21.28639,-157.81888,21.28728,-157.81799,18,19,Manoa-Palolo,Kaimuki  High School,Non-native,Opae / A-Frame Net,Vertebrate,Corydoras aeneus,Bronze Catfish,2,4 to 5,Removed from study site,NA,NA,
12/9/2015,Iolani School ,21.28639,-157.81888,21.28728,-157.81799,18,19,Manoa-Palolo,Kaimuki  High School,Non-native,Opae / A-Frame Net,Invertebrate,Procambarus clarkii,Swamp Crayfish,2,5 to 6,Removed from study site,NA,NA,
12/9/2015,Iolani School ,21.28639,-157.81888,21.28728,-157.81799,18,19,Manoa-Palolo,Kaimuki  High School,Non-native,Hand net,Invertebrate,Corbicula fluminea,Asiatic Clam,2,1 to 2,Removed from study site,NA,NA,
12/9/2015,Iolani School ,21.28639,-157.81888,21.28728,-157.81799,18,19,Manoa-Palolo,Kaimuki  High School,NA,Opae / A-Frame Net,NA,NA,NA,62,NA,Summary,2.70,NA,
1/6/2016,Hawaii Nature  Center,21.31774,-157.82713,21.31819,-157.82698,380,410,Makiki,Kanealole,Non-Native,Paepae,Vertebrate,Poecilia reticulata,Guppy / Rainbow fish,10,1 to 2,Removed from study site,NA,NA,
1/6/2016,Hawaii Nature  Center,21.31774,-157.82713,21.31819,-157.82698,380,410,Makiki,Kanealole,Non-Native,Paepae,Vertebrate,Ancistrus temminckii,Bristlenose / Bushynose Plecostomus,3,4 to 6,Removed from study site,NA,NA,
1/6/2016,Hawaii Nature  Center,21.31774,-157.82713,21.31819,-157.82698,380,410,Makiki,Kanealole,Non-Native,Paepae,Invertebrate,Melanoides tuberculata,Malaysian Trumpet Snail,2,2,Removed from study site,NA,NA,
1/6/2016,Hawaii Nature  Center,21.31774,-157.82713,21.31819,-157.82698,380,410,Makiki,Kanealole,Non-Native,Paepae,Invertebrate,Neocaridina denticulata sinensis,Japanese Swamp Shrimp,471,1 to 2,Removed from study site,NA,NA,
1/6/2016,Hawaii Nature  Center,21.31774,-157.82713,21.31819,-157.82698,380,410,Makiki,Kanealole,Non-Native,Paepae,Invertebrate,Macrobrachium lar,Tahitian Prawn,4,9 to 12,Removed from study site,NA,NA,
1/6/2016,Hawaii Nature  Center,21.31774,-157.82713,21.31819,-157.82698,380,410,Makiki,Kanealole,NA,paepae,TOTAL NATIVES,0,TOTAL NON-NATIVES,490,NA,SUMMARY,0.20,27.27,
1/27/2016,Iolani School,21.29038,-157.81503,21.29086,-157.81474,35,40,Manoa-Palolo,Manoa-Palolo Confluence,Native,Opae / A-Frame Net,Vertebrate,Awaous stamineus,Oopu Nakea,2,10 to 11,Returned live to capture location,NA,NA,
1/27/2016,Iolani School,21.29038,-157.81503,21.29086,-157.81474,35,40,Manoa-Palolo,Manoa-Palolo Confluence,Native,Opae / A-Frame Net,Vertebrate,Stenogobius hawaiiensis,Oopu Naniha,1,6,Returned live to capture location,NA,NA,
1/27/2016,Iolani School,21.29038,-157.81503,21.29086,-157.81474,35,40,Manoa-Palolo,Manoa-Palolo Confluence,Non-native,Opae / A-Frame Net,Vertebrate,Ancistrus temminckii,Bristlenose / Bushynose Plecostomus,2,5 to 6,Removed from study site,NA,NA,
1/27/2016,Iolani School,21.29038,-157.81503,21.29086,-157.81474,35,40,Manoa-Palolo,Manoa-Palolo Confluence,Non-native,Opae / A-Frame Net,Invertebrate,Corbicula fluminea,Asiatic Clam,1,1,Removed from study site,NA,NA,
1/27/2016,Iolani School,21.29038,-157.81503,21.29086,-157.81474,35,40,Manoa-Palolo,Manoa-Palolo Confluence,Non-native,Opae / A-Frame Net,Invertebrate,Melanoides tuberculata,Malaysian Trumpet Snail,1,2,Removed from study site,NA,NA,
1/27/2016,Iolani School,21.29038,-157.81503,21.29086,-157.81474,35,40,Manoa-Palolo,Manoa-Palolo Confluence,Non-native,Opae / A-Frame Net,Invertebrate,Procambarus clarkii,Swamp Crayfish,1,5,Removed from study site,NA,NA,
1/27/2016,Iolani School,21.29038,-157.81503,21.29086,-157.81474,35,40,Manoa-Palolo,Manoa-Palolo Confluence,NA,Opae / A-Frame Net,TOTAL NATIVES,3,TOTAL NON-NATIVES,5,NA,SUMMARY,NA,NA,
1/27/2016,Iolani School,21.28639,-157.81888,21.28728,-157.81799,18,19,Manoa-Palolo,Kaimuki  High School,Non-native,Opae / A-Frame Net,Vertebrate,Gambusia affinis,Mosquitofish,2,4 to 5,Removed from study site,NA,NA,
1/27/2016,Iolani School,21.28639,-157.81888,21.28728,-157.81799,18,19,Manoa-Palolo,Kaimuki  High School,Non-native,Opae / A-Frame Net,Vertebrate,Poecilia sphenops,Mexican Molly,4,4 to 6,Removed from study site,NA,NA,
1/27/2016,Iolani School,21.28639,-157.81888,21.28728,-157.81799,18,19,Manoa-Palolo,Kaimuki  High School,Non-native,Opae / A-Frame Net,Vertebrate,Sarotherodon melanotheron,Black Chin Tilapia,1,4,Removed from study site,NA,NA,
1/27/2016,Iolani School,21.28639,-157.81888,21.28728,-157.81799,18,19,Manoa-Palolo,Kaimuki  High School,Non-native,Opae / A-Frame Net,Vertebrate,Hypostomus watwata,Suckermouth Catfish / Plecostomus,85,7 to 25,Removed from study site,NA,NA,
1/27/2016,Iolani School,21.28639,-157.81888,21.28728,-157.81799,18,19,Manoa-Palolo,Kaimuki  High School,Native,Opae / A-Frame Net,Vertebrate,Kuhlia xenura,Aholehole / Hawaiian Flagtail,17,4 to 11,Returned live to capture location,NA,NA,
1/27/2016,Iolani School,21.28639,-157.81888,21.28728,-157.81799,18,19,Manoa-Palolo,Kaimuki  High School,Native,Opae / A-Frame Net,Vertebrate,Stenogobius hawaiiensis,Oopu Naniha,1,6,Returned live to capture location,NA,NA,
1/27/2016,Iolani School,21.28639,-157.81888,21.28728,-157.81799,18,19,Manoa-Palolo,Kaimuki  High School,Native,Opae / A-Frame Net,Vertebrate,Eleotris sandwicensis,Oopu Akupa,2,7 to 8,Returned live to capture location,NA,NA,
1/27/2016,Iolani School,21.28639,-157.81888,21.28728,-157.81799,18,19,Manoa-Palolo,Kaimuki  High School,Native,Opae / A-Frame Net,Invertebrate,Macrobrachium grandimanus,Opae Oehaa,2,4 to 5,Returned live to capture location,NA,NA,
1/27/2016,Iolani School,21.28639,-157.81888,21.28728,-157.81799,18,19,Manoa-Palolo,Kaimuki  High School,Native,Opae / A-Frame Net,Invertebrate,Neritina vespertina,Hapawai,2,1,Returned live to capture location,NA,NA,
1/27/2016,Iolani School,21.28639,-157.81888,21.28728,-157.81799,18,19,Manoa-Palolo,Kaimuki  High School,NA,Opae / A-Frame Net,TOTAL NATIVES,24,TOTAL NON-NATIVES,92,NA,SUMMARY,11.60,NA,
2/3/2016,Kaimuki  High School,21.28639,-157.81888,21.28728,-157.81799,18,19,Manoa-Palolo,Kaimuki  High School,Non-native,paepae,Vertebrate,Hypostomus watwata,Suckermouth Catfish / Plecostomus,296,8 to 24,Removed from study site,NA,NA,
2/3/2016,Kaimuki  High School,21.28639,-157.81888,21.28728,-157.81799,18,19,Manoa-Palolo,Kaimuki  High School,Non-native,paepae,Vertebrate,Poecilia sphenops,Mexican Molly,2,3 to 4,Removed from study site,NA,NA,
2/3/2016,Kaimuki  High School,21.28639,-157.81888,21.28728,-157.81799,18,19,Manoa-Palolo,Kaimuki  High School,Non-native,paepae,Vertebrate,Sarotherodon melanotheron,Black Chin Tilapia,3,2 to 6,Removed from study site,NA,NA,
2/3/2016,Kaimuki  High School,21.28639,-157.81888,21.28728,-157.81799,18,19,Manoa-Palolo,Kaimuki  High School,Native,paepae,Vertebrate,Kuhlia xenura,Aholehole / Hawaiian Flagtail,3,3 to 5,Returned live to capture location,NA,NA,
2/3/2016,Kaimuki  High School,21.28639,-157.81888,21.28728,-157.81799,18,19,Manoa-Palolo,Kaimuki  High School,Native,paepae,Vertebrate,Mugil cephalus,Amaama / Striped Mullet,1,4,Returned live to capture location,NA,NA,
2/3/2016,Kaimuki  High School,21.28639,-157.81888,21.28728,-157.81799,18,19,Manoa-Palolo,Kaimuki  High School,Non-native,paepae,Vertebrate,Amatitlania nigrofasciata,Convict Cichlid,1,6,Removed from study site,NA,NA,
2/3/2016,Kaimuki  High School,21.28639,-157.81888,21.28728,-157.81799,18,19,Manoa-Palolo,Kaimuki  High School,NA,paepae,TOTAL NATIVES,4,TOTAL NON-NATIVES,302,NA,SUMMARY,40.50,30.91,
2/12/2016,Seeqs,21.29271,-157.81340,21.29330,-157.81248,45,48,Manoa,KanewaiField,Non-native,paepae,Vertebrate,Hypostomus watwata,Suckermouth Catfish / Plecostomus,5,7 to 12,Removed from study site,NA,NA,
2/12/2016,Seeqs,21.29271,-157.81340,21.29330,-157.81248,45,48,Manoa,KanewaiField,Non-native,paepae,Vertebrate,Ancistrus temminckii,Bristlenose / Bushynose Plecostomus,11,4 to 7,Removed from study site,NA,NA,
2/12/2016,Seeqs,21.29271,-157.81340,21.29330,-157.81248,45,48,Manoa,KanewaiField,Non-native,paepae,Vertebrate,Poecilia sphenops,Mexican Molly,2,2 to 3,Removed from study site,NA,NA,
2/12/2016,Seeqs,21.29271,-157.81340,21.29330,-157.81248,45,48,Manoa,KanewaiField,NA,paepae,TOTAL NATIVES,0,TOTAL NON-NATIVES,18,NA,SUMMARY,0.10,27.27,
2/17/2016,Iolani School,21.28639,-157.81888,21.28728,-157.81799,18,19,Manoa-Palolo,Kaimuki  High School,Non-native,paepae,Vertebrate,Hypostomus watwata,Suckermouth Catfish / Plecostomus,204,8 to 25,Removed from study site,NA,NA,
2/17/2016,Iolani School,21.28639,-157.81888,21.28728,-157.81799,18,19,Manoa-Palolo,Kaimuki  High School,Native,paepae,Vertebrate,Kuhlia xenura,Aholehole / Hawaiian Flagtail,3,3 to 4,Returned live to capture location,NA,NA,
2/17/2016,Iolani School,21.28639,-157.81888,21.28728,-157.81799,18,19,Manoa-Palolo,Kaimuki  High School,Non-native,paepae,Vertebrate,Poecilia sphenops,Mexican Molly,2,3 to 4,Removed from study site,NA,NA,
2/17/2016,Iolani School,21.28639,-157.81888,21.28728,-157.81799,18,19,Manoa-Palolo,Kaimuki  High School,Native,paepae,Vertebrate,Caranx sexfasciatus,Menpachi Papio,1,8,Removed from study site,NA,NA,
2/17/2016,Iolani School,21.28639,-157.81888,21.28728,-157.81799,18,19,Manoa-Palolo,Kaimuki  High School,Native,paepae,Vertebrate,Mugil cephalus,Amaama / Striped Mullet,1,5,Returned live to capture location,NA,NA,
2/17/2016,Iolani School,21.28639,-157.81888,21.28728,-157.81799,18,19,Manoa-Palolo,Kaimuki  High School,Non-native,paepae,Vertebrate,Sarotherodon melanotheron,Black Chin Tilapia,26,2 to 6,Removed from study site,NA,NA,
2/17/2016,Iolani School,21.28639,-157.81888,21.28728,-157.81799,18,19,Manoa-Palolo,Kaimuki  High School,NA,paepae,TOTAL NATIVES,5,TOTAL NON-NATIVES,232,NA,SUMMARY,27.90,38.20,
2/17/2016,Iolani School,21.32792,-157.79959,21.32748,-157.79980,332,335,Manoa,Waiakeakua (USGS Gage),Non-native,paepae,Vertebrate,Poecilia reticulata,Rainbow Guppy,51,1 to 3,Removed from study site,NA,NA,
2/17/2016,Iolani School,21.32792,-157.79959,21.32748,-157.79980,332,335,Manoa,Waiakeakua (USGS Gage),Non-native,paepae,Vertebrate,Ancistrus temminckii,Bristlenose / Bushynose Plecostomus,13,2 to 4,Removed from study site,NA,NA,
2/17/2016,Iolani School,21.32792,-157.79959,21.32748,-157.79980,332,335,Manoa,Waiakeakua (USGS Gage),Non-native,paepae,Invertebrate,Neocaridina denticulata sinensis,Japanese Swamp Shrimp,10,1 to 2,Removed from study site,NA,NA,
2/17/2016,Iolani School,21.32792,-157.79959,21.32748,-157.79980,332,335,Manoa,Waiakeakua (USGS Gage),Non-native,paepae,Vertebrate,Xiphophorus helleri,Green Swordtail,1,4,Removed from study site,NA,NA,
2/17/2016,Iolani School,21.32792,-157.79959,21.32748,-157.79980,332,335,Manoa,Waiakeakua (USGS Gage),NA,paepae,TOTAL NATIVES,0,TOTAL NON-NATIVES,75,NA,SUMMARY,0.01,27.27,
3/1/2016,UHOceanography,21.28831,-157.80899,21.28798,-157.80803,94,98,Palolo,Chaminade,Non-native,paepae,Vertebrate,Amatitlania nigrofasciata,Convict Cichlid,38,2 to 5,Removed from study site,NA,NA,
3/1/2016,UHOceanography,21.28831,-157.80899,21.28798,-157.80803,94,98,Palolo,Chaminade,Non-native,paepae,Vertebrate,Ancistrus temminckii,Bristlenose / Bushynose Plecostomus,38,2 to 4,Removed from study site,NA,NA,
3/1/2016,UHOceanography,21.28831,-157.80899,21.28798,-157.80803,94,98,Palolo,Chaminade,Non-native,paepae,Vertebrate,Hypostomus watwata,Suckermouth Catfish / Plecostomus,1,14,Removed from study site,NA,NA,
3/1/2016,UHOceanography,21.28831,-157.80899,21.28798,-157.80803,94,98,Palolo,Chaminade,Non-native,paepae,Vertebrate,Poecilia sphenops,Mexican Molly,150,2 to 4,Removed from study site,NA,NA,
3/1/2016,UHOceanography,21.28831,-157.80899,21.28798,-157.80803,94,98,Palolo,Chaminade,Non-native,paepae,Vertebrate,Poecilia reticulata,Rainbow Guppy,270,1 to 2,Removed from study site,NA,NA,
3/1/2016,UHOceanography,21.28831,-157.80899,21.28798,-157.80803,94,98,Palolo,Chaminade,NA,paepae,TOTAL NATIVES,0,TOTAL NON-NATIVES,497,NA,SUMMARY,0.40,27.27,
3/3/2016,Pauoa Elementary,21.31790,-157.84389,21.31827,-157.84309,149,153,Pauoa,Pauoa Elementary,Non-native,paepae,Vertebrate,Poecilia sphenops,Mexican Molly,14,2 to 4,Removed from study site,NA,NA,
3/3/2016,Pauoa Elementary,21.31790,-157.84389,21.31827,-157.84309,149,153,Pauoa,Pauoa Elementary,Non-native,paepae,Vertebrate,Amatitlania nigrofasciata,Convict Cichlid,2,4 to 5,Removed from study site,NA,NA,
3/3/2016,Pauoa Elementary,21.31790,-157.84389,21.31827,-157.84309,149,153,Pauoa,Pauoa Elementary,Non-native,paepae,Vertebrate,Ancistrus temminckii,Bristlenose / Bushynose Plecostomus,31,4 to 6,Removed from study site,NA,NA,
3/3/2016,Pauoa Elementary,21.31790,-157.84389,21.31827,-157.84309,149,153,Pauoa,Pauoa Elementary,Non-native,paepae,Vertebrate,Poecilia reticulata,Rainbow Guppy,16,2 to 5,Removed from study site,NA,NA,
3/3/2016,Pauoa Elementary,21.31790,-157.84389,21.31827,-157.84309,149,153,Pauoa,Pauoa Elementary,Non-native,paepae,Vertebrate,Bufo marinus,Cane Toad (Tadpoles),45,2,Removed from study site,NA,NA,
3/3/2016,Pauoa Elementary,21.31790,-157.84389,21.31827,-157.84309,149,153,Pauoa,Pauoa Elementary,Non-native,paepae,Vertebrate,Pelodiscus sinensis,Softshell Turtle,1,7,Removed from study site,NA,NA,
3/3/2016,Pauoa Elementary,21.31790,-157.84389,21.31827,-157.84309,149,153,Pauoa,Pauoa Elementary,Non-native,paepae,Invertebrate,Neocaridina denticulata sinensis,Japanese Swamp Shrimp,5,2 to 3,Removed from study site,NA,NA,
3/3/2016,Pauoa Elementary,21.31790,-157.84389,21.31827,-157.84309,149,153,Pauoa,Pauoa Elementary,Non-native,paepae,Invertebrate,Procambarus clarkii,Swamp Crayfish,3,4 to 7,Removed from study site,NA,NA,
3/3/2016,Pauoa Elementary,21.31790,-157.84389,21.31827,-157.84309,149,153,Pauoa,Pauoa Elementary,NA,paepae,TOTAL NATIVES,0,TOTAL NON-NATIVES,117,NA,SUMMARY,0.20,27.27,
3/31/2016,Mid-Pacific Institute,21.31161,-157.80812,21.31353,-157.80647,175,179,Manoa,Manoa Valley District Park,Non-native,paepae,Vertebrate,Hypostomus watwata,Suckermouth Catfish / Plecostomus,19,3 to 25,Removed from study site,NA,NA,
3/31/2016,Mid-Pacific Institute,21.31161,-157.80812,21.31353,-157.80647,175,179,Manoa,Manoa Valley District Park,Non-native,paepae,Vertebrate,Ancistrus temminckii,Bristlenose / Bushynose Plecostomus,8,5 to 8,Removed from study site,NA,NA,
3/31/2016,Mid-Pacific Institute,21.31161,-157.80812,21.31353,-157.80647,175,179,Manoa,Manoa Valley District Park,Non-native,paepae,Vertebrate,Micropterus dolomieu,Smallmouth Bass,1,10,Removed from study site,NA,NA,
3/31/2016,Mid-Pacific Institute,21.31161,-157.80812,21.31353,-157.80647,175,179,Manoa,Manoa Valley District Park,Non-native,paepae,Vertebrate,Gambusia affinis,Mosquitofish,1,4,Removed from study site,NA,NA,
3/31/2016,Mid-Pacific Institute,21.31161,-157.80812,21.31353,-157.80647,175,179,Manoa,Manoa Valley District Park,Non-native,paepae,Invertebrate,Procambarus clarkii,Swamp Crayfish,4,6 to 7,Removed from study site,NA,NA,
3/31/2016,Mid-Pacific Institute,21.31161,-157.80812,21.31353,-157.80647,175,179,Manoa,Manoa Valley District Park,NA,paepae,TOTAL NATIVES,0,TOTAL NON-NATIVES,33,NA,SUMMARY,6.00,27.27,
4/4/2016,Punahou School,21.30973,-157.80943,21.31090,-157.80879,168,172,Manoa,Manoa Marketplace,Non-native,paepae,Vertebrate,Poecilia sphenops,Mexican Molly,16,2 to 6,Removed from study site,NA,NA,
4/4/2016,Punahou School,21.30973,-157.80943,21.31090,-157.80879,168,172,Manoa,Manoa Marketplace,Non-native,paepae,Vertebrate,Hypostomus watwata,Suckermouth Catfish / Plecostomus,51,3 to 26,Removed from study site,NA,NA,
4/4/2016,Punahou School,21.30973,-157.80943,21.31090,-157.80879,168,172,Manoa,Manoa Marketplace,Non-native,paepae,Vertebrate,Poecilia reticulata,Rainbow Guppy,1,3,Removed from study site,NA,NA,
4/4/2016,Punahou School,21.30973,-157.80943,21.31090,-157.80879,168,172,Manoa,Manoa Marketplace,Non-native,paepae,Invertebrate,Procambarus clarkii,Swamp Crayfish,2,4 to 7,Removed from study site,NA,NA,
4/4/2016,Punahou School,21.30973,-157.80943,21.31090,-157.80879,168,172,Manoa,Manoa Marketplace,NA,paepae,TOTAL NATIVES,0,TOTAL NON-NATIVES,70,NA,SUMMARY,2.30,27.27,
6/8/2016,University of Hawaii at Manoa -STEMS2,21.28639,-157.81888,21.28728,-157.81799,18,19,Manoa-Palolo,Kaimuki  High School,Non-native,paepae,Vertebrate,Hypostomus watwata,Suckermouth Catfish / Plecostomus,26,14 to 25,Removed from study site,NA,NA,
6/8/2016,University of Hawaii at Manoa -STEMS2,21.28639,-157.81888,21.28728,-157.81799,18,19,Manoa-Palolo,Kaimuki  High School,Native,paepae,Vertebrate,Stenogobius hawaiiensis,Oopu Naniha,1,6.5,Returned live to capture location,NA,NA,
6/8/2016,University of Hawaii at Manoa -STEMS2,21.28639,-157.81888,21.28728,-157.81799,18,19,Manoa-Palolo,Kaimuki  High School,Non-native,paepae,Vertebrate,Sarotherodon melanotheron,Black Chin Tilapia,2,6 and 9,Removed from study site,NA,NA,
6/22/2016,Queen Liliuokalani Children's Center,21.28639,-157.81888,21.28728,-157.81799,18,19,Manoa-Palolo,Kaimuki  High School,Non-native,paepae,Vertebrate,Hypostomus watwata,Suckermouth Catfish / Plecostomus,230,12 to 27,Removed from study site,NA,NA,
6/22/2016,Queen Liliuokalani Children's Center,21.28639,-157.81888,21.28728,-157.81799,18,19,Manoa-Palolo,Kaimuki  High School,Non-native,paepae,Vertebrate,Ancistrus temminckii,Bristlenose / Bushynose Plecostomus,1,4 to 7,Removed from study site,NA,NA,
6/22/2016,Queen Liliuokalani Children's Center,21.28639,-157.81888,21.28728,-157.81799,18,19,Manoa-Palolo,Kaimuki  High School,Non-native,paepae,Vertebrate,Sarotherodon melanotheron,Black Chin Tilapia,3,2 to 9,Removed from study site,NA,NA,
6/22/2016,Queen Liliuokalani Children's Center,21.28639,-157.81888,21.28728,-157.81799,18,19,Manoa-Palolo,Kaimuki  High School,Non-native,paepae,Vertebrate,Kuhlia xenura,Aholehole / Hawaiian Flagtail,9,3 to 12,Returned live to capture location,NA,NA,
6/22/2016,Queen Liliuokalani Children's Center,21.28639,-157.81888,21.28728,-157.81799,18,19,Manoa-Palolo,Kaimuki  High School,NA,paepae,TOTAL NATIVES,10,TOTAL NON-NATIVES,262,NA,SUMMARY,36.60,30.90,
6/23/2016,Washington Middle School,21.31284,-157.82912,21.31402,-157.82866,250,272,Makiki,Halau Ku Mana,Non-native,paepae,Vertebrate,Poecilia reticulata,Rainbow Guppy,141,1.5 to 3,Removed from study site,NA,NA,
6/23/2016,Washington Middle School,21.31284,-157.82912,21.31402,-157.82866,250,272,Makiki,Halau Ku Mana,Non-native,paepae,Vertebrate,Xiphophorus helleri,Green Swordtail,31,2 to 4,Removed from study site,NA,NA,
6/23/2016,Washington Middle School,21.31284,-157.82912,21.31402,-157.82866,250,272,Makiki,Halau Ku Mana,Non-native,paepae,Vertebrate,Ancistrus temminckii,Bristlenose / Bushynose Plecostomus,7,2 to 5,Removed from study site,NA,NA,
6/23/2016,Washington Middle School,21.31284,-157.82912,21.31402,-157.82866,250,272,Makiki,Halau Ku Mana,Non-native,paepae,Invertebrate,Neocaridina denticulata sinensis,Japanese Swamp Shrimp,123,1.5 to 2,Removed from study site,NA,NA,
6/23/2016,Washington Middle School,21.31284,-157.82912,21.31402,-157.82866,250,272,Makiki,Halau Ku Mana,Non-native,paepae,Invertebrate,Melanoides tuberculata,Malaysian Trumpet Snail,8,1 to 2,Removed from study site,NA,NA,
6/23/2016,Washington Middle School,21.31284,-157.82912,21.31402,-157.82866,250,272,Makiki,Halau Ku Mana,Non-native,paepae,Invertebrate,Corbicula fluminea,Asiatic Clam,14,1.5,Removed from study site,NA,NA,
6/23/2016,Washington Middle School,21.31284,-157.82912,21.31402,-157.82866,250,272,Makiki,Halau Ku Mana,Native,paepae,Vertebrate,Awaous stamineus,Oopu Nakea,1,15,Returned live to capture location,NA,NA,
6/23/2016,Washington Middle School,21.31284,-157.82912,21.31402,-157.82866,250,272,Makiki,Halau Ku Mana,NA,paepae,TOTAL NATIVES,1,TOTAL NON-NATIVES,324,NA,SUMMARY,0.10,38.20,
6/24/2016,University Laboratory School,21.29271,-157.81340,21.29330,-157.81248,45,48,Manoa,KanewaiField,Non-native,paepae,Vertebrate,Micropterus dolomieu,Smallmouth Bass,1,5,Removed from study site,NA,NA,
6/24/2016,University Laboratory School,21.29271,-157.81340,21.29330,-157.81248,45,48,Manoa,KanewaiField,Non-native,paepae,Vertebrate,Carassius auratus,Goldfish,1,18,Removed from study site,NA,NA,
6/24/2016,University Laboratory School,21.29271,-157.81340,21.29330,-157.81248,45,48,Manoa,KanewaiField,Non-native,paepae,Vertebrate,Hypostomus watwata,Suckermouth Catfish / Plecostomus,9,6 to 13.5,Removed from study site,NA,NA,
6/24/2016,University Laboratory School,21.29271,-157.81340,21.29330,-157.81248,45,48,Manoa,KanewaiField,Non-native,paepae,Vertebrate,Ancistrus temminckii,Bristlenose / Bushynose Plecostomus,28,3 to 7,Removed from study site,NA,NA,
6/24/2016,University Laboratory School,21.29271,-157.81340,21.29330,-157.81248,45,48,Manoa,KanewaiField,Non-native,paepae,Vertebrate,Corydoras aeneus,Bronze Catfish,1,4,Removed from study site,NA,NA,
6/24/2016,University Laboratory School,21.29271,-157.81340,21.29330,-157.81248,45,48,Manoa,KanewaiField,Non-native,paepae,Vertebrate,Poecilia sphenops,Mexican Molly,3,3 to 4,Removed from study site,NA,NA,
6/24/2016,University Laboratory School,21.29271,-157.81340,21.29330,-157.81248,45,48,Manoa,KanewaiField,Non-native,paepae,Invertebrate,Procambarus clarkii,Swamp Crayfish,1,3,Removed from study site,NA,NA,
6/24/2016,University Laboratory School,21.29271,-157.81340,21.29330,-157.81248,45,48,Manoa,KanewaiField,NA,paepae,TOTAL NATIVES,0,TOTAL NON-NATIVES,44,NA,SUMMARY,0.60,27.30,
7/3/2016,University of Hawaii at Manoa -STEMS2,21.31790,-157.84389,21.31827,-157.84309,149,153,Pauoa,Pauoa Elementary,Non-native,paepae,Vertebrate,Poecilia sphenops,Mexican Molly,40,2 to 5,Removed from study site,NA,NA,
7/3/2016,University of Hawaii at Manoa -STEMS2,21.31790,-157.84389,21.31827,-157.84309,149,153,Pauoa,Pauoa Elementary,Non-native,paepae,Vertebrate,Amatitlania nigrofasciata,Convict Cichlid,3,5 to 6,Removed from study site,NA,NA,
7/3/2016,University of Hawaii at Manoa -STEMS2,21.31790,-157.84389,21.31827,-157.84309,149,153,Pauoa,Pauoa Elementary,Non-native,paepae,Vertebrate,Ancistrus temminckii,Bristlenose / Bushynose Plecostomus,5,3 to 5,Removed from study site,NA,NA,
7/3/2016,University of Hawaii at Manoa -STEMS2,21.31790,-157.84389,21.31827,-157.84309,149,153,Pauoa,Pauoa Elementary,Non-native,paepae,Vertebrate,Poecilia reticulata,Rainbow Guppy,23,2 to 3,Removed from study site,NA,NA,
7/3/2016,University of Hawaii at Manoa -STEMS2,21.31790,-157.84389,21.31827,-157.84309,149,153,Pauoa,Pauoa Elementary,Non-native,paepae,Vertebrate,Bufo marinus,Cane Toad (tadpoles),21,1.5 to 2,Removed from study site,NA,NA,
7/3/2016,University of Hawaii at Manoa -STEMS2,21.31790,-157.84389,21.31827,-157.84309,149,153,Pauoa,Pauoa Elementary,Non-native,paepae,Invertebrate,Neocaridina denticulata sinensis,Japanese Swamp Shrimp,4,1.5 to 2,Removed from study site,NA,NA,
7/3/2016,University of Hawaii at Manoa -STEMS2,21.31790,-157.84389,21.31827,-157.84309,149,153,Pauoa,Pauoa Elementary,Non-native,paepae,Invertebrate,Procambarus clarkii,Swamp Crayfish,3,4 to 5,Removed from study site,NA,NA,
7/3/2016,University of Hawaii at Manoa -STEMS2,21.31790,-157.84389,21.31827,-157.84309,149,153,Pauoa,Pauoa Elementary,Non-native,paepae,Invertebrate,Melanoides tuberculata,Malaysian Trumpet Snail,4,1.5,Removed from study site,NA,NA,
7/3/2016,University of Hawaii at Manoa -STEMS2,21.31790,-157.84389,21.31827,-157.84309,149,153,Pauoa,Pauoa Elementary,Native,paepae,Vertebrate,Awaous stamineus,Oopu Nakea,1,3.5,Returned live to capture location,NA,NA,
7/3/2016,University of Hawaii at Manoa -STEMS2,21.31790,-157.84389,21.31827,-157.84309,149,153,Pauoa,Pauoa Elementary,NA,paepae,TOTAL NATIVES,1,TOTAL NON-NATIVES,103,NA,SUMMARY,0.10,30.90,
7/7/2016,University Laboratory School,21.30973,-157.80943,21.31090,-157.80879,168,172,Manoa,Manoa Marketplace,Non-native,paepae,Vertebrate,Micropterus dolomieu,Smallmouth Bass,1,5.5,Removed from study site,NA,NA,
7/7/2016,University Laboratory School,21.30973,-157.80943,21.31090,-157.80879,168,172,Manoa,Manoa Marketplace,Non-native,paepae,Vertebrate,Poecilia sphenops,Mexican Molly,45,3 to 6,Removed from study site,NA,NA,
7/7/2016,University Laboratory School,21.30973,-157.80943,21.31090,-157.80879,168,172,Manoa,Manoa Marketplace,Non-native,paepae,Vertebrate,Hypostomus watwata,Suckermouth Catfish / Plecostomus,56,4 to 19,Removed from study site,NA,NA,
7/7/2016,University Laboratory School,21.30973,-157.80943,21.31090,-157.80879,168,172,Manoa,Manoa Marketplace,Non-native,paepae,Vertebrate,Ancistrus temminckii,Bristlenose / Bushynose Plecostomus,31,3 to 7,Removed from study site,NA,NA,
7/7/2016,University Laboratory School,21.30973,-157.80943,21.31090,-157.80879,168,172,Manoa,Manoa Marketplace,NA,paepae,TOTAL NATIVES,0,TOTAL NON-NATIVES,133,NA,SUMMARY,1.80,27.30,
9/8/2016,Pacific Buddhist Academy,21.34613,-157.82065,21.34681,-157.82028,790,796,Nuuanu,Judd Trailhead,Non-native,paepae,Invertebrate,Melanoides tuberculata,Malaysian Trumpet Snail,1,2,Removed from study site,NA,NA,
9/8/2016,Pacific Buddhist Academy,21.34613,-157.82065,21.34681,-157.82028,790,796,Nuuanu,Judd Trailhead,Non-native,paepae,Invertebrate,Neocaridina denticulata sinensis,Japanese Swamp Shrimp,24,1.5 to 2,Removed from study site,NA,NA,
9/8/2016,Pacific Buddhist Academy,21.34613,-157.82065,21.34681,-157.82028,790,796,Nuuanu,Judd Trailhead,Non-native,paepae,Invertebrate,Procambarus clarkii,Swamp Crayfish,21,2 to 6,Removed from study site,NA,NA,
9/8/2016,Pacific Buddhist Academy,21.34613,-157.82065,21.34681,-157.82028,790,796,Nuuanu,Judd Trailhead,Non-native,paepae,Vertebrate,Ancistrus temminckii,Bristlenose / Bushynose Plecostomus,4,3 to 5,Removed from study site,NA,NA,
9/8/2016,Pacific Buddhist Academy,21.34613,-157.82065,21.34681,-157.82028,790,796,Nuuanu,Judd Trailhead,Non-native,paepae,Vertebrate,Poecilia reticulata,Rainbow Guppy,29,1.5 to 3,Removed from study site,NA,NA,
9/8/2016,Pacific Buddhist Academy,21.34613,-157.82065,21.34681,-157.82028,790,796,Nuuanu,Judd Trailhead,Non-native,paepae,Vertebrate,Xiphophorus helleri,Green Swordtail,1,4,Removed from study site,NA,NA,
9/8/2016,Pacific Buddhist Academy,21.34613,-157.82065,21.34681,-157.82028,790,796,Nuuanu,Judd Trailhead,Non-native,paepae,Vertebrate,Gambusia affinis,Mosquitofish,1,4,Removed from study site,NA,NA,
9/8/2016,Pacific Buddhist Academy,21.34613,-157.82065,21.34681,-157.82028,790,796,Nuuanu,Judd Trailhead,Native,paepae,Vertebrate,Awaous stamineus,Oopu Nakea,1,4,Returned live to capture location,NA,NA,
9/8/2016,Pacific Buddhist Academy,21.34613,-157.82065,21.34681,-157.82028,790,796,Nuuanu,Judd Trailhead,NA,paepae,TOTAL NATIVES,1,TOTAL NON-NATIVES,81,NA,SUMMARY,0.01,30.90,
10/11/2016,Punahou School,21.30973,-157.80943,21.31090,-157.80879,168,172,Manoa,Manoa Marketplace,Non-native,paepae,Vertebrate,Poecilia sphenops,Mexican Molly,22,2 to 5,Removed from study site,NA,NA,
10/11/2016,Punahou School,21.30973,-157.80943,21.31090,-157.80879,168,172,Manoa,Manoa Marketplace,Non-native,paepae,Vertebrate,Hypostomus watwata,Suckermouth Catfish / Plecostomus,696,3 to 21,Removed from study site,NA,NA,
10/11/2016,Punahou School,21.30973,-157.80943,21.31090,-157.80879,168,172,Manoa,Manoa Marketplace,Non-native,paepae,Vertebrate,Ancistrus temminckii,Bristlenose / Bushynose Plecostomus,36,3 to 6,Removed from study site,NA,NA,
10/11/2016,Punahou School,21.30973,-157.80943,21.31090,-157.80879,168,172,Manoa,Manoa Marketplace,Non-native,paepae,Vertebrate,Amatitlania nigrofasciata,Convict Cichlid,2,4 and 5,Removed from study site,NA,NA,
10/11/2016,Punahou School,21.30973,-157.80943,21.31090,-157.80879,168,172,Manoa,Manoa Marketplace,Non-native,paepae,Invertebrate,Melanoides tuberculata,Malaysian Trumpet Snail,1,2,Removed from study site,NA,NA,
10/13/2016,Punahou School,21.30973,-157.80943,21.31090,-157.80879,168,172,Manoa,Manoa Marketplace,Non-native,paepae,Vertebrate,Poecilia sphenops,Mexican Molly,40,2.5 to 6,Removed from study site,NA,NA,
10/13/2016,Punahou School,21.30973,-157.80943,21.31090,-157.80879,168,172,Manoa,Manoa Marketplace,Non-native,paepae,Vertebrate,Hypostomus watwata,Suckermouth Catfish / Plecostomus,180,4 to 24,Removed from study site,NA,NA,
10/13/2016,Punahou School,21.30973,-157.80943,21.31090,-157.80879,168,172,Manoa,Manoa Marketplace,Non-native,paepae,Vertebrate,Ancistrus temminckii,Bristlenose / Bushynose Plecostomus,60,2.5 to 8,Removed from study site,NA,NA,
10/13/2016,Punahou School,21.30973,-157.80943,21.31090,-157.80879,168,172,Manoa,Manoa Marketplace,NA,paepae,TOTAL NATIVES,0,TOTAL NON-NATIVES,1037,NA,SUMMARY,46.50,27.27,
10/13/2016,Punahou School,21.28810,-157.80568,21.28901,-157.80470,111,115,Palolo,Saint Louis Field,Non-native,paepae,Vertebrate,Poecilia sphenops,Mexican Molly,248,2 to 6,Removed from study site,NA,NA,
10/13/2016,Punahou School,21.28810,-157.80568,21.28901,-157.80470,111,115,Palolo,Saint Louis Field,Non-native,paepae,Vertebrate,Amatitlania nigrofasciata,Convict Cichlid,52,3 to 6.5,Removed from study site,NA,NA,
10/13/2016,Punahou School,21.28810,-157.80568,21.28901,-157.80470,111,115,Palolo,Saint Louis Field,Non-native,paepae,Vertebrate,Ancistrus temminckii,Bristlenose / Bushynose Plecostomus,1,2.5 to 5,Removed from study site,NA,NA,
10/13/2016,Punahou School,21.28810,-157.80568,21.28901,-157.80470,111,115,Palolo,Saint Louis Field,Non-native,paepae,Vertebrate,Poecilia reticulata,Rainbow Guppy,27,1.5 to 3,Removed from study site,NA,NA,
10/13/2016,Punahou School,21.28810,-157.80568,21.28901,-157.80470,111,115,Palolo,Saint Louis Field,Non-native,paepae,Vertebrate,Hypostomus watwata,Suckermouth Catfish / Plecostomus,1,18,Removed from study site,NA,NA,
10/13/2016,Punahou School,21.28810,-157.80568,21.28901,-157.80470,111,115,Palolo,Saint Louis Field,NA,paepae,TOTAL NATIVES,0,TOTAL NON-NATIVES,329,NA,SUMMARY,0.70,27.27,
10/27/2016,Halau Ku Mana,21.31284,-157.82912,21.31402,-157.82866,250,272,Makiki,Halau Ku Mana,Non-native,paepae,Vertebrate,Poecilia reticulata,Rainbow Guppy,12,1.5 to 3,Removed from study site,NA,NA,
10/27/2016,Halau Ku Mana,21.31284,-157.82912,21.31402,-157.82866,250,272,Makiki,Halau Ku Mana,Non-native,paepae,Vertebrate,Ancistrus temminckii,Bristlenose / Bushynose Plecostomus,4,3 to 4,Removed from study site,NA,NA,
10/27/2016,Halau Ku Mana,21.31284,-157.82912,21.31402,-157.82866,250,272,Makiki,Halau Ku Mana,Non-native,paepae,Invertebrate,Neocaridina denticulata sinensis,Japanese Swamp Shrimp,6,1.5 to 2,Removed from study site,NA,NA,
10/27/2016,Halau Ku Mana,21.31284,-157.82912,21.31402,-157.82866,250,272,Makiki,Halau Ku Mana,Non-native,paepae,Invertebrate,Melanoides tuberculata,Malaysian Trumpet Snail,4,1.5 to 2,Removed from study site,NA,NA,
10/27/2016,Halau Ku Mana,21.31284,-157.82912,21.31402,-157.82866,250,272,Makiki,Halau Ku Mana,Non-native,paepae,Invertebrate,Corbicula fluminea,Asiatic Clam,2,1 and 2,Removed from study site,NA,NA,
10/27/2016,Halau Ku Mana,21.31284,-157.82912,21.31402,-157.82866,250,272,Makiki,Halau Ku Mana,Non-native,paepae,Invertebrate,Macrobrachium lar,Tahitian Prawn,1,13,Removed from study site,NA,NA,
10/27/2016,Halau Ku Mana,21.31284,-157.82912,21.31402,-157.82866,250,272,Makiki,Halau Ku Mana,Native,paepae,Vertebrate,Awaous stamineus,Oopu Nakea,1,7.5,Returned live to capture location,NA,NA,
10/27/2016,Halau Ku Mana,21.31284,-157.82912,21.31402,-157.82866,250,272,Makiki,Halau Ku Mana,NA,paepae,TOTAL NATIVES,1,TOTAL NON-NATIVES,29,NA,SUMMARY,0.10,30.90,
11/4/2016,Iolani School,21.29271,-157.81340,21.29330,-157.81248,45,48,Manoa,KanewaiField,Non-native,paepae,Vertebrate,Ancistrus temminckii,Bristlenose / Bushynose Plecostomus,2,4 and 6,Removed from study site,NA,NA,
11/4/2016,Iolani School,21.29271,-157.81340,21.29330,-157.81248,45,48,Manoa,KanewaiField,NA,paepae,TOTAL NATIVES,0,TOTAL NON-NATIVES,2,NA,SUMMARY,0.00,34.60,
11/4/2016,Iolani School,21.30973,-157.80943,21.31090,-157.80879,168,172,Manoa,Manoa Marketplace,Non-native,paepae,Vertebrate,Hypostomus watwata,Suckermouth Catfish / Plecostomus,126,4 to 18,Removed from study site,NA,NA,
11/4/2016,Iolani School,21.30973,-157.80943,21.31090,-157.80879,168,172,Manoa,Manoa Marketplace,Native,paepae,Vertebrate,Awaous stamineus,Oopu Nakea,1,4.5,Returned live to capture location,NA,NA,
11/4/2016,Iolani School,21.30973,-157.80943,21.31090,-157.80879,168,172,Manoa,Manoa Marketplace,Non-native,paepae,Vertebrate,Poecilia sphenops,Mexican Molly,18,2 to 6.5,Removed from study site,NA,NA,
11/4/2016,Iolani School,21.30973,-157.80943,21.31090,-157.80879,168,172,Manoa,Manoa Marketplace,Non-native,paepae,Vertebrate,Ancistrus temminckii,Bristlenose / Bushynose Plecostomus,39,3 to 5.5,Removed from study site,NA,NA,
11/4/2016,Iolani School,21.30973,-157.80943,21.31090,-157.80879,168,172,Manoa,Manoa Marketplace,NA,paepae,TOTAL NATIVES,1,TOTAL NON-NATIVES,183,NA,SUMMARY,2.00,34.60,
11/7/2016,Iolani School,21.31161,-157.80812,21.31353,-157.80647,175,179,Manoa,Manoa Valley District Park,Native,paepae,Vertebrate,Awaous stamineus,Oopu Nakea,1,3.5,Returned live to capture location,NA,NA,
11/7/2016,Iolani School,21.31161,-157.80812,21.31353,-157.80647,175,179,Manoa,Manoa Valley District Park,Non-native,paepae,Vertebrate,Ancistrus temminckii,Bristlenose / Bushynose Plecostomus,5,3.5 to 5,Removed from study site,NA,NA,
11/7/2016,Iolani School,21.31161,-157.80812,21.31353,-157.80647,175,179,Manoa,Manoa Valley District Park,Non-native,paepae,Vertebrate,Hypostomus watwata,Suckermouth Catfish / Plecostomus,7,6 to 15,Removed from study site,NA,NA,
11/7/2016,Iolani School,21.31161,-157.80812,21.31353,-157.80647,175,179,Manoa,Manoa Valley District Park,,paepae,TOTAL NATIVES,1,TOTAL NON-NATIVES,12,NA,SUMMARY,0.20,34.60,
11/7/2016,Iolani School,21.33389,-157.80151,21.33431,-157.80200,497,512,Manoa,Lyon Arboretum,Non-native,paepae,Vertebrate,Poecilia reticulata,Rainbow Guppy,8,1.5 to 3,Removed from study site,NA,NA,
11/7/2016,Iolani School,21.33389,-157.80151,21.33431,-157.80200,497,512,Manoa,Lyon Arboretum,Non-native,paepae,Invertebrate,Procambarus clarkii,Swamp Crayfish,9,4 to 7,Removed from study site,NA,NA,
11/7/2016,Iolani School,21.33389,-157.80151,21.33431,-157.80200,497,512,Manoa,Lyon Arboretum,NA,paepae,TOTAL NATIVES,0,TOTAL NON-NATIVES,17,NA,SUMMARY,0.00,30.90,
12/8/2016,Iolani School,21.28639,-157.81888,21.28728,-157.81799,18,19,Manoa-Palolo,Kaimuki  High School,Non-native,paepae,Vertebrate,Hypostomus watwata,Suckermouth Catfish / Plecostomus,99,10 to 26,Removed from study site,NA,NA,
12/8/2016,Iolani School,21.28639,-157.81888,21.28728,-157.81799,18,19,Manoa-Palolo,Kaimuki  High School,Non-native,paepae,Vertebrate,Sarotherodon melanotheron,Black Chin Tilapia,1,11,Removed from study site,NA,NA,
12/8/2016,Iolani School,21.28639,-157.81888,21.28728,-157.81799,18,19,Manoa-Palolo,Kaimuki  High School,Non-native,paepae,Invertebrate,Scylla serrata,Samoan Crab,1,6,Removed from study site,NA,NA,
12/8/2016,Iolani School,21.28639,-157.81888,21.28728,-157.81799,18,19,Manoa-Palolo,Kaimuki  High School,Native,paepae,Vertebrate,Stenogobius hawaiiensis,Oopu Naniha,1,6.5,Returned live to capture location,NA,NA,
12/8/2016,Iolani School,21.28639,-157.81888,21.28728,-157.81799,18,19,Manoa-Palolo,Kaimuki  High School,NA,paepae,TOTAL NATIVES,1,TOTAL NON-NATIVES,102,NA,SUMMARY,9.80,30.90,
1/12/2017,Myron B Thomspon Academy,21.30973,-157.80943,21.31090,-157.80879,168,172,Manoa,Manoa Marketplace,Native,paepae,Vertebrate,Awaous stamineus,Oopu Nakea,1,5,Returned live to capture location,NA,NA,
1/12/2017,Myron B Thomspon Academy,21.30973,-157.80943,21.31090,-157.80879,168,172,Manoa,Manoa Marketplace,Non-native,paepae,Invertebrate,Neocaridina denticulata sinensis,Japanese Swamp Shrimp,1,1.5,Removed from study site,NA,NA,
1/12/2017,Myron B Thomspon Academy,21.30973,-157.80943,21.31090,-157.80879,168,172,Manoa,Manoa Marketplace,Non-native,paepae,Vertebrate,Ancistrus temminckii,Bristlenose / Bushynose Plecostomus,6,3.5 to 6.5,Removed from study site,NA,NA,
1/12/2017,Myron B Thomspon Academy,21.30973,-157.80943,21.31090,-157.80879,168,172,Manoa,Manoa Marketplace,Non-native,paepae,Vertebrate,Hypostomus watwata,Suckermouth Catfish / Plecostomus,76,4 to 23,Removed from study site,NA,NA,
1/12/2017,Myron B Thomspon Academy,21.30973,-157.80943,21.31090,-157.80879,168,172,Manoa,Manoa Marketplace,Non-native,paepae,Vertebrate,Poecilia sphenops,Mexican Molly,29,3 to 4,Removed from study site,NA,NA,
1/12/2017,Myron B Thomspon Academy,21.30973,-157.80943,21.31090,-157.80879,168,172,Manoa,Manoa Marketplace,Non-native,paepae,Vertebrate,Poecilia reticulata,Rainbow Guppy,1,3,Removed from study site,NA,NA,
1/12/2017,Myron B Thomspon Academy,21.30973,-157.80943,21.31090,-157.80879,168,172,Manoa,Manoa Marketplace,Non-native,paepae,Vertebrate,Xiphophorus helleri,Green Swordtail,1,4,Removed from study site,NA,NA,
1/12/2017,Myron B Thomspon Academy,21.30973,-157.80943,21.31090,-157.80879,168,172,Manoa,Manoa Marketplace,NA,paepae,TOTAL NATIVES,1,TOTAL NON-NATIVES,114,NA,SUMMARY,1.20,30.90,
1/13/2017,Myron B Thomspon Academy,21.30973,-157.80943,21.31090,-157.80879,168,172,Manoa,Manoa Marketplace,Native,paepae,Vertebrate,Awaous stamineus,Oopu Nakea,2,4,Returned live to capture location,NA,NA,
1/13/2017,Myron B Thomspon Academy,21.30973,-157.80943,21.31090,-157.80879,168,172,Manoa,Manoa Marketplace,Non-native,paepae,Invertebrate,Melanoides tuberculata,Malaysian Trumpet Snail,1,2,Removed from study site,NA,NA,
1/13/2017,Myron B Thomspon Academy,21.30973,-157.80943,21.31090,-157.80879,168,172,Manoa,Manoa Marketplace,Non-native,paepae,Vertebrate,Ancistrus temminckii,Bristlenose / Bushynose Plecostomus,8,3.5 to 5.5,Removed from study site,NA,NA,
1/13/2017,Myron B Thomspon Academy,21.30973,-157.80943,21.31090,-157.80879,168,172,Manoa,Manoa Marketplace,Non-native,paepae,Vertebrate,Poecilia reticulata,Rainbow Guppy,2,2 and 3,Removed from study site,NA,NA,
1/13/2017,Myron B Thomspon Academy,21.30973,-157.80943,21.31090,-157.80879,168,172,Manoa,Manoa Marketplace,Non-native,paepae,Invertebrate,Procambarus clarkii,Swamp Crayfish,1,3,Removed from study site,NA,NA,
1/13/2017,Myron B Thomspon Academy,21.30973,-157.80943,21.31090,-157.80879,168,172,Manoa,Manoa Marketplace,Non-native,paepae,Vertebrate,Poecilia sphenops,Mexican Molly,45,2 to 5,Removed from study site,NA,NA,
1/13/2017,Myron B Thomspon Academy,21.30973,-157.80943,21.31090,-157.80879,168,172,Manoa,Manoa Marketplace,Non-native,paepae,Vertebrate,Hypostomus watwata,Suckermouth Catfish / Plecostomus,164,4 to 17,Removed from study site,NA,NA,
1/13/2017,Myron B Thomspon Academy,21.30973,-157.80943,21.31090,-157.80879,168,172,Manoa,Manoa Marketplace,NA,paepae,TOTAL NATIVES,2,TOTAL NON-NATIVES,221,NA,SUMMARY,26.00,30.90,
1/17/2017,Myron B Thomspon Academy,21.29673,-157.81367,21.29845,-157.81390,94,100,Manoa,KanewaiLoi,Non-native,paepae,Vertebrate,Oreochromis mossambicus,Mozambique Tilapia,1,23,Removed from study site,NA,NA,
1/17/2017,Myron B Thomspon Academy,21.29673,-157.81367,21.29845,-157.81390,94,100,Manoa,KanewaiLoi,Non-native,paepae,Vertebrate,Hypostomus watwata,Suckermouth Catfish / Plecostomus,12,14,Removed from study site,NA,NA,
1/17/2017,Myron B Thomspon Academy,21.29673,-157.81367,21.29845,-157.81390,94,100,Manoa,KanewaiLoi,NA,paepae,TOTAL NATIVES,0,TOTAL NON-NATIVES,13,NA,SUMMARY,0.90,27.30,
1/19/2017,Myron B Thomspon Academy,21.29271,-157.81340,21.29330,-157.81248,45,48,Manoa,KanewaiField,Non-native,paepae,Vertebrate,Ancistrus temminckii,Bristlenose / Bushynose Plecostomus,16,5,Removed from study site,NA,NA,
1/19/2017,Myron B Thomspon Academy,21.29271,-157.81340,21.29330,-157.81248,45,48,Manoa,KanewaiField,Non-native,paepae,Vertebrate,Hypostomus watwata,Suckermouth Catfish / Plecostomus,11,10,Removed from study site,NA,NA,
1/19/2017,Myron B Thomspon Academy,21.29271,-157.81340,21.29330,-157.81248,45,48,Manoa,KanewaiField,Non-native,paepae,Invertebrate,Procambarus clarkii,Swamp Crayfish,1,5,Removed from study site,NA,NA,
1/19/2017,Myron B Thomspon Academy,21.29271,-157.81340,21.29330,-157.81248,45,48,Manoa,KanewaiField,NA,paepae,TOTAL NATIVES,0,TOTAL NON-NATIVES,28,NA,SUMMARY,0.30,27.30,
1/26/2017,Punahou School,21.31161,-157.80812,21.31353,-157.80647,175,179,Manoa,Manoa Valley District Park,Non-native,paepae,Vertebrate,Ancistrus temminckii,Bristlenose / Bushynose Plecostomus,10,4 to 6.5,Removed from study site,NA,NA,
1/26/2017,Punahou School,21.31161,-157.80812,21.31353,-157.80647,175,179,Manoa,Manoa Valley District Park,Non-native,paepae,Vertebrate,Hypostomus watwata,Suckermouth Catfish / Plecostomus,14,4.5 to 15.5,Removed from study site,NA,NA,
1/26/2017,Punahou School,21.31161,-157.80812,21.31353,-157.80647,175,179,Manoa,Manoa Valley District Park,NA,paepae,TOTAL NATIVES,0,TOTAL NON-NATIVES,24,NA,SUMMARY,2.20,27.30,
2/17/2017,HokulaniElementary,21.29271,-157.81340,21.29330,-157.81248,45,48,Manoa,KanewaiField,Non-native,paepae,Vertebrate,Ancistrus temminckii,Bristlenose / Bushynose Plecostomus,64,3 to 5,Removed from study site,NA,NA,
2/17/2017,HokulaniElementary,21.29271,-157.81340,21.29330,-157.81248,45,48,Manoa,KanewaiField,Non-native,paepae,Vertebrate,Hypostomus watwata,Suckermouth Catfish / Plecostomus,20,5 to 18,Removed from study site,NA,NA,
2/17/2017,HokulaniElementary,21.29271,-157.81340,21.29330,-157.81248,45,48,Manoa,KanewaiField,Non-native,paepae,Vertebrate,Poecilia sphenops,Mexican Molly,2,3 and 4,Removed from study site,NA,NA,
2/17/2017,HokulaniElementary,21.29271,-157.81340,21.29330,-157.81248,45,48,Manoa,KanewaiField,Non-native,paepae,Vertebrate,Poecilia reticulata,Rainbow Guppy,1,2.5,Removed from study site,NA,NA,
2/17/2017,HokulaniElementary,21.29271,-157.81340,21.29330,-157.81248,45,48,Manoa,KanewaiField,Non-native,paepae,Vertebrate,Corydoras aeneus,Bronze Catfish,1,4.5,Removed from study site,NA,NA,
2/17/2017,HokulaniElementary,21.29271,-157.81340,21.29330,-157.81248,45,48,Manoa,KanewaiField,Non-native,paepae,Invertebrate,Corbicula fluminea,Asiatic Clam,1,2.0,Removed from study site,NA,NA,
2/17/2017,HokulaniElementary,21.29271,-157.81340,21.29330,-157.81248,45,48,Manoa,KanewaiField,Non-native,paepae,Invertebrate,Procambarus clarkii,Swamp Crayfish,2,4.5,Removed from study site,NA,NA,
2/17/2017,HokulaniElementary,21.29271,-157.81340,21.29330,-157.81248,45,48,Manoa,KanewaiField,NA,paepae,TOTAL NATIVES,0,TOTAL NON-NATIVES,91,NA,SUMMARY,1.40,27.30,
2/24/2017,Myron B Thomspon Academy,21.30973,-157.80943,21.31090,-157.80879,168,172,Manoa,Manoa Marketplace,Non-native,paepae,Vertebrate,Ancistrus temminckii,Bristlenose / Bushynose Plecostomus,22,3 to 5.5,Removed from study site,NA,NA,
2/24/2017,Myron B Thomspon Academy,21.30973,-157.80943,21.31090,-157.80879,168,172,Manoa,Manoa Marketplace,Non-native,paepae,Vertebrate,Hypostomus watwata,Suckermouth Catfish / Plecostomus,136,4 to 21,Removed from study site,NA,NA,
2/24/2017,Myron B Thomspon Academy,21.30973,-157.80943,21.31090,-157.80879,168,172,Manoa,Manoa Marketplace,Non-native,paepae,Vertebrate,Poecilia sphenops,Mexican Molly,59,2.5 to 5.5,Removed from study site,NA,NA,
2/24/2017,Myron B Thomspon Academy,21.30973,-157.80943,21.31090,-157.80879,168,172,Manoa,Manoa Marketplace,Non-native,paepae,Vertebrate,Poecilia reticulata,Rainbow Guppy,1,3,Removed from study site,NA,NA,
2/24/2017,Myron B Thomspon Academy,21.30973,-157.80943,21.31090,-157.80879,168,172,Manoa,Manoa Marketplace,Non-native,paepae,Invertebrate,Neocaridina denticulata sinensis,Japanese Swamp Shrimp,2,2,Removed from study site,NA,NA,
2/24/2017,Myron B Thomspon Academy,21.30973,-157.80943,21.31090,-157.80879,168,172,Manoa,Manoa Marketplace,NA,paepae,TOTAL NATIVES,0,TOTAL NON-NATIVES,220,NA,SUMMARY,2.50,27.30,
3/6/2017,Radford High School,21.29145,-157.81451,21.29074,-157.81470,39,43,Manoa-Palolo,Manoa-Palolo Confluence,Native,paepae,Vertebrate,Kuhlia xenura,Aholehole / Hawaiian Flagtail,7,5 to 10,Returned live to capture location,NA,NA,
3/6/2017,Radford High School,21.29145,-157.81451,21.29074,-157.81470,39,43,Manoa-Palolo,Manoa-Palolo Confluence,Non-native,paepae,Vertebrate,Hypostomus watwata,Suckermouth Catfish / Plecostomus,120,13 to 30,Removed from study site,NA,NA,
3/6/2017,Radford High School,21.29145,-157.81451,21.29074,-157.81470,39,43,Manoa-Palolo,Manoa-Palolo Confluence,Non-native,paepae,Vertebrate,Sarotherodon melanotheron,Black Chin Tilapia,2,5 to 10,Removed from study site,NA,NA,
3/6/2017,Radford High School,21.29145,-157.81451,21.29074,-157.81470,39,43,Manoa-Palolo,Manoa-Palolo Confluence,Non-native,paepae,Vertebrate,Clarias fuscus,Chinese Catfish,1,19,Removed from study site,NA,NA,
3/6/2017,Radford High School,21.29145,-157.81451,21.29074,-157.81470,39,43,Manoa-Palolo,Manoa-Palolo Confluence,Non-native,paepae,Vertebrate,Bufo marinus,Cane Toad (tadpoles),NA,2,40 tadpoles Removed from study site,NA,NA,
3/6/2017,Radford High School,21.29145,-157.81451,21.29074,-157.81470,39,43,Manoa-Palolo,Manoa-Palolo Confluence,NA,paepae,TOTAL NATIVES,7,TOTAL NON-NATIVES,123,NA,SUMMARY,39.30,30.90,
3/8/2017,Radford High School,21.28639,-157.81888,21.28728,-157.81799,18,19,Manoa-Palolo,Kaimuki  High School,Native,paepae,Vertebrate,Kuhlia xenura,Aholehole / Hawaiian Flagtail,20,3 to 10,Returned live to capture location,NA,NA,
3/8/2017,Radford High School,21.28639,-157.81888,21.28728,-157.81799,18,19,Manoa-Palolo,Kaimuki  High School,Native,paepae,Vertebrate,Eleotris sandwicensis,Oopu Akupa,5,5 to 12,Returned live to capture location,NA,NA,
3/8/2017,Radford High School,21.28639,-157.81888,21.28728,-157.81799,18,19,Manoa-Palolo,Kaimuki  High School,Non-native,paepae,Vertebrate,Hypostomus watwata,Suckermouth Catfish / Plecostomus,611,16 to 30,Removed from study site,NA,NA,
3/8/2017,Radford High School,21.28639,-157.81888,21.28728,-157.81799,18,19,Manoa-Palolo,Kaimuki  High School,Non-native,paepae,Vertebrate,Sarotherodon melanotheron,Black Chin Tilapia,6,6 to 11,Removed from study site,NA,NA,
3/8/2017,Radford High School,21.28639,-157.81888,21.28728,-157.81799,18,19,Manoa-Palolo,Kaimuki  High School,Non-native,paepae,Vertebrate,Poecilia sphenops,Mexican Molly,1,,Removed from study site,NA,NA,
3/8/2017,Radford High School,21.28639,-157.81888,21.28728,-157.81799,18,19,Manoa-Palolo,Kaimuki  High School,NA,paepae,TOTAL NATIVES,25,TOTAL NON-NATIVES,618,NA,SUMMARY,170.00,34.60,
3/17/2017,University of Hawaii at Manoa - NREM,21.29673,-157.81367,21.29845,-157.81390,94,100,Manoa,KanewaiLoi,Non-native,paepae,Vertebrate,Hypostomus watwata,Suckermouth Catfish / Plecostomus,18,7 to 16,Removed from study site,NA,NA,
3/17/2017,University of Hawaii at Manoa - NREM,21.29673,-157.81367,21.29845,-157.81390,94,100,Manoa,KanewaiLoi,Non-native,paepae,Vertebrate,Cyprinus carpio,Grass Carp / Koi,1,38,Removed from study site,NA,NA,
3/17/2017,University of Hawaii at Manoa - NREM,21.29673,-157.81367,21.29845,-157.81390,94,100,Manoa,KanewaiLoi,NA,paepae,TOTAL NATIVES,0,TOTAL NON-NATIVES,19,NA,SUMMARY,3.60,30.90,
3/31/2017,Kaimuki  High School,21.28639,-157.81888,21.28728,-157.81799,18,19,Manoa-Palolo,Kaimuki  High School,Native,paepae,Vertebrate,Eleotris sandwicensis,Oopu Akupa,6,8 to 16,Returned live to capture location,NA,NA,
3/31/2017,Kaimuki  High School,21.28639,-157.81888,21.28728,-157.81799,18,19,Manoa-Palolo,Kaimuki  High School,Native,paepae,Vertebrate,Kuhlia xenura,Aholehole / Hawaiian Flagtail,6,4 to 10,Returned live to capture location,NA,NA,
3/31/2017,Kaimuki  High School,21.28639,-157.81888,21.28728,-157.81799,18,19,Manoa-Palolo,Kaimuki  High School,Native,paepae,Invertebrate,Macrobrachium grandimanus,Opae Oehaa,1,7,Returned live to capture location,NA,NA,
3/31/2017,Kaimuki  High School,21.28639,-157.81888,21.28728,-157.81799,18,19,Manoa-Palolo,Kaimuki  High School,Non-native,paepae,Vertebrate,Ancistrus temminckii,Bristlenose / Bushynose Plecostomus,1,7,Removed from study site,NA,NA,
3/31/2017,Kaimuki  High School,21.28639,-157.81888,21.28728,-157.81799,18,19,Manoa-Palolo,Kaimuki  High School,Non-native,paepae,Vertebrate,Poecilia sphenops,Mexican Molly,1,5,Removed from study site,NA,NA,
3/31/2017,Kaimuki  High School,21.28639,-157.81888,21.28728,-157.81799,18,19,Manoa-Palolo,Kaimuki  High School,Non-native,paepae,Vertebrate,Hypostomus watwata,Suckermouth Catfish / Plecostomus,138,11 to 25,Removed from study site,NA,NA,
3/31/2017,Kaimuki  High School,21.28639,-157.81888,21.28728,-157.81799,18,19,Manoa-Palolo,Kaimuki  High School,Non-native,paepae,Vertebrate,Sarotherodon melanotheron,Black Chin Tilapia,4,6 to 10,Removed from study site,NA,NA,
3/31/2017,Kaimuki  High School,21.28639,-157.81888,21.28728,-157.81799,18,19,Manoa-Palolo,Kaimuki  High School,NA,paepae,TOTAL NATIVES,13,TOTAL NON-NATIVES,144,NA,SUMMARY,76.60,30.90,
4/4/2017,HawaiiBaptist Academy,21.32642,-157.84427,21.32715,-157.84421,292,296,Nuuanu,HBA,Non-native,paepae,Invertebrate,Melanoides tuberculata,Malaysian Trumpet Snail,10,1 to 2,Removed from study site,NA,NA,
4/4/2017,HawaiiBaptist Academy,21.32642,-157.84427,21.32715,-157.84421,292,296,Nuuanu,HBA,Non-native,paepae,Invertebrate,Neocaridina denticulata sinensis,Japanese Swamp Shrimp,4,1 to 2,Removed from study site,NA,NA,
4/4/2017,HawaiiBaptist Academy,21.32642,-157.84427,21.32715,-157.84421,292,296,Nuuanu,HBA,Non-native,paepae,Invertebrate,Procambarus clarkii,Swamp Crayfish,7,1 to 5,Removed from study site,NA,NA,
4/4/2017,HawaiiBaptist Academy,21.32642,-157.84427,21.32715,-157.84421,292,296,Nuuanu,HBA,Non-native,paepae,Vertebrate,Hypostomus watwata,Suckermouth Catfish / Plecostomus,2,8 to 13,Removed from study site,NA,NA,
4/4/2017,HawaiiBaptist Academy,21.32642,-157.84427,21.32715,-157.84421,292,296,Nuuanu,HBA,Non-native,paepae,Vertebrate,Ancistrus temminckii,Bristlenose / Bushynose Plecostomus,20,2 to 11,Removed from study site,NA,NA,
4/4/2017,HawaiiBaptist Academy,21.32642,-157.84427,21.32715,-157.84421,292,296,Nuuanu,HBA,NA,paepae,TOTAL NATIVES,0,TOTAL NON-NATIVES,43,NA,SUMMARY,0.40,27.30,
4/6/2017,Mid-Pacific Institute,21.30973,-157.80943,21.31090,-157.80879,168,172,Manoa,Manoa Marketplace,Non-native,paepae,Vertebrate,Ancistrus temminckii,Bristlenose / Bushynose Plecostomus,11,3 to 6,Removed from study site,NA,NA,
4/6/2017,Mid-Pacific Institute,21.30973,-157.80943,21.31090,-157.80879,168,172,Manoa,Manoa Marketplace,Non-native,paepae,Vertebrate,Hypostomus watwata,Suckermouth Catfish / Plecostomus,167,4 to 17,Removed from study site,NA,NA,
4/6/2017,Mid-Pacific Institute,21.30973,-157.80943,21.31090,-157.80879,168,172,Manoa,Manoa Marketplace,Non-native,paepae,Vertebrate,Poecilia sphenops,Mexican Molly,74,3 to 7,Removed from study site,NA,NA,
4/6/2017,Mid-Pacific Institute,21.30973,-157.80943,21.31090,-157.80879,168,172,Manoa,Manoa Marketplace,Non-native,paepae,Vertebrate,Poecilia reticulata,Rainbow Guppy,3,3,Removed from study site,NA,NA,
4/6/2017,Mid-Pacific Institute,21.30973,-157.80943,21.31090,-157.80879,168,172,Manoa,Manoa Marketplace,Non-native,paepae,Invertebrate,Procambarus clarkii,Swamp Crayfish,1,4,Removed from study site,NA,NA,
4/6/2017,Mid-Pacific Institute,21.30973,-157.80943,21.31090,-157.80879,168,172,Manoa,Manoa Marketplace,NA,paepae,TOTAL NATIVES,0,TOTAL NON-NATIVES,256,NA,SUMMARY,8.00,27.30,
4/26/2017,Kamehameha Schools,21.30973,-157.80943,21.31090,-157.80879,168,172,Manoa,Manoa Marketplace,Non-native,paepae,Vertebrate,Ancistrus temminckii,Bristlenose / Bushynose Plecostomus,37,2 to 12,Removed from study site,NA,NA,
4/26/2017,Kamehameha Schools,21.30973,-157.80943,21.31090,-157.80879,168,172,Manoa,Manoa Marketplace,Non-native,paepae,Vertebrate,Hypostomus watwata,Suckermouth Catfish / Plecostomus,298,3 to 25,Removed from study site,NA,NA,
4/26/2017,Kamehameha Schools,21.30973,-157.80943,21.31090,-157.80879,168,172,Manoa,Manoa Marketplace,Non-native,paepae,Vertebrate,Poecilia sphenops,Mexican Molly,69,3 to 7,Removed from study site,NA,NA,
4/26/2017,Kamehameha Schools,21.30973,-157.80943,21.31090,-157.80879,168,172,Manoa,Manoa Marketplace,Non-native,paepae,Vertebrate,Poecilia reticulata,Rainbow Guppy,6,3 to 4,Removed from study site,NA,NA,
4/26/2017,Kamehameha Schools,21.30973,-157.80943,21.31090,-157.80879,168,172,Manoa,Manoa Marketplace,Non-native,paepae,Vertebrate,Micropterus dolomieu,Smallmouth Bass,1,4,Removed from study site,NA,NA,
4/26/2017,Kamehameha Schools,21.30973,-157.80943,21.31090,-157.80879,168,172,Manoa,Manoa Marketplace,Non-native,paepae,Invertebrate,Neocaridina denticulata sinensis,Japanese Swamp Shrimp,1,2,Removed from study site,NA,NA,
4/26/2017,Kamehameha Schools,21.30973,-157.80943,21.31090,-157.80879,168,172,Manoa,Manoa Marketplace,Non-native,paepae,Invertebrate,Procambarus clarkii,Swamp Crayfish,2,5 to 6,Removed from study site,NA,NA,
4/26/2017,Kamehameha Schools,21.30973,-157.80943,21.31090,-157.80879,168,172,Manoa,Manoa Marketplace,NA,paepae,TOTAL NATIVES,0,TOTAL NON-NATIVES,414,NA,SUMMARY,19.00,27.30,
5/3/2017,Homeschool Students,21.32826,-157.80093,21.32902,-157.80066,323,340,Manoa,Waihi (USGS Gage),Native,paepae,Vertebrate,Awaous stamineus,Oopu Nakea,1,5,Returned live to capture location,NA,NA,
5/3/2017,Homeschool Students,21.32826,-157.80093,21.32902,-157.80066,323,340,Manoa,Waihi (USGS Gage),Non-native,paepae,Vertebrate,Ancistrus temminckii,Bristlenose / Bushynose Plecostomus,185,2 to 5,Removed from study site,NA,NA,
5/3/2017,Homeschool Students,21.32826,-157.80093,21.32902,-157.80066,323,340,Manoa,Waihi (USGS Gage),Non-native,paepae,Vertebrate,Poecilia sphenops,Mexican Molly,1,5,Removed from study site,NA,NA,
5/3/2017,Homeschool Students,21.32826,-157.80093,21.32902,-157.80066,323,340,Manoa,Waihi (USGS Gage),Non-native,paepae,Vertebrate,Poecilia reticulata,Rainbow Guppy,622,2 to 5,Removed from study site,NA,NA,
5/3/2017,Homeschool Students,21.32826,-157.80093,21.32902,-157.80066,323,340,Manoa,Waihi (USGS Gage),Non-native,paepae,Vertebrate,Xiphophorus helleri,Green Swordtail,33,3 to 6,Removed from study site,NA,NA,
5/3/2017,Homeschool Students,22.32826,-157.80093,21.32902,-157.80066,323,340,Manoa,Waihi (USGS Gage),Non-native,paepae,Invertebrate,Procambarus clarkii,Swamp Crayfish,5,4 to 7,Removed from study site,NA,NA,
5/3/2017,Homeschool Students,21.32826,-157.80093,21.32902,-157.80066,323,340,Manoa,Waihi (USGS Gage),NA,paepae,TOTAL NATIVES,1,TOTAL NON-NATIVES,846,NA,SUMMARY,1.90,30.90,
5/10/2017,University of Hawaiiat Manoa - NREM,21.32826,-157.80093,21.32902,-157.80066,323,340,Manoa,Waihi (USGS Gage),Non-native,paepae,Vertebrate,Poecilia reticulata,Rainbow Guppy,314,2 to 5,Removed from study site,NA,NA,
5/10/2017,University of Hawaiiat Manoa - NREM,21.32826,-157.80093,21.32902,-157.80066,323,340,Manoa,Waihi (USGS Gage),Non-native,paepae,Vertebrate,Xiphophorus helleri,Green Swordtail,27,3 to 6,Removed from study site,NA,NA,
5/10/2017,University of Hawaiiat Manoa - NREM,21.32826,-157.80093,21.32902,-157.80066,323,340,Manoa,Waihi (USGS Gage),Non-native,paepae,Invertebrate,Procambarus clarkii,Swamp Crayfish,2,4 to 5,Removed from study site,NA,NA,
5/10/2017,University of Hawaiiat Manoa - NREM,21.32826,-157.80093,21.32902,-157.80066,323,340,Manoa,Waihi (USGS Gage),Non-native,paepae,Vertebrate,Poecilia sphenops,Mexican Molly,2,4 to 5,Removed from study site,NA,NA,
5/10/2017,University of Hawaiiat Manoa - NREM,21.32826,-157.80093,21.32902,-157.80066,323,340,Manoa,Waihi (USGS Gage),Non-native,paepae,Vertebrate,Ancistrus temminckii,Bristlenose / Bushynose Plecostomus,341,2 to 5,Removed from study site,NA,NA,
5/10/2017,University of Hawaiiat Manoa - NREM,21.32826,-157.80093,21.32902,-157.80066,323,340,Manoa,Waihi (USGS Gage),NA,paepae,TOTAL NATIVES,0,TOTAL NON-NATIVES,686,NA,SUMMARY,1.40,27.30,
5/18/2017,Punahou School,21.30821,-157.83070,21.30935,-157.83057,144,165,Makiki,Baker Park,Non-native,paepae,Vertebrate,Ancistrus temminckii,Bristlenose / Bushynose Plecostomus,4,2 to 5,Removed from study site,NA,NA,
5/18/2017,Punahou School,21.30821,-157.83070,21.30935,-157.83057,144,165,Makiki,Baker Park,Non-native,paepae,Vertebrate,Poecilia reticulata,Rainbow Guppy,209,2 to 3,Removed from study site,NA,NA,
5/18/2017,Punahou School,21.30821,-157.83070,21.30935,-157.83057,144,165,Makiki,Baker Park,Non-native,paepae,Invertebrate,Neocaridina denticulata sinensis,Japanese Swamp Shrimp,98,1 to 2,Removed from study site,NA,NA,
5/18/2017,Punahou School,21.30821,-157.83070,21.30935,-157.83057,144,165,Makiki,Baker Park,Native,paepae,Vertebrate,Awaous stamineus,Oopu Nakea,2,14 and 16.5,Returned live to capture location,NA,NA,
5/18/2017,Punahou School,21.30821,-157.83070,21.30935,-157.83057,144,165,Makiki,Baker Park,Non-native,paepae,Vertebrate,Poecilia sphenops,Mexican Molly,4,3 to 5,Removed from study site,NA,NA,
5/18/2017,Punahou School,21.30821,-157.83070,21.30935,-157.83057,144,165,Makiki,Baker Park,Non-native,paepae,Invertebrate,Melanoides tuberculata,Malaysian Trumpet Snail,5,1 to 2,Removed from study site,NA,NA,
5/18/2017,Punahou School,21.30821,-157.83070,21.30935,-157.83057,144,165,Makiki,Baker Park,Non-native,paepae,Invertebrate,Macrobrachium lar,Tahitian Prawn,4,6 to 15,Removed from study site,NA,NA,
5/18/2017,Punahou School,21.30821,-157.83070,21.30935,-157.83057,144,165,Makiki,Baker Park,Non-native,paepae,Vertebrate,Xiphophorus helleri,Green Swordtail,2,4 and 5,Removed from study site,NA,NA,
5/18/2017,Punahou School,21.30821,-157.83070,21.30935,-157.83057,144,165,Makiki,Baker Park,NA,paepae,TOTAL NATIVES,2,TOTAL NON-NATIVES,326,NA,SUMMARY,1.70,34.50,
6/6/2017,Washington Middle School,21.30821,-157.83070,21.30935,-157.83057,144,165,Makiki,Baker Park,Non-native,paepae,Vertebrate,Ancistrus temminckii,Bristlenose / Bushynose Plecostomus,4,2 to 5,Removed from study site,NA,NA,
6/6/2017,Washington Middle School,21.30821,-157.83070,21.30935,-157.83057,144,165,Makiki,Baker Park,Non-native,paepae,Vertebrate,Poecilia reticulata,Rainbow Guppy,260,2 to 3,Removed from study site,NA,NA,
6/6/2017,Washington Middle School,21.30821,-157.83070,21.30935,-157.83057,144,165,Makiki,Baker Park,Non-native,paepae,Invertebrate,Neocaridina denticulata sinensis,Japanese Swamp Shrimp,28,1 to 2,Removed from study site,NA,NA,
6/6/2017,Washington Middle School,21.30821,-157.83070,21.30935,-157.83057,144,165,Makiki,Baker Park,Native,paepae,Vertebrate,Awaous stamineus,Oopu Nakea,1,16.5,Returned live to capture location,NA,NA,
6/6/2017,Washington Middle School,21.30821,-157.83070,21.30935,-157.83057,144,165,Makiki,Baker Park,Non-native,paepae,Vertebrate,Poecilia sphenops,Mexican Molly,3,3 to 5,Removed from study site,NA,NA,
6/6/2017,Washington Middle School,21.30821,-157.83070,21.30935,-157.83057,144,165,Makiki,Baker Park,Non-native,paepae,Invertebrate,Melanoides tuberculata,Malaysian Trumpet Snail,1,1 to 2,Removed from study site,NA,NA,
6/6/2017,Washington Middle School,21.30821,-157.83070,21.30935,-157.83057,144,165,Makiki,Baker Park,Non-native,paepae,Invertebrate,Corbicula fluminea,Asiatic Clam,1,1,Removed from study site,NA,NA,
6/6/2017,Washington Middle School,21.30821,-157.83070,21.30935,-157.83057,144,165,Makiki,Baker Park,Non-native,paepae,Invertebrate,Macrobrachium lar,Tahitian Prawn,6,6 to 15,Removed from study site,NA,NA,
6/6/2017,Washington Middle School,21.30821,-157.83070,21.30935,-157.83057,144,165,Makiki,Baker Park,Non-native,paepae,Vertebrate,Xiphophorus helleri,Green Swordtail,4,4 and 5,Removed from study site,NA,NA,
6/6/2017,Washington Middle School,21.30821,-157.83070,21.30935,-157.83057,144,165,Makiki,Baker Park,NA,paepae,TOTAL NATIVES,1,TOTAL NON-NATIVES,307,NA,SUMMARY,0.90,34.50,
6/8/2017,University of Hawaii at Manoa -STEMS2,21.28639,-157.81888,21.28728,-157.81799,18,19,Manoa-Palolo,Kaimuki  High School,Native,paepae,Vertebrate,Kuhlia xenura,Aholehole / Hawaiian Flagtail,7,3 to 7,Returned live to capture location,NA,NA,
6/8/2017,University of Hawaii at Manoa -STEMS2,21.28639,-157.81888,21.28728,-157.81799,18,19,Manoa-Palolo,Kaimuki  High School,Native,paepae,Vertebrate,Eleotris sandwicensis,Oopu Akupa,9,4 to 10,Returned live to capture location,NA,NA,
6/8/2017,University of Hawaii at Manoa -STEMS2,21.28639,-157.81888,21.28728,-157.81799,18,19,Manoa-Palolo,Kaimuki  High School,Native,paepae,Vertebrate,Stenogobius hawaiiensis,Oopu Naniha,3,3 to 6,Returned live to capture location,NA,NA,
6/8/2017,University of Hawaii at Manoa -STEMS2,21.28639,-157.81888,21.28728,-157.81799,18,19,Manoa-Palolo,Kaimuki  High School,Non-native,paepae,Vertebrate,Hypostomus watwata,Suckermouth Catfish / Plecostomus,56,15 to 26,Removed from study site,NA,NA,
6/8/2017,University of Hawaii at Manoa -STEMS2,21.28639,-157.81888,21.28728,-157.81799,18,19,Manoa-Palolo,Kaimuki  High School,Non-native,paepae,Vertebrate,Sarotherodon melanotheron,Black Chin Tilapia,6,4 to 9,Removed from study site,NA,NA,
6/8/2017,University of Hawaii at Manoa -STEMS2,21.28639,-157.81888,21.28728,-157.81799,18,19,Manoa-Palolo,Kaimuki  High School,Non-native,paepae,Vertebrate,Amphilophus labiatus,Red Devil Cichlid,2,10,Removed from study site,NA,NA,
6/8/2017,University of Hawaii at Manoa -STEMS2,21.28639,-157.81888,21.28728,-157.81799,18,19,Manoa-Palolo,Kaimuki  High School,Non-native,paepae,Vertebrate,Oreochromis mossambicus,Mozambique Tilapia,1,10,Removed from study site,NA,NA,
6/8/2017,University of Hawaii at Manoa -STEMS2,21.28639,-157.81888,21.28728,-157.81799,18,19,Manoa-Palolo,Kaimuki  High School,Non-native,paepae,Vertebrate,Poecilia sphenops,Mexican Molly,1,10,Removed from study site,NA,NA,
6/8/2017,University of Hawaii at Manoa -STEMS2,21.28639,-157.81888,21.28728,-157.81799,18,19,Manoa-Palolo,Kaimuki  High School,NA,paepae,TOTAL NATIVES,19,TOTAL NON-NATIVES,66,NA,SUMMARY,22.00,34.50,
6/19/2017,University Laboratory School,21.32792,-157.79959,21.32748,-157.79980,332,335,Manoa,Waiakeakua (USGS Gage),Non-native,paepae,Vertebrate,Poecilia reticulata,Rainbow Guppy,78,NA,Removed from study site,NA,NA,
6/19/2017,University Laboratory School,21.32792,-157.79959,21.32748,-157.79980,332,335,Manoa,Waiakeakua (USGS Gage),Non-native,paepae,Vertebrate,Ancistrus temminckii,Bristlenose / Bushynose Plecostomus,45,NA,Removed from study site,NA,NA,
6/19/2017,University Laboratory School,21.32792,-157.79959,21.32748,-157.79980,332,335,Manoa,Waiakeakua (USGS Gage),Non-native,paepae,Vertebrate,Xiphophorus helleri,Green Swordtail,4,NA,Removed from study site,NA,NA,
6/19/2017,University Laboratory School,21.32792,-157.79959,21.32748,-157.79980,332,335,Manoa,Waiakeakua (USGS Gage),Non-native,paepae,Invertebrate,Neocaridina denticulata sinensis,Japanese Swamp Shrimp,115,NA,Removed from study site,NA,NA,
6/19/2017,University Laboratory School,21.32792,-157.79959,21.32748,-157.79980,332,335,Manoa,Waiakeakua (USGS Gage),Non-native,paepae,Invertebrate,Procambarus clarkii,Swamp Crayfish,4,NA,Removed from study site,NA,NA,
6/19/2017,University Laboratory School,21.32792,-157.79959,21.32748,-157.79980,332,335,Manoa,Waiakeakua (USGS Gage),NA,paepae,TOTAL NATIVES,0,TOTAL NON-NATIVES,246,NA,SUMMARY,0.60,27.30,
6/20/2017,Halau Ku Mana,21.31284,-157.82912,21.31402,-157.82866,250,272,Makiki,Halau Ku Mana,Native,paepae,Vertebrate,Awaous stamineus,Oopu Nakea,3,3 to 6,Returned live to capture location,NA,NA,
6/20/2017,Halau Ku Mana,21.31284,-157.82912,21.31402,-157.82866,250,272,Makiki,Halau Ku Mana,Non-native,paepae,Invertebrate,Corbicula fluminea,Asiatic Clam,6,0.5 to 1,Removed from study site,NA,NA,
6/20/2017,Halau Ku Mana,21.31284,-157.82912,21.31402,-157.82866,250,272,Makiki,Halau Ku Mana,Non-native,paepae,Invertebrate,Melanoides tuberculata,Malaysian Trumpet Snail,14,0.5 to 2,Removed from study site,NA,NA,
6/20/2017,Halau Ku Mana,21.31284,-157.82912,21.31402,-157.82866,250,272,Makiki,Halau Ku Mana,Non-native,paepae,Invertebrate,Neocaridina denticulata sinensis,Japanese Swamp Shrimp,117,0.5 to 2,Removed from study site,NA,NA,
6/20/2017,Halau Ku Mana,21.31284,-157.82912,21.31402,-157.82866,250,272,Makiki,Halau Ku Mana,Non-native,paepae,Vertebrate,Ancistrus temminckii,Bristlenose / Bushynose Plecostomus,8,1 to 5,Removed from study site,NA,NA,
6/20/2017,Halau Ku Mana,21.31284,-157.82912,21.31402,-157.82866,250,272,Makiki,Halau Ku Mana,Non-native,paepae,Vertebrate,Poecilia sphenops,Mexican Molly,20,1 to 4,Removed from study site,NA,NA,
6/20/2017,Halau Ku Mana,21.31284,-157.82912,21.31402,-157.82866,250,272,Makiki,Halau Ku Mana,Non-native,paepae,Vertebrate,Poecilia reticulata,Rainbow Guppy,107,1 to 4,Removed from study site,NA,NA,
6/20/2017,Halau Ku Mana,21.31284,-157.82912,21.31402,-157.82866,250,272,Makiki,Halau Ku Mana,Non-native,paepae,Invertebrate,Macrobrachium lar,Tahitian Prawn,3,5 to 9,Removed from study site,NA,NA,
6/20/2017,Halau Ku Mana,21.31284,-157.82912,21.31402,-157.82866,250,272,Makiki,Halau Ku Mana,NA,paepae,TOTAL NATIVES,3,TOTAL NON-NATIVES,275,NA,SUMMARY,0.50,30.90,
6/20/2017,Halau Ku Mana,21.31774,-157.82713,21.31819,-157.82698,380,410,Makiki,Kanealole,Native,paepae,Vertebrate,Awaous stamineus,Oopu Nakea,1,3,Returned live to capture location,NA,NA,
6/20/2017,Halau Ku Mana,21.31774,-157.82713,21.31819,-157.82698,380,410,Makiki,Kanealole,Non-native,paepae,Invertebrate,Neocaridina denticulata sinensis,Japanese Swamp Shrimp,355,0.5 to 2,Removed from study site,NA,NA,
6/20/2017,Halau Ku Mana,21.31774,-157.82713,21.31819,-157.82698,380,410,Makiki,Kanealole,Non-native,paepae,Vertebrate,Ancistrus temminckii,Bristlenose / Bushynose Plecostomus,1,2,Removed from study site,NA,NA,
6/20/2017,Halau Ku Mana,21.31774,-157.82713,21.31819,-157.82698,380,410,Makiki,Kanealole,Non-native,paepae,Vertebrate,Poecilia reticulata,Rainbow Guppy,17,1 to 4,Removed from study site,NA,NA,
6/20/2017,Halau Ku Mana,21.31774,-157.82713,21.31819,-157.82698,380,410,Makiki,Kanealole,Non-native,paepae,Invertebrate,Macrobrachium lar,Tahitian Prawn,5,4 to 14,Removed from study site,NA,NA,
6/20/2017,Halau Ku Mana,21.31774,-157.82713,21.31819,-157.82698,380,410,Makiki,Kanealole,NA,paepae,TOTAL NATIVES,1,TOTAL NON-NATIVES,378,NA,SUMMARY,0.70,30.90,
6/23/2017,Iolani School - Ka'i Program,21.29673,-157.81367,21.29845,-157.81390,94,100,Manoa,KanewaiLoi,Non-native,paepae,Vertebrate,Micropterus dolomieu,Smallmouth Bass,2,28,Removed from study site,NA,NA,
6/23/2017,Iolani School - Ka'i Program,21.29673,-157.81367,21.29845,-157.81390,94,100,Manoa,KanewaiLoi,Non-native,paepae,Vertebrate,Hypostomus watwata,Suckermouth Catfish / Plecostomus,23,8 to 16,Removed from study site,NA,NA,
6/23/2017,Iolani School - Ka'i Program,21.29673,-157.81367,21.29845,-157.81390,94,100,Manoa,KanewaiLoi,Non-native,paepae,Vertebrate,Ancistrus temminckii,Bristlenose / Bushynose Plecostomus,11,3 to 6,Removed from study site,NA,NA,
6/23/2017,Iolani School - Ka'i Program,21.29673,-157.81367,21.29845,-157.81390,94,100,Manoa,KanewaiLoi,Non-native,paepae,Vertebrate,Poecilia sphenops,Mexican Molly,2,3 to 5,Removed from study site,NA,NA,
6/23/2017,Iolani School - Ka'i Program,21.29673,-157.81367,21.29845,-157.81390,94,100,Manoa,KanewaiLoi,Non-native,paepae,Vertebrate,Poecilia reticulata,Rainbow Guppy,6,2 to 4,Removed from study site,NA,NA,
6/23/2017,Iolani School - Ka'i Program,21.29673,-157.81367,21.29845,-157.81390,94,100,Manoa,KanewaiLoi,NA,paepae,TOTAL NATIVES,0,TOTAL NON-NATIVES,44,NA,SUMMARY,2.20,27.30,
6/26/2017,University Laboratory School,21.30973,-157.80943,21.31090,-157.80879,168,172,Manoa,Manoa Marketplace,Non-native,paepae,Vertebrate,Micropterus dolomieu,Smallmouth Bass,1,4,Removed from study site,NA,NA,
6/26/2017,University Laboratory School,21.30973,-157.80943,21.31090,-157.80879,168,172,Manoa,Manoa Marketplace,Non-native,paepae,Vertebrate,Amatitlania nigrofasciata,Convict Cichlid,3,3 to 4,Removed from study site,NA,NA,
6/26/2017,University Laboratory School,21.30973,-157.80943,21.31090,-157.80879,168,172,Manoa,Manoa Marketplace,Non-native,paepae,Vertebrate,Ancistrus temminckii,Bristlenose / Bushynose Plecostomus,33,2 to 12,Removed from study site,NA,NA,
6/26/2017,University Laboratory School,21.30973,-157.80943,21.31090,-157.80879,168,172,Manoa,Manoa Marketplace,Non-native,paepae,Vertebrate,Hypostomus watwata,Suckermouth Catfish / Plecostomus,62,3 to 24,Removed from study site,NA,NA,
6/26/2017,University Laboratory School,21.30973,-157.80943,21.31090,-157.80879,168,172,Manoa,Manoa Marketplace,Non-native,paepae,Vertebrate,Xiphophorus helleri,Green Swordtail,1,4,Removed from study site,NA,NA,
6/26/2017,University Laboratory School,21.30973,-157.80943,21.31090,-157.80879,168,172,Manoa,Manoa Marketplace,Non-native,paepae,Vertebrate,Poecilia sphenops,Mexican Molly,48,2 to 6,Removed from study site,NA,NA,
6/26/2017,University Laboratory School,21.30973,-157.80943,21.31090,-157.80879,168,172,Manoa,Manoa Marketplace,NA,paepae,TOTAL NATIVES,0,TOTAL NON-NATIVES,148,NA,SUMMARY,4.50,27.30,
6/28/2017,Iolani School - Ka'i Program,21.32826,-157.80093,21.32902,-157.80066,323,340,Manoa,Waihi (USGS Gage),Non-native,paepae,Vertebrate,Poecilia reticulata,Rainbow Guppy,718,2 to 4,Removed from study site,NA,NA,
6/28/2017,Iolani School - Ka'i Program,21.32826,-157.80093,21.32902,-157.80066,323,340,Manoa,Waihi (USGS Gage),Non-native,paepae,Vertebrate,Xiphophorus helleri,Green Swordtail,5,3 to 5,Removed from study site,NA,NA,
6/28/2017,Iolani School - Ka'i Program,21.32826,-157.80093,21.32902,-157.80066,323,340,Manoa,Waihi (USGS Gage),Non-native,paepae,Invertebrate,Procambarus clarkii,Swamp Crayfish,20,3 to 7,Removed from study site,NA,NA,
6/28/2017,Iolani School - Ka'i Program,21.32826,-157.80093,21.32902,-157.80066,323,340,Manoa,Waihi (USGS Gage),Non-native,paepae,Invertebrate,Neocaridina denticulata sinensis,Japanese Swamp Shrimp,2,2,Removed from study site,NA,NA,
6/28/2017,Iolani School - Ka'i Program,21.32826,-157.80093,21.32902,-157.80066,323,340,Manoa,Waihi (USGS Gage),Non-native,paepae,Vertebrate,Ancistrus temminckii,Bristlenose / Bushynose Plecostomus,195,2 to 4,Removed from study site,NA,NA,
6/28/2017,Iolani School - Ka'i Program,21.32826,-157.80093,21.32902,-157.80066,323,340,Manoa,Waihi (USGS Gage),NA,paepae,TOTAL NATIVES,0,TOTAL NON-NATIVES,940,NA,SUMMARY,1.40,27.30,
6/29/2017,Iolani School - Ka'i Program,21.30460,-157.79045,21.30500,-157.78978,309,333,Palolo,Anuenue School,Native,paepae,Vertebrate,Awaous stamineus,Oopu Nakea,3,"5, 8, 11",Returned live to capture location,NA,NA,
6/29/2017,Iolani School - Ka'i Program,21.30460,-157.79045,21.30500,-157.78978,309,333,Palolo,Anuenue School,Non-native,paepae,Vertebrate,Poecilia sphenops,Mexican Molly,10,2 to 4,Removed from study site,NA,NA,
6/29/2017,Iolani School - Ka'i Program,21.30460,-157.79045,21.30500,-157.78978,309,333,Palolo,Anuenue School,Non-native,paepae,Vertebrate,Poecilia reticulata,Rainbow Guppy,59,2 to 3,Removed from study site,NA,NA,
6/29/2017,Iolani School - Ka'i Program,21.30460,-157.79045,21.30500,-157.78978,309,333,Palolo,Anuenue School,Non-native,paepae,Vertebrate,Ancistrus temminckii,Bristlenose / Bushynose Plecostomus,17,3 to 5,Removed from study site,NA,NA,
6/29/2017,Iolani School - Ka'i Program,21.30460,-157.79045,21.30500,-157.78978,309,333,Palolo,Anuenue School,Non-native,paepae,Invertebrate,Procambarus clarkii,Swamp Crayfish,7,4 to 7,Removed from study site,NA,NA,
6/29/2017,Iolani School - Ka'i Program,21.30460,-157.79045,21.30500,-157.78978,309,333,Palolo,Anuenue School,Non-native,paepae,Invertebrate,Neocaridina denticulata sinensis,Japanese Swamp Shrimp,3,2,Removed from study site,NA,NA,
6/29/2017,Iolani School - Ka'i Program,21.30460,-157.79045,21.30500,-157.78978,309,333,Palolo,Anuenue School,NA,paepae,TOTAL NATIVES,3,TOTAL NON-NATIVES,96,NA,SUMMARY,2.10,38.20,
7/6/2017,Kamehameha Schools,21.31161,-157.80812,21.31353,-157.80647,175,179,Manoa,Manoa Valley District Park,Non-native,paepae,Vertebrate,Ancistrus temminckii,Bristlenose / Bushynose Plecostomus,3,4 to 6,Removed from study site,NA,NA,
7/6/2017,Kamehameha Schools,21.31161,-157.80812,21.31353,-157.80647,175,179,Manoa,Manoa Valley District Park,Non-native,paepae,Vertebrate,Hypostomus watwata,Suckermouth Catfish / Plecostomus,23,14 to 30,Removed from study site,NA,NA,
7/6/2017,Kamehameha Schools,21.31161,-157.80812,21.31353,-157.80647,175,179,Manoa,Manoa Valley District Park,Non-native,paepae,Vertebrate,Poecilia sphenops,Mexican Molly,1,8.00,Removed from study site,NA,NA,
7/6/2017,Kamehameha Schools,21.31161,-157.80812,21.31353,-157.80647,175,179,Manoa,Manoa Valley District Park,Non-native,paepae,Vertebrate,Micropterus dolomieu,Smallmouth Bass,2,7 to 18,Removed from study site,NA,NA,
7/6/2017,Kamehameha Schools,21.31161,-157.80812,21.31353,-157.80647,175,179,Manoa,Manoa Valley District Park,NA,paepae,TOTAL NATIVES,0,TOTAL NON-NATIVES,29,NA,SUMMARY,3.70,27.30,
8/2/2017,Anuenue School,21.29582,-157.79684,21.29616,-157.79646,171,179,Palolo,Jarrett Middle School,Non-native,paepae,Vertebrate,Poecilia sphenops,Mexican Molly,449,2 to 8,Removed from study site,NA,NA,
8/2/2017,Anuenue School,21.29582,-157.79684,21.29616,-157.79646,171,179,Palolo,Jarrett Middle School,Non-native,paepae,Vertebrate,Poecilia reticulata,Rainbow Guppy,5,2 to 3,Removed from study site,NA,NA,
8/2/2017,Anuenue School,21.29582,-157.79684,21.29616,-157.79646,171,179,Palolo,Jarrett Middle School,Non-native,paepae,Vertebrate,Ancistrus temminckii,Bristlenose / Bushynose Plecostomus,15,2 to 4,Removed from study site,NA,NA,
8/2/2017,Anuenue School,21.29582,-157.79684,21.29616,-157.79646,171,179,Palolo,Jarrett Middle School,Non-native,paepae,Vertebrate,Hypostomus watwata,Suckermouth Catfish / Plecostomus,1,3,Removed from study site,NA,NA,
8/2/2017,Anuenue School,21.29582,-157.79684,21.29616,-157.79646,171,179,Palolo,Jarrett Middle School,Non-native,paepae,Vertebrate,Bufo marinus,Cane Toad (tadpoles),NA,2,"58 tadpoles, Removed from study site",NA,NA,
8/2/2017,Anuenue School,21.29582,-157.79684,21.29616,-157.79646,171,179,Palolo,Jarrett Middle School,Non-native,paepae,Vertebrate,Pelodiscus sinensis,Softshell Turtle,NA,6,"1 turtle, Removed from study site",NA,NA,
8/2/2017,Anuenue School,21.29582,-157.79684,21.29616,-157.79646,171,179,Palolo,Jarrett Middle School,Non-native,paepae,Invertebrate,unknown,Lymnaeid Snail,1,0.5,Removed from study site,NA,NA,
8/2/2017,Anuenue School,21.29582,-157.79684,21.29616,-157.79646,171,179,Palolo,Jarrett Middle School,Non-native,paepae,Invertebrate,Melanoides tuberculata,Malaysian Trumpet Snail,1,1,Removed from study site,NA,NA,
8/2/2017,Anuenue School,21.29582,-157.79684,21.29616,-157.79646,171,179,Palolo,Jarrett Middle School,Non-native,paepae,Invertebrate,Neocaridina denticulata sinensis,Japanese Swamp Shrimp,1,2,Removed from study site,NA,NA,
8/2/2017,Anuenue School,21.29582,-157.79684,21.29616,-157.79646,171,179,Palolo,Jarrett Middle School,NA,paepae,TOTAL NATIVES,0,TOTAL NON-NATIVES,473,NA,SUMMARY,2.10,27.30,
9/12/2017,Pacific Buddhist Academy,21.32632,-157.80057,21.32674,-157.80075,298,308,Manoa,Waakaua,Native,paepae,Vertebrate,Awaous stamineus,Oopu Nakea,2,4 and 11 (diseased),Returned live to capture location,NA,NA,
9/12/2017,Pacific Buddhist Academy,21.32632,-157.80057,21.32674,-157.80075,298,308,Manoa,Waakaua,Non-native,paepae,Vertebrate,Poecilia sphenops,Mexican Molly,2,3 to 4,Removed from study site,NA,NA,
9/12/2017,Pacific Buddhist Academy,21.32632,-157.80057,21.32674,-157.80075,298,308,Manoa,Waakaua,Non-native,paepae,Vertebrate,Poecilia reticulata,Rainbow Guppy,389,2 to 4,Removed from study site,NA,NA,
9/12/2017,Pacific Buddhist Academy,21.32632,-157.80057,21.32674,-157.80075,298,308,Manoa,Waakaua,Non-native,paepae,Vertebrate,Xiphophorus helleri,Green Swordtail,31,2 to 5,Removed from study site,NA,NA,
9/12/2017,Pacific Buddhist Academy,21.32632,-157.80057,21.32674,-157.80075,298,308,Manoa,Waakaua,Non-native,paepae,Vertebrate,Ancistrus temminckii,Bristlenose / Bushynose Plecostomus,210,3 to 10,Removed from study site,NA,NA,
9/12/2017,Pacific Buddhist Academy,21.32632,-157.80057,21.32674,-157.80075,298,308,Manoa,Waakaua,Non-native,paepae,Invertebrate,Procambarus clarkii,Swamp Crayfish,4,2 to 6,Removed from study site,NA,NA,
9/12/2017,Pacific Buddhist Academy,21.32632,-157.80057,21.32674,-157.80075,298,308,Manoa,Waakaua,Non-native,paepae,Invertebrate,Neocaridina denticulata sinensis,Japanese Swamp Shrimp,32,2,Removed from study site,NA,NA,
9/12/2017,Pacific Buddhist Academy,21.32632,-157.80057,21.32674,-157.80075,298,308,Manoa,Waakaua,NA,paepae,TOTAL NATIVES,2,TOTAL NON-NATIVES,668,NA,SUMMARY,1.90,38.20,
9/20/2017,Iolani School,21.28639,-157.81888,21.28728,-157.81799,18,19,Manoa-Palolo,Kaimuki  High School,Non-native,paepae,Vertebrate,Hypostomus watwata,Suckermouth Catfish / Plecostomus,127,12 to 25,Removed from study site,NA,NA,
9/20/2017,Iolani School,21.28639,-157.81888,21.28728,-157.81799,18,19,Manoa-Palolo,Kaimuki  High School,Non-native,paepae,Vertebrate,Sarotherodon melanotheron,Black Chin Tilapia,12,2 to 14,Removed from study site,NA,NA,
9/20/2017,Iolani School,21.28639,-157.81888,21.28728,-157.81799,18,19,Manoa-Palolo,Kaimuki  High School,Non-native,paepae,Vertebrate,Oreochromis mossambicus,Mozambique Tilapia,2,22 to 30,Removed from study site,NA,NA,
9/20/2017,Iolani School,21.28639,-157.81888,21.28728,-157.81799,18,19,Manoa-Palolo,Kaimuki  High School,Non-native,paepae,Vertebrate,Poecilia sphenops,Mexican Molly,13,2 to 6,Removed from study site,NA,NA,
9/20/2017,Iolani School,21.28639,-157.81888,21.28728,-157.81799,18,19,Manoa-Palolo,Kaimuki  High School,Non-native,paepae,Vertebrate,Micropterus dolomieu,Smallmouth Bass,1,6,Removed from study site,NA,NA,
9/20/2017,Iolani School,21.28639,-157.81888,21.28728,-157.81799,18,19,Manoa-Palolo,Kaimuki  High School,Non-native,paepae,Vertebrate,Amatitlania nigrofasciata,Convict Cichlid,1,5,Removed from study site,NA,NA,
9/20/2017,Iolani School,21.28639,-157.81888,21.28728,-157.81799,18,19,Manoa-Palolo,Kaimuki  High School,Native,paepae,Vertebrate,Eleotris sandwicensis,Oopu Akupa,17,5 to 13,Returned live to capture location,NA,NA,
9/20/2017,Iolani School,21.28639,-157.81888,21.28728,-157.81799,18,19,Manoa-Palolo,Kaimuki  High School,Native,paepae,Vertebrate,Stenogobius hawaiiensis,Oopu Naniha,11,4 to 9,Returned live to capture location,NA,NA,
9/20/2017,Iolani School,21.28639,-157.81888,21.28728,-157.81799,18,19,Manoa-Palolo,Kaimuki  High School,Native,paepae,Vertebrate,Kuhlia xenura,Aholehole / Hawaiian Flagtail,23,5 to 12,Returned live to capture location,NA,NA,
9/20/2017,Iolani School,21.28639,-157.81888,21.28728,-157.81799,18,19,Manoa-Palolo,Kaimuki  High School,NA,paepae,TOTAL NATIVES,51,TOTAL NON-NATIVES,156,NA,SUMMARY,48.00,34.60,
9/22/2017,Mililani High School,21.29145,-157.81451,21.29074,-157.81470,39,43,Manoa-Palolo,Manoa-Palolo Confluence,Native,paepae,Vertebrate,Stenogobius hawaiiensis,Oopu Naniha,14,5 to 8,Returned live to capture location,NA,NA,
9/22/2017,Mililani High School,21.29145,-157.81451,21.29074,-157.81470,39,43,Manoa-Palolo,Manoa-Palolo Confluence,Native,paepae,Vertebrate,Eleotris sandwicensis,Oopu Akupa,5,7 to 11,Returned live to capture location,NA,NA,
9/22/2017,Mililani High School,21.29145,-157.81451,21.29074,-157.81470,39,43,Manoa-Palolo,Manoa-Palolo Confluence,Native,paepae,Invertebrate,Macrobrachium grandimanus,Opae Oehaa,5,3 to 5,Returned live to capture location,NA,NA,
9/22/2017,Mililani High School,21.29145,-157.81451,21.29074,-157.81470,39,43,Manoa-Palolo,Manoa-Palolo Confluence,Non-native,paepae,Vertebrate,Poecilia sphenops,Mexican Molly,101,2 to 6,Removed from study site,NA,NA,
9/22/2017,Mililani High School,21.29145,-157.81451,21.29074,-157.81470,39,43,Manoa-Palolo,Manoa-Palolo Confluence,Non-native,paepae,Vertebrate,Poecilia reticulata,Rainbow Guppy,12,2 to 3,Removed from study site,NA,NA,
9/22/2017,Mililani High School,21.29145,-157.81451,21.29074,-157.81470,39,43,Manoa-Palolo,Manoa-Palolo Confluence,Non-native,paepae,Vertebrate,Ancistrus temminckii,Bristlenose / Bushynose Plecostomus,7,5 to 6,Removed from study site,NA,NA,
9/22/2017,Mililani High School,21.29145,-157.81451,21.29074,-157.81470,39,43,Manoa-Palolo,Manoa-Palolo Confluence,Non-native,paepae,Vertebrate,Hypostomus watwata,Suckermouth Catfish / Plecostomus,37,11 to 24,Removed from study site,NA,NA,
9/22/2017,Mililani High School,21.29145,-157.81451,21.29074,-157.81470,39,43,Manoa-Palolo,Manoa-Palolo Confluence,Non-native,paepae,Vertebrate,Micropterus dolomieu,Smallmouth Bass,2,5 to 6,Removed from study site,NA,NA,
9/22/2017,Mililani High School,21.29145,-157.81451,21.29074,-157.81470,39,43,Manoa-Palolo,Manoa-Palolo Confluence,Non-native,paepae,Vertebrate,Amatitlania nigrofasciata,Convict Cichlid,7,4 to 7,Removed from study site,NA,NA,
9/22/2017,Mililani High School,21.29145,-157.81451,21.29074,-157.81470,39,43,Manoa-Palolo,Manoa-Palolo Confluence,Non-native,paepae,Vertebrate,Sarotherodon melanotheron,Black Chin Tilapia,39,4 to 12,Removed from study site,NA,NA,
9/22/2017,Mililani High School,21.29145,-157.81451,21.29074,-157.81470,39,43,Manoa-Palolo,Manoa-Palolo Confluence,Non-native,paepae,Vertebrate,Oreochromis mossambicus,Mozambique Tilapia,38,4 to 9,Removed from study site,NA,NA,
9/22/2017,Mililani High School,21.29145,-157.81451,21.29074,-157.81470,39,43,Manoa-Palolo,Manoa-Palolo Confluence,NA,paepae,TOTAL NATIVES,24,TOTAL NON-NATIVES,243,NA,SUMMARY,18.00,30.90,
9/29/2017,Kaimuki  High School,21.28639,-157.81888,21.28728,-157.81799,18,19,Manoa-Palolo,Kaimuki  High School,Native,paepae,Vertebrate,Kuhlia xenura,Aholehole / Hawaiian Flagtail,1,4,Returned live to capture location,NA,NA,
9/29/2017,Kaimuki  High School,21.28639,-157.81888,21.28728,-157.81799,18,19,Manoa-Palolo,Kaimuki  High School,Native,paepae,Vertebrate,Eleotris sandwicensis,Oopu Akupa,1,8,Returned live to capture location,NA,NA,
9/29/2017,Kaimuki  High School,21.28639,-157.81888,21.28728,-157.81799,18,19,Manoa-Palolo,Kaimuki  High School,Native,paepae,Vertebrate,Stenogobius hawaiiensis,Oopu Naniha,2,5 to 7,Returned live to capture location,NA,NA,
9/29/2017,Kaimuki  High School,21.28639,-157.81888,21.28728,-157.81799,18,19,Manoa-Palolo,Kaimuki  High School,Native,paepae,Invertebrate,Macrobrachium grandimanus,Opae Oehaa,1,4,Returned live to capture location,NA,NA,
9/29/2017,Kaimuki  High School,21.28639,-157.81888,21.28728,-157.81799,18,19,Manoa-Palolo,Kaimuki  High School,Non-native,paepae,Vertebrate,Hypostomus watwata,Suckermouth Catfish / Plecostomus,172,12 to 26,Removed from study site,NA,NA,
9/29/2017,Kaimuki  High School,21.28639,-157.81888,21.28728,-157.81799,18,19,Manoa-Palolo,Kaimuki  High School,Non-native,paepae,Vertebrate,Sarotherodon melanotheron,Black Chin Tilapia,1,11,Removed from study site,NA,NA,
9/29/2017,Kaimuki  High School,21.28639,-157.81888,21.28728,-157.81799,18,19,Manoa-Palolo,Kaimuki  High School,Non-native,paepae,Vertebrate,Oreochromis mossambicus,Mozambique Tilapia,1,6,Removed from study site,NA,NA,
9/29/2017,Kaimuki  High School,21.28639,-157.81888,21.28728,-157.81799,18,19,Manoa-Palolo,Kaimuki  High School,NA,paepae,TOTAL NATIVES,5,TOTAL NON-NATIVES,174,NA,SUMMARY,48.00,38.20,
10/10/2017,Kamehameha Schools,21.31161,-157.80812,21.31353,-157.80647,175,179,Manoa,Manoa Marketplace,Native,paepae,Vertebrate,Awaous stamineus,Oopu Nakea,1,4,Returned live to capture location,NA,NA,
10/10/2017,Kamehameha Schools,21.31161,-157.80812,21.31353,-157.80647,175,179,Manoa,Manoa Marketplace,Non-native,paepae,Vertebrate,Hypostomus watwata,Suckermouth Catfish / Plecostomus,508,6 to 22,Removed from study site,NA,NA,
10/10/2017,Kamehameha Schools,21.31161,-157.80812,21.31353,-157.80647,175,179,Manoa,Manoa Marketplace,Non-native,paepae,Vertebrate,Ancistrus temminckii,Bristlenose / Bushynose Plecostomus,11,3 to 7,Removed from study site,NA,NA,
10/10/2017,Kamehameha Schools,21.31161,-157.80812,21.31353,-157.80647,175,179,Manoa,Manoa Marketplace,Non-native,paepae,Vertebrate,Poecilia sphenops,Mexican Molly,339,2 to 6,Removed from study site,NA,NA,
10/10/2017,Kamehameha Schools,21.31161,-157.80812,21.31353,-157.80647,175,179,Manoa,Manoa Marketplace,Non-native,paepae,Vertebrate,Amatitlania nigrofasciata,Convict Cichlid,5,3 to 4,Removed from study site,NA,NA,
10/10/2017,Kamehameha Schools,21.31161,-157.80812,21.31353,-157.80647,175,179,Manoa,Manoa Marketplace,Non-native,paepae,Vertebrate,Poecilia reticulata,Rainbow Guppy,1,3,Removed from study site,NA,NA,
10/10/2017,Kamehameha Schools,21.31161,-157.80812,21.31353,-157.80647,175,179,Manoa,Manoa Marketplace,Non-native,paepae,Vertebrate,Micropterus dolomieu,Smallmouth Bass,1,5,Removed from study site,NA,NA,
10/10/2017,Kamehameha Schools,21.31161,-157.80812,21.31353,-157.80647,175,179,Manoa,Manoa Marketplace,Non-native,paepae,Invertebrate,Procambarus clarkii,Swamp Crayfish,2,4 to 5,Removed from study site,NA,NA,
10/10/2017,Kamehameha Schools,21.31161,-157.80812,21.31353,-157.80647,175,179,Manoa,Manoa Marketplace,Non-native,paepae,Invertebrate,Neocaridina denticulata sinensis,Japanese Swamp Shrimp,2,2,Removed from study site,NA,NA,
10/10/2017,Kamehameha Schools,21.31161,-157.80812,21.31353,-157.80647,175,179,Manoa,Manoa Marketplace,NA,paepae,TOTAL NATIVES,1,TOTAL NON-NATIVES,869,NA,SUMMARY,40.00,30.90,
10/11/2017,Kamehameha Schools,21.30973,-157.80943,21.31090,-157.80879,168,172,Manoa,Manoa Marketplace,Native,paepae,Vertebrate,Awaous stamineus,Oopu Nakea,1,4,Returned live to capture location,NA,NA,
10/11/2017,Kamehameha Schools,21.30973,-157.80943,21.31090,-157.80879,168,172,Manoa,Manoa Marketplace,Non-native,paepae,Vertebrate,Hypostomus watwata,Suckermouth Catfish / Plecostomus,39,12 to 25,Removed from study site,NA,NA,
10/11/2017,Kamehameha Schools,21.30973,-157.80943,21.31090,-157.80879,168,172,Manoa,Manoa Marketplace,Non-native,paepae,Vertebrate,Ancistrus temminckii,Bristlenose / Bushynose Plecostomus,16,3 to 7,Removed from study site,NA,NA,
10/11/2017,Kamehameha Schools,21.30973,-157.80943,21.31090,-157.80879,168,172,Manoa,Manoa Marketplace,Non-native,paepae,Vertebrate,Micropterus dolomieu,Smallmouth Bass,6,5 to 6,Removed from study site,NA,NA,
10/11/2017,Kamehameha Schools,21.30973,-157.80943,21.31090,-157.80879,168,172,Manoa,Manoa Marketplace,Non-native,paepae,Vertebrate,Amatitlania nigrofasciata,Convict Cichlid,3,3 to 5,Removed from study site,NA,NA,
10/11/2017,Kamehameha Schools,21.30973,-157.80943,21.31090,-157.80879,168,172,Manoa,Manoa Marketplace,Non-native,paepae,Invertebrate,Procambarus clarkii,Swamp Crayfish,2,4 to 6,Removed from study site,NA,NA,
10/11/2017,Kamehameha Schools,21.30973,-157.80943,21.31090,-157.80879,168,172,Manoa,Manoa Marketplace,NA,paepae,TOTAL NATIVES,1,TOTAL NON-NATIVES,66,NA,SUMMARY,8.00,30.90,
10/18/2017,Halau Ku Mana,21.31284,-157.82912,21.31402,-157.82866,250,272,Makiki,Halau Ku Mana,Non-native,paepae,Invertebrate,Corbicula fluminea,Asiatic Clam,3,0.5 to 1,Removed from study site,NA,NA,
10/18/2017,Halau Ku Mana,21.31284,-157.82912,21.31402,-157.82866,250,272,Makiki,Halau Ku Mana,Non-native,paepae,Invertebrate,Melanoides tuberculata,Malaysian Trumpet Snail,5,1 to 1.5,Removed from study site,NA,NA,
10/18/2017,Halau Ku Mana,21.31284,-157.82912,21.31402,-157.82866,250,272,Makiki,Halau Ku Mana,Non-native,paepae,Invertebrate,Neocaridina denticulata sinensis,Japanese Swamp Shrimp,122,1 to 2,Removed from study site,NA,NA,
10/18/2017,Halau Ku Mana,21.31284,-157.82912,21.31402,-157.82866,250,272,Makiki,Halau Ku Mana,Non-native,paepae,Invertebrate,Macrobrachium lar,Tahitian Prawn,1,6,Removed from study site,NA,NA,
10/18/2017,Halau Ku Mana,21.31284,-157.82912,21.31402,-157.82866,250,272,Makiki,Halau Ku Mana,Non-native,paepae,Vertebrate,Ancistrus temminckii,Bristlenose / Bushynose Plecostomus,15,2 to 7,Removed from study site,NA,NA,
10/18/2017,Halau Ku Mana,21.31284,-157.82912,21.31402,-157.82866,250,272,Makiki,Halau Ku Mana,Non-native,paepae,Vertebrate,Poecilia sphenops,Mexican Molly,7,2 to 7,Removed from study site,NA,NA,
10/18/2017,Halau Ku Mana,21.31284,-157.82912,21.31402,-157.82866,250,272,Makiki,Halau Ku Mana,Non-native,paepae,Vertebrate,Poecilia reticulata,Rainbow Guppy,355,2 to 3,Removed from study site,NA,NA,
10/18/2017,Halau Ku Mana,21.31284,-157.82912,21.31402,-157.82866,250,272,Makiki,Halau Ku Mana,Non-native,paepae,Vertebrate,Xiphophorus helleri,Green Swordtail,2,3 to 5,Removed from study site,NA,NA,
10/18/2017,Halau Ku Mana,21.31284,-157.82912,21.31402,-157.82866,250,272,Makiki,Halau Ku Mana,NA,paepae,TOTAL NATIVES,0,TOTAL NON-NATIVES,510,NA,SUMMARY,0.40,27.30,
10/25/2017,Mid-Pacific Institute,21.30973,-157.80943,21.31090,-157.80879,168,172,Manoa,Manoa Marketplace,Non-native,paepae,Vertebrate,Ancistrus temminckii,Bristlenose / Bushynose Plecostomus,18,2 to 8,Removed from study site,NA,NA,
10/25/2017,Mid-Pacific Institute,21.30973,-157.80943,21.31090,-157.80879,168,172,Manoa,Manoa Marketplace,Non-native,paepae,Vertebrate,Hypostomus watwata,Suckermouth Catfish / Plecostomus,395,2 to 30,Removed from study site,NA,NA,
10/25/2017,Mid-Pacific Institute,21.30973,-157.80943,21.31090,-157.80879,168,172,Manoa,Manoa Marketplace,Non-native,paepae,Vertebrate,Poecilia sphenops,Mexican Molly,86,2 to 6,Removed from study site,NA,NA,
10/25/2017,Mid-Pacific Institute,21.30973,-157.80943,21.31090,-157.80879,168,172,Manoa,Manoa Marketplace,NA,paepae,TOTAL NATIVES,0,TOTAL NON-NATIVES,499,NA,SUMMARY,45.00,30.90,
11/1/2017,Mid-Pacific Institute,21.30973,-157.80943,21.31090,-157.80879,168,172,Manoa,Manoa Marketplace,Native,paepae,Vertebrate,Awaous stamineus,Oopu Nakea,1,6,Returned live to capture location,NA,NA,
11/1/2017,Mid-Pacific Institute,21.30973,-157.80943,21.31090,-157.80879,168,172,Manoa,Manoa Marketplace,Non-native,paepae,Vertebrate,Ancistrus temminckii,Bristlenose / Bushynose Plecostomus,9,2 to 8,Removed from study site,NA,NA,
11/1/2017,Mid-Pacific Institute,21.30973,-157.80943,21.31090,-157.80879,168,172,Manoa,Manoa Marketplace,Non-native,paepae,Vertebrate,Hypostomus watwata,Suckermouth Catfish / Plecostomus,302,3 to 28,Removed from study site,NA,NA,
11/1/2017,Mid-Pacific Institute,21.30973,-157.80943,21.31090,-157.80879,168,172,Manoa,Manoa Marketplace,Non-native,paepae,Vertebrate,Poecilia sphenops,Mexican Molly,108,2 to 6,Removed from study site,NA,NA,
11/1/2017,Mid-Pacific Institute,21.30973,-157.80943,21.31090,-157.80879,168,172,Manoa,Manoa Marketplace,Non-native,paepae,Vertebrate,Amatitlania nigrofasciata,Convict Cichlid,3,5 to 6,Removed from study site,NA,NA,
11/1/2017,Mid-Pacific Institute,21.30973,-157.80943,21.31090,-157.80879,168,172,Manoa,Manoa Marketplace,Non-native,paepae,Vertebrate,Procambarus clarkii,Swamp Crayfish,1,6,Removed from study site,NA,NA,
11/1/2017,Mid-Pacific Institute,21.30973,-157.80943,21.31090,-157.80879,168,172,Manoa,Manoa Marketplace,NA,paepae,TOTAL NATIVES,1,TOTAL NON-NATIVES,423,NA,SUMMARY,20.00,30.90,
11/2/2017,Jarrettt Middle School,21.29582,-157.79684,21.29616,-157.79646,171,179,Palolo,Jarrett Middle School,Non-native,paepae,Vertebrate,Poecilia sphenops,Mexican Molly,1774,2 to 5,Removed from study site,NA,NA,
11/2/2017,Jarrettt Middle School,21.29582,-157.79684,21.29616,-157.79646,171,179,Palolo,Jarrett Middle School,Non-native,paepae,Vertebrate,Poecilia reticulata,Rainbow Guppy,45,2 to 3,Removed from study site,NA,NA,
11/2/2017,Jarrettt Middle School,21.29582,-157.79684,21.29616,-157.79646,171,179,Palolo,Jarrett Middle School,Non-native,paepae,Vertebrate,Ancistrus temminckii,Bristlenose / Bushynose Plecostomus,5,2 to 4,Removed from study site,NA,NA,
11/2/2017,Jarrettt Middle School,21.29582,-157.79684,21.29616,-157.79646,171,179,Palolo,Jarrett Middle School,NA,paepae,TOTAL NATIVES,0,TOTAL NON-NATIVES,1824,NA,SUMMARY,3.00,30.90,
11/9/2017,Iolani School,21.29673,-157.81367,21.29845,-157.81390,94,100,Manoa,KanewaiLoi,Non-native,paepae,Vertebrate,Ancistrus temminckii,Bristlenose / Bushynose Plecostomus,2,6 to 7,Removed from study site,NA,NA,
11/9/2017,Iolani School,21.29673,-157.81367,21.29845,-157.81390,94,100,Manoa,KanewaiLoi,Non-native,paepae,Vertebrate,Hypostomus watwata,Suckermouth Catfish / Plecostomus,23,11 to 18,Removed from study site,NA,NA,
11/9/2017,Iolani School,21.29673,-157.81367,21.29845,-157.81390,94,100,Manoa,KanewaiLoi,Non-native,paepae,Vertebrate,Poecilia reticulata,Rainbow Guppy,9,2 to 3,Removed from study site,NA,NA,
11/9/2017,Iolani School,21.29673,-157.81367,21.29845,-157.81390,94,100,Manoa,KanewaiLoi,Non-native,paepae,Vertebrate,Micropterus dolomieu,Smallmouth Bass,1,16,Removed from study site,NA,NA,
11/9/2017,Iolani School,21.29673,-157.81367,21.29845,-157.81390,94,100,Manoa,KanewaiLoi,NA,paepae,TOTAL NATIVES,0,TOTAL NON-NATIVES,35,NA,SUMMARY,2.40,27.30,
11/9/2017,Iolani School,21.30973,-157.80943,21.31090,-157.80879,168,172,Manoa,Manoa Marketplace,Non-native,paepae,Vertebrate,Ancistrus temminckii,Bristlenose / Bushynose Plecostomus,2,4 to 6,Removed from study site,NA,NA,
11/9/2017,Iolani School,21.30973,-157.80943,21.31090,-157.80879,168,172,Manoa,Manoa Marketplace,Non-native,paepae,Vertebrate,Hypostomus watwata,Suckermouth Catfish / Plecostomus,60,4 to 29,Removed from study site,NA,NA,
11/9/2017,Iolani School,21.30973,-157.80943,21.31090,-157.80879,168,172,Manoa,Manoa Marketplace,Non-native,paepae,Vertebrate,Poecilia sphenops,Mexican Molly,13,3 to 6,Removed from study site,NA,NA,
11/9/2017,Iolani School,21.30973,-157.80943,21.31090,-157.80879,168,172,Manoa,Manoa Marketplace,NA,paepae,TOTAL NATIVES,0,TOTAL NON-NATIVES,75,NA,SUMMARY,18.00,30.90,
11/14/2017,Iolani School,21.29271,-157.81340,21.29330,-157.81248,45,48,Manoa,KanewaiField,Non-native,paepae,Vertebrate,Ancistrus temminckii,Bristlenose / Bushynose Plecostomus,8,4 to 7,Removed from study site,NA,NA,
11/14/2017,Iolani School,21.29271,-157.81340,21.29330,-157.81248,45,48,Manoa,KanewaiField,Non-native,paepae,Vertebrate,Amatitlania nigrofasciata,Convict Cichlid,2,6 to 8,Removed from study site,NA,NA,
11/14/2017,Iolani School,21.29271,-157.81340,21.29330,-157.81248,45,48,Manoa,KanewaiField,Non-native,paepae,Vertebrate,Hypostomus watwata,Suckermouth Catfish / Plecostomus,4,8 to 14,Removed from study site,NA,NA,
11/14/2017,Iolani School,21.29271,-157.81340,21.29330,-157.81248,45,48,Manoa,KanewaiField,NA,paepae,TOTAL NATIVES,0,TOTAL NON-NATIVES,14,NA,SUMMARY,0.70,30.90,
11/14/2017,Iolani School,21.31161,-157.80812,21.31353,-157.80647,175,179,Manoa,Manoa Valley District Park,Non-native,paepae,Vertebrate,Hypostomus watwata,Suckermouth Catfish / Plecostomus,11,9 to 28,Removed from study site,NA,NA,
11/14/2017,Iolani School,21.31161,-157.80812,21.31353,-157.80647,175,179,Manoa,Manoa Valley District Park,Non-native,paepae,Vertebrate,Poecilia sphenops,Mexican Molly,1,8,Removed from study site,NA,NA,
11/14/2017,Iolani School,21.31161,-157.80812,21.31353,-157.80647,175,179,Manoa,Manoa Valley District Park,Non-native,paepae,Vertebrate,Micropterus dolomieu,Smallmouth Bass,1,9,Removed from study site,NA,NA,
11/14/2017,Iolani School,21.31161,-157.80812,21.31353,-157.80647,175,179,Manoa,Manoa Valley District Park,Non-native,paepae,Invertebrate,Procambarus clarkii,Swamp Crayfish,1,7,Removed from study site,NA,NA,
11/14/2017,Iolani School,21.31161,-157.80812,21.31353,-157.80647,175,179,Manoa,Manoa Valley District Park,NA,paepae,TOTAL NATIVES,0,TOTAL NON-NATIVES,14,NA,SUMMARY,1.80,27.30,
11/20/2017,Seeqs,21.28639,-157.81888,21.28728,-157.81799,18,19,Manoa-Palolo,Kaimuki  High School,Native,paepae,Vertebrate,Eleotris sandwicensis,Oopu Akupa,12,5 to 12,Returned live to capture location,NA,NA,
11/20/2017,Seeqs,21.28639,-157.81888,21.28728,-157.81799,18,19,Manoa-Palolo,Kaimuki  High School,Native,paepae,Vertebrate,Stenogobius hawaiiensis,Oopu Naniha,16,4 to 8,Returned live to capture location,NA,NA,
11/20/2017,Seeqs,21.28639,-157.81888,21.28728,-157.81799,18,19,Manoa-Palolo,Kaimuki  High School,Native,paepae,Vertebrate,Kuhlia xenura,Aholehole / Hawaiian Flagtail,2,5 to 7,Returned live to capture location,NA,NA,
11/20/2017,Seeqs,21.28639,-157.81888,21.28728,-157.81799,18,19,Manoa-Palolo,Kaimuki  High School,Non-native,paepae,Vertebrate,Amatitlania nigrofasciata,Convict Cichlid,1,8,Removed from study site,NA,NA,
11/20/2017,Seeqs,21.28639,-157.81888,21.28728,-157.81799,18,19,Manoa-Palolo,Kaimuki  High School,Non-native,paepae,Vertebrate,Hypostomus watwata,Suckermouth Catfish / Plecostomus,268,14 to 28,Removed from study site,NA,NA,
11/20/2017,Seeqs,21.28639,-157.81888,21.28728,-157.81799,18,19,Manoa-Palolo,Kaimuki  High School,Non-native,paepae,Vertebrate,Poecilia sphenops,Mexican Molly,6,4 to 7,Removed from study site,NA,NA,
11/20/2017,Seeqs,21.28639,-157.81888,21.28728,-157.81799,18,19,Manoa-Palolo,Kaimuki  High School,Non-native,paepae,Vertebrate,Mugilogobius cavifrons,Mangrove Goby,1,4,Removed from study site,NA,NA,
11/20/2017,Seeqs,21.28639,-157.81888,21.28728,-157.81799,18,19,Manoa-Palolo,Kaimuki  High School,Non-native,paepae,Vertebrate,Sarotherodon melanotheron,Black Chin Tilapia,3,4 to 6,Removed from study site,NA,NA,
11/20/2017,Seeqs,21.28639,-157.81888,21.28728,-157.81799,18,19,Manoa-Palolo,Kaimuki  High School,NA,paepae,TOTAL NATIVES,30,TOTAL NON-NATIVES,279,NA,SUMMARY,54.00,30.90,
12/7/2017,Manoa Elementary ,21.31161,-157.80812,21.31353,-157.80647,175,179,Manoa,Manoa Valley District Park,Non-native,paepae,Vertebrate,Hypostomus watwata,Suckermouth Catfish / Plecostomus,14,2 to 19,Removed from study site,NA,NA,
12/7/2017,Manoa Elementary ,21.31161,-157.80812,21.31353,-157.80647,175,179,Manoa,Manoa Valley District Park,Non-native,paepae,Vertebrate,Ancistrus temminckii,Bristlenose / Bushynose Plecostomus,6,4 to 6,Removed from study site,NA,NA,
12/7/2017,Manoa Elementary ,21.31161,-157.80812,21.31353,-157.80647,175,179,Manoa,Manoa Valley District Park,Non-native,paepae,Vertebrate,Poecilia sphenops,Mexican Molly,2,4 to 5,Removed from study site,NA,NA,
12/7/2017,Manoa Elementary ,21.31161,-157.80812,21.31353,-157.80647,175,179,Manoa,Manoa Valley District Park,Non-native,paepae,Vertebrate,Amatitlania nigrofasciata,Convict Cichlid,2,4 to 5,Removed from study site,NA,NA,
12/7/2017,Manoa Elementary ,21.31161,-157.80812,21.31353,-157.80647,175,179,Manoa,Manoa Valley District Park,Non-native,paepae,Vertebrate,Micropterus dolomieu,Smallmouth Bass,3,6 to 9,Removed from study site,NA,NA,
12/7/2017,Manoa Elementary ,21.31161,-157.80812,21.31353,-157.80647,175,179,Manoa,Manoa Valley District Park,Non-native,paepae,Invertebrate,Procambarus clarkii,Swamp Crayfish,2,5 to 6,Removed from study site,NA,NA,
12/7/2017,Manoa Elementary ,21.31161,-157.80812,21.31353,-157.80647,175,179,Manoa,Manoa Valley District Park,NA,paepae,TOTAL NATIVES,0,TOTAL NON-NATIVES,29,NA,SUMMARY,1.90,27.30,
12/13/2017,Punahou School,21.30793,-157.80914,21.30862,-157.80945,161,168,Manoa,Noelani Elementary,Non-native,paepae,Vertebrate,Ancistrus temminckii,Bristlenose / Bushynose Plecostomus,4,4 to 7,Removed from study site,NA,NA,
12/13/2017,Punahou School,21.30793,-157.80914,21.30862,-157.80945,161,168,Manoa,Noelani Elementary,Non-native,paepae,Vertebrate,Hypostomus watwata,Suckermouth Catfish / Plecostomus,14,2 to 16,Removed from study site,NA,NA,
12/13/2017,Punahou School,21.30793,-157.80914,21.30862,-157.80945,161,168,Manoa,Noelani Elementary,Non-native,paepae,Vertebrate,Amatitlania nigrofasciata,Convict Cichlid,2,3 to 5,Removed from study site,NA,NA,
12/13/2017,Punahou School,21.30793,-157.80914,21.30862,-157.80945,161,168,Manoa,Noelani Elementary,Non-native,paepae,Vertebrate,Poecilia sphenops,Mexican Molly,11,2 to 6,Removed from study site,NA,NA,
12/13/2017,Punahou School,21.30793,-157.80914,21.30862,-157.80945,161,168,Manoa,Noelani Elementary,Non-native,paepae,Vertebrate,Poecilia reticulata,Rainbow Guppy,4,2 to 3,Removed from study site,NA,NA,
12/13/2017,Punahou School,21.30793,-157.80914,21.30862,-157.80945,161,168,Manoa,Noelani Elementary,Non-native,paepae,Vertebrate,Micropterus dolomieu,Smallmouth Bass,1,8,Removed from study site,NA,NA,
12/13/2017,Punahou School,21.30793,-157.80914,21.30862,-157.80945,161,168,Manoa,Noelani Elementary,Non-native,paepae,Invertebrate,Procambarus clarkii,Swamp Crayfish,1,6,Removed from study site,NA,NA,
12/13/2017,Punahou School,21.30793,-157.80914,21.30862,-157.80945,161,168,Manoa,Noelani Elementary,NA,paepae,TOTAL NATIVES,0,TOTAL NON-NATIVES,37,NA,SUMMARY,1.60,27.30,
12/18/2017,Punahou School,21.30973,-157.80943,21.31090,-157.80879,168,172,Manoa,Manoa Marketplace,Non-native,paepae,Vertebrate,Ancistrus temminckii,Bristlenose / Bushynose Plecostomus,6,2 to 10,Removed from study site,NA,NA,
12/18/2017,Punahou School,21.30973,-157.80943,21.31090,-157.80879,168,172,Manoa,Manoa Marketplace,Non-native,paepae,Vertebrate,Hypostomus watwata,Suckermouth Catfish / Plecostomus,160,2 to 30,Removed from study site,NA,NA,
12/18/2017,Punahou School,21.30973,-157.80943,21.31090,-157.80879,168,172,Manoa,Manoa Marketplace,Non-native,paepae,Vertebrate,Poecilia sphenops,Mexican Molly,90,2 to 8,Removed from study site,NA,NA,
12/18/2017,Punahou School,21.30973,-157.80943,21.31090,-157.80879,168,172,Manoa,Manoa Marketplace,NA,paepae,TOTAL NATIVES,0,TOTAL NON-NATIVES,256,NA,SUMMARY,10.00,30.90,
12/21/2017,Iolani School,21.30973,-157.80943,21.31090,-157.80879,168,172,Manoa,Manoa Marketplace,Non-native,paepae,Vertebrate,Ancistrus temminckii,Bristlenose / Bushynose Plecostomus,1,7,Removed from study site,NA,NA,
12/21/2017,Iolani School,21.30973,-157.80943,21.31090,-157.80879,168,172,Manoa,Manoa Marketplace,Non-native,paepae,Vertebrate,Hypostomus watwata,Suckermouth Catfish / Plecostomus,610,6 to 23,Removed from study site,NA,NA,
12/21/2017,Iolani School,21.30973,-157.80943,21.31090,-157.80879,168,172,Manoa,Manoa Marketplace,Non-native,paepae,Vertebrate,Poecilia sphenops,Mexican Molly,13,3 to 6,Removed from study site,NA,NA,
12/21/2017,Iolani School,21.30973,-157.80943,21.31090,-157.80879,168,172,Manoa,Manoa Marketplace,Non-native,paepae,Vertebrate,Micropterus dolomieu,Smallmouth Bass,2,14 to 16,Removed from study site,NA,NA,
12/21/2017,Iolani School,21.30973,-157.80943,21.31090,-157.80879,168,172,Manoa,Manoa Marketplace,NA,paepae,TOTAL NATIVES,0,TOTAL NON-NATIVES,626,NA,SUMMARY,40.00,27.30,
1/12/2018,Myron B Thompson Academy ,21.30973,-157.80943,21.31090,-157.80879,168,172,Manoa,Manoa Marketplace,Non-native,paepae,Vertebrate,Hypostomus watwata,Suckermouth Catfish / Plecostomus,305,3 to 24,Removed from study site,NA,NA,
1/12/2018,Myron B Thompson Academy ,21.30973,-157.80943,21.31090,-157.80879,168,172,Manoa,Manoa Marketplace,Non-native,paepae,Vertebrate,Ancistrus temminckii,Bristlenose / Bushynose Plecostomus,26,2 to 9,Removed from study site,NA,NA,
1/12/2018,Myron B Thompson Academy ,21.30973,-157.80943,21.31090,-157.80879,168,172,Manoa,Manoa Marketplace,Non-native,paepae,Vertebrate,Poecilia sphenops,Mexican Molly,175,2 to 5,Removed from study site,NA,NA,
1/12/2018,Myron B Thompson Academy ,21.30973,-157.80943,21.31090,-157.80879,168,172,Manoa,Manoa Marketplace,Non-native,paepae,Vertebrate,Amatitlania nigrofasciata,Convict Cichlid,3,3 to 5,Removed from study site,NA,NA,
1/12/2018,Myron B Thompson Academy ,21.30973,-157.80943,21.31090,-157.80879,168,172,Manoa,Manoa Marketplace,Non-native,paepae,Invertebrate,Neocaridina denticulata sinensis,Japanese Swamp Shrimp,13,2,Removed from study site,NA,NA,
1/12/2018,Myron B Thompson Academy ,21.30973,-157.80943,21.31090,-157.80879,168,172,Manoa,Manoa Marketplace,Non-native,paepae,Invertebrate,Procambarus clarkii,Swamp Crayfish,3,4 to 6,Removed from study site,NA,NA,
1/12/2018,Myron B Thompson Academy ,21.30973,-157.80943,21.31090,-157.80879,168,172,Manoa,Manoa Marketplace,Non-native,paepae,Invertebrate,Melanoides tuberculata,Malaysian Trumpet Snail,1,2,Removed from study site,NA,NA,
1/12/2018,Myron B Thompson Academy ,21.30973,-157.80943,21.31090,-157.80879,168,172,Manoa,Manoa Marketplace,NA,paepae,TOTAL NATIVES,0,TOTAL NON-NATIVES,526,NA,SUMMARY,19.00,27.30,
1/16/2018,Noelani Elementary,21.30793,-157.80914,21.30862,-157.80945,161,168,Manoa,Noelani Elementary,Native,paepae,Vertebrate,Awaous stamineus,Oopu Nakea,1,10,Returned live to capture location,NA,NA,
1/16/2018,Noelani Elementary,21.30793,-157.80914,21.30862,-157.80945,161,168,Manoa,Noelani Elementary,Non-native,paepae,Vertebrate,Hypostomus watwata,Suckermouth Catfish / Plecostomus,66,3 to 18,Removed from study site,NA,NA,
1/16/2018,Noelani Elementary,21.30793,-157.80914,21.30862,-157.80945,161,168,Manoa,Noelani Elementary,Non-native,paepae,Vertebrate,Ancistrus temminckii,Bristlenose / Bushynose Plecostomus,9,3 to 10,Removed from study site,NA,NA,
1/16/2018,Noelani Elementary,21.30793,-157.80914,21.30862,-157.80945,161,168,Manoa,Noelani Elementary,Non-native,paepae,Vertebrate,Amatitlania nigrofasciata,Convict Cichlid,11,3 to 9,Removed from study site,NA,NA,
1/16/2018,Noelani Elementary,21.30793,-157.80914,21.30862,-157.80945,161,168,Manoa,Noelani Elementary,NA,paepae,TOTAL NATIVES,1,TOTAL NON-NATIVES,86,NA,SUMMARY,3.50,41.80,
1/26/2018,Noelani Elementary,21.29673,-157.81367,21.29845,-157.81390,94,100,Manoa,KanewaiLoi,Non-native,paepae,Vertebrate,Hypostomus watwata,Suckermouth Catfish / Plecostomus,18,12 to 17,Removed from study site,NA,NA,
1/26/2018,Noelani Elementary,21.29673,-157.81367,21.29845,-157.81390,94,100,Manoa,KanewaiLoi,Non-native,paepae,Invertebrate,Procambarus clarkii,Swamp Crayfish,1,1,Removed from study site,NA,NA,
1/26/2018,Noelani Elementary,21.29673,-157.81367,21.29845,-157.81390,94,100,Manoa,KanewaiLoi,NA,paepae,TOTAL NATIVES,0,TOTAL NON-NATIVES,19,NA,SUMMARY,1,30.9,
2/6/2018,University of Hawaii at Manoa -COE,21.31774,-157.82713,21.31819,-157.82698,380,410,Makiki,Kanealole,Non-native,paepae,Invertebrate,Neocaridina denticulata sinensis,Japanese Swamp Shrimp,1097,2,Removed from study site,NA,NA,
2/6/2018,University of Hawaii at Manoa -COE,21.31774,-157.82713,21.31819,-157.82698,380,410,Makiki,Kanealole,Non-native,paepae,Invertebrate,Macrobrachium lar,Tahitian Prawn,6,5 to 15,Removed from study site,NA,NA,
2/6/2018,University of Hawaii at Manoa -COE,21.31774,-157.82713,21.31819,-157.82698,380,410,Makiki,Kanealole,Non-native,paepae,Vertebrate,Poecilia reticulata,Rainbow Guppy,10,2 to 3,Removed from study site,NA,NA,
2/6/2018,University of Hawaii at Manoa -COE,21.31774,-157.82713,21.31819,-157.82698,380,410,Makiki,Kanealole,Non-native,paepae,Vertebrate,Ancistrus temminckii,Bristlenose / Bushynose Plecostomus,1,4,Removed from study site,NA,NA,
2/6/2018,University of Hawaii at Manoa -COE,21.31774,-157.82713,21.31819,-157.82698,380,410,Makiki,Kanealole,NA,paepae,TOTAL NATIVES,0,TOTAL NON-NATIVES,1114,NA,SUMMARY,2.00,27.30,
2/9/2018,Radford High School,21.32826,-157.80093,21.32902,-157.80066,323,340,Manoa,Waihi (USGS Gage),Native,paepae,Vertebrate,Awaous stamineus,Oopu Nakea,1,8,Returned live to capture location,NA,NA,
2/9/2018,Radford High School,21.32826,-157.80093,21.32902,-157.80066,323,340,Manoa,Waihi (USGS Gage),Non-native,paepae,Vertebrate,Ancistrus temminckii,Bristlenose / Bushynose Plecostomus,98,3 to 6,Removed from study site,NA,NA,
2/9/2018,Radford High School,21.32826,-157.80093,21.32902,-157.80066,323,340,Manoa,Waihi (USGS Gage),Non-native,paepae,Vertebrate,Poecilia reticulata,Rainbow Guppy,990,2 to 3,Removed from study site,NA,NA,
2/9/2018,Radford High School,21.32826,-157.80093,21.32902,-157.80066,323,340,Manoa,Waihi (USGS Gage),Non-native,paepae,Vertebrate,Xiphophorus helleri,Green Swordtail,56,3 to 6,Removed from study site,NA,NA,
2/9/2018,Radford High School,21.32826,-157.80093,21.32902,-157.80066,323,340,Manoa,Waihi (USGS Gage),Non-native,paepae,Vertebrate,Poecilia sphenops,Mexican Molly,2,4 to 5,Removed from study site,NA,NA,
2/9/2018,Radford High School,21.32826,-157.80093,21.32902,-157.80066,323,340,Manoa,Waihi (USGS Gage),Non-native,paepae,Invertebrate,Procambarus clarkii,Swamp Crayfish,4,4 to 7,Removed from study site,NA,NA,
2/9/2018,Radford High School,21.32826,-157.80093,21.32902,-157.80066,323,340,Manoa,Waihi (USGS Gage),Non-native,paepae,Invertebrate,Neocaridina denticulata sinensis,Japanese Swamp Shrimp,8,2,Removed from study site,NA,NA,
2/9/2018,Radford High School,21.32826,-157.80093,21.32902,-157.80066,323,340,Manoa,Waihi (USGS Gage),NA,paepae,TOTAL NATIVES,1,TOTAL NON-NATIVES,1158,NA,SUMMARY,1.00,34.60,
2/9/2018,Radford High School,21.32792,-157.79959,21.32748,-157.79980,332,335,Manoa,Waiakeakua (USGS Gage),Non-native,paepae,Vertebrate,Poecilia reticulata,Rainbow Guppy,36,2 to 3,Removed from study site,NA,NA,
2/9/2018,Radford High School,21.32792,-157.79959,21.32748,-157.79980,332,335,Manoa,Waiakeakua (USGS Gage),Non-native,paepae,Vertebrate,Xiphophorus helleri,Green Swordtail,18,3 to 5,Removed from study site,NA,NA,
2/9/2018,Radford High School,21.32792,-157.79959,21.32748,-157.79980,332,335,Manoa,Waiakeakua (USGS Gage),Non-native,paepae,Vertebrate,Ancistrus temminckii,Bristlenose / Bushynose Plecostomus,81,3 to 7,Removed from study site,NA,NA,
2/9/2018,Radford High School,21.32792,-157.79959,21.32748,-157.79980,332,335,Manoa,Waiakeakua (USGS Gage),Non-native,paepae,Vertebrate,Neocaridina denticulata sinensis,Japanese Swamp Shrimp,37,2,Removed from study site,NA,NA,
2/9/2018,Radford High School,21.32792,-157.79959,21.32748,-157.79980,332,335,Manoa,Waiakeakua (USGS Gage),Non-native,paepae,Vertebrate,Procambarus clarkii,Swamp Crayfish,1,5,Removed from study site,NA,NA,
2/9/2018,Radford High School,21.32792,-157.79959,21.32748,-157.79980,332,335,Manoa,Waiakeakua (USGS Gage),NA,paepae,TOTAL NATIVES,0,TOTAL NON-NATIVES,173,NA,SUMMARY,0.50,27.30,
2/23/2018,HokulaniElementary,21.29271,-157.81340,21.29330,-157.81248,45,48,Manoa,KanewaiField,Non-native,paepae,Vertebrate,Ancistrus temminckii,Bristlenose / Bushynose Plecostomus,21,3 to 7,Removed from study site,NA,NA,
2/23/2018,HokulaniElementary,21.29271,-157.81340,21.29330,-157.81248,45,48,Manoa,KanewaiField,Non-native,paepae,Vertebrate,Hypostomus watwata,Suckermouth Catfish / Plecostomus,1,9,Removed from study site,NA,NA,
2/23/2018,HokulaniElementary,21.29271,-157.81340,21.29330,-157.81248,45,48,Manoa,KanewaiField,Non-native,paepae,Vertebrate,Poecilia reticulata,Rainbow Guppy,1,3,Removed from study site,NA,NA,
2/23/2018,HokulaniElementary,21.29271,-157.81340,21.29330,-157.81248,45,48,Manoa,KanewaiField,Non-native,paepae,Vertebrate,Amatitlania nigrofasciata,Convict Cichlid,4,5 to 10,Removed from study site,NA,NA,
2/23/2018,HokulaniElementary,21.29271,-157.81340,21.29330,-157.81248,45,48,Manoa,KanewaiField,NA,paepae,TOTAL NATIVES,0,TOTAL NON-NATIVES,27,NA,SUMMARY,0.50,27.30,
2/27/2018,Haleiwa Elementary,21.31161,-157.80812,21.31353,-157.80647,175,179,Manoa,Manoa Valley District Park,Non-native,paepae,Vertebrate,Hypostomus watwata,Suckermouth Catfish / Plecostomus,3,9 to 24,Removed from study site,NA,NA,
2/27/2018,Haleiwa Elementary,21.31161,-157.80812,21.31353,-157.80647,175,179,Manoa,Manoa Valley District Park,Non-native,paepae,Vertebrate,Ancistrus temminckii,Bristlenose / Bushynose Plecostomus,8,4 to 7,Removed from study site,NA,NA,
2/27/2018,Haleiwa Elementary,21.31161,-157.80812,21.31353,-157.80647,175,179,Manoa,Manoa Valley District Park,NA,paepae,TOTAL NATIVES,0,TOTAL NON-NATIVES,11,NA,SUMMARY,1.20,30.90,
3/2/2018,Hauula Elementary,21.33389,-157.80151,21.33431,-157.80200,497,512,Manoa,Lyon Arboretum,Native,paepae,Vertebrate,Awaous stamineus,Oopu Nakea,2,7 and 8,Returned live to capture location,NA,NA,
3/2/2018,Hauula Elementary,21.33389,-157.80151,21.33431,-157.80200,497,512,Manoa,Lyon Arboretum,Non-native,paepae,Invertebrate,Poecilia reticulata,Rainbow Guppy,11,2 to 3,Removed from study site,NA,NA,
3/2/2018,Hauula Elementary,21.33389,-157.80151,21.33431,-157.80200,497,512,Manoa,Lyon Arboretum,Non-native,paepae,Invertebrate,Xiphophorus helleri,Green Swordtail,2,3 and 4,Removed from study site,NA,NA,
3/2/2018,Hauula Elementary,21.33389,-157.80151,21.33431,-157.80200,497,512,Manoa,Lyon Arboretum,Non-native,paepae,Vertebrate,Ancistrus temminckii,Bristlenose / Bushynose Plecostomus,6,3 to 5,Removed from study site,NA,NA,
3/2/2018,Hauula Elementary,21.33389,-157.80151,21.33431,-157.80200,497,512,Manoa,Lyon Arboretum,Non-native,paepae,Invertebrate,Procambarus clarkii,Swamp Crayfish,4,4 to 6,Removed from study site,NA,NA,
3/2/2018,Hauula Elementary,21.33389,-157.80151,21.33431,-157.80200,497,512,Manoa,Lyon Arboretum,NA,paepae,TOTAL NATIVES,2,TOTAL NON-NATIVES,23,NA,SUMMARY,0.20,38.20,
3/6/2018,Kamehameha Schools,21.30973,-157.80943,21.31090,-157.80879,168,172,Manoa,Manoa Marketplace,Non-native,paepae,Vertebrate,Hypostomus watwata,Suckermouth Catfish / Plecostomus,145,3 to 24,Removed from study site,NA,NA,
3/6/2018,Kamehameha Schools,21.30973,-157.80943,21.31090,-157.80879,168,172,Manoa,Manoa Marketplace,Non-native,paepae,Vertebrate,Ancistrus temminckii,Bristlenose / Bushynose Plecostomus,15,2 to 4,Removed from study site,NA,NA,
3/6/2018,Kamehameha Schools,21.30973,-157.80943,21.31090,-157.80879,168,172,Manoa,Manoa Marketplace,Non-native,paepae,Vertebrate,Poecilia sphenops,Mexican Molly,35,2 to 5,Removed from study site,NA,NA,
3/6/2018,Kamehameha Schools,21.30973,-157.80943,21.31090,-157.80879,168,172,Manoa,Manoa Marketplace,Non-native,paepae,Vertebrate,Poecilia reticulata,Rainbow Guppy,1,3,Removed from study site,NA,NA,
3/6/2018,Kamehameha Schools,21.30973,-157.80943,21.31090,-157.80879,168,172,Manoa,Manoa Marketplace,NA,paepae,TOTAL NATIVES,0,TOTAL NON-NATIVES,196,NA,SUMMARY,22.00,27.30,
3/13/2018,Chicago Latin High School,21.30821,-157.83070,21.30935,-157.83057,144,165,Makiki,Baker Park,Non-native,paepae,Vertebrate,Poecilia reticulata,Rainbow Guppy,58,2 to 3,Removed from study site,NA,NA,
3/13/2018,Chicago Latin High School,21.30821,-157.83070,21.30935,-157.83057,144,165,Makiki,Baker Park,Non-native,paepae,Vertebrate,Xiphophorus helleri,Green Swordtail,1,2 to 4,Removed from study site,NA,NA,
3/13/2018,Chicago Latin High School,21.30821,-157.83070,21.30935,-157.83057,144,165,Makiki,Baker Park,Non-native,paepae,Vertebrate,Ancistrus temminckii,Bristlenose / Bushynose Plecostomus,2,3 to 5,Removed from study site,NA,NA,
3/13/2018,Chicago Latin High School,21.30821,-157.83070,21.30935,-157.83057,144,165,Makiki,Baker Park,Non-native,paepae,Vertebrate,Amatitlania nigrofasciata,Convict Cichlid,9,4 to 6,Removed from study site,NA,NA,
3/13/2018,Chicago Latin High School,21.30821,-157.83070,21.30935,-157.83057,144,165,Makiki,Baker Park,Non-native,paepae,Invertebrate,Macrobrachium lar,Tahitian Prawn,6,6 ot 7,Removed from study site,NA,NA,
3/13/2018,Chicago Latin High School,21.30821,-157.83070,21.30935,-157.83057,144,165,Makiki,Baker Park,Non-native,paepae,Invertebrate,Neocaridina denticulata sinensis,Japanese Swamp Shrimp,3,2 to 3,Removed from study site,NA,NA,
3/13/2018,Chicago Latin High School,21.30821,-157.83070,21.30935,-157.83057,144,165,Makiki,Baker Park,Non-native,paepae,Invertebrate,Melanoides tuberculata,Malaysian Trumpet Snail,2,2,Removed from study site,NA,NA,
3/13/2018,Chicago Latin High School,21.30821,-157.83070,21.30935,-157.83057,144,165,Makiki,Baker Park,Non-native,paepae,Invertebrate,Corbicula fluminea,Asiatic Clam,12,1 to 2,Removed from study site,NA,NA,
3/13/2018,Chicago Latin High School,21.30821,-157.83070,21.30935,-157.83057,144,165,Makiki,Baker Park,NA,paepae,TOTAL NATIVES,0,TOTAL NON-NATIVES,93,NA,SUMMARY,0.30,27.30,
3/16/2018,University of Hawaii at Manoa - NREM,21.29145,-157.81451,21.29074,-157.81470,39,43,Manoa-Palolo,Manoa-Palolo Confluence,Non-native,paepae,Vertebrate,Sarotherodon melanotheron,Black Chin Tilapia,2,"10, 5",Removed from study site,NA,NA,
3/16/2018,University of Hawaii at Manoa - NREM,21.29145,-157.81451,21.29074,-157.81470,39,43,Manoa-Palolo,Manoa-Palolo Confluence,Native,paepae,Vertebrate,Kuhlia xenura,Aholehole / Hawaiian Flagtail,4,7 to 9,Returned live to capture location,NA,NA,
3/16/2018,University of Hawaii at Manoa - NREM,21.29145,-157.81451,21.29074,-157.81470,39,43,Manoa-Palolo,Manoa-Palolo Confluence,Non-native,paepae,Vertebrate,Hypostomus watwata,Suckermouth Catfish / Plecostomus,39,15 to 24,Removed from study site,NA,NA,
3/16/2018,University of Hawaii at Manoa - NREM,21.29145,-157.81451,21.29074,-157.81470,39,43,Manoa-Palolo,Manoa-Palolo Confluence,Non-native,paepae,Vertebrate,Poecilia reticulata,Rainbow Guppy,1,3,Removed from study site,NA,NA,
3/16/2018,University of Hawaii at Manoa - NREM,21.29145,-157.81451,21.29074,-157.81470,39,43,Manoa-Palolo,Manoa-Palolo Confluence,NA,paepae,TOTAL NATIVES,4,TOTAL NON-NATIVES,42,NA,SUMMARY,8.50,34.50,
3/21/2018,University of Hawaii at Manoa - NREM,21.28639,-157.81888,21.28728,-157.81799,18,19,Manoa-Palolo,Kaimuki  High School,Native,paepae,Vertebrate,Stenogobius hawaiiensis,Oopu Naniha,1,6,Returned live to capture location,NA,NA,
3/21/2018,University of Hawaii at Manoa - NREM,21.28639,-157.81888,21.28728,-157.81799,18,19,Manoa-Palolo,Kaimuki  High School,Native,paepae,Vertebrate,Eleotris sandwicensis,Oopu Akupa,48,4 to 12,Returned live to capture location,NA,NA,
3/21/2018,University of Hawaii at Manoa - NREM,21.28639,-157.81888,21.28728,-157.81799,18,19,Manoa-Palolo,Kaimuki  High School,Native,paepae,Vertebrate,Kuhlia xenura,Aholehole / Hawaiian Flagtail,22,3 to 7,Returned live to capture location,NA,NA,
3/21/2018,University of Hawaii at Manoa - NREM,21.28639,-157.81888,21.28728,-157.81799,18,19,Manoa-Palolo,Kaimuki  High School,Native,paepae,Vertebrate,Mugil cephalus,Amaama / Striped Mullet,1,4,Removed from study site,NA,NA,
3/21/2018,University of Hawaii at Manoa - NREM,21.28639,-157.81888,21.28728,-157.81799,18,19,Manoa-Palolo,Kaimuki  High School,Non-native,paepae,Vertebrate,Hypostomus watwata,Suckermouth Catfish / Plecostomus,66,11 to 22,Removed from study site,NA,NA,
3/21/2018,University of Hawaii at Manoa - NREM,21.28639,-157.81888,21.28728,-157.81799,18,19,Manoa-Palolo,Kaimuki  High School,Non-native,paepae,Vertebrate,Sarotherodon melanotheron,Black Chin Tilapia,6,2 to 9,Removed from study site,NA,NA,
3/21/2018,University of Hawaii at Manoa - NREM,21.28639,-157.81888,21.28728,-157.81799,18,19,Manoa-Palolo,Kaimuki  High School,Non-native,paepae,Vertebrate,Poecilia sphenops,Mexican Molly,7,4 to 6,Removed from study site,NA,NA,
3/21/2018,University of Hawaii at Manoa - NREM,21.28639,-157.81888,21.28728,-157.81799,18,19,Manoa-Palolo,Kaimuki  High School,Non-native,paepae,Vertebrate,Amatitlania nigrofasciata,Convict Cichlid,3,4 to 5,Removed from study site,NA,NA,
3/21/2018,University of Hawaii at Manoa - NREM,21.28639,-157.81888,21.28728,-157.81799,18,19,Manoa-Palolo,Kaimuki  High School,NA,paepae,TOTAL NATIVES,72,TOTAL NON-NATIVES,82,NA,SUMMARY,19.00,38.20,
4/5/2018,University of Hawaii at Manoa -   OCN,21.28810,-157.80568,21.28901,-157.80470,111,115,Palolo,Saint Louis Field,Native,paepae,Vertebrate,Awaous stamineus,Oopu Nakea,3,"3, 3, 12",Returned live to capture location,NA,NA,
4/5/2018,University of Hawaii at Manoa -   OCN,21.28810,-157.80568,21.28901,-157.80470,111,115,Palolo,Saint Louis Field,Non-native,paepae,Vertebrate,Poecilia sphenops,Mexican Molly,126,2 to 5,Removed from study site,NA,NA,
4/5/2018,University of Hawaii at Manoa -   OCN,21.28810,-157.80568,21.28901,-157.80470,111,115,Palolo,Saint Louis Field,Non-native,paepae,Vertebrate,Ancistrus temminckii,Bristlenose / Bushynose Plecostomus,10,3 to 5,Removed from study site,NA,NA,
4/5/2018,University of Hawaii at Manoa -   OCN,21.28810,-157.80568,21.28901,-157.80470,111,115,Palolo,Saint Louis Field,Non-native,paepae,Vertebrate,Poecilia reticulata,Rainbow Guppy,12,2 to 3,Removed from study site,NA,NA,
4/5/2018,University of Hawaii at Manoa -   OCN,21.28810,-157.80568,21.28901,-157.80470,111,115,Palolo,Saint Louis Field,Non-native,paepae,Vertebrate,Gambusia affinis,Mosquitofish,3,3 to 4,Removed from study site,NA,NA,
4/5/2018,University of Hawaii at Manoa -   OCN,21.28810,-157.80568,21.28901,-157.80470,111,115,Palolo,Saint Louis Field,Non-native,paepae,Vertebrate,Oreochromis mossambicus,Mozambique Tilapia,4,3 to 10,Removed from study site,NA,NA,
4/5/2018,University of Hawaii at Manoa -   OCN,21.28810,-157.80568,21.28901,-157.80470,111,115,Palolo,Saint Louis Field,Non-native,paepae,Vertebrate,Amatitlania nigrofasciata,Convict Cichlid,9,3 to 5,Removed from study site,NA,NA,
4/5/2018,University of Hawaii at Manoa -   OCN,21.28810,-157.80568,21.28901,-157.80470,111,115,Palolo,Saint Louis Field,NA,paepae,TOTAL NATIVES,3,TOTAL NON-NATIVES,164,NA,SUMMARY,1.20,34.50,
4/6/2018,Iolani School,21.28639,-157.81888,21.28728,-157.81799,18,19,Manoa-Palolo,Kaimuki  High School,Native,paepae,Vertebrate,Eleotris sandwicensis,Oopu Akupa,23,4 to 11,Returned live to capture location,NA,NA,
4/6/2018,Iolani School,21.28639,-157.81888,21.28728,-157.81799,18,19,Manoa-Palolo,Kaimuki  High School,Native,paepae,Vertebrate,Kuhlia xenura,Aholehole / Hawaiian Flagtail,11,2 to 10,Returned live to capture location,NA,NA,
4/6/2018,Iolani School,21.28639,-157.81888,21.28728,-157.81799,18,19,Manoa-Palolo,Kaimuki  High School,Native,paepae,Vertebrate,Stenogobius hawaiiensis,Oopu Naniha,2,"3, 5",Returned live to capture location,NA,NA,
4/6/2018,Iolani School,21.28639,-157.81888,21.28728,-157.81799,18,19,Manoa-Palolo,Kaimuki  High School,Non-native,paepae,Vertebrate,Hypostomus watwata,Suckermouth Catfish / Plecostomus,60,13 to 20,Removed from study site,NA,NA,
4/6/2018,Iolani School,21.28639,-157.81888,21.28728,-157.81799,18,19,Manoa-Palolo,Kaimuki  High School,Non-native,paepae,Vertebrate,Poecilia sphenops,Mexican Molly,5,4 to 5,Removed from study site,NA,NA,
4/6/2018,Iolani School,21.28639,-157.81888,21.28728,-157.81799,18,19,Manoa-Palolo,Kaimuki  High School,NA,paepae,TOTAL NATIVES,36,TOTAL NON-NATIVES,65,NA,SUMMARY,20.00,41.80,
4/10/2018,Kaimuki  High School,21.28639,-157.81888,21.28728,-157.81799,18,19,Manoa-Palolo,Kaimuki  High School,Native,paepae,Vertebrate,Eleotris sandwicensis,Oopu Akupa,22,5 to 11,Returned live to capture location,NA,NA,
4/10/2018,Kaimuki  High School,21.28639,-157.81888,21.28728,-157.81799,18,19,Manoa-Palolo,Kaimuki  High School,Native,paepae,Vertebrate,Kuhlia xenura,Aholehole / Hawaiian Flagtail,6,2 to 5,Returned live to capture location,NA,NA,
4/10/2018,Kaimuki  High School,21.28639,-157.81888,21.28728,-157.81799,18,19,Manoa-Palolo,Kaimuki  High School,Native,paepae,Vertebrate,Stenogobius hawaiiensis,Oopu Naniha,1,3,Returned live to capture location,NA,NA,
4/10/2018,Kaimuki  High School,21.28639,-157.81888,21.28728,-157.81799,18,19,Manoa-Palolo,Kaimuki  High School,Native,paepae,Vertebrate,Mugil cephalus,Amaama / Striped Mullet,1,4,Returned live to capture location,NA,NA,
4/10/2018,Kaimuki  High School,21.28639,-157.81888,21.28728,-157.81799,18,19,Manoa-Palolo,Kaimuki  High School,Non-native,paepae,Vertebrate,Hypostomus watwata,Suckermouth Catfish / Plecostomus,28,13 to 18,Removed from study site,NA,NA,
4/10/2018,Kaimuki  High School,21.28639,-157.81888,21.28728,-157.81799,18,19,Manoa-Palolo,Kaimuki  High School,Non-native,paepae,Vertebrate,Ancistrus temminckii,Bristlenose / Bushynose Plecostomus,1,5,Removed from study site,NA,NA,
4/10/2018,Kaimuki  High School,21.28639,-157.81888,21.28728,-157.81799,18,19,Manoa-Palolo,Kaimuki  High School,Non-native,paepae,Vertebrate,Poecilia sphenops,Mexican Molly,2,5,Removed from study site,NA,NA,
4/10/2018,Kaimuki  High School,21.28639,-157.81888,21.28728,-157.81799,18,19,Manoa-Palolo,Kaimuki  High School,Non-native,paepae,Vertebrate,Sarotherodon melanotheron,Black Chin Tilapia,5,3 to 4,Removed from study site,NA,NA,
4/10/2018,Kaimuki  High School,21.28639,-157.81888,21.28728,-157.81799,18,19,Manoa-Palolo,Kaimuki  High School,NA,paepae,TOTAL NATIVES,30,TOTAL NON-NATIVES,36,NA,SUMMARY,10.00,41.80,
4/13/2018,University Laboratory School,21.30460,-157.79045,21.30500,-157.78978,309,333,Palolo,Anuenue School,Native,paepae,Vertebrate,Awaous stamineus,Oopu Nakea,1,10,Returned live to capture location,NA,NA,
4/13/2018,University Laboratory School,21.30460,-157.79045,21.30500,-157.78978,309,333,Palolo,Anuenue School,Non-native,paepae,Vertebrate,Poecilia reticulata,Rainbow Guppy,15,2 to 3,Removed from study site,NA,NA,
4/13/2018,University Laboratory School,21.30460,-157.79045,21.30500,-157.78978,309,333,Palolo,Anuenue School,Non-native,paepae,Vertebrate,Poecilia sphenops,Mexican Molly,32,2 to 5,Removed from study site,NA,NA,
4/13/2018,University Laboratory School,21.30460,-157.79045,21.30500,-157.78978,309,333,Palolo,Anuenue School,Non-native,paepae,Vertebrate,Xiphophorus helleri,Green Swordtail,2,4,Removed from study site,NA,NA,
4/13/2018,University Laboratory School,21.30460,-157.79045,21.30500,-157.78978,309,333,Palolo,Anuenue School,Non-native,paepae,Vertebrate,Ancistrus temminckii,Bristlenose / Bushynose Plecostomus,158,3 to 5,Removed from study site,NA,NA,
4/13/2018,University Laboratory School,21.30460,-157.79045,21.30500,-157.78978,309,333,Palolo,Anuenue School,NA,paepae,TOTAL NATIVES,1,TOTAL NON-NATIVES,207,NA,SUMMARY,1.10,38.20,
4/13/2018,University Laboratory School,21.30050,-157.79218,21.30094,-157.79126,268,280,Palolo,Palolo Elementary,Native,paepae,Vertebrate,Awaous stamineus,Oopu Nakea,1,3,Returned live to capture location,NA,NA,
4/13/2018,University Laboratory School,21.30050,-157.79218,21.30094,-157.79126,268,280,Palolo,Palolo Elementary,Non-native,paepae,Vertebrate,Poecilia reticulata,Rainbow Guppy,275,2 to 3,Removed from study site,NA,NA,
4/13/2018,University Laboratory School,21.30050,-157.79218,21.30094,-157.79126,268,280,Palolo,Palolo Elementary,Non-native,paepae,Vertebrate,Poecilia sphenops,Mexican Molly,27,2 to 4,Removed from study site,NA,NA,
4/13/2018,University Laboratory School,21.30050,-157.79218,21.30094,-157.79126,268,280,Palolo,Palolo Elementary,Non-native,paepae,Vertebrate,Xiphophorus helleri,Green Swordtail,13,3 to 5,Removed from study site,NA,NA,
4/13/2018,University Laboratory School,21.30050,-157.79218,21.30094,-157.79126,268,280,Palolo,Palolo Elementary,Non-native,paepae,Vertebrate,Ancistrus temminckii,Bristlenose / Bushynose Plecostomus,47,3 to 5,Removed from study site,NA,NA,
4/13/2018,University Laboratory School,21.30050,-157.79218,21.30094,-157.79126,268,280,Palolo,Palolo Elementary,Non-native,paepae,Vertebrate,Clarias fuscus,Chinese Catfish,1,14,Removed from study site,NA,NA,
4/13/2018,University Laboratory School,21.30050,-157.79218,21.30094,-157.79126,268,280,Palolo,Palolo Elementary,NA,paepae,TOTAL NATIVES,1,TOTAL NON-NATIVES,363,NA,SUMMARY,0.40,30.90,
4/24/2018,Jarrettt Middle School,21.28639,-157.81888,21.28728,-157.81799,18,19,Manoa-Palolo,Kaimuki  High School,Native,paepae,Vertebrate,Eleotris sandwicensis,Oopu Akupa,32,5 to 13,Returned live to capture location,NA,NA,
4/24/2018,Jarrettt Middle School,21.28639,-157.81888,21.28728,-157.81799,18,19,Manoa-Palolo,Kaimuki  High School,Native,paepae,Vertebrate,Kuhlia xenura,Aholehole / Hawaiian Flagtail,11,3 to 7,Returned live to capture location,NA,NA,
4/24/2018,Jarrettt Middle School,21.28639,-157.81888,21.28728,-157.81799,18,19,Manoa-Palolo,Kaimuki  High School,Native,paepae,Vertebrate,Stenogobius hawaiiensis,Oopu Naniha,1,3,Returned live to capture location,NA,NA,
4/24/2018,Jarrettt Middle School,21.28639,-157.81888,21.28728,-157.81799,18,19,Manoa-Palolo,Kaimuki  High School,Non-native,paepae,Vertebrate,Andinoacara rivulatus,Green Terror Cichlid,1,15,Removed from study site,NA,NA,
4/24/2018,Jarrettt Middle School,21.28639,-157.81888,21.28728,-157.81799,18,19,Manoa-Palolo,Kaimuki  High School,Non-native,paepae,Vertebrate,Hypostomus watwata,Suckermouth Catfish / Plecostomus,9,12 to 20,Removed from study site,NA,NA,
4/24/2018,Jarrettt Middle School,21.28639,-157.81888,21.28728,-157.81799,18,19,Manoa-Palolo,Kaimuki  High School,Non-native,paepae,Vertebrate,Amatitlania nigrofasciata,Convict Cichlid,2,4,Removed from study site,NA,NA,
4/24/2018,Jarrettt Middle School,21.28639,-157.81888,21.28728,-157.81799,18,19,Manoa-Palolo,Kaimuki  High School,Non-native,paepae,Vertebrate,Poecilia sphenops,Mexican Molly,3,4 to 5,Removed from study site,NA,NA,
4/24/2018,Jarrettt Middle School,21.28639,-157.81888,21.28728,-157.81799,18,19,Manoa-Palolo,Kaimuki  High School,Non-native,paepae,Vertebrate,Sarotherodon melanotheron,Black Chin Tilapia,4,3 to 8,Removed from study site,NA,NA,
4/24/2018,Jarrettt Middle School,21.28639,-157.81888,21.28728,-157.81799,18,19,Manoa-Palolo,Kaimuki  High School,NA,paepae,TOTAL NATIVES,44,TOTAL NON-NATIVES,19,NA,SUMMARY,2.00,38.20,
4/25/2018,Kamehameha Schools,21.30973,-157.80943,21.31090,-157.80879,168,172,Manoa,Manoa Marketplace,Non-native,paepae,Vertebrate,Hypostomus watwata,Suckermouth Catfish / Plecostomus,101,4 to 28,Removed from study site,NA,NA,
4/25/2018,Kamehameha Schools,21.30973,-157.80943,21.31090,-157.80879,168,172,Manoa,Manoa Marketplace,Non-native,paepae,Vertebrate,Ancistrus temminckii,Bristlenose / Bushynose Plecostomus,17,2 to 5,Removed from study site,NA,NA,
4/25/2018,Kamehameha Schools,21.30973,-157.80943,21.31090,-157.80879,168,172,Manoa,Manoa Marketplace,Non-native,paepae,Vertebrate,Poecilia sphenops,Mexican Molly,31,2 to 5,Removed from study site,NA,NA,
4/25/2018,Kamehameha Schools,21.30973,-157.80943,21.31090,-157.80879,168,172,Manoa,Manoa Marketplace,Non-native,paepae,Vertebrate,Sarotherodon melanotheron,Black Chin Tilapia,1,4,Removed from study site,NA,NA,
4/25/2018,Kamehameha Schools,21.30973,-157.80943,21.31090,-157.80879,168,172,Manoa,Manoa Marketplace,NA,paepae,TOTAL NATIVES,0,TOTAL NON-NATIVES,150,NA,SUMMARY,6.00,27.30,
4/26/2018,Hawaii Baptist Academy,21.29582,-157.79684,21.29616,-157.79646,171,179,Palolo,Jarrett Middle School,Non-native,paepae,Vertebrate,Ancistrus temminckii,Bristlenose / Bushynose Plecostomus,15,3 to 5,Removed from study site,NA,NA,
4/26/2018,Hawaii Baptist Academy,21.29582,-157.79684,21.29616,-157.79646,171,179,Palolo,Jarrett Middle School,Non-native,paepae,Vertebrate,Poecilia sphenops,Mexican Molly,26,1.5 to 6,Removed from study site,NA,NA,
4/26/2018,Hawaii Baptist Academy,21.29582,-157.79684,21.29616,-157.79646,171,179,Palolo,Jarrett Middle School,NA,paepae,TOTAL NATIVES,0,TOTAL NON-NATIVES,41,NA,SUMMARY,0.10,30.90,
5/11/2018,Palolo Elementary ,21.29582,-157.79684,21.29616,-157.79646,171,179,Palolo,Jarrett Middle School,Non-native,paepae,Vertebrate,Ancistrus temminckii,Bristlenose / Bushynose Plecostomus,52,2 to 4,Removed from study site,NA,NA,
5/11/2018,Palolo Elementary ,21.29582,-157.79684,21.29616,-157.79646,171,179,Palolo,Jarrett Middle School,Non-native,paepae,Vertebrate,Poecilia sphenops,Mexican Molly,81,2 to 5,Removed from study site,NA,NA,
5/11/2018,Palolo Elementary ,21.29582,-157.79684,21.29616,-157.79646,171,179,Palolo,Jarrett Middle School,Non-native,paepae,Vertebrate,Poecilia reticulata,Rainbow Guppy,4,2 to 3,Removed from study site,NA,NA,
5/11/2018,Palolo Elementary ,21.29582,-157.79684,21.29616,-157.79646,171,179,Palolo,Jarrett Middle School,Non-native,paepae,Vertebrate,Procambarus clarkii,Swamp Crayfish,1,6,Removed from study site,NA,NA,
5/11/2018,Palolo Elementary ,21.29582,-157.79684,21.29616,-157.79646,171,179,Palolo,Jarrett Middle School,NA,paepae,TOTAL NATIVES,0,TOTAL NON-NATIVES,138,NA,SUMMARY,0.10,27.30,
5/18/2018,Punahou School,21.30821,-157.83070,21.30935,-157.83057,144,165,Makiki,Baker Park,Non-native,paepae,Vertebrate,Poecilia sphenops,Mexican Molly,1,3,Removed from study site,NA,NA,
5/18/2018,Punahou School,21.30821,-157.83070,21.30935,-157.83057,144,165,Makiki,Baker Park,Non-native,paepae,Vertebrate,Poecilia reticulata,Rainbow Guppy,28,2 to 3,Removed from study site,NA,NA,
5/18/2018,Punahou School,21.30821,-157.83070,21.30935,-157.83057,144,165,Makiki,Baker Park,Non-native,paepae,Vertebrate,Amatitlania nigrofasciata,Convict Cichlid,13,3 to 6,Removed from study site,NA,NA,
5/18/2018,Punahou School,21.30821,-157.83070,21.30935,-157.83057,144,165,Makiki,Baker Park,Non-native,paepae,Vertebrate,Ancistrus temminckii,Bristlenose / Bushynose Plecostomus,4,3 to 5,Removed from study site,NA,NA,
5/18/2018,Punahou School,21.30821,-157.83070,21.30935,-157.83057,144,165,Makiki,Baker Park,Non-native,paepae,Invertebrate,Macrobrachium lar,Tahitian Prawn,6,3 to 12,Removed from study site,NA,NA,
5/18/2018,Punahou School,21.30821,-157.83070,21.30935,-157.83057,144,165,Makiki,Baker Park,Non-native,paepae,Invertebrate,Melanoides tuberculata,Malaysian Trumpet Snail,1,2,Removed from study site,NA,NA,
5/18/2018,Punahou School,21.30821,-157.83070,21.30935,-157.83057,144,165,Makiki,Baker Park,NA,paepae,TOTAL NATIVES,0,TOTAL NON-NATIVES,53,NA,SUMMARY,0.20,27.30,
5/18/2018,Punahou School,21.31284,-157.82912,21.31402,-157.82866,250,272,Makiki,Halau Ku Mana,Native,paepae,Vertebrate,Awaous stamineus,Oopu Nakea,1,7,Returned live to capture location,NA,NA,
5/18/2018,Punahou School,21.31284,-157.82912,21.31402,-157.82866,250,272,Makiki,Halau Ku Mana,Non-native,paepae,Vertebrate,Poecilia sphenops,Mexican Molly,11,3 to 5,Removed from study site,NA,NA,
5/18/2018,Punahou School,21.31284,-157.82912,21.31402,-157.82866,250,272,Makiki,Halau Ku Mana,Non-native,paepae,Vertebrate,Poecilia reticulata,Rainbow Guppy,29,2 to 3,Removed from study site,NA,NA,
5/18/2018,Punahou School,21.31284,-157.82912,21.31402,-157.82866,250,272,Makiki,Halau Ku Mana,Non-native,paepae,Vertebrate,Xiphophorus helleri,Green Swordtail,4,3 to 4,Removed from study site,NA,NA,
5/18/2018,Punahou School,21.31284,-157.82912,21.31402,-157.82866,250,272,Makiki,Halau Ku Mana,Non-native,paepae,Vertebrate,Ancistrus temminckii,Bristlenose / Bushynose Plecostomus,2,2 to 3,Removed from study site,NA,NA,
5/18/2018,Punahou School,21.31284,-157.82912,21.31402,-157.82866,250,272,Makiki,Halau Ku Mana,Non-native,paepae,Invertebrate,Macrobrachium lar,Tahitian Prawn,6,4 to 8,Removed from study site,NA,NA,
5/18/2018,Punahou School,21.31284,-157.82912,21.31402,-157.82866,250,272,Makiki,Halau Ku Mana,Non-native,paepae,Invertebrate,Neocaridina denticulata sinensis,Japanese Swamp Shrimp,1,2,Removed from study site,NA,NA,
5/18/2018,Punahou School,21.31284,-157.82912,21.31402,-157.82866,250,272,Makiki,Halau Ku Mana,Non-native,paepae,Invertebrate,Corbicula fluminea,Asiatic Clam,4,0.5-1.5,Removed from study site,NA,NA,
5/18/2018,Punahou School,21.31284,-157.82912,21.31402,-157.82866,250,272,Makiki,Halau Ku Mana,Non-native,paepae,Invertebrate,Melanoides tuberculata,Malaysian Trumpet Snail,1,2,Removed from study site,NA,NA,
5/18/2018,Punahou School,21.31284,-157.82912,21.31402,-157.82866,250,272,Makiki,Halau Ku Mana,NA,paepae,TOTAL NATIVES,1,TOTAL NON-NATIVES,58,NA,SUMMARY,0.1,30.9,
6/15/2018,Iolani School,21.30973,-157.80943,21.31090,-157.80879,168,172,Manoa,Manoa Marketplace,Non-native,paepae,Vertebrate,Hypostomus watwata,Suckermouth Catfish / Plecostomus,171,3 to 21,Removed from study site,NA,NA,
6/15/2018,Iolani School,21.30973,-157.80943,21.31090,-157.80879,168,172,Manoa,Manoa Marketplace,Non-native,paepae,Vertebrate,Poecilia sphenops,Mexican Molly,17,2 to 5,Removed from study site,NA,NA,
6/15/2018,Iolani School,21.30973,-157.80943,21.31090,-157.80879,168,172,Manoa,Manoa Marketplace,Non-native,paepae,Vertebrate,Ancistrus temminckii,Bristlenose / Bushynose Plecostomus,30,2 to 8,Removed from study site,NA,NA,
6/15/2018,Iolani School,21.30973,-157.80943,21.31090,-157.80879,168,172,Manoa,Manoa Marketplace,NA,paepae,TOTAL NATIVES,0,TOTAL NON-NATIVES,218,NA,SUMMARY,25.00,30.90,
6/22/2018,Iolani School - Ka'i Program,21.28639,-157.81888,21.28728,-157.81799,18,19,Manoa-Palolo,Kaimuki  High School,Native,paepae,Vertebrate,Stenogobius hawaiiensis,Oopu Naniha,14,4 to 6,Returned live to capture location,NA,NA,
6/22/2018,Iolani School - Ka'i Program,21.28639,-157.81888,21.28728,-157.81799,18,19,Manoa-Palolo,Kaimuki  High School,Native,paepae,Vertebrate,Eleotris sandwicensis,Oopu Akupa,8,5 to 11,Returned live to capture location,NA,NA,
6/22/2018,Iolani School - Ka'i Program,21.28639,-157.81888,21.28728,-157.81799,18,19,Manoa-Palolo,Kaimuki  High School,Native,paepae,Vertebrate,Kuhlia xenura,Aholehole / Hawaiian Flagtail,13,3 to 5,Returned live to capture location,NA,NA,
6/22/2018,Iolani School - Ka'i Program,21.28639,-157.81888,21.28728,-157.81799,18,19,Manoa-Palolo,Kaimuki  High School,Non-native,paepae,Vertebrate,Sarotherodon melanotheron,Black Chin Tilapia,5,3 to 7,Removed from study site,NA,NA,
6/22/2018,Iolani School - Ka'i Program,21.28639,-157.81888,21.28728,-157.81799,18,19,Manoa-Palolo,Kaimuki  High School,Non-native,paepae,Vertebrate,Hypostomus watwata,Suckermouth Catfish / Plecostomus,142,11 to 22,Removed from study site,NA,NA,
6/22/2018,Iolani School - Ka'i Program,21.28639,-157.81888,21.28728,-157.81799,18,19,Manoa-Palolo,Kaimuki  High School,Non-native,paepae,Vertebrate,Poecilia sphenops,Mexican Molly,2,5 to 6,Removed from study site,NA,NA,
6/22/2018,Iolani School - Ka'i Program,21.28639,-157.81888,21.28728,-157.81799,18,19,Manoa-Palolo,Kaimuki  High School,NA,paepae,TOTAL NATIVES,35,TOTAL NON-NATIVES,149,NA,SUMMARY,22.00,38.20,
6/27/2018,University Laboratory School,21.32826,-157.80093,21.32902,-157.80066,323,340,Manoa,Waihi (USGS Gage),Non-native,paepae,Vertebrate,Poecilia reticulata,Rainbow Guppy,102,2 to 4,Removed from study site,NA,NA,
6/27/2018,University Laboratory School,21.32826,-157.80093,21.32902,-157.80066,323,340,Manoa,Waihi (USGS Gage),Non-native,paepae,Vertebrate,Xiphophorus helleri,Green Swordtail,2,3 to 5,Removed from study site,NA,NA,
6/27/2018,University Laboratory School,21.32826,-157.80093,21.32902,-157.80066,323,340,Manoa,Waihi (USGS Gage),Non-native,paepae,Vertebrate,Ancistrus temminckii,Bristlenose / Bushynose Plecostomus,53,3 to 6,Removed from study site,NA,NA,
6/27/2018,University Laboratory School,21.32826,-157.80093,21.32902,-157.80066,323,340,Manoa,Waihi (USGS Gage),Non-native,paepae,Invertebrate,Procambarus clarkii,Swamp Crayfish,2,4 to 5,Removed from study site,NA,NA,
6/27/2018,University Laboratory School,21.32826,-157.80093,21.32902,-157.80066,323,340,Manoa,Waihi (USGS Gage),NA,paepae,TOTAL NATIVES,0,TOTAL NON-NATIVES,159,NA,SUMMARY,0.10,27.30,
7/2/2018,University Laboratory School,21.30973,-157.80943,21.31090,-157.80879,168,172,Manoa,Manoa Marketplace,Non-native,paepae,Vertebrate,Hypostomus watwata,Suckermouth Catfish / Plecostomus,113,4 to 20,Removed from study site,NA,NA,
7/2/2018,University Laboratory School,21.30973,-157.80943,21.31090,-157.80879,168,172,Manoa,Manoa Marketplace,Non-native,paepae,Vertebrate,Ancistrus temminckii,Bristlenose / Bushynose Plecostomus,50,2 to 8,Removed from study site,NA,NA,
7/2/2018,University Laboratory School,21.30973,-157.80943,21.31090,-157.80879,168,172,Manoa,Manoa Marketplace,Non-native,paepae,Vertebrate,Poecilia sphenops,Mexican Molly,20,3 to 6,Removed from study site,NA,NA,
7/2/2018,University Laboratory School,21.30973,-157.80943,21.31090,-157.80879,168,172,Manoa,Manoa Marketplace,NA,paepae,TOTAL NATIVES,0,TOTAL NON-NATIVES,183,NA,SUMMARY,10.00,30.90,
7/6/2018,Kamehameha Schools,21.31161,-157.80812,21.31353,-157.80647,175,179,Manoa,Manoa Valley District Park,Non-native,paepae,Vertebrate,Hypostomus watwata,Suckermouth Catfish / Plecostomus,22,7 to 21,Removed from study site,NA,NA,
7/6/2018,Kamehameha Schools,21.31161,-157.80812,21.31353,-157.80647,175,179,Manoa,Manoa Valley District Park,Non-native,paepae,Vertebrate,Ancistrus temminckii,Bristlenose / Bushynose Plecostomus,4,5 to 8,Removed from study site,NA,NA,
7/6/2018,Kamehameha Schools,21.31161,-157.80812,21.31353,-157.80647,175,179,Manoa,Manoa Valley District Park,Non-native,paepae,Vertebrate,Micropterus dolomieu,Smallmouth Bass,1,15,Removed from study site,NA,NA,
7/6/2018,Kamehameha Schools,21.31161,-157.80812,21.31353,-157.80647,175,179,Manoa,Manoa Valley District Park,NA,paepae,TOTAL NATIVES,0,TOTAL NON-NATIVES,27,NA,SUMMARY,3.00,30.90,
9/14/2018,Radford High School,21.30973,-157.80943,21.31090,-157.80879,168,172,Manoa,Manoa Marketplace,Non-native,paepae,Vertebrate,Hypostomus watwata,Suckermouth Catfish / Plecostomus,140,2 to 24,Removed from study site,NA,NA,
9/14/2018,Radford High School,21.30973,-157.80943,21.31090,-157.80879,168,172,Manoa,Manoa Marketplace,Non-native,paepae,Vertebrate,Ancistrus temminckii,Bristlenose / Bushynose Plecostomus,49,2 to 6,Removed from study site,NA,NA,
9/14/2018,Radford High School,21.30973,-157.80943,21.31090,-157.80879,168,172,Manoa,Manoa Marketplace,Non-native,paepae,Vertebrate,Poecilia sphenops,Mexican Molly,30,2 to 5,Removed from study site,NA,NA,
9/14/2018,Radford High School,21.30973,-157.80943,21.31090,-157.80879,168,172,Manoa,Manoa Marketplace,Non-native,paepae,Invertebrate,Procambarus clarkii,Swamp Crayfish,2,5 to 7,Removed from study site,NA,NA,
9/14/2018,Radford High School,21.30973,-157.80943,21.31090,-157.80879,168,172,Manoa,Manoa Marketplace,Non-native,paepae,Invertebrate,Neocaridina denticulata sinensis,Japanese Swamp Shrimp,5,2,Removed from study site,NA,NA,
9/14/2018,Radford High School,21.30973,-157.80943,21.31090,-157.80879,168,172,Manoa,Manoa Marketplace,NA,paepae,TOTAL NATIVES,0,TOTAL NON-NATIVES,226,NA,SUMMARY,15.00,27.30,
9/14/2018,Radford High School,21.30793,-157.80914,21.30862,-157.80945,161,168,Manoa,Noelani Elementary,Non-native,paepae,Vertebrate,Hypostomus watwata,Suckermouth Catfish / Plecostomus,59,5 to 14,Removed from study site,NA,NA,
9/14/2018,Radford High School,21.30793,-157.80914,21.30862,-157.80945,161,168,Manoa,Noelani Elementary,NA,paepae,TOTAL NATIVES,0,TOTAL NON-NATIVES,59,NA,SUMMARY,4.00,34.60,
9/18/2018,Iolani School,21.28639,-157.81888,21.28728,-157.81799,18,19,Manoa-Palolo,Kaimuki  High School,Native,paepae,Vertebrate,Scomberoides lysan,Lai / Leatherback,1,3,Returned live to capture location,NA,NA,
9/18/2018,Iolani School,21.28639,-157.81888,21.28728,-157.81799,18,19,Manoa-Palolo,Kaimuki  High School,Native,paepae,Vertebrate,Mugil cephalus,Amaama / Striped Mullet,3,4 to 5,Returned live to capture location,NA,NA,
9/18/2018,Iolani School,21.28639,-157.81888,21.28728,-157.81799,18,19,Manoa-Palolo,Kaimuki  High School,Native,paepae,Vertebrate,Stenogobius hawaiiensis,Oopu Naniha,5,4 to 6,Returned live to capture location,NA,NA,
9/18/2018,Iolani School,21.28639,-157.81888,21.28728,-157.81799,18,19,Manoa-Palolo,Kaimuki  High School,Native,paepae,Vertebrate,Eleotris sandwicensis,Oopu Akupa,4,5 to 9,Returned live to capture location,NA,NA,
9/18/2018,Iolani School,21.28639,-157.81888,21.28728,-157.81799,18,19,Manoa-Palolo,Kaimuki  High School,Native,paepae,Vertebrate,Kuhlia xenura,Aholehole / Hawaiian Flagtail,9,4 to 10,Returned live to capture location,NA,NA,
9/18/2018,Iolani School,21.28639,-157.81888,21.28728,-157.81799,18,19,Manoa-Palolo,Kaimuki  High School,Non-native,paepae,Vertebrate,Hypostomus watwata,Suckermouth Catfish / Plecostomus,220,14 to 24,Removed from study site,NA,NA,
9/18/2018,Iolani School,21.28639,-157.81888,21.28728,-157.81799,18,19,Manoa-Palolo,Kaimuki  High School,Non-native,paepae,Vertebrate,Sarotherodon melanotheron,Black Chin Tilapia,3,2 to 10,Removed from study site,NA,NA,
9/18/2018,Iolani School,21.28639,-157.81888,21.28728,-157.81799,18,19,Manoa-Palolo,Kaimuki  High School,NA,paepae,TOTAL NATIVES,22,TOTAL NON-NATIVES,223,NA,SUMMARY,68.00,38.20,
9/19/2018,Roosevelt High School,21.31774,-157.82713,21.31819,-157.82698,380,410,Makiki,Kanealole,Non-native,paepae,Invertebrate,Neocaridina denticulata sinensis,Japanese Swamp Shrimp,487,2,Removed from study site,NA,NA,
9/19/2018,Roosevelt High School,21.31774,-157.82713,21.31819,-157.82698,380,410,Makiki,Kanealole,Non-native,paepae,Vertebrate,Poecilia reticulata,Rainbow Guppy,2,2,Removed from study site,NA,NA,
9/19/2018,Roosevelt High School,21.31774,-157.82713,21.31819,-157.82698,380,410,Makiki,Kanealole,Non-native,paepae,Vertebrate,Ancistrus temminckii,Bristlenose / Bushynose Plecostomus,2,2 to 4,Removed from study site,NA,NA,
9/19/2018,Roosevelt High School,21.31774,-157.82713,21.31819,-157.82698,380,410,Makiki,Kanealole,Non-native,paepae,Invertebrate,Macrobrachium lar,Tahitian Prawn,5,3 to 14,Removed from study site,NA,NA,
9/19/2018,Roosevelt High School,21.31774,-157.82713,21.31819,-157.82698,380,410,Makiki,Kanealole,Non-native,paepae,Vertebrate,Xiphophorus helleri,Green Swordtail,1,4,Removed from study site,NA,NA,
9/19/2018,Roosevelt High School,21.31774,-157.82713,21.31819,-157.82698,380,410,Makiki,Kanealole,Non-native,paepae,Invertebrate,Melanoides tuberculata,Malaysian Trumpet Snail,8,2 to 3,Removed from study site,NA,NA,
9/19/2018,Roosevelt High School,21.31774,-157.82713,21.31819,-157.82698,380,410,Makiki,Kanealole,NA,paepae,TOTAL NATIVES,0,TOTAL NON-NATIVES,505,NA,SUMMARY,0.50,27.30,
9/19/2018,Roosevelt High School,21.30821,-157.83070,21.30935,-157.83057,144,165,Makiki,Baker Park,Native,paepae,Vertebrate,Awaous stamineus,Oopu Nakea,3,"4, 6, 8",Returned live to capture location,NA,NA,
9/19/2018,Roosevelt High School,21.30821,-157.83070,21.30935,-157.83057,144,165,Makiki,Baker Park,Non-native,paepae,Vertebrate,Ancistrus temminckii,Bristlenose / Bushynose Plecostomus,5,2 to 6,Removed from study site,NA,NA,
9/19/2018,Roosevelt High School,21.30821,-157.83070,21.30935,-157.83057,144,165,Makiki,Baker Park,Non-native,paepae,Vertebrate,Amatitlania nigrofasciata,Convict Cichlid,5,4 to 7,Removed from study site,NA,NA,
9/19/2018,Roosevelt High School,21.30821,-157.83070,21.30935,-157.83057,144,165,Makiki,Baker Park,Non-native,paepae,Vertebrate,Poecilia reticulata,Rainbow Guppy,7,2 to 3,Removed from study site,NA,NA,
9/19/2018,Roosevelt High School,21.30821,-157.83070,21.30935,-157.83057,144,165,Makiki,Baker Park,Non-native,paepae,Vertebrate,Macrobrachium lar,Tahitian Prawn,7,3 to 8,Removed from study site,NA,NA,
9/19/2018,Roosevelt High School,21.30821,-157.83070,21.30935,-157.83057,144,165,Makiki,Baker Park,Non-native,paepae,Vertebrate,Poecilia sphenops,Mexican Molly,1,4,Removed from study site,NA,NA,
9/19/2018,Roosevelt High School,21.30821,-157.83070,21.30935,-157.83057,144,165,Makiki,Baker Park,Non-native,paepae,Invertebrate,Neocaridina denticulata sinensis,Japanese Swamp Shrimp,4,2,Removed from study site,NA,NA,
9/19/2018,Roosevelt High School,21.30821,-157.83070,21.30935,-157.83057,144,165,Makiki,Baker Park,Non-native,paepae,Invertebrate,Melanoides tuberculata,Malaysian Trumpet Snail,5,2 to 3,Removed from study site,NA,NA,
9/19/2018,Roosevelt High School,21.30821,-157.83070,21.30935,-157.83057,144,165,Makiki,Baker Park,NA,paepae,TOTAL NATIVES,3,TOTAL NON-NATIVES,37,NA,SUMMARY,0.50,34.60,
9/21/2018,niversity of Hawaii at Manoa  - Ka Papa Loi o Kanewai,21.29673,-157.81367,21.29845,-157.81390,94,100,Manoa,KanewaiLoi,Non-native,paepae,Vertebrate,Hypostomus watwata,Suckermouth Catfish / Plecostomus,28,5 to 13,Removed from study site,NA,NA,
9/21/2018,niversity of Hawaii at Manoa  - Ka Papa Loi o Kanewai,21.29673,-157.81367,21.29845,-157.81390,94,100,Manoa,KanewaiLoi,Non-native,paepae,Vertebrate,Micropterus dolomieu,Smallmouth Bass,6,10 to 22,Removed from study site,NA,NA,
9/21/2018,niversity of Hawaii at Manoa  - Ka Papa Loi o Kanewai,21.29673,-157.81367,21.29845,-157.81390,94,100,Manoa,KanewaiLoi,Non-native,paepae,Vertebrate,Amatitlania nigrofasciata,Convict Cichlid,3,4 to 9,Removed from study site,NA,NA,
9/21/2018,niversity of Hawaii at Manoa  - Ka Papa Loi o Kanewai,21.29673,-157.81367,21.29845,-157.81390,94,100,Manoa,KanewaiLoi,NA,paepae,TOTAL NATIVES,0,TOTAL NON-NATIVES,37,NA,SUMMARY,3.00,30.90,
9/28/2018,Mililani High School,21.29145,-157.81451,21.29074,-157.81470,39,43,Manoa-Palolo,Manoa-Palolo Confluence,Native,paepae,Vertebrate,Awaous stamineus,Oopu Nakea,1,28,Returned live to capture location,NA,NA,
9/28/2018,Mililani High School,21.29145,-157.81451,21.29074,-157.81470,39,43,Manoa-Palolo,Manoa-Palolo Confluence,Native,paepae,Vertebrate,Stenogobius hawaiiensis,Oopu Naniha,4,4 to 6,Returned live to capture location,NA,NA,
9/28/2018,Mililani High School,21.29145,-157.81451,21.29074,-157.81470,39,43,Manoa-Palolo,Manoa-Palolo Confluence,Native,paepae,Vertebrate,Eleotris sandwicensis,Oopu Akupa,2,7 to 10,Returned live to capture location,NA,NA,
9/28/2018,Mililani High School,21.29145,-157.81451,21.29074,-157.81470,39,43,Manoa-Palolo,Manoa-Palolo Confluence,Non-native,paepae,Vertebrate,Hypostomus watwata,Suckermouth Catfish / Plecostomus,37,17 to 30,Removed from study site,NA,NA,
9/28/2018,Mililani High School,21.29145,-157.81451,21.29074,-157.81470,39,43,Manoa-Palolo,Manoa-Palolo Confluence,Non-native,paepae,Vertebrate,Ancistrus temminckii,Bristlenose / Bushynose Plecostomus,1,5,Removed from study site,NA,NA,
9/28/2018,Mililani High School,21.29145,-157.81451,21.29074,-157.81470,39,43,Manoa-Palolo,Manoa-Palolo Confluence,Non-native,paepae,Vertebrate,Carassius auratus,Goldfish,1,32,Removed from study site,NA,NA,
9/28/2018,Mililani High School,21.29145,-157.81451,21.29074,-157.81470,39,43,Manoa-Palolo,Manoa-Palolo Confluence,Non-native,paepae,Vertebrate,Poecilia reticulata,Rainbow Guppy,1,3,Removed from study site,NA,NA,
9/28/2018,Mililani High School,21.29145,-157.81451,21.29074,-157.81470,39,43,Manoa-Palolo,Manoa-Palolo Confluence,Non-native,paepae,Vertebrate,Amatitlania nigrofasciata,Convict Cichlid,4,4 to 6,Removed from study site,NA,NA,
9/28/2018,Mililani High School,21.29145,-157.81451,21.29074,-157.81470,39,43,Manoa-Palolo,Manoa-Palolo Confluence,Non-native,paepae,Vertebrate,Oreochromis mossambicus,Mozambique Tilapia,6,2 to 3,Removed from study site,NA,NA,
9/28/2018,Mililani High School,21.29145,-157.81451,21.29074,-157.81470,39,43,Manoa-Palolo,Manoa-Palolo Confluence,NA,paepae,TOTAL NATIVES,7,TOTAL NON-NATIVES,50,NA,SUMMARY,10.00,38.20,
10/3/2018,Halau Ku Mana,21.31284,-157.82912,21.31402,-157.82866,250,272,Makiki,Halau Ku Mana,Non-native,paepae,Vertebrate,Ancistrus temminckii,Bristlenose / Bushynose Plecostomus,6,2 to 6,Removed from study site,NA,NA,
10/3/2018,Halau Ku Mana,21.31284,-157.82912,21.31402,-157.82866,250,272,Makiki,Halau Ku Mana,Non-native,paepae,Vertebrate,Poecilia reticulata,Rainbow Guppy,11,2 to 3,Removed from study site,NA,NA,
10/3/2018,Halau Ku Mana,21.31284,-157.82912,21.31402,-157.82866,250,272,Makiki,Halau Ku Mana,Non-native,paepae,Vertebrate,Poecilia sphenops,Mexican Molly,3,2 to 3,Removed from study site,NA,NA,
10/3/2018,Halau Ku Mana,21.31284,-157.82912,21.31402,-157.82866,250,272,Makiki,Halau Ku Mana,Non-native,paepae,Vertebrate,Xiphophorus helleri,Green Swordtail,3,3 to 4,Removed from study site,NA,NA,
10/3/2018,Halau Ku Mana,21.31284,-157.82912,21.31402,-157.82866,250,272,Makiki,Halau Ku Mana,Non-native,paepae,Invertebrate,Corbicula fluminea,Asiatic Clam,2,1,Removed from study site,NA,NA,
10/3/2018,Halau Ku Mana,21.31284,-157.82912,21.31402,-157.82866,250,272,Makiki,Halau Ku Mana,Non-native,paepae,Invertebrate,Neocaridina denticulata sinensis,Japanese Swamp Shrimp,1,2,Removed from study site,NA,NA,
10/3/2018,Halau Ku Mana,21.31284,-157.82912,21.31402,-157.82866,250,272,Makiki,Halau Ku Mana,Non-native,paepae,Invertebrate,Macrobrachium lar,Tahitian Prawn,3,3 to 5,Removed from study site,NA,NA,
10/3/2018,Halau Ku Mana,21.31284,-157.82912,21.31402,-157.82866,250,272,Makiki,Halau Ku Mana,NA,paepae,TOTAL NATIVES,0,TOTAL NON-NATIVES,29,NA,SUMMARY,0.10,27.30,
10/11/2018,Pacific Buddhist Academy,21.30460,-157.79045,21.30500,-157.78978,309,333,Palolo,Anuenue School,Native,paepae,Vertebrate,Awaous stamineus,Oopu Nakea,7,"4, 5, 5, 6, 6, 8, 10",Returned live to capture location,NA,NA,
10/11/2018,Pacific Buddhist Academy,21.30460,-157.79045,21.30500,-157.78978,309,333,Palolo,Anuenue School,Non-native,paepae,Vertebrate,Poecilia reticulata,Rainbow Guppy,45,2 to 3,Removed from study site,NA,NA,
10/11/2018,Pacific Buddhist Academy,21.30460,-157.79045,21.30500,-157.78978,309,333,Palolo,Anuenue School,Non-native,paepae,Vertebrate,Poecilia sphenops,Mexican Molly,32,2 to 3,Removed from study site,NA,NA,
10/11/2018,Pacific Buddhist Academy,21.30460,-157.79045,21.30500,-157.78978,309,333,Palolo,Anuenue School,Non-native,paepae,Vertebrate,Ancistrus temminckii,Bristlenose / Bushynose Plecostomus,78,2 to 6,Removed from study site,NA,NA,
10/11/2018,Pacific Buddhist Academy,21.30460,-157.79045,21.30500,-157.78978,309,333,Palolo,Anuenue School,Non-native,paepae,Invertebrate,Procambarus clarkii,Swamp Crayfish,3,5 to 7,Removed from study site,NA,NA,
10/11/2018,Pacific Buddhist Academy,21.30460,-157.79045,21.30500,-157.78978,309,333,Palolo,Anuenue School,NA,paepae,TOTAL NATIVES,7,TOTAL NON-NATIVES,158,NA,SUMMARY,0.10,34.60,
10/16/2018,Iolani School,21.32632,-157.80057,21.32674,-157.80075,298,308,Manoa,Waakaua,Native,paepae,Vertebrate,Awaous stamineus,Oopu Nakea,2,"4.5, 16.5",Returned live to capture location,NA,NA,
10/16/2018,University of Hawaii at Manoa -COE,21.32632,-157.80057,21.32674,-157.80075,298,308,Manoa,Waakaua,Non-native,paepae,Vertebrate,Poecilia sphenops,Mexican Molly,4,3 to 4,Removed from study site,NA,NA,
10/16/2018,University of Hawaii at Manoa -COE,21.32632,-157.80057,21.32674,-157.80075,298,308,Manoa,Waakaua,Non-native,paepae,Vertebrate,Poecilia reticulata,Rainbow Guppy,30,2 to 4,Removed from study site,NA,NA,
10/16/2018,University of Hawaii at Manoa -COE,21.32632,-157.80057,21.32674,-157.80075,298,308,Manoa,Waakaua,Non-native,paepae,Vertebrate,Xiphophorus helleri,Green Swordtail,5,2 to 5,Removed from study site,NA,NA,
10/16/2018,University of Hawaii at Manoa -COE,21.32632,-157.80057,21.32674,-157.80075,298,308,Manoa,Waakaua,Non-native,paepae,Vertebrate,Ancistrus temminckii,Bristlenose / Bushynose Plecostomus,49,3 to 10,Removed from study site,NA,NA,
10/16/2018,University of Hawaii at Manoa -COE,21.32632,-157.80057,21.32674,-157.80075,298,308,Manoa,Waakaua,Non-native,paepae,Invertebrate,Melanoides tuberculata,Malaysian Trumpet Snail,1,2 to 6,Removed from study site,NA,NA,
10/16/2018,University of Hawaii at Manoa -COE,21.32632,-157.80057,21.32674,-157.80075,298,308,Manoa,Waakaua,NA,paepae,TOTAL NATIVES,2,TOTAL NON-NATIVES,89,NA,SUMMARY,0.10,38.20,
10/23/2018,University of Hawaii at Manoa -COE,21.28810,-157.80568,21.28901,-157.80470,111,115,Palolo,Saint Louis Field,Non-native,paepae,Vertebrate,Poecilia sphenops,Mexican Molly,114,2 to 5,Removed from study site,NA,NA,
10/23/2018,University of Hawaii at Manoa -COE,21.28810,-157.80568,21.28901,-157.80470,111,115,Palolo,Saint Louis Field,Non-native,paepae,Vertebrate,Oreochromis mossambicus,Mozambique Tilapia,17,2 to 17,Removed from study site,NA,NA,
10/23/2018,University of Hawaii at Manoa -COE,21.28810,-157.80568,21.28901,-157.80470,111,115,Palolo,Saint Louis Field,Non-native,paepae,Vertebrate,Amatitlania nigrofasciata,Convict Cichlid,11,4 to 7,Removed from study site,NA,NA,
10/23/2018,University of Hawaii at Manoa -COE,21.28810,-157.80568,21.28901,-157.80470,111,115,Palolo,Saint Louis Field,Non-native,paepae,Vertebrate,Poecilia reticulata,Rainbow Guppy,4,,Removed from study site,NA,NA,
10/23/2018,University of Hawaii at Manoa -COE,21.28810,-157.80568,21.28901,-157.80470,111,115,Palolo,Saint Louis Field,Non-native,paepae,Vertebrate,Ancistrus temminckii,Bristlenose / Bushynose Plecostomus,5,,Removed from study site,NA,NA,
10/23/2018,University of Hawaii at Manoa -COE,21.28810,-157.80568,21.28901,-157.80470,111,115,Palolo,Saint Louis Field,NA,paepae,TOTAL NATIVES,0,TOTAL NON-NATIVES,146,NA,SUMMARY,3.00,27.30,
10/24/2018,Iolani School,21.33389,-157.80151,21.33431,-157.80200,497,512,Manoa,Lyon Arboretum,Non-native,paepae,Vertebrate,Ancistrus temminckii,Bristlenose / Bushynose Plecostomus,15,2 to 6,Removed from study site,NA,NA,
10/24/2018,Iolani School,21.33389,-157.80151,21.33431,-157.80200,497,512,Manoa,Lyon Arboretum,Non-native,paepae,Vertebrate,Poecilia reticulata,Rainbow Guppy,13,2 to 4,Removed from study site,NA,NA,
10/24/2018,Iolani School,21.33389,-157.80151,21.33431,-157.80200,497,512,Manoa,Lyon Arboretum,Non-native,paepae,Vertebrate,Xiphophorus helleri,Green Swordtail,4,2 to 5,Removed from study site,NA,NA,
10/24/2018,Iolani School,21.33389,-157.80151,21.33431,-157.80200,497,512,Manoa,Lyon Arboretum,Non-native,paepae,Vertebrate,Procambarus clarkii,Swamp Crayfish,12,4 to 7,Removed from study site,NA,NA,
10/24/2018,Iolani School,21.33389,-157.80151,21.33431,-157.80200,497,512,Manoa,Lyon Arboretum,NA,paepae,TOTAL NATIVES,0,TOTAL NON-NATIVES,44,NA,SUMMARY,0.20,27.30,
11/9/2018,Seeqs,21.28639,-157.81888,21.28728,-157.81799,18,19,Manoa-Palolo,Kaimuki  High School,Native,paepae,Vertebrate,Elops hawaiensis,Awaawa / Hawaiian Ladyfish,1,14,Returned live to capture location,NA,NA,
11/9/2018,Seeqs,21.28639,-157.81888,21.28728,-157.81799,18,19,Manoa-Palolo,Kaimuki  High School,Native,paepae,Vertebrate,Stenogobius hawaiiensis,Oopu Naniha,1,5,Returned live to capture location,NA,NA,
11/9/2018,Seeqs,21.28639,-157.81888,21.28728,-157.81799,18,19,Manoa-Palolo,Kaimuki  High School,Native,paepae,Vertebrate,Eleotris sandwicensis,Oopu Akupa,14,7 to 13,Returned live to capture location,NA,NA,
11/9/2018,Seeqs,21.28639,-157.81888,21.28728,-157.81799,18,19,Manoa-Palolo,Kaimuki  High School,Native,paepae,Vertebrate,Kuhlia xenura,Aholehole / Hawaiian Flagtail,5,4 to 6,Returned live to capture location,NA,NA,
11/9/2018,Seeqs,21.28639,-157.81888,21.28728,-157.81799,18,19,Manoa-Palolo,Kaimuki  High School,Native,paepae,Invertebrate,Macrobrachium grandimanus,Opae Oehaa,1,6,Returned live to capture location,NA,NA,
11/9/2018,Seeqs,21.28639,-157.81888,21.28728,-157.81799,18,19,Manoa-Palolo,Kaimuki  High School,Non-native,paepae,Vertebrate,Sarotherodon melanotheron,Black Chin Tilapia,1,7,Removed from study site,NA,NA,
11/9/2018,Seeqs,21.28639,-157.81888,21.28728,-157.81799,18,19,Manoa-Palolo,Kaimuki  High School,Non-native,paepae,Vertebrate,Poecilia sphenops,Mexican Molly,5,4 to 6,Removed from study site,NA,NA,
11/9/2018,Seeqs,21.28639,-157.81888,21.28728,-157.81799,18,19,Manoa-Palolo,Kaimuki  High School,Non-native,paepae,Vertebrate,Hypostomus watwata,Suckermouth Catfish / Plecostomus,240,11 to 24,Removed from study site,NA,NA,
11/9/2018,Seeqs,21.28639,-157.81888,21.28728,-157.81799,18,19,Manoa-Palolo,Kaimuki  High School,NA,paepae,TOTAL NATIVES,22,TOTAL NON-NATIVES,246,NA,SUMMARY,70.00,41.80,
11/14/2018,Iolani School,21.30973,-157.80943,21.31090,-157.80879,168,172,Manoa,Manoa Marketplace,Non-native,paepae,Vertebrate,Ancistrus temminckii,Bristlenose / Bushynose Plecostomus,18,2 to 6,Removed from study site,NA,NA,
11/14/2018,Iolani School,21.30973,-157.80943,21.31090,-157.80879,168,172,Manoa,Manoa Marketplace,Non-native,paepae,Vertebrate,Hypostomus watwata,Suckermouth Catfish / Plecostomus,49,3 to 12,Removed from study site,NA,NA,
11/14/2018,Iolani School,21.30973,-157.80943,21.31090,-157.80879,168,172,Manoa,Manoa Marketplace,Non-native,paepae,Vertebrate,Poecilia sphenops,Mexican Molly,26,3 to 6,Removed from study site,NA,NA,
11/14/2018,Iolani School,21.30973,-157.80943,21.31090,-157.80879,168,172,Manoa,Manoa Marketplace,NA,paepae,TOTAL NATIVES,0,TOTAL NON-NATIVES,93,NA,SUMMARY,2.00,30.90,
11/14/2018,Iolani School,21.31161,-157.80812,21.31353,-157.80647,175,179,Manoa,Manoa Valley District Park,Non-native,paepae,Vertebrate,Ancistrus temminckii,Bristlenose / Bushynose Plecostomus,2,6 to 8,Removed from study site,NA,NA,
11/14/2018,Iolani School,21.31161,-157.80812,21.31353,-157.80647,175,179,Manoa,Manoa Valley District Park,Non-native,paepae,Vertebrate,Hypostomus watwata,Suckermouth Catfish / Plecostomus,9,2 to 14,Removed from study site,NA,NA,
11/14/2018,Iolani School,21.31161,-157.80812,21.31353,-157.80647,175,179,Manoa,Manoa Valley District Park,Non-native,paepae,Invertebrate,Neocaridina denticulata sinensis,Japanese Swamp Shrimp,1,2,Removed from study site,NA,NA,
11/14/2018,Iolani School,21.31161,-157.80812,21.31353,-157.80647,175,179,Manoa,Manoa Valley District Park,NA,paepae,TOTAL NATIVES,0,TOTAL NON-NATIVES,12,NA,SUMMARY,0.60,30.90,
11/20/2018,Palolo Elementary,21.29582,-157.79684,21.29616,-157.79646,171,179,Palolo,Jarrett Middle School,Native,paepae,Vertebrate,Awaous stamineus,Oopu Nakea,1,8,Found dead in net,NA,NA,
11/20/2018,Palolo Elementary,21.29582,-157.79684,21.29616,-157.79646,171,179,Palolo,Jarrett Middle School,Non-native,paepae,Vertebrate,Poecilia sphenops,Mexican Molly,1285,2 to 8,Removed from study site,NA,NA,
11/20/2018,Palolo Elementary,21.29582,-157.79684,21.29616,-157.79646,171,179,Palolo,Jarrett Middle School,Non-native,paepae,Vertebrate,Poecilia reticulata,Rainbow Guppy,7,2 to 3,Removed from study site,NA,NA,
11/20/2018,Palolo Elementary,21.29582,-157.79684,21.29616,-157.79646,171,179,Palolo,Jarrett Middle School,Non-native,paepae,Vertebrate,Ancistrus temminckii,Bristlenose / Bushynose Plecostomus,148,2 to 6,Removed from study site,NA,NA,
11/20/2018,Palolo Elementary,21.29582,-157.79684,21.29616,-157.79646,171,179,Palolo,Jarrett Middle School,Non-native,paepae,Vertebrate,Hypostomus watwata,Suckermouth Catfish / Plecostomus,3,4 to 5,Removed from study site,NA,NA,
11/20/2018,Palolo Elementary,21.29582,-157.79684,21.29616,-157.79646,171,179,Palolo,Jarrett Middle School,Non-native,paepae,Invertebrate,Melanoides tuberculata,Malaysian Trumpet Snail,1,1 to 2,Removed from study site,NA,NA,
11/20/2018,Palolo Elementary,21.29582,-157.79684,21.29616,-157.79646,171,179,Palolo,Jarrett Middle School,NA,paepae,TOTAL NATIVES,1,TOTAL NON-NATIVES,1444,NA,SUMMARY,2.00,38.20,
11/21/2018,Palolo Elementary,21.30050,-157.79218,21.30094,-157.79126,268,280,Palolo,Palolo Elementary,Native,paepae,Vertebrate,Awaous stamineus,Oopu Nakea,12,"4, 4, 5, 5, 5, 6, 7, 7, 8, 8, 9",Returned live to capture location,NA,NA,
11/21/2018,Palolo Elementary,21.30050,-157.79218,21.30094,-157.79126,268,280,Palolo,Palolo Elementary,Non-native,paepae,Vertebrate,Poecilia reticulata,Rainbow Guppy,12,2 to 3,Removed from study site,NA,NA,
11/21/2018,Palolo Elementary,21.30050,-157.79218,21.30094,-157.79126,268,280,Palolo,Palolo Elementary,Non-native,paepae,Vertebrate,Poecilia sphenops,Mexican Molly,2,2 to 3,Removed from study site,NA,NA,
11/21/2018,Palolo Elementary,21.30050,-157.79218,21.30094,-157.79126,268,280,Palolo,Palolo Elementary,Non-native,paepae,Vertebrate,Xiphophorus helleri,Green Swordtail,1,4,Removed from study site,NA,NA,
11/21/2018,Palolo Elementary,21.30050,-157.79218,21.30094,-157.79126,268,280,Palolo,Palolo Elementary,Non-native,paepae,Vertebrate,Ancistrus temminckii,Bristlenose / Bushynose Plecostomus,111,2 to 5,Removed from study site,NA,NA,
11/21/2018,Palolo Elementary,21.30050,-157.79218,21.30094,-157.79126,268,280,Palolo,Palolo Elementary,Non-native,paepae,Vertebrate,Hypostomus watwata,Suckermouth Catfish / Plecostomus,1,14,Removed from study site,NA,NA,
11/21/2018,Palolo Elementary,21.30050,-157.79218,21.30094,-157.79126,268,280,Palolo,Palolo Elementary,Non-native,paepae,Invertebrate,Melanoides tuberculata,Malaysian Trumpet Snail,4,1 to 2,Removed from study site,NA,NA,
11/21/2018,Palolo Elementary,21.30050,-157.79218,21.30094,-157.79126,268,280,Palolo,Palolo Elementary,NA,paepae,TOTAL NATIVES,12,TOTAL NON-NATIVES,131,NA,SUMMARY,0.20,34.60,
11/27/2018,Hawaii Baptist Academy,21.30821,-157.83070,21.30935,-157.83057,144,165,Makiki,Baker Park,Native,paepae,Vertebrate,Awaous stamineus,Oopu Nakea,3,"5, 7, 11",Returned live to capture location,NA,NA,
11/27/2018,Hawaii Baptist Academy,21.30821,-157.83070,21.30935,-157.83057,144,165,Makiki,Baker Park,Non-native,paepae,Vertebrate,Xiphophorus helleri,Green Swordtail,1,4,Removed from study site,NA,NA,
11/27/2018,Hawaii Baptist Academy,21.30821,-157.83070,21.30935,-157.83057,144,165,Makiki,Baker Park,Non-native,paepae,Vertebrate,Poecilia reticulata,Rainbow Guppy,11,2 to 3,Removed from study site,NA,NA,
11/27/2018,Hawaii Baptist Academy,21.30821,-157.83070,21.30935,-157.83057,144,165,Makiki,Baker Park,Non-native,paepae,Vertebrate,Poecilia sphenops,Mexican Molly,4,2 to 4,Removed from study site,NA,NA,
11/27/2018,Hawaii Baptist Academy,21.30821,-157.83070,21.30935,-157.83057,144,165,Makiki,Baker Park,Non-native,paepae,Vertebrate,Ancistrus temminckii,Bristlenose / Bushynose Plecostomus,21,2 to 7,Removed from study site,NA,NA,
11/27/2018,Hawaii Baptist Academy,21.30821,-157.83070,21.30935,-157.83057,144,165,Makiki,Baker Park,Non-native,paepae,Vertebrate,Amatitlania nigrofasciata,Convict Cichlid,6,5 to 8,Removed from study site,NA,NA,
11/27/2018,Hawaii Baptist Academy,21.30821,-157.83070,21.30935,-157.83057,144,165,Makiki,Baker Park,Non-native,paepae,Invertebrate,Corbicula fluminea,Asiatic Clam,4,1,Removed from study site,NA,NA,
11/27/2018,Hawaii Baptist Academy,21.30821,-157.83070,21.30935,-157.83057,144,165,Makiki,Baker Park,Non-native,paepae,Invertebrate,Neocaridina denticulata sinensis,Japanese Swamp Shrimp,8,2,Removed from study site,NA,NA,
11/27/2018,Hawaii Baptist Academy,21.30821,-157.83070,21.30935,-157.83057,144,165,Makiki,Baker Park,Non-native,paepae,Invertebrate,Macrobrachium lar,Tahitian Prawn,3,3 to 10,Removed from study site,NA,NA,
11/27/2018,Hawaii Baptist Academy,21.30821,-157.83070,21.30935,-157.83057,144,165,Makiki,Baker Park,Non-native,paepae,Invertebrate,Melanoides tuberculata,Malaysian Trumpet Snail,1,2,Removed from study site,NA,NA,
11/27/2018,Hawaii Baptist Academy,21.30821,-157.83070,21.30935,-157.83057,144,165,Makiki,Baker Park,NA,paepae,TOTAL NATIVES,3,TOTAL NON-NATIVES,59,NA,SUMMARY,0.20,30.91,
11/29/2018,Manoa Elementary ,21.31161,-157.80812,21.31353,-157.80647,175,179,Manoa,Manoa Valley District Park,Native,paepae,Vertebrate,Awaous stamineus,Oopu Nakea,1,6,Returned live to capture location,NA,NA,
11/29/2018,Manoa Elementary ,21.31161,-157.80812,21.31353,-157.80647,175,179,Manoa,Manoa Valley District Park,Non-native,paepae,Vertebrate,Ancistrus temminckii,Bristlenose / Bushynose Plecostomus,18,3 to 7,Removed from study site,NA,NA,
11/29/2018,Manoa Elementary ,21.31161,-157.80812,21.31353,-157.80647,175,179,Manoa,Manoa Valley District Park,Non-native,paepae,Vertebrate,Hypostomus watwata,Suckermouth Catfish / Plecostomus,40,10 to 19,Removed from study site,NA,NA,
11/29/2018,Manoa Elementary ,21.31161,-157.80812,21.31353,-157.80647,175,179,Manoa,Manoa Valley District Park,Non-native,paepae,Vertebrate,Poecilia sphenops,Mexican Molly,1,4,Removed from study site,NA,NA,
11/29/2018,Manoa Elementary ,21.31161,-157.80812,21.31353,-157.80647,175,179,Manoa,Manoa Valley District Park,Non-native,paepae,Vertebrate,Amatitlania nigrofasciata,Convict Cichlid,1,7,Removed from study site,NA,NA,
11/29/2018,Manoa Elementary ,21.31161,-157.80812,21.31353,-157.80647,175,179,Manoa,Manoa Valley District Park,Non-native,paepae,Vertebrate,Procambarus clarkii,Swamp Crayfish,1,5,Removed from study site,NA,NA,
11/29/2018,Manoa Elementary ,21.31161,-157.80812,21.31353,-157.80647,175,179,Manoa,Manoa Valley District Park,NA,paepae,TOTAL NATIVES,1,TOTAL NON-NATIVES,61,NA,SUMMARY,4.00,30.91,
12/4/2018,Hauula Elementary ,21.30973,-157.80943,21.31090,-157.80879,168,172,Manoa,Manoa Marketplace,Native,paepae,Vertebrate,Awaous stamineus,Oopu Nakea,1,8,Returned live to capture location,NA,NA,
12/4/2018,Hauula Elementary ,21.30973,-157.80943,21.31090,-157.80879,168,172,Manoa,Manoa Marketplace,Non-native,paepae,Vertebrate,Hypostomus watwata,Suckermouth Catfish / Plecostomus,153,3 to 26,Removed from study site,NA,NA,
12/4/2018,Hauula Elementary ,21.30973,-157.80943,21.31090,-157.80879,168,172,Manoa,Manoa Marketplace,Non-native,paepae,Vertebrate,Poecilia sphenops,Mexican Molly,61,2 to 6,Removed from study site,NA,NA,
12/4/2018,Hauula Elementary ,21.30973,-157.80943,21.31090,-157.80879,168,172,Manoa,Manoa Marketplace,Non-native,paepae,Vertebrate,Ancistrus temminckii,Bristlenose / Bushynose Plecostomus,67,2 to 5,Removed from study site,NA,NA,
12/4/2018,Hauula Elementary ,21.30973,-157.80943,21.31090,-157.80879,168,172,Manoa,Manoa Marketplace,Non-native,paepae,Invertebrate,Neocaridina denticulata sinensis,Japanese Swamp Shrimp,1,2,Removed from study site,NA,NA,
12/4/2018,Hauula Elementary ,21.30973,-157.80943,21.31090,-157.80879,168,172,Manoa,Manoa Marketplace,NA,paepae,TOTAL NATIVES,1,TOTAL NON-NATIVES,282,NA,SUMMARY,8.50,38.20,
12/6/2018,Noelani Elementary ,21.30793,-157.80914,21.30862,-157.80945,161,168,Manoa,Noelani Elementary,Native,paepae,Vertebrate,Awaous stamineus,Oopu Nakea,1,6,Returned live to capture location,NA,NA,
12/6/2018,Noelani Elementary ,21.30793,-157.80914,21.30862,-157.80945,161,168,Manoa,Noelani Elementary,Non-native,paepae,Vertebrate,Hypostomus watwata,Suckermouth Catfish / Plecostomus,53,4 to 20,Removed from study site,NA,NA,
12/6/2018,Noelani Elementary ,21.30793,-157.80914,21.30862,-157.80945,161,168,Manoa,Noelani Elementary,Non-native,paepae,Vertebrate,Ancistrus temminckii,Bristlenose / Bushynose Plecostomus,3,4 to 6,Removed from study site,NA,NA,
12/6/2018,Noelani Elementary ,21.30793,-157.80914,21.30862,-157.80945,161,168,Manoa,Noelani Elementary,Non-native,paepae,Vertebrate,Amatitlania nigrofasciata,Convict Cichlid,1,7,Removed from study site,NA,NA,
12/6/2018,Noelani Elementary ,21.30793,-157.80914,21.30862,-157.80945,161,168,Manoa,Noelani Elementary,Non-native,paepae,Vertebrate,Neocaridina denticulata sinensis,Japanese Swamp Shrimp,2,2,Removed from study site,NA,NA,
12/6/2018,Noelani Elementary ,21.30793,-157.80914,21.30862,-157.80945,161,168,Manoa,Noelani Elementary,NA,paepae,TOTAL NATIVES,1,TOTAL NON-NATIVES,59,NA,SUMMARY,5.00,30.91,
12/14/2018,Punahou School,21.29673,-157.81367,21.29845,-157.81390,94,100,Manoa,KanewaiLoi,Non-native,paepae,Vertebrate,Hypostomus watwata,Suckermouth Catfish / Plecostomus,7,13 to 22,Removed from study site,NA,NA,
12/14/2018,Punahou School,21.29673,-157.81367,21.29845,-157.81390,94,100,Manoa,KanewaiLoi,Non-native,paepae,Vertebrate,Ancistrus temminckii,Bristlenose / Bushynose Plecostomus,4,2 to 4,Removed from study site,NA,NA,
12/14/2018,Punahou School,21.29673,-157.81367,21.29845,-157.81390,94,100,Manoa,KanewaiLoi,NA,paepae,TOTAL NATIVES,0,TOTAL NON-NATIVES,11,NA,SUMMARY,0.80,30.91,
1/9/2019,Myron B Thompson Academy,21.30973,-157.80943,21.31090,-157.80879,168,172,Manoa,Manoa Marketplace,Non-native,paepae,Vertebrate,Hypostomus watwata,Suckermouth Catfish / Plecostomus,91,2 to 7,Removed from study site,NA,NA,
1/9/2019,Myron B Thompson Academy,21.30973,-157.80943,21.31090,-157.80879,168,172,Manoa,Manoa Marketplace,Non-native,paepae,Vertebrate,Poecilia sphenops,Mexican Molly,57,2 to 6,Removed from study site,NA,NA,
1/9/2019,Myron B Thompson Academy,21.30973,-157.80943,21.31090,-157.80879,168,172,Manoa,Manoa Marketplace,Non-native,paepae,Vertebrate,Ancistrus temminckii,Bristlenose / Bushynose Plecostomus,37,2 to 4,Removed from study site,NA,NA,
1/9/2019,Myron B Thompson Academy,21.30973,-157.80943,21.31090,-157.80879,168,172,Manoa,Manoa Marketplace,Non-native,paepae,Vertebrate,Poecilia reticulata,Rainbow Guppy,10,2 to 3,Removed from study site,NA,NA,
1/9/2019,Myron B Thompson Academy,21.30973,-157.80943,21.31090,-157.80879,168,172,Manoa,Manoa Marketplace,Non-native,paepae,Invertebrate,Neocaridina denticulata sinensis,Japanese Swamp Shrimp,7,2,Removed from study site,NA,NA,
1/9/2019,Myron B Thompson Academy,21.30973,-157.80943,21.31090,-157.80879,168,172,Manoa,Manoa Marketplace,Non-native,paepae,Invertebrate,Procambarus clarkii,Swamp Crayfish,4,2 to 5,Removed from study site,NA,NA,
1/9/2019,Myron B Thompson Academy,21.30973,-157.80943,21.31090,-157.80879,168,172,Manoa,Manoa Marketplace,NA,paepae,TOTAL NATIVES,0,TOTAL NON-NATIVES,206,NA,SUMMARY,0.5,27.3,
1/24/2019,Hokulani Elementary,21.29271,-157.81340,21.29330,-157.81248,45,48,Manoa,KanewaiField,Non-native,paepae,Vertebrate,Ancistrus temminckii,Bristlenose / Bushynose Plecostomus,6,4 to 6,Removed from study site,NA,NA,
1/24/2019,Hokulani Elementary,21.29271,-157.81340,21.29330,-157.81248,45,48,Manoa,KanewaiField,Non-native,paepae,Vertebrate,Hypostomus watwata,Suckermouth Catfish / Plecostomus,6,8 to 18,Removed from study site,NA,NA,
1/24/2019,Hokulani Elementary,21.29271,-157.81340,21.29330,-157.81248,45,48,Manoa,KanewaiField,Non-native,paepae,Vertebrate,Poecilia sphenops,Mexican Molly,2,4 to 6,Removed from study site,NA,NA,
1/24/2019,Hokulani Elementary,21.29271,-157.81340,21.29330,-157.81248,45,48,Manoa,KanewaiField,Non-native,paepae,Vertebrate,Micropterus dolomieu,Smallmouth Bass,2,12 to 29,Removed from study site,NA,NA,
1/24/2019,Hokulani Elementary,21.29271,-157.81340,21.29330,-157.81248,45,48,Manoa,KanewaiField,Non-native,paepae,Vertebrate,Amatitlania nigrofasciata,Convict Cichlid,2,5 to 12,Removed from study site,NA,NA,
1/24/2019,Hokulani Elementary,21.29271,-157.81340,21.29330,-157.81248,45,48,Manoa,KanewaiField,NA,paepae,TOTAL NATIVES,0,TOTAL NON-NATIVES,18,NA,SUMMARY,1.50,27.30,
2/8/2019,Jefferson Elementary,21.29582,-157.79684,21.29616,-157.79646,171,179,Palolo,Jarrett Middle School,Non-native,paepae,Vertebrate,Poecilia sphenops,Mexican Molly,305,2 to 6,Removed from study site,NA,NA,
2/8/2019,Jefferson Elementary,21.29582,-157.79684,21.29616,-157.79646,171,179,Palolo,Jarrett Middle School,Non-native,paepae,Vertebrate,Ancistrus temminckii,Bristlenose / Bushynose Plecostomus,16,2 to 5,Removed from study site,NA,NA,
2/8/2019,Jefferson Elementary,21.29582,-157.79684,21.29616,-157.79646,171,179,Palolo,Jarrett Middle School,NA,paepae,TOTAL NATIVES,0,TOTAL NON-NATIVES,321,NA,SUMMARY,0.40,30.90,
2/12/2019,AliIolani Elementary,21.30460,-157.79045,21.30500,-157.78978,309,333,Palolo,Anuenue School,Non-native,paepae,Vertebrate,Poecilia sphenops,Mexican Molly,2,3 to 4,Removed from study site,NA,NA,
2/12/2019,AliIolani Elementary,21.30460,-157.79045,21.30500,-157.78978,309,333,Palolo,Anuenue School,Non-native,paepae,Vertebrate,Ancistrus temminckii,Bristlenose / Bushynose Plecostomus,35,2 to 5,Removed from study site,NA,NA,
2/12/2019,AliIolani Elementary,21.30460,-157.79045,21.30500,-157.78978,309,333,Palolo,Anuenue School,NA,paepae,TOTAL NATIVES,0,TOTAL NON-NATIVES,37,NA,SUMMARY,0.10,30.90,
2/12/2019,AliIolani Elementary,21.30050,-157.79218,21.30094,-157.79126,268,280,Palolo,Palolo Elementary,Native,paepae,Vertebrate,Awaous stamineus,Oopu Nakea,4,5 to 6,Returned live to capture location,NA,NA,
2/12/2019,AliIolani Elementary,21.30050,-157.79218,21.30094,-157.79126,268,280,Palolo,Palolo Elementary,Non-native,paepae,Vertebrate,Poecilia reticulata,Rainbow Guppy,61,2 to 3,Removed from study site,NA,NA,
2/12/2019,AliIolani Elementary,21.30050,-157.79218,21.30094,-157.79126,268,280,Palolo,Palolo Elementary,Non-native,paepae,Vertebrate,Poecilia sphenops,Mexican Molly,39,2 to 5,Removed from study site,NA,NA,
2/12/2019,AliIolani Elementary,21.30050,-157.79218,21.30094,-157.79126,268,280,Palolo,Palolo Elementary,Non-native,paepae,Vertebrate,Xiphophorus helleri,Green Swordtail,2,3 to 5,Removed from study site,NA,NA,
2/12/2019,AliIolani Elementary,21.30050,-157.79218,21.30094,-157.79126,268,280,Palolo,Palolo Elementary,Non-native,paepae,Vertebrate,Ancistrus temminckii,Bristlenose / Bushynose Plecostomus,89,2 to 5,Removed from study site,NA,NA,
2/12/2019,AliIolani Elementary,21.30050,-157.79218,21.30094,-157.79126,268,280,Palolo,Palolo Elementary,Non-native,paepae,Invertebrate,Neocaridina denticulata sinensis,Japanese Swamp Shrimp,1,2,Removed from study site,NA,NA,
2/12/2019,AliIolani Elementary,21.30050,-157.79218,21.30094,-157.79126,268,280,Palolo,Palolo Elementary,NA,paepae,TOTAL NATIVES,4,TOTAL NON-NATIVES,192,NA,SUMMARY,0.30,30.90,
2/21/2019,Waikiki Elementary,21.32826,-157.80093,21.32902,-157.80066,323,340,Manoa,Waihi (USGS Gage),Non-native,paepae,Vertebrate,Poecilia reticulata,Rainbow Guppy,166,2 to 4,Removed from study site,NA,NA,
2/21/2019,Waikiki Elementary,21.32826,-157.80093,21.32902,-157.80066,323,340,Manoa,Waihi (USGS Gage),Non-native,paepae,Vertebrate,Xiphophorus helleri,Green Swordtail,4,3 to 5,Removed from study site,NA,NA,
2/21/2019,Waikiki Elementary,21.32826,-157.80093,21.32902,-157.80066,323,340,Manoa,Waihi (USGS Gage),Non-native,paepae,Vertebrate,Ancistrus temminckii,Bristlenose / Bushynose Plecostomus,53,3 to 6,Removed from study site,NA,NA,
2/21/2019,Waikiki Elementary,21.32826,-157.80093,21.32902,-157.80066,323,340,Manoa,Waihi (USGS Gage),NA,paepae,TOTAL NATIVES,0,TOTAL NON-NATIVES,223,NA,SUMMARY,0.10,30.90,
2/22/2019,Haleiwa Elementary,21.30793,-157.80914,21.30862,-157.80945,161,168,Manoa,Noelani Elementary,Non-native,paepae,Vertebrate,Hypostomus watwata,Suckermouth Catfish / Plecostomus,43,9 to 20,Removed from study site,NA,NA,
2/22/2019,Haleiwa Elementary,21.30793,-157.80914,21.30862,-157.80945,161,168,Manoa,Noelani Elementary,Non-native,paepae,Vertebrate,Ancistrus temminckii,Bristlenose / Bushynose Plecostomus,4,4 to 6,Removed from study site,NA,NA,
2/22/2019,Haleiwa Elementary,21.30793,-157.80914,21.30862,-157.80945,161,168,Manoa,Noelani Elementary,Non-native,paepae,Invertebrate,Procambarus clarkii,Swamp Crayfish,2,5 to 6,Removed from study site,NA,NA,
2/22/2019,Haleiwa Elementary,21.30793,-157.80914,21.30862,-157.80945,161,168,Manoa,Noelani Elementary,NA,paepae,TOTAL NATIVES,0,TOTAL NON-NATIVES,49,NA,SUMMARY,2.00,30.90,
2/28/2019,Mid-Pacific Institute,21.31161,-157.80812,21.31353,-157.80647,175,179,Manoa,Manoa Valley District Park,Native,paepae,Vertebrate,Awaous stamineus,Oopu Nakea,2,10 and 14,Returned live to capture location,NA,NA,
2/28/2019,Mid-Pacific Institute,21.31161,-157.80812,21.31353,-157.80647,175,179,Manoa,Manoa Valley District Park,Non-native,paepae,Vertebrate,Hypostomus watwata,Suckermouth Catfish / Plecostomus,5,6 to 18,Removed from study site,NA,NA,
2/28/2019,Mid-Pacific Institute,21.31161,-157.80812,21.31353,-157.80647,175,179,Manoa,Manoa Valley District Park,Non-native,paepae,Vertebrate,Ancistrus temminckii,Bristlenose / Bushynose Plecostomus,6,2 to 7,Removed from study site,NA,NA,
2/28/2019,Mid-Pacific Institute,21.31161,-157.80812,21.31353,-157.80647,175,179,Manoa,Manoa Valley District Park,Non-native,paepae,Vertebrate,Poecilia reticulata,Rainbow Guppy,1,2,Removed from study site,NA,NA,
2/28/2019,Mid-Pacific Institute,21.31161,-157.80812,21.31353,-157.80647,175,179,Manoa,Manoa Valley District Park,Non-native,paepae,Vertebrate,Amatitlania nigrofasciata,Convict Cichlid,1,5,Removed from study site,NA,NA,
2/28/2019,Mid-Pacific Institute,21.31161,-157.80812,21.31353,-157.80647,175,179,Manoa,Manoa Valley District Park,Non-native,paepae,Invertebrate,Neocaridina denticulata sinensis,Japanese Swamp Shrimp,1,1,Removed from study site,NA,NA,
2/28/2019,Mid-Pacific Institute,21.31161,-157.80812,21.31353,-157.80647,175,179,Manoa,Manoa Valley District Park,NA,paepae,TOTAL NATIVES,2,TOTAL NON-NATIVES,14,NA,SUMMARY,0.50,38.20,
3/8/2019,Jarrettt Middle School,21.29582,-157.79684,21.29616,-157.79646,171,179,Palolo,Jarrett Middle School,Non-native,paepae,Vertebrate,Poecilia sphenops,Mexican Molly,185,2 to 6,Removed from study site,NA,NA,
3/8/2019,Jarrettt Middle School,21.29582,-157.79684,21.29616,-157.79646,171,179,Palolo,Jarrett Middle School,Non-native,paepae,Vertebrate,Ancistrus temminckii,Bristlenose / Bushynose Plecostomus,3,4 to 5,Removed from study site,NA,NA,
3/8/2019,Jarrettt Middle School,21.29582,-157.79684,21.29616,-157.79646,171,179,Palolo,Jarrett Middle School,NA,paepae,TOTAL NATIVES,0,TOTAL NON-NATIVES,188,NA,SUMMARY,0.10,30.90,
3/12/2019,Iolani School,21.28639,-157.81888,21.28728,-157.81799,18,19,Manoa-Palolo,Kaimuki  High School,Native,paepae,Vertebrate,Stenogobius hawaiiensis,Oopu Naniha,3,4 to 7,Returned live to capture location,NA,NA,
3/12/2019,Iolani School,21.28639,-157.81888,21.28728,-157.81799,18,19,Manoa-Palolo,Kaimuki  High School,Native,paepae,Vertebrate,Eleotris sandwicensis,Oopu Akupa,8,5 to 10,Returned live to capture location,NA,NA,
3/12/2019,Iolani School,21.28639,-157.81888,21.28728,-157.81799,18,19,Manoa-Palolo,Kaimuki  High School,Native,paepae,Vertebrate,Kuhlia xenura,Aholehole / Hawaiian Flagtail,6,4 to 11,Returned live to capture location,NA,NA,
3/12/2019,Iolani School,21.28639,-157.81888,21.28728,-157.81799,18,19,Manoa-Palolo,Kaimuki  High School,Non-native,paepae,Vertebrate,Sarotherodon melanotheron,Black Chin Tilapia,11,5 to 12,Removed from study site,NA,NA,
3/12/2019,Iolani School,21.28639,-157.81888,21.28728,-157.81799,18,19,Manoa-Palolo,Kaimuki  High School,Non-native,paepae,Vertebrate,Poecilia sphenops,Mexican Molly,2,5 to 6,Removed from study site,NA,NA,
3/12/2019,Iolani School,21.28639,-157.81888,21.28728,-157.81799,18,19,Manoa-Palolo,Kaimuki  High School,Non-native,paepae,Vertebrate,Hypostomus watwata,Suckermouth Catfish / Plecostomus,120,15 to 25,Removed from study site,NA,NA,
3/12/2019,Iolani School,21.28639,-157.81888,21.28728,-157.81799,18,19,Manoa-Palolo,Kaimuki  High School,NA,paepae,TOTAL NATIVES,17,TOTAL NON-NATIVES,133,NA,SUMMARY,30.00,38.20,
3/15/2019,Anuenue School,21.30460,-157.79045,21.30500,-157.78978,309,333,Palolo,Anuenue School,Native,paepae,Vertebrate,Awaous stamineus,Oopu Nakea,1,9,Returned live to capture location,NA,NA,
3/15/2019,Anuenue School,21.30460,-157.79045,21.30500,-157.78978,309,333,Palolo,Anuenue School,Non-native,paepae,Vertebrate,Poecilia reticulata,Rainbow Guppy,6,2 to 3,Removed from study site,NA,NA,
3/15/2019,Anuenue School,21.30460,-157.79045,21.30500,-157.78978,309,333,Palolo,Anuenue School,Non-native,paepae,Vertebrate,Ancistrus temminckii,Bristlenose / Bushynose Plecostomus,25,2 to 6,Removed from study site,NA,NA,
3/15/2019,Anuenue School,21.30460,-157.79045,21.30500,-157.78978,309,333,Palolo,Anuenue School,Non-native,paepae,Invertebrate,Neocaridina denticulata sinensis,Japanese Swamp Shrimp,3,2,Removed from study site,NA,NA,
3/15/2019,Anuenue School,21.30460,-157.79045,21.30500,-157.78978,309,333,Palolo,Anuenue School,Non-native,paepae,Invertebrate,Procambarus clarkii,Swamp Crayfish,3,5 to 7,Removed from study site,NA,NA,
3/15/2019,Anuenue School,21.30460,-157.79045,21.30500,-157.78978,309,333,Palolo,Anuenue School,NA,paepae,TOTAL NATIVES,1,TOTAL NON-NATIVES,37,NA,SUMMARY,0.10,38.20,
3/19/2019,Tsang Stream Lab,21.29637,-157.83667,21.29710,-157.83662,22,25,Makiki,Washington Middle School,Native,paepae,Vertebrate,Awaous stamineus,Oopu Nakea,2,"10, 14",Returned live to capture location,NA,NA,
3/19/2019,Tsang Stream Lab,21.29637,-157.83667,21.29710,-157.83662,22,25,Makiki,Washington Middle School,Native,paepae,Vertebrate,Stenogobius hawaiiensis,Oopu Naniha,11,"8, 6, 5, 6, 7, 8, 9, 9, 7, 9, 10",Returned live to capture location,NA,NA,
3/19/2019,Tsang Stream Lab,21.29637,-157.83667,21.29710,-157.83662,22,25,Makiki,Washington Middle School,Native,paepae,Vertebrate,Eleotris sandwicensis,Oopu Akupa,3,"14, 11, 9",Returned live to capture location,NA,NA,
3/19/2019,Tsang Stream Lab,21.29637,-157.83667,21.29710,-157.83662,22,25,Makiki,Washington Middle School,Native,paepae,Vertebrate,Sicyopterus stimpsoni,Oopu Nopili,1,5,Returned live to capture location,NA,NA,
3/19/2019,Tsang Stream Lab,21.29637,-157.83667,21.29710,-157.83662,22,25,Makiki,Washington Middle School,Non-native,paepae,Vertebrate,Hypostomus watwata,Suckermouth Catfish / Plecostomus,12,14 to 30,Removed from study site,NA,NA,
3/19/2019,Tsang Stream Lab,21.29637,-157.83667,21.29710,-157.83662,22,25,Makiki,Washington Middle School,Non-native,paepae,Vertebrate,Ancistrus temminckii,Bristlenose / Bushynose Plecostomus,23,4 to 6,Removed from study site,NA,NA,
3/19/2019,Tsang Stream Lab,21.29637,-157.83667,21.29710,-157.83662,22,25,Makiki,Washington Middle School,Non-native,paepae,Vertebrate,Amatitlania nigrofasciata,Convict Cichlid,47,4 to 10,Removed from study site,NA,NA,
3/19/2019,Tsang Stream Lab,21.29637,-157.83667,21.29710,-157.83662,22,25,Makiki,Washington Middle School,Non-native,paepae,Vertebrate,Poecilia sphenops,Mexican Molly,311,2 to 8,Removed from study site,NA,NA,
3/19/2019,Tsang Stream Lab,21.29637,-157.83667,21.29710,-157.83662,22,25,Makiki,Washington Middle School,Non-native,paepae,Vertebrate,Poecilia reticulata,Rainbow Guppy,56,2 to 4,Removed from study site,NA,NA,
3/19/2019,Tsang Stream Lab,21.29637,-157.83667,21.29710,-157.83662,22,25,Makiki,Washington Middle School,Non-native,paepae,Vertebrate,Xiphophorus helleri,Green Swordtail,6,3 to 5,Removed from study site,NA,NA,
3/19/2019,Tsang Stream Lab,21.29637,-157.83667,21.29710,-157.83662,22,25,Makiki,Washington Middle School,Non-native,paepae,Invertebrate,Tarebia granifera,Quilted Melania,3,1 to 2,Removed from study site,NA,NA,
3/19/2019,Tsang Stream Lab,21.29637,-157.83667,21.29710,-157.83662,22,25,Makiki,Washington Middle School,NA,paepae,TOTAL NATIVES,17,TOTAL NON-NATIVES,458,NA,SUMMARY,8.00,38.20,
3/28/2019,University of Hawaii at Manoa - NREM,21.32632,-157.80057,21.32674,-157.80075,298,308,Manoa,Waakaua,Native,paepae,Vertebrate,Awaous stamineus,Oopu Nakea,1,8,Returned live to capture location,NA,NA,
3/28/2019,University of Hawaii at Manoa - NREM,21.32632,-157.80057,21.32674,-157.80075,298,308,Manoa,Waakaua,Non-native,paepae,Vertebrate,Poecilia sphenops,Mexican Molly,5,3 to 4,Removed from study site,NA,NA,
3/28/2019,University of Hawaii at Manoa - NREM,21.32632,-157.80057,21.32674,-157.80075,298,308,Manoa,Waakaua,Non-native,paepae,Vertebrate,Poecilia reticulata,Rainbow Guppy,47,2 to 3,Removed from study site,NA,NA,
3/28/2019,University of Hawaii at Manoa - NREM,21.32632,-157.80057,21.32674,-157.80075,298,308,Manoa,Waakaua,Non-native,paepae,Vertebrate,Xiphophorus helleri,Green Swordtail,22,2 to 5,Removed from study site,NA,NA,
3/28/2019,University of Hawaii at Manoa - NREM,21.32632,-157.80057,21.32674,-157.80075,298,308,Manoa,Waakaua,Non-native,paepae,Vertebrate,Ancistrus temminckii,Bristlenose / Bushynose Plecostomus,130,3 to 8,Removed from study site,NA,NA,
3/28/2019,University of Hawaii at Manoa - NREM,21.32632,-157.80057,21.32674,-157.80075,298,308,Manoa,Waakaua,Non-native,paepae,Invertebrate,Neocaridina denticulata sinensis,Japanese Swamp Shrimp,3,2,Removed from study site,NA,NA,
3/28/2019,University of Hawaii at Manoa - NREM,21.32632,-157.80057,21.32674,-157.80075,298,308,Manoa,Waakaua,NA,paepae,TOTAL NATIVES,1,TOTAL NON-NATIVES,207,NA,SUMMARY,0.20,38.20,
4/2/2019,University of Hawaii at Manoa - NREM,21.29145,-157.81451,21.29074,-157.81470,39,43,Manoa-Palolo,Manoa-Palolo Confluence,Native,paepae,Vertebrate,Awaous stamineus,Oopu Nakea,19,4 to 5,Returned live to capture location,NA,NA,
4/2/2019,University of Hawaii at Manoa - NREM,21.29145,-157.81451,21.29074,-157.81470,39,43,Manoa-Palolo,Manoa-Palolo Confluence,Native,paepae,Vertebrate,Stenogobius hawaiiensis,Oopu Naniha,5,4 to 6,Returned live to capture location,NA,NA,
4/2/2019,University of Hawaii at Manoa - NREM,21.29145,-157.81451,21.29074,-157.81470,39,43,Manoa-Palolo,Manoa-Palolo Confluence,Native,paepae,Vertebrate,Eleotris sandwicensis,Oopu Akupa,1,7 to 10,Returned live to capture location,NA,NA,
4/2/2019,University of Hawaii at Manoa - NREM,21.29145,-157.81451,21.29074,-157.81470,39,43,Manoa-Palolo,Manoa-Palolo Confluence,Native,paepae,Invertebrate,Macrobrachium grandimanus,Opae Oehaa,1,5,Returned live to capture location,NA,NA,
4/2/2019,University of Hawaii at Manoa - NREM,21.29145,-157.81451,21.29074,-157.81470,39,43,Manoa-Palolo,Manoa-Palolo Confluence,Native,paepae,Vertebrate,Kuhlia xenura,Aholehole / Hawaiian Flagtail,15,4 to 15,Returned live to capture location,NA,NA,
4/2/2019,University of Hawaii at Manoa - NREM,21.29145,-157.81451,21.29074,-157.81470,39,43,Manoa-Palolo,Manoa-Palolo Confluence,Non-native,paepae,Vertebrate,Hypostomus watwata,Suckermouth Catfish / Plecostomus,15,17 to 30,Removed from study site,NA,NA,
4/2/2019,University of Hawaii at Manoa - NREM,21.29145,-157.81451,21.29074,-157.81470,39,43,Manoa-Palolo,Manoa-Palolo Confluence,Non-native,paepae,Vertebrate,Ancistrus temminckii,Bristlenose / Bushynose Plecostomus,3,4 to 5,Removed from study site,NA,NA,
4/2/2019,University of Hawaii at Manoa - NREM,21.29145,-157.81451,21.29074,-157.81470,39,43,Manoa-Palolo,Manoa-Palolo Confluence,Non-native,paepae,Vertebrate,Clarias fuscus,Chinese Catfish,1,25,Removed from study site,NA,NA,
4/2/2019,University of Hawaii at Manoa - NREM,21.29145,-157.81451,21.29074,-157.81470,39,43,Manoa-Palolo,Manoa-Palolo Confluence,Non-native,paepae,Vertebrate,Poecilia reticulata,Rainbow Guppy,7,2 to 3,Removed from study site,NA,NA,
4/2/2019,University of Hawaii at Manoa - NREM,21.29145,-157.81451,21.29074,-157.81470,39,43,Manoa-Palolo,Manoa-Palolo Confluence,Non-native,paepae,Vertebrate,Poecilia sphenops,Mexican Molly,30,2 to 5,Removed from study site,NA,NA,
4/2/2019,University of Hawaii at Manoa - NREM,21.29145,-157.81451,21.29074,-157.81470,39,43,Manoa-Palolo,Manoa-Palolo Confluence,Non-native,paepae,Vertebrate,Oreochromis mossambicus,Mozambique Tilapia,80,2 to 3,Removed from study site,NA,NA,
4/2/2019,University of Hawaii at Manoa - NREM,21.29145,-157.81451,21.29074,-157.81470,39,43,Manoa-Palolo,Manoa-Palolo Confluence,NA,paepae,TOTAL NATIVES,41,TOTAL NON-NATIVES,136,NA,SUMMARY,3.00,38.20,
4/3/2019,Stevenson Middle School,21.31161,-157.80812,21.31353,-157.80647,175,179,Manoa,Manoa Valley District Park,Non-native,paepae,Vertebrate,Hypostomus watwata,Suckermouth Catfish / Plecostomus,6,5 to 19,Removed from study site,NA,NA,
4/3/2019,Stevenson Middle School,21.31161,-157.80812,21.31353,-157.80647,175,179,Manoa,Manoa Valley District Park,Non-native,paepae,Vertebrate,Ancistrus temminckii,Bristlenose / Bushynose Plecostomus,6,2 to 8,Removed from study site,NA,NA,
4/3/2019,Stevenson Middle School,21.31161,-157.80812,21.31353,-157.80647,175,179,Manoa,Manoa Valley District Park,Non-native,paepae,Vertebrate,Poecilia reticulata,Rainbow Guppy,10,2 to 3,Removed from study site,NA,NA,
4/3/2019,Stevenson Middle School,21.31161,-157.80812,21.31353,-157.80647,175,179,Manoa,Manoa Valley District Park,Non-native,paepae,Vertebrate,Amatitlania nigrofasciata,Convict Cichlid,2,5,Removed from study site,NA,NA,
4/3/2019,Stevenson Middle School,21.31161,-157.80812,21.31353,-157.80647,175,179,Manoa,Manoa Valley District Park,Non-native,paepae,Vertebrate,Poecilia sphenops,Mexican Molly,12,3 to 5,Removed from study site,NA,NA,
4/3/2019,Stevenson Middle School,21.31161,-157.80812,21.31353,-157.80647,175,179,Manoa,Manoa Valley District Park,Non-native,paepae,Invertebrate,Procambarus clarkii,Swamp Crayfish,2,5 to 6,Removed from study site,NA,NA,
4/3/2019,Stevenson Middle School,21.31161,-157.80812,21.31353,-157.80647,175,179,Manoa,Manoa Valley District Park,Non-native,paepae,Invertebrate,Neocaridina denticulata sinensis,Japanese Swamp Shrimp,6,1,Removed from study site,NA,NA,
4/3/2019,Stevenson Middle School,21.31161,-157.80812,21.31353,-157.80647,175,179,Manoa,Manoa Valley District Park,NA,paepae,TOTAL NATIVES,0,TOTAL NON-NATIVES,44,NA,SUMMARY,0.5,27.3,
4/4/2019,Stevenson Middle School,21.29673,-157.81367,21.29845,-157.81390,94,100,Manoa,KanewaiLoi,Non-native,paepae,Vertebrate,Hypostomus watwata,Suckermouth Catfish / Plecostomus,6,10 to 12,Removed from study site,NA,NA,
4/4/2019,Stevenson Middle School,21.29673,-157.81367,21.29845,-157.81390,94,100,Manoa,KanewaiLoi,Non-native,paepae,Vertebrate,Ancistrus temminckii,Bristlenose / Bushynose Plecostomus,2,2,Removed from study site,NA,NA,
4/4/2019,Stevenson Middle School,21.29673,-157.81367,21.29845,-157.81390,94,100,Manoa,KanewaiLoi,Non-native,paepae,Vertebrate,Poecilia reticulata,Rainbow Guppy,1,2,Removed from study site,NA,NA,
4/4/2019,Stevenson Middle School,21.29673,-157.81367,21.29845,-157.81390,94,100,Manoa,KanewaiLoi,NA,paepae,TOTAL NATIVES,0,TOTAL NON-NATIVES,9,NA,SUMMARY,0.20,30.91,
4/25/2019,Waialua High School,21.28639,-157.81888,21.28728,-157.81799,18,19,Manoa-Palolo,Kaimuki  High School,Native,paepae,Vertebrate,Stenogobius hawaiiensis,Oopu Naniha,15,4 to 7,Returned live to capture location,NA,NA,
4/25/2019,Waialua High School,21.28639,-157.81888,21.28728,-157.81799,18,19,Manoa-Palolo,Kaimuki  High School,Native,paepae,Vertebrate,Eleotris sandwicensis,Oopu Akupa,7,5 to 13,Returned live to capture location,NA,NA,
4/25/2019,Waialua High School,21.28639,-157.81888,21.28728,-157.81799,18,19,Manoa-Palolo,Kaimuki  High School,Native,paepae,Vertebrate,Kuhlia xenura,Aholehole / Hawaiian Flagtail,19,3 to 11,Returned live to capture location,NA,NA,
4/25/2019,Waialua High School,21.28639,-157.81888,21.28728,-157.81799,18,19,Manoa-Palolo,Kaimuki  High School,Non-native,paepae,Vertebrate,Sarotherodon melanotheron,Black Chin Tilapia,5,5 to 10,Removed from study site,NA,NA,
4/25/2019,Waialua High School,21.28639,-157.81888,21.28728,-157.81799,18,19,Manoa-Palolo,Kaimuki  High School,Non-native,paepae,Vertebrate,Poecilia sphenops,Mexican Molly,10,3 to 6,Removed from study site,NA,NA,
4/25/2019,Waialua High School,21.28639,-157.81888,21.28728,-157.81799,18,19,Manoa-Palolo,Kaimuki  High School,Non-native,paepae,Vertebrate,Hypostomus watwata,Suckermouth Catfish / Plecostomus,76,18 to 30,Removed from study site,NA,NA,
4/25/2019,Waialua High School,21.28639,-157.81888,21.28728,-157.81799,18,19,Manoa-Palolo,Kaimuki  High School,NA,paepae,TOTAL NATIVES,41,TOTAL NON-NATIVES,91,NA,SUMMARY,30.00,41.82,
5/8/2019,Kamehameha Schools,21.30973,-157.80943,21.31090,-157.80879,168,172,Manoa,Manoa Marketplace,Native,paepae,Vertebrate,Awaous stamineus,Oopu Nakea,2,"7, 8",Returned live to capture location,NA,NA,
5/8/2019,Kamehameha Schools,21.30973,-157.80943,21.31090,-157.80879,168,172,Manoa,Manoa Marketplace,Non-native,paepae,Vertebrate,Hypostomus watwata,Suckermouth Catfish / Plecostomus,9,2 to 8,Removed from study site,NA,NA,
5/8/2019,Kamehameha Schools,21.30973,-157.80943,21.31090,-157.80879,168,172,Manoa,Manoa Marketplace,Non-native,paepae,Vertebrate,Poecilia sphenops,Mexican Molly,45,2 to 6,Removed from study site,NA,NA,
5/8/2019,Kamehameha Schools,21.30973,-157.80943,21.31090,-157.80879,168,172,Manoa,Manoa Marketplace,Non-native,paepae,Vertebrate,Ancistrus temminckii,Bristlenose / Bushynose Plecostomus,5,2 to 4,Removed from study site,NA,NA,
5/8/2019,Kamehameha Schools,21.30973,-157.80943,21.31090,-157.80879,168,172,Manoa,Manoa Marketplace,Non-native,paepae,Vertebrate,Poecilia reticulata,Rainbow Guppy,10,2 to 3,Removed from study site,NA,NA,
5/8/2019,Kamehameha Schools,21.30973,-157.80943,21.31090,-157.80879,168,172,Manoa,Manoa Marketplace,Non-native,paepae,Invertebrate,Procambarus clarkii,Swamp Crayfish,1,5,Removed from study site,NA,NA,
5/8/2019,Kamehameha Schools,21.30973,-157.80943,21.31090,-157.80879,168,172,Manoa,Manoa Marketplace,Non-native,paepae,Vertebrate,Micropterus dolomieu,Smallmouth Bass,9,3 to 4,Removed from study site,NA,NA,
5/8/2019,Kamehameha Schools,21.30973,-157.80943,21.31090,-157.80879,168,172,Manoa,Manoa Marketplace,NA,paepae,TOTAL NATIVES,2,TOTAL NON-NATIVES,79,NA,SUMMARY,0.20,38.20,
5/16/2019,Punahou School,21.30793,-157.80914,21.30862,-157.80945,161,168,Manoa,Noelani Elementary,Non-native,paepae,Vertebrate,Hypostomus watwata,Suckermouth Catfish / Plecostomus,53,13 to 20,Removed from study site,NA,NA,
5/16/2019,Punahou School,21.30793,-157.80914,21.30862,-157.80945,161,168,Manoa,Noelani Elementary,Non-native,paepae,Vertebrate,Ancistrus temminckii,Bristlenose / Bushynose Plecostomus,1,5,Removed from study site,NA,NA,
5/16/2019,Punahou School,21.30793,-157.80914,21.30862,-157.80945,161,168,Manoa,Noelani Elementary,NA,paepae,TOTAL NATIVES,0,TOTAL NON-NATIVES,54,NA,SUMMARY,5.00,30.91,
5/16/2019,Punahou School,21.31161,-157.80812,21.31353,-157.80647,175,179,Manoa,Manoa Valley District Park,Native,paepae,Vertebrate,Awaous stamineus,Oopu Nakea,1,4,Returned live to capture location,NA,NA,
5/16/2019,Punahou School,21.31161,-157.80812,21.31353,-157.80647,175,179,Manoa,Manoa Valley District Park,Non-native,paepae,Vertebrate,Hypostomus watwata,Suckermouth Catfish / Plecostomus,18,5 to 19,Removed from study site,NA,NA,
5/16/2019,Punahou School,21.31161,-157.80812,21.31353,-157.80647,175,179,Manoa,Manoa Valley District Park,Non-native,paepae,Vertebrate,Ancistrus temminckii,Bristlenose / Bushynose Plecostomus,5,2 to 8,Removed from study site,NA,NA,
5/16/2019,Punahou School,21.31161,-157.80812,21.31353,-157.80647,175,179,Manoa,Manoa Valley District Park,Non-native,paepae,Vertebrate,Poecilia reticulata,Rainbow Guppy,68,2 to 3,Removed from study site,NA,NA,
5/16/2019,Punahou School,21.31161,-157.80812,21.31353,-157.80647,175,179,Manoa,Manoa Valley District Park,Non-native,paepae,Vertebrate,Amatitlania nigrofasciata,Convict Cichlid,2,5,Removed from study site,NA,NA,
5/16/2019,Punahou School,21.31161,-157.80812,21.31353,-157.80647,175,179,Manoa,Manoa Valley District Park,Non-native,paepae,Vertebrate,Poecilia sphenops,Mexican Molly,10,3 to 5,Removed from study site,NA,NA,
5/16/2019,Punahou School,21.31161,-157.80812,21.31353,-157.80647,175,179,Manoa,Manoa Valley District Park,Non-native,paepae,Vertebrate,Micropterus dolomieu,Smallmouth Bass,11,3 to 17,Removed from study site,NA,NA,
5/16/2019,Punahou School,21.31161,-157.80812,21.31353,-157.80647,175,179,Manoa,Manoa Valley District Park,Non-native,paepae,Invertebrate,Procambarus clarkii,Swamp Crayfish,5,5 to 6,Removed from study site,NA,NA,
5/16/2019,Punahou School,21.31161,-157.80812,21.31353,-157.80647,175,179,Manoa,Manoa Valley District Park,Non-native,paepae,Invertebrate,Neocaridina denticulata sinensis,Japanese Swamp Shrimp,12,1,Removed from study site,NA,NA,
5/16/2019,Punahou School,21.31161,-157.80812,21.31353,-157.80647,175,179,Manoa,Manoa Valley District Park,Non-native,paepae,Invertebrate,Melanoides tuberculata,Malaysian Trumpet Snail,1,2,Removed from study site,NA,NA,
5/16/2019,Punahou School,21.31161,-157.80812,21.31353,-157.80647,175,179,Manoa,Manoa Valley District Park,NA,paepae,TOTAL NATIVES,1,TOTAL NON-NATIVES,132,NA,SUMMARY,1.00,30.91,
5/17/2019,Punahou School,21.30821,-157.83070,21.30935,-157.83057,144,165,Makiki,Baker Park,Native,paepae,Vertebrate,Awaous stamineus,Oopu Nakea,4,"8, 10, 15, 12",Returned live to capture location,NA,NA,
5/17/2019,Punahou School,21.30821,-157.83070,21.30935,-157.83057,144,165,Makiki,Baker Park,Non-native,paepae,Vertebrate,Xiphophorus helleri,Green Swordtail,1,4,Removed from study site,NA,NA,
5/17/2019,Punahou School,21.30821,-157.83070,21.30935,-157.83057,144,165,Makiki,Baker Park,Non-native,paepae,Vertebrate,Poecilia reticulata,Rainbow Guppy,132,2 to 3,Removed from study site,NA,NA,
5/17/2019,Punahou School,21.30821,-157.83070,21.30935,-157.83057,144,165,Makiki,Baker Park,Non-native,paepae,Vertebrate,Poecilia sphenops,Mexican Molly,5,2 to 4,Removed from study site,NA,NA,
5/17/2019,Punahou School,21.30821,-157.83070,21.30935,-157.83057,144,165,Makiki,Baker Park,Non-native,paepae,Vertebrate,Ancistrus temminckii,Bristlenose / Bushynose Plecostomus,3,2 to 7,Removed from study site,NA,NA,
5/17/2019,Punahou School,21.30821,-157.83070,21.30935,-157.83057,144,165,Makiki,Baker Park,Non-native,paepae,Vertebrate,Amatitlania nigrofasciata,Convict Cichlid,11,5 to 8,Removed from study site,NA,NA,
5/17/2019,Punahou School,21.30821,-157.83070,21.30935,-157.83057,144,165,Makiki,Baker Park,Non-native,paepae,Invertebrate,Corbicula fluminea,Asiatic Clam,1,1,Removed from study site,NA,NA,
5/17/2019,Punahou School,21.30821,-157.83070,21.30935,-157.83057,144,165,Makiki,Baker Park,Non-native,paepae,Invertebrate,Neocaridina denticulata sinensis,Japanese Swamp Shrimp,4,2,Removed from study site,NA,NA,
5/17/2019,Punahou School,21.30821,-157.83070,21.30935,-157.83057,144,165,Makiki,Baker Park,Non-native,paepae,Invertebrate,Macrobrachium lar,Tahitian Prawn,7,3 to 10,Removed from study site,NA,NA,
5/17/2019,Punahou School,21.30821,-157.83070,21.30935,-157.83057,144,165,Makiki,Baker Park,Non-native,paepae,Invertebrate,Melanoides tuberculata,Malaysian Trumpet Snail,1,2,Removed from study site,NA,NA,
5/17/2019,Punahou School,21.30821,-157.83070,21.30935,-157.83057,144,165,Makiki,Baker Park,NA,paepae,TOTAL NATIVES,4,TOTAL NON-NATIVES,165,NA,SUMMARY,0.20,38.20,
5/24/2019,Seeqs,21.28639,-157.81888,21.28728,-157.81799,18,19,Manoa-Palolo,Kaimuki  High School,Native,paepae,Vertebrate,Stenogobius hawaiiensis,Oopu Naniha,13,4 to 8,Returned live to capture location,NA,NA,
5/24/2019,Seeqs,21.28639,-157.81888,21.28728,-157.81799,18,19,Manoa-Palolo,Kaimuki  High School,Native,paepae,Vertebrate,Eleotris sandwicensis,Oopu Akupa,8,5 to 13,Returned live to capture location,NA,NA,
5/24/2019,Seeqs,21.28639,-157.81888,21.28728,-157.81799,18,19,Manoa-Palolo,Kaimuki  High School,Native,paepae,Vertebrate,Kuhlia xenura,Aholehole / Hawaiian Flagtail,32,3 to 13,Returned live to capture location,NA,NA,
5/24/2019,Seeqs,21.28639,-157.81888,21.28728,-157.81799,18,19,Manoa-Palolo,Kaimuki  High School,Native,paepae,Invertebrate,Macrobrachium grandimanus,Opae Oehaa,1,5,Removed from study site,NA,NA,
5/24/2019,Seeqs,21.28639,-157.81888,21.28728,-157.81799,18,19,Manoa-Palolo,Kaimuki  High School,Non-native,paepae,Vertebrate,Andinoacara rivulatus,Green Terror Cichlid,1,16,Removed from study site,NA,NA,
5/24/2019,Seeqs,21.28639,-157.81888,21.28728,-157.81799,18,19,Manoa-Palolo,Kaimuki  High School,Non-native,paepae,Vertebrate,Amphilophus labiatus,Red Devil Cichlid,3,12 to 16,Removed from study site,NA,NA,
5/24/2019,Seeqs,21.28639,-157.81888,21.28728,-157.81799,18,19,Manoa-Palolo,Kaimuki  High School,Non-native,paepae,Vertebrate,Amatitlania nigrofasciata,Convict Cichlid,3,5 to 7,Removed from study site,NA,NA,
5/24/2019,Seeqs,21.28639,-157.81888,21.28728,-157.81799,18,19,Manoa-Palolo,Kaimuki  High School,Non-native,paepae,Vertebrate,Sarotherodon melanotheron,Black Chin Tilapia,2,5 to 10,Removed from study site,NA,NA,
5/24/2019,Seeqs,21.28639,-157.81888,21.28728,-157.81799,18,19,Manoa-Palolo,Kaimuki  High School,Non-native,paepae,Vertebrate,Poecilia sphenops,Mexican Molly,17,3 to 6,Removed from study site,NA,NA,
5/24/2019,Seeqs,21.28639,-157.81888,21.28728,-157.81799,18,19,Manoa-Palolo,Kaimuki  High School,Non-native,paepae,Vertebrate,Hypostomus watwata,Suckermouth Catfish / Plecostomus,205,18 to 30,Removed from study site,NA,NA,
5/24/2019,Seeqs,21.28639,-157.81888,21.28728,-157.81799,18,19,Manoa-Palolo,Kaimuki  High School,NA,paepae,TOTAL NATIVES,54,TOTAL NON-NATIVES,231,NA,SUMMARY,60.00,34.60,
6/7/2019,University of Hawaii at Manoa -COE,21.28810,-157.80568,21.28901,-157.80470,111,115,Palolo,Saint Louis Field,Native,paepae,Vertebrate,Awaous stamineus,Oopu Nakea,2,"11, 14",Returned live to capture location,NA,NA,
6/7/2019,University of Hawaii at Manoa -COE,21.28810,-157.80568,21.28901,-157.80470,111,115,Palolo,Saint Louis Field,Non-native,paepae,Vertebrate,Poecilia sphenops,Mexican Molly,430,2 to 5,Removed from study site,NA,NA,
6/7/2019,University of Hawaii at Manoa -COE,21.28810,-157.80568,21.28901,-157.80470,111,115,Palolo,Saint Louis Field,Non-native,paepae,Vertebrate,Poecilia reticulata,Rainbow Guppy,7,2 to 3,Removed from study site,NA,NA,
6/7/2019,University of Hawaii at Manoa -COE,21.28810,-157.80568,21.28901,-157.80470,111,115,Palolo,Saint Louis Field,Non-native,paepae,Vertebrate,Oreochromis mossambicus,Mozambique Tilapia,18,3 to 10,Removed from study site,NA,NA,
6/7/2019,University of Hawaii at Manoa -COE,21.28810,-157.80568,21.28901,-157.80470,111,115,Palolo,Saint Louis Field,Non-native,paepae,Vertebrate,Amatitlania nigrofasciata,Convict Cichlid,22,3 to 5,Removed from study site,NA,NA,
6/7/2019,University of Hawaii at Manoa -COE,21.28810,-157.80568,21.28901,-157.80470,111,115,Palolo,Saint Louis Field,NA,paepae,TOTAL NATIVES,2,TOTAL NON-NATIVES,477,NA,SUMMARY,3.00,38.20,
6/14/2019,Washington Middle School ,21.29673,-157.81367,21.29845,-157.81390,94,100,Manoa,KanewaiLoi,Non-native,paepae,Vertebrate,Hypostomus watwata,Suckermouth Catfish / Plecostomus,4,6 to 15,Removed from study site,NA,NA,
6/14/2019,Washington Middle School ,21.29673,-157.81367,21.29845,-157.81390,94,100,Manoa,KanewaiLoi,Non-native,paepae,Vertebrate,Ancistrus temminckii,Bristlenose / Bushynose Plecostomus,1,4,Removed from study site,NA,NA,
6/14/2019,Washington Middle School ,21.29673,-157.81367,21.29845,-157.81390,94,100,Manoa,KanewaiLoi,Non-native,paepae,Vertebrate,Poecilia reticulata,Rainbow Guppy,13,2 to 3,Removed from study site,NA,NA,
6/14/2019,Washington Middle School ,21.29673,-157.81367,21.29845,-157.81390,94,100,Manoa,KanewaiLoi,Non-native,paepae,Vertebrate,Poecilia sphenops,Mexican Molly,1,3,Removed from study site,NA,NA,
6/14/2019,Washington Middle School ,21.29673,-157.81367,21.29845,-157.81390,94,100,Manoa,KanewaiLoi,NA,paepae,TOTAL NATIVES,0,TOTAL NON-NATIVES,19,NA,SUMMARY,0.30,27.30,
6/17/2019,University Laboratory School,21.30973,-157.80943,21.31090,-157.80879,168,172,Manoa,Manoa Marketplace,Non-native,paepae,Vertebrate,Hypostomus watwata,Suckermouth Catfish / Plecostomus,13,2 to 6,Removed from study site,NA,NA,
6/17/2019,University Laboratory School,21.30973,-157.80943,21.31090,-157.80879,168,172,Manoa,Manoa Marketplace,Non-native,paepae,Vertebrate,Poecilia sphenops,Mexican Molly,262,2 to 6,Removed from study site,NA,NA,
6/17/2019,University Laboratory School,21.30973,-157.80943,21.31090,-157.80879,168,172,Manoa,Manoa Marketplace,Non-native,paepae,Vertebrate,Ancistrus temminckii,Bristlenose / Bushynose Plecostomus,9,2 to 4,Removed from study site,NA,NA,
6/17/2019,University Laboratory School,21.30973,-157.80943,21.31090,-157.80879,168,172,Manoa,Manoa Marketplace,Non-native,paepae,Vertebrate,Poecilia reticulata,Rainbow Guppy,13,2 to 3,Removed from study site,NA,NA,
6/17/2019,University Laboratory School,21.30973,-157.80943,21.31090,-157.80879,168,172,Manoa,Manoa Marketplace,Non-native,paepae,Invertebrate,Melanoides tuberculata,Malaysian Trumpet Snail,3,1,Removed from study site,NA,NA,
6/17/2019,University Laboratory School,21.30973,-157.80943,21.31090,-157.80879,168,172,Manoa,Manoa Marketplace,Non-native,paepae,Invertebrate,Procambarus clarkii,Swamp Crayfish,1,5,Removed from study site,NA,NA,
6/17/2019,University Laboratory School,21.30973,-157.80943,21.31090,-157.80879,168,172,Manoa,Manoa Marketplace,Non-native,paepae,Vertebrate,Micropterus dolomieu,Smallmouth Bass,1,4,Removed from study site,NA,NA,
6/17/2019,University Laboratory School,21.30973,-157.80943,21.31090,-157.80879,168,172,Manoa,Manoa Marketplace,NA,paepae,TOTAL NATIVES,0,TOTAL NON-NATIVES,302,NA,SUMMARY,1.00,27.30,
6/21/2019,Iolani School - Ka'i Program,21.28639,-157.81888,21.28728,-157.81799,18,19,Manoa-Palolo,Kaimuki  High School,Native,paepae,Vertebrate,Stenogobius hawaiiensis,Oopu Naniha,10,4 to 8,Returned live to capture location,NA,NA,
6/21/2019,Iolani School - Ka'i Program,21.28639,-157.81888,21.28728,-157.81799,18,19,Manoa-Palolo,Kaimuki  High School,Native,paepae,Vertebrate,Eleotris sandwicensis,Oopu Akupa,23,5 to 13,Returned live to capture location,NA,NA,
6/21/2019,Iolani School - Ka'i Program,21.28639,-157.81888,21.28728,-157.81799,18,19,Manoa-Palolo,Kaimuki  High School,Native,paepae,Vertebrate,Kuhlia xenura,Aholehole / Hawaiian Flagtail,38,3 to 13,Returned live to capture location,NA,NA,
6/21/2019,Iolani School - Ka'i Program,21.28639,-157.81888,21.28728,-157.81799,18,19,Manoa-Palolo,Kaimuki  High School,Native,paepae,Invertebrate,Macrobrachium grandimanus,Opae Oehaa,3,5,Removed from study site,NA,NA,
6/21/2019,Iolani School - Ka'i Program,21.28639,-157.81888,21.28728,-157.81799,18,19,Manoa-Palolo,Kaimuki  High School,Native,paepae,Vertebrate,Elops hawaiensis,Awaawa / Hawaiian Ladyfish,2,15,Died after capture / Removed,NA,NA,
6/21/2019,Iolani School - Ka'i Program,21.28639,-157.81888,21.28728,-157.81799,18,19,Manoa-Palolo,Kaimuki  High School,Non-native,paepae,Vertebrate,Gambusia affinis,Mosquitofish,3,3 to 5,Removed from study site,NA,NA,
6/21/2019,Iolani School - Ka'i Program,21.28639,-157.81888,21.28728,-157.81799,18,19,Manoa-Palolo,Kaimuki  High School,Non-native,paepae,Vertebrate,Amatitlania nigrofasciata,Convict Cichlid,3,5 to 6,Removed from study site,NA,NA,
6/21/2019,Iolani School - Ka'i Program,21.28639,-157.81888,21.28728,-157.81799,18,19,Manoa-Palolo,Kaimuki  High School,Non-native,paepae,Vertebrate,Sarotherodon melanotheron,Black Chin Tilapia,5,8 to 15,Removed from study site,NA,NA,
6/21/2019,Iolani School - Ka'i Program,21.28639,-157.81888,21.28728,-157.81799,18,19,Manoa-Palolo,Kaimuki  High School,Non-native,paepae,Vertebrate,Poecilia sphenops,Mexican Molly,15,3 to 6,Removed from study site,NA,NA,
6/21/2019,Iolani School - Ka'i Program,21.28639,-157.81888,21.28728,-157.81799,18,19,Manoa-Palolo,Kaimuki  High School,Non-native,paepae,Vertebrate,Hypostomus watwata,Suckermouth Catfish / Plecostomus,20,18 to 30,Removed from study site,NA,NA,
6/21/2019,Iolani School - Ka'i Program,21.28639,-157.81888,21.28728,-157.81799,18,19,Manoa-Palolo,Kaimuki  High School,NA,paepae,TOTAL NATIVES,76,TOTAL NON-NATIVES,46,NA,SUMMARY,4.00,41.80,
6/25/2019,KUPU,21.32826,-157.80093,21.32902,-157.80066,323,340,Manoa,Waihi (USGS Gage),Native,paepae,Vertebrate,Awaous stamineus,Oopu Nakea,1,5,Returned live to capture location,NA,NA,
6/25/2019,KUPU,21.32826,-157.80093,21.32902,-157.80066,323,340,Manoa,Waihi (USGS Gage),Non-native,paepae,Vertebrate,Poecilia reticulata,Rainbow Guppy,81,2 to 4,Removed from study site,NA,NA,
6/25/2019,KUPU,21.32826,-157.80093,21.32902,-157.80066,323,340,Manoa,Waihi (USGS Gage),Non-native,paepae,Vertebrate,Xiphophorus helleri,Green Swordtail,44,3 to 5,Removed from study site,NA,NA,
6/25/2019,KUPU,21.32826,-157.80093,21.32902,-157.80066,323,340,Manoa,Waihi (USGS Gage),Non-native,paepae,Vertebrate,Ancistrus temminckii,Bristlenose / Bushynose Plecostomus,120,3 to 6,Removed from study site,NA,NA,
6/25/2019,KUPU,21.32826,-157.80093,21.32902,-157.80066,323,340,Manoa,Waihi (USGS Gage),Non-native,paepae,Invertebrate,Procambarus clarkii,Swamp Crayfish,14,2 to 6,Removed from study site,NA,NA,
6/25/2019,KUPU,21.32826,-157.80093,21.32902,-157.80066,323,340,Manoa,Waihi (USGS Gage),Non-native,paepae,Invertebrate,Neocaridina denticulata sinensis,Japanese Swamp Shrimp,2,2,Removed from study site,NA,NA,
6/25/2019,KUPU,21.32826,-157.80093,21.32902,-157.80066,323,340,Manoa,Waihi (USGS Gage),Non-native,paepae,Invertebrate,Lymnaeidae,unknown snail,1,1,Removed from study site,NA,NA,
6/25/2019,KUPU,21.32826,-157.80093,21.32902,-157.80066,323,340,Manoa,Waihi (USGS Gage),NA,paepae,TOTAL NATIVES,1,TOTAL NON-NATIVES,262,NA,SUMMARY,0.40,30.90,
6/27/2019,Iolani School,21.30973,-157.80943,21.31090,-157.80879,168,172,Manoa,Manoa Marketplace,Non-native,paepae,Vertebrate,Hypostomus watwata,Suckermouth Catfish / Plecostomus,38,3 to 15,Removed from study site,NA,NA,
6/27/2019,Iolani School,21.30973,-157.80943,21.31090,-157.80879,168,172,Manoa,Manoa Marketplace,Non-native,paepae,Vertebrate,Poecilia sphenops,Mexican Molly,118,2 to 6,Removed from study site,NA,NA,
6/27/2019,Iolani School,21.30973,-157.80943,21.31090,-157.80879,168,172,Manoa,Manoa Marketplace,Non-native,paepae,Vertebrate,Ancistrus temminckii,Bristlenose / Bushynose Plecostomus,9,2 to 20,Removed from study site,NA,NA,
6/27/2019,Iolani School,21.30973,-157.80943,21.31090,-157.80879,168,172,Manoa,Manoa Marketplace,Non-native,paepae,Vertebrate,Poecilia reticulata,Rainbow Guppy,9,2 to 3,Removed from study site,NA,NA,
6/27/2019,Iolani School,21.30973,-157.80943,21.31090,-157.80879,168,172,Manoa,Manoa Marketplace,Non-native,paepae,Invertebrate,Melanoides tuberculata,Malaysian Trumpet Snail,1,2,Removed from study site,NA,NA,
6/27/2019,Iolani School,21.30973,-157.80943,21.31090,-157.80879,168,172,Manoa,Manoa Marketplace,Non-native,paepae,Invertebrate,Lymnaeidae,unknown snail,1,1,Removed from study site,NA,NA,
6/27/2019,Iolani School,21.30973,-157.80943,21.31090,-157.80879,168,172,Manoa,Manoa Marketplace,Non-native,paepae,Invertebrate,Procambarus clarkii,Swamp Crayfish,2,3 to 5,Removed from study site,NA,NA,
6/27/2019,Iolani School,21.30973,-157.80943,21.31090,-157.80879,168,172,Manoa,Manoa Marketplace,Non-native,paepae,Invertebrate,Neocaridina denticulata sinensis,Japanese Swamp Shrimp,1,2,Removed from study site,NA,NA,
6/27/2019,Iolani School,21.30973,-157.80943,21.31090,-157.80879,168,172,Manoa,Manoa Marketplace,NA,paepae,TOTAL NATIVES,0,TOTAL NON-NATIVES,179,NA,SUMMARY,2.00,27.30,
7/2/2019,University Laboratory School,21.30050,-157.79218,21.30094,-157.79126,268,280,Palolo,Palolo Elementary,Native,paepae,Vertebrate,Awaous stamineus,Oopu Nakea,2,"10, 12",Returned live to capture location,NA,NA,
7/2/2019,University Laboratory School,21.30050,-157.79218,21.30094,-157.79126,268,280,Palolo,Palolo Elementary,Non-native,paepae,Vertebrate,Poecilia reticulata,Rainbow Guppy,130,2 to 3,Removed from study site,NA,NA,
7/2/2019,University Laboratory School,21.30050,-157.79218,21.30094,-157.79126,268,280,Palolo,Palolo Elementary,Non-native,paepae,Vertebrate,Poecilia sphenops,Mexican Molly,4,2 to 5,Removed from study site,NA,NA,
7/2/2019,University Laboratory School,21.30050,-157.79218,21.30094,-157.79126,268,280,Palolo,Palolo Elementary,Non-native,paepae,Vertebrate,Xiphophorus helleri,Green Swordtail,3,3 to 5,Removed from study site,NA,NA,
7/2/2019,University Laboratory School,21.30050,-157.79218,21.30094,-157.79126,268,280,Palolo,Palolo Elementary,Non-native,paepae,Vertebrate,Ancistrus temminckii,Bristlenose / Bushynose Plecostomus,110,2 to 5,Removed from study site,NA,NA,
7/2/2019,University Laboratory School,21.30050,-157.79218,21.30094,-157.79126,268,280,Palolo,Palolo Elementary,Non-native,paepae,Invertebrate,Melanoides tuberculata,Malaysian Trumpet Snail,6,1 to 2,Removed from study site,NA,NA,
7/2/2019,University Laboratory School,21.30050,-157.79218,21.30094,-157.79126,268,280,Palolo,Palolo Elementary,NA,paepae,TOTAL NATIVES,2,TOTAL NON-NATIVES,253,NA,SUMMARY,0.20,38.20,
7/5/2019,Mele Murals ,21.28639,-157.81888,21.28728,-157.81799,18,19,Manoa-Palolo,Kaimuki  High School,Native,paepae,Vertebrate,Stenogobius hawaiiensis,Oopu Naniha,7,4 to 8,Returned live to capture location,NA,NA,
7/5/2019,Mele Murals ,21.28639,-157.81888,21.28728,-157.81799,18,19,Manoa-Palolo,Kaimuki  High School,Native,paepae,Vertebrate,Eleotris sandwicensis,Oopu Akupa,6,5 to 13,Returned live to capture location,NA,NA,
7/5/2019,Mele Murals ,21.28639,-157.81888,21.28728,-157.81799,18,19,Manoa-Palolo,Kaimuki  High School,Native,paepae,Vertebrate,Kuhlia xenura,Aholehole / Hawaiian Flagtail,35,3 to 13,Returned live to capture location,NA,NA,
7/5/2019,Mele Murals ,21.28639,-157.81888,21.28728,-157.81799,18,19,Manoa-Palolo,Kaimuki  High School,Native,paepae,Invertebrate,Macrobrachium grandimanus,Opae Oehaa,2,4 to 6,Removed from study site,NA,NA,
7/5/2019,Mele Murals ,21.28639,-157.81888,21.28728,-157.81799,18,19,Manoa-Palolo,Kaimuki  High School,Non-native,paepae,Vertebrate,Amatitlania nigrofasciata,Convict Cichlid,3,3 to 6,Removed from study site,NA,NA,
7/5/2019,Mele Murals ,21.28639,-157.81888,21.28728,-157.81799,18,19,Manoa-Palolo,Kaimuki  High School,Non-native,paepae,Vertebrate,Ancistrus temminckii,Bristlenose / Bushynose Plecostomus,1,13,Removed from study site,NA,NA,
7/5/2019,Mele Murals ,21.28639,-157.81888,21.28728,-157.81799,18,19,Manoa-Palolo,Kaimuki  High School,Non-native,paepae,Vertebrate,Poecilia sphenops,Mexican Molly,32,3 to 6,Removed from study site,NA,NA,
7/5/2019,Mele Murals ,21.28639,-157.81888,21.28728,-157.81799,18,19,Manoa-Palolo,Kaimuki  High School,Non-native,paepae,Vertebrate,Hypostomus watwata,Suckermouth Catfish / Plecostomus,16,18 to 30,Removed from study site,NA,NA,
7/5/2019,Mele Murals ,21.28639,-157.81888,21.28728,-157.81799,18,19,Manoa-Palolo,Kaimuki  High School,NA,paepae,TOTAL NATIVES,50,TOTAL NON-NATIVES,52,NA,SUMMARY,3.00,38.20,
7/9/2019,Halau Ku Mana,21.31284,-157.82912,21.31402,-157.82866,250,272,Makiki,Halau Ku Mana,Non-native,paepae,Vertebrate,Ancistrus temminckii,Bristlenose / Bushynose Plecostomus,9,2 to 6,Removed from study site,NA,NA,
7/9/2019,Halau Ku Mana,21.31284,-157.82912,21.31402,-157.82866,250,272,Makiki,Halau Ku Mana,Non-native,paepae,Vertebrate,Poecilia reticulata,Rainbow Guppy,283,2 to 3,Removed from study site,NA,NA,
7/9/2019,Halau Ku Mana,21.31284,-157.82912,21.31402,-157.82866,250,272,Makiki,Halau Ku Mana,Non-native,paepae,Vertebrate,Poecilia sphenops,Mexican Molly,7,2 to 3,Removed from study site,NA,NA,
7/9/2019,Halau Ku Mana,21.31284,-157.82912,21.31402,-157.82866,250,272,Makiki,Halau Ku Mana,Non-native,paepae,Vertebrate,Xiphophorus helleri,Green Swordtail,3,3 to 4,Removed from study site,NA,NA,
7/9/2019,Halau Ku Mana,21.31284,-157.82912,21.31402,-157.82866,250,272,Makiki,Halau Ku Mana,Non-native,paepae,Invertebrate,Corbicula fluminea,Asiatic Clam,16,1,Removed from study site,NA,NA,
7/9/2019,Halau Ku Mana,21.31284,-157.82912,21.31402,-157.82866,250,272,Makiki,Halau Ku Mana,Non-native,paepae,Invertebrate,Neocaridina denticulata sinensis,Japanese Swamp Shrimp,8,2,Removed from study site,NA,NA,
7/9/2019,Halau Ku Mana,21.31284,-157.82912,21.31402,-157.82866,250,272,Makiki,Halau Ku Mana,Non-native,paepae,Invertebrate,Macrobrachium lar,Tahitian Prawn,9,3 to 5,Removed from study site,NA,NA,
7/9/2019,Halau Ku Mana,21.31284,-157.82912,21.31402,-157.82866,250,272,Makiki,Halau Ku Mana,Non-native,paepae,Invertebrate,Lymnaeidae,unknown snail,1,0.5,Removed from study site,NA,NA,
7/9/2019,Halau Ku Mana,21.31284,-157.82912,21.31402,-157.82866,250,272,Makiki,Halau Ku Mana,NA,paepae,TOTAL NATIVES,0,TOTAL NON-NATIVES,336,NA,SUMMARY,0.10,27.30,
7/9/2019,Halau Ku Mana,21.31774,-157.82713,21.31819,-157.82698,380,410,Makiki,Kanealole,Non-native,paepae,Invertebrate,Neocaridina denticulata sinensis,Japanese Swamp Shrimp,21,2,Removed from study site,NA,NA,
7/9/2019,Halau Ku Mana,21.31774,-157.82713,21.31819,-157.82698,380,410,Makiki,Kanealole,Non-native,paepae,Vertebrate,Poecilia reticulata,Rainbow Guppy,105,2 to 4,Removed from study site,NA,NA,
7/9/2019,Halau Ku Mana,21.31774,-157.82713,21.31819,-157.82698,380,410,Makiki,Kanealole,Non-native,paepae,Vertebrate,Ancistrus temminckii,Bristlenose / Bushynose Plecostomus,1,3,Removed from study site,NA,NA,
7/9/2019,Halau Ku Mana,21.31774,-157.82713,21.31819,-157.82698,380,410,Makiki,Kanealole,Non-native,paepae,Invertebrate,Macrobrachium lar,Tahitian Prawn,4,6 to 15,Removed from study site,NA,NA,
7/9/2019,Halau Ku Mana,21.31774,-157.82713,21.31819,-157.82698,380,410,Makiki,Kanealole,Native,paepae,Vertebrate,Awaous stamineus,Oopu Nakea,3,"6, 8, 13",Returned live to capture location,NA,NA,
7/9/2019,Halau Ku Mana,21.31774,-157.82713,21.31819,-157.82698,380,410,Makiki,Kanealole,Non-native,paepae,Invertebrate,Melanoides tuberculata,Malaysian Trumpet Snail,7,2 to 3,Removed from study site,NA,NA,
7/9/2019,Halau Ku Mana,21.31774,-157.82713,21.31819,-157.82698,380,410,Makiki,Kanealole,NA,paepae,TOTAL NATIVES,3,TOTAL NON-NATIVES,138,NA,SUMMARY,0.40,38.20,
7/12/2019,University of Hawaii at Manoa -COE,21.29673,-157.81367,21.29845,-157.81390,94,100,Manoa,KanewaiLoi,Non-native,paepae,Vertebrate,Hypostomus watwata,Suckermouth Catfish / Plecostomus,8,6 to 15,Removed from study site,NA,NA,
7/12/2019,University of Hawaii at Manoa -COE,21.29673,-157.81367,21.29845,-157.81390,94,100,Manoa,KanewaiLoi,Non-native,paepae,Vertebrate,Ancistrus temminckii,Bristlenose / Bushynose Plecostomus,2,3 to 6,Removed from study site,NA,NA,
7/12/2019,University of Hawaii at Manoa -COE,21.29673,-157.81367,21.29845,-157.81390,94,100,Manoa,KanewaiLoi,Non-native,paepae,Vertebrate,Poecilia reticulata,Rainbow Guppy,10,2 to 3,Removed from study site,NA,NA,
7/12/2019,University of Hawaii at Manoa -COE,21.29673,-157.81367,21.29845,-157.81390,94,100,Manoa,KanewaiLoi,Non-native,paepae,Vertebrate,Poecilia sphenops,Mexican Molly,6,3 to 7,Removed from study site,NA,NA,
7/12/2019,University of Hawaii at Manoa -COE,21.29673,-157.81367,21.29845,-157.81390,94,100,Manoa,KanewaiLoi,Non-native,paepae,Vertebrate,Micropterus dolomieu,Smallmouth Bass,2,6 to 30,Removed from study site,NA,NA,
7/12/2019,University of Hawaii at Manoa -COE,21.29673,-157.81367,21.29845,-157.81390,94,100,Manoa,KanewaiLoi,Non-native,paepae,Invertebrate,Procambarus clarkii,Swamp Crayfish,1,6,Removed from study site,NA,NA,
7/12/2019,University of Hawaii at Manoa -COE,21.29673,-157.81367,21.29845,-157.81390,94,100,Manoa,KanewaiLoi,NA,paepae,TOTAL NATIVES,0,TOTAL NON-NATIVES,29,NA,SUMMARY,1.00,27.30,
9/13/2019,Roosevelt High School,21.30793,-157.80914,21.30862,-157.80945,161,168,Manoa,Noelani Elementary,Non-native,paepae,Vertebrate,Hypostomus watwata,Suckermouth Catfish / Plecostomus,56,12 to 20,Removed from study site,NA,NA,
9/13/2019,Roosevelt High School,21.30793,-157.80914,21.30862,-157.80945,161,168,Manoa,Noelani Elementary,NA,paepae,TOTAL NATIVES,0,TOTAL NON-NATIVES,56,NA,SUMMARY,2.00,34.60,
9/13/2019,Roosevelt High School,21.30973,-157.80943,21.31090,-157.80879,168,172,Manoa,Manoa Marketplace,Non-native,paepae,Vertebrate,Hypostomus watwata,Suckermouth Catfish / Plecostomus,156,3 to 22,Removed from study site,NA,NA,
9/13/2019,Roosevelt High School,21.30973,-157.80943,21.31090,-157.80879,168,172,Manoa,Manoa Marketplace,Non-native,paepae,Vertebrate,Poecilia sphenops,Mexican Molly,41,2 to 6,Removed from study site,NA,NA,
9/13/2019,Roosevelt High School,21.30973,-157.80943,21.31090,-157.80879,168,172,Manoa,Manoa Marketplace,Non-native,paepae,Vertebrate,Ancistrus temminckii,Bristlenose / Bushynose Plecostomus,1,7,Removed from study site,NA,NA,
9/13/2019,Roosevelt High School,21.30973,-157.80943,21.31090,-157.80879,168,172,Manoa,Manoa Marketplace,Non-native,paepae,Vertebrate,Micropterus dolomieu,Smallmouth Bass,1,12,Removed from study site,NA,NA,
9/13/2019,Roosevelt High School,21.30973,-157.80943,21.31090,-157.80879,168,172,Manoa,Manoa Marketplace,Non-native,paepae,Vertebrate,Amatitlania nigrofasciata,Convict Cichlid,1,4,Removed from study site,NA,NA,
9/13/2019,Roosevelt High School,21.30973,-157.80943,21.31090,-157.80879,168,172,Manoa,Manoa Marketplace,Non-native,paepae,Invertebrate,Procambarus clarkii,Swamp Crayfish,1,5,Removed from study site,NA,NA,
9/13/2019,Roosevelt High School,21.30973,-157.80943,21.31090,-157.80879,168,172,Manoa,Manoa Marketplace,NA,paepae,TOTAL NATIVES,0,TOTAL NON-NATIVES,201,NA,SUMMARY,24.00,27.30,
9/18/2019,Halau Ku Mana,21.31284,-157.82912,21.31402,-157.82866,250,272,Makiki,Halau Ku Mana,Native,paepae,Vertebrate,Awaous stamineus,Oopu Nakea,2,"10, 13",Returned live to capture location,NA,NA,
9/18/2019,Halau Ku Mana,21.31284,-157.82912,21.31402,-157.82866,250,272,Makiki,Halau Ku Mana,Non-native,paepae,Vertebrate,Ancistrus temminckii,Bristlenose / Bushynose Plecostomus,3,2 to 6,Removed from study site,NA,NA,
9/18/2019,Halau Ku Mana,21.31284,-157.82912,21.31402,-157.82866,250,272,Makiki,Halau Ku Mana,Non-native,paepae,Vertebrate,Poecilia reticulata,Rainbow Guppy,186,2 to 3,Removed from study site,NA,NA,
9/18/2019,Halau Ku Mana,21.31284,-157.82912,21.31402,-157.82866,250,272,Makiki,Halau Ku Mana,Non-native,paepae,Vertebrate,Poecilia sphenops,Mexican Molly,1,3,Removed from study site,NA,NA,
9/18/2019,Halau Ku Mana,21.31284,-157.82912,21.31402,-157.82866,250,272,Makiki,Halau Ku Mana,Non-native,paepae,Vertebrate,Xiphophorus helleri,Green Swordtail,2,3 to 4,Removed from study site,NA,NA,
9/18/2019,Halau Ku Mana,21.31284,-157.82912,21.31402,-157.82866,250,272,Makiki,Halau Ku Mana,Non-native,paepae,Invertebrate,Corbicula fluminea,Asiatic Clam,27,1,Removed from study site,NA,NA,
9/18/2019,Halau Ku Mana,21.31284,-157.82912,21.31402,-157.82866,250,272,Makiki,Halau Ku Mana,Non-native,paepae,Invertebrate,Neocaridina denticulata sinensis,Japanese Swamp Shrimp,19,2,Removed from study site,NA,NA,
9/18/2019,Halau Ku Mana,21.31284,-157.82912,21.31402,-157.82866,250,272,Makiki,Halau Ku Mana,Non-native,paepae,Invertebrate,Macrobrachium lar,Tahitian Prawn,2,4 and 10,Removed from study site,NA,NA,
9/18/2019,Halau Ku Mana,21.31284,-157.82912,21.31402,-157.82866,250,272,Makiki,Halau Ku Mana,Non-native,paepae,Invertebrate,Melanoides tuberculata,Malaysian Trumpet Snail,23,0.5,Removed from study site,NA,NA,
9/18/2019,Halau Ku Mana,21.31284,-157.82912,21.31402,-157.82866,250,272,Makiki,Halau Ku Mana,NA,paepae,TOTAL NATIVES,2,TOTAL NON-NATIVES,263,NA,SUMMARY,0.40,38.20,
9/20/2019,Manoa Elementary ,21.31161,-157.80812,21.31353,-157.80647,175,179,Manoa,Manoa Valley District Park,Non-native,paepae,Vertebrate,Hypostomus watwata,Suckermouth Catfish / Plecostomus,12,7 to 20,Removed from study site,NA,NA,
9/20/2019,Manoa Elementary ,21.31161,-157.80812,21.31353,-157.80647,175,179,Manoa,Manoa Valley District Park,Non-native,paepae,Vertebrate,Ancistrus temminckii,Bristlenose / Bushynose Plecostomus,9,3 to 5,Removed from study site,NA,NA,
9/20/2019,Manoa Elementary ,21.31161,-157.80812,21.31353,-157.80647,175,179,Manoa,Manoa Valley District Park,Non-native,paepae,Vertebrate,Poecilia reticulata,Rainbow Guppy,2,2 to 3,Removed from study site,NA,NA,
9/20/2019,Manoa Elementary ,21.31161,-157.80812,21.31353,-157.80647,175,179,Manoa,Manoa Valley District Park,Non-native,paepae,Vertebrate,Amatitlania nigrofasciata,Convict Cichlid,3,4 to 7,Removed from study site,NA,NA,
9/20/2019,Manoa Elementary ,21.31161,-157.80812,21.31353,-157.80647,175,179,Manoa,Manoa Valley District Park,Non-native,paepae,Vertebrate,Poecilia sphenops,Mexican Molly,3,2 to 4,Removed from study site,NA,NA,
9/20/2019,Manoa Elementary ,21.31161,-157.80812,21.31353,-157.80647,175,179,Manoa,Manoa Valley District Park,Non-native,paepae,Vertebrate,Micropterus dolomieu,Smallmouth Bass,8,4 to 18,Removed from study site,NA,NA,
9/20/2019,Manoa Elementary ,21.31161,-157.80812,21.31353,-157.80647,175,179,Manoa,Manoa Valley District Park,Non-native,paepae,Invertebrate,Procambarus clarkii,Swamp Crayfish,4,3 to 5,Removed from study site,NA,NA,
9/20/2019,Manoa Elementary ,21.31161,-157.80812,21.31353,-157.80647,175,179,Manoa,Manoa Valley District Park,Non-native,paepae,Invertebrate,Melanoides tuberculata,Malaysian Trumpet Snail,1,2,Removed from study site,NA,NA,
9/20/2019,Manoa Elementary ,21.31161,-157.80812,21.31353,-157.80647,175,179,Manoa,Manoa Valley District Park,NA,paepae,TOTAL NATIVES,0,TOTAL NON-NATIVES,42,NA,SUMMARY,4.00,27.30,
9/24/2019,Iolani School,21.30821,-157.83070,21.30935,-157.83057,144,165,Makiki,Baker Park,Non-native,paepae,Vertebrate,Xiphophorus helleri,Green Swordtail,1,"3,5",Removed from study site,NA,NA,
9/24/2019,Iolani School,21.30821,-157.83070,21.30935,-157.83057,144,165,Makiki,Baker Park,Non-native,paepae,Vertebrate,Poecilia reticulata,Rainbow Guppy,165,2 to 3,Removed from study site,NA,NA,
9/24/2019,Iolani School,21.30821,-157.83070,21.30935,-157.83057,144,165,Makiki,Baker Park,Non-native,paepae,Vertebrate,Poecilia sphenops,Mexican Molly,6,2 to 4,Removed from study site,NA,NA,
9/24/2019,Iolani School,21.30821,-157.83070,21.30935,-157.83057,144,165,Makiki,Baker Park,Non-native,paepae,Vertebrate,Ancistrus temminckii,Bristlenose / Bushynose Plecostomus,7,2 to 4,Removed from study site,NA,NA,
9/24/2019,Iolani School,21.30821,-157.83070,21.30935,-157.83057,144,165,Makiki,Baker Park,Non-native,paepae,Vertebrate,Amatitlania nigrofasciata,Convict Cichlid,47,1 to 4,Removed from study site,NA,NA,
9/24/2019,Iolani School,21.30821,-157.83070,21.30935,-157.83057,144,165,Makiki,Baker Park,Non-native,paepae,Invertebrate,Neocaridina denticulata sinensis,Japanese Swamp Shrimp,68,1 to 2,Removed from study site,NA,NA,
9/24/2019,Iolani School,21.30821,-157.83070,21.30935,-157.83057,144,165,Makiki,Baker Park,Non-native,paepae,Invertebrate,Macrobrachium lar,Tahitian Prawn,9,2 to 4,Removed from study site,NA,NA,
9/24/2019,Iolani School,21.30821,-157.83070,21.30935,-157.83057,144,165,Makiki,Baker Park,Non-native,paepae,Invertebrate,Tarebia granifera,Quilted Melania,5,2,Removed from study site,NA,NA,
9/24/2019,Iolani School,21.30821,-157.83070,21.30935,-157.83057,144,165,Makiki,Baker Park,NA,paepae,TOTAL NATIVES,0,TOTAL NON-NATIVES,308,NA,SUMMARY,0.10,27.30,
9/27/2019,Anuenue School,21.30460,-157.79045,21.30500,-157.78978,309,333,Palolo,Anuenue School,Non-native,paepae,Vertebrate,Poecilia reticulata,Rainbow Guppy,88,2 to 3,Removed from study site,NA,NA,
9/27/2019,Anuenue School,21.30460,-157.79045,21.30500,-157.78978,309,333,Palolo,Anuenue School,Non-native,paepae,Vertebrate,Poecilia sphenops,Mexican Molly,5,,Removed from study site,NA,NA,
9/27/2019,Anuenue School,21.30460,-157.79045,21.30500,-157.78978,309,333,Palolo,Anuenue School,Non-native,paepae,Vertebrate,Ancistrus temminckii,Bristlenose / Bushynose Plecostomus,52,2 to 6,Removed from study site,NA,NA,
9/27/2019,Anuenue School,21.30460,-157.79045,21.30500,-157.78978,309,333,Palolo,Anuenue School,Non-native,paepae,Invertebrate,Melanoides tuberculata,Malaysian Trumpet Snail,3,,Removed from study site,NA,NA,
9/27/2019,Anuenue School,21.30460,-157.79045,21.30500,-157.78978,309,333,Palolo,Anuenue School,Non-native,paepae,Invertebrate,Neocaridina denticulata sinensis,Japanese Swamp Shrimp,5,2,Removed from study site,NA,NA,
9/27/2019,Anuenue School,21.30460,-157.79045,21.30500,-157.78978,309,333,Palolo,Anuenue School,Non-native,paepae,Invertebrate,Procambarus clarkii,Swamp Crayfish,40,5 to 7,Removed from study site,NA,NA,
9/27/2019,Anuenue School,21.30460,-157.79045,21.30500,-157.78978,309,333,Palolo,Anuenue School,NA,paepae,TOTAL NATIVES,0,TOTAL NON-NATIVES,193,NA,SUMMARY,0.10,27.30,
9/30/2019,Seeqs,21.28639,-157.81888,21.28728,-157.81799,18,19,Manoa-Palolo,Kaimuki  High School,Native,paepae,Vertebrate,Stenogobius hawaiiensis,Oopu Naniha,2,"5, 8",Returned live to capture location,NA,NA,
9/30/2019,Seeqs,21.28639,-157.81888,21.28728,-157.81799,18,19,Manoa-Palolo,Kaimuki  High School,Native,paepae,Vertebrate,Eleotris sandwicensis,Oopu Akupa,20,6 to 13,Returned live to capture location,NA,NA,
9/30/2019,Seeqs,21.28639,-157.81888,21.28728,-157.81799,18,19,Manoa-Palolo,Kaimuki  High School,Native,paepae,Vertebrate,Kuhlia xenura,Aholehole / Hawaiian Flagtail,33,3 to 10,Returned live to capture location,NA,NA,
9/30/2019,Seeqs,21.28639,-157.81888,21.28728,-157.81799,18,19,Manoa-Palolo,Kaimuki  High School,Native,paepae,Vertebrate,Awaous stamineus,Oopu Nakea,1,16,Returned live to capture location,NA,NA,
9/30/2019,Seeqs,21.28639,-157.81888,21.28728,-157.81799,18,19,Manoa-Palolo,Kaimuki  High School,Non-native,paepae,Vertebrate,Sarotherodon melanotheron,Black Chin Tilapia,3,3 to 6,Removed from study site,NA,NA,
9/30/2019,Seeqs,21.28639,-157.81888,21.28728,-157.81799,18,19,Manoa-Palolo,Kaimuki  High School,Non-native,paepae,Vertebrate,Poecilia sphenops,Mexican Molly,32,3 to 6,Removed from study site,NA,NA,
9/30/2019,Seeqs,21.28639,-157.81888,21.28728,-157.81799,18,19,Manoa-Palolo,Kaimuki  High School,Non-native,paepae,Vertebrate,Hypostomus watwata,Suckermouth Catfish / Plecostomus,16,18 to 30,Removed from study site,NA,NA,
9/30/2019,Seeqs,21.28639,-157.81888,21.28728,-157.81799,18,19,Manoa-Palolo,Kaimuki  High School,NA,paepae,TOTAL NATIVES,56,TOTAL NON-NATIVES,51,NA,SUMMARY,8.00,49.10,
10/7/2019,Punahou School,21.30973,-157.80943,21.31090,-157.80879,168,172,Manoa,Manoa Marketplace,Non-native,paepae,Vertebrate,Hypostomus watwata,Suckermouth Catfish / Plecostomus,157,3 to 24,Removed from study site,NA,NA,
10/7/2019,Punahou School,21.30973,-157.80943,21.31090,-157.80879,168,172,Manoa,Manoa Marketplace,Non-native,paepae,Vertebrate,Poecilia sphenops,Mexican Molly,173,2 to 6,Removed from study site,NA,NA,
10/7/2019,Punahou School,21.30973,-157.80943,21.31090,-157.80879,168,172,Manoa,Manoa Marketplace,Non-native,paepae,Vertebrate,Ancistrus temminckii,Bristlenose / Bushynose Plecostomus,60,3 to 12,Removed from study site,NA,NA,
10/7/2019,Punahou School,21.30973,-157.80943,21.31090,-157.80879,168,172,Manoa,Manoa Marketplace,NA,paepae,TOTAL NATIVES,0,TOTAL NON-NATIVES,390,NA,SUMMARY,4.50,30.90,
10/10/2019,Iolani School,21.28810,-157.80568,21.28901,-157.80470,111,115,Palolo,Saint Louis Field,Non-native,paepae,Vertebrate,Poecilia sphenops,Mexican Molly,430,2 to 5,Removed from study site,NA,NA,
10/10/2019,Iolani School,21.28810,-157.80568,21.28901,-157.80470,111,115,Palolo,Saint Louis Field,Non-native,paepae,Vertebrate,Hypostomus watwata,Suckermouth Catfish / Plecostomus,4,7 to 24,Removed from study site,NA,NA,
10/10/2019,Iolani School,21.28810,-157.80568,21.28901,-157.80470,111,115,Palolo,Saint Louis Field,Non-native,paepae,Vertebrate,Oreochromis mossambicus,Mozambique Tilapia,10,4 to 12,Removed from study site,NA,NA,
10/10/2019,Iolani School,21.28810,-157.80568,21.28901,-157.80470,111,115,Palolo,Saint Louis Field,Non-native,paepae,Vertebrate,Amatitlania nigrofasciata,Convict Cichlid,21,3 to 5,Removed from study site,NA,NA,
10/10/2019,Iolani School,21.28810,-157.80568,21.28901,-157.80470,111,115,Palolo,Saint Louis Field,Non-native,paepae,Vertebrate,Ancistrus temminckii,Bristlenose / Bushynose Plecostomus,1,6,Removed from study site,NA,NA,
10/10/2019,Iolani School,21.28810,-157.80568,21.28901,-157.80470,111,115,Palolo,Saint Louis Field,NA,paepae,TOTAL NATIVES,0,TOTAL NON-NATIVES,466,NA,SUMMARY,2.50,27.30,
10/18/2019,Iolani School,21.29673,-157.81367,21.29845,-157.81390,94,100,Manoa,KanewaiLoi,Non-native,paepae,Vertebrate,Hypostomus watwata,Suckermouth Catfish / Plecostomus,5,9 to 19,Removed from study site,NA,NA,
10/18/2019,Iolani School,21.29673,-157.81367,21.29845,-157.81390,94,100,Manoa,KanewaiLoi,Non-native,paepae,Vertebrate,Ancistrus temminckii,Bristlenose / Bushynose Plecostomus,3,5 to 9,Removed from study site,NA,NA,
10/18/2019,Iolani School,21.29673,-157.81367,21.29845,-157.81390,94,100,Manoa,KanewaiLoi,Non-native,paepae,Vertebrate,Procambarus clarkii,Swamp Crayfish,1,6,Removed from study site,NA,NA,
10/18/2019,Iolani School,21.29673,-157.81367,21.29845,-157.81390,94,100,Manoa,KanewaiLoi,NA,paepae,TOTAL NATIVES,0,TOTAL NON-NATIVES,9,NA,SUMMARY,0.50,27.30,
10/18/2019,Iolani School,21.30973,-157.80943,21.31090,-157.80879,168,172,Manoa,Manoa Marketplace,Non-native,paepae,Vertebrate,Ancistrus temminckii,Bristlenose / Bushynose Plecostomus,13,3 to 9,Removed from study site,NA,NA,
10/18/2019,Iolani School,21.30973,-157.80943,21.31090,-157.80879,168,172,Manoa,Manoa Marketplace,Non-native,paepae,Vertebrate,Hypostomus watwata,Suckermouth Catfish / Plecostomus,40,4 to 14,Removed from study site,NA,NA,
10/18/2019,Iolani School,21.30973,-157.80943,21.31090,-157.80879,168,172,Manoa,Manoa Marketplace,Non-native,paepae,Vertebrate,Poecilia sphenops,Mexican Molly,50,2 to 7,Removed from study site,NA,NA,
10/18/2019,Iolani School,21.30973,-157.80943,21.31090,-157.80879,168,172,Manoa,Manoa Marketplace,Non-native,paepae,Vertebrate,Poecilia reticulata,Rainbow Guppy,9,2 to 3,Removed from study site,NA,NA,
10/18/2019,Iolani School,21.30973,-157.80943,21.31090,-157.80879,168,172,Manoa,Manoa Marketplace,Non-native,paepae,Invertebrate,Neocaridina denticulata sinensis,Japanese Swamp Shrimp,1,2,Removed from study site,NA,NA,
10/18/2019,Iolani School,21.30973,-157.80943,21.31090,-157.80879,168,172,Manoa,Manoa Marketplace,Non-native,paepae,Invertebrate,Procambarus clarkii,Swamp Crayfish,3,4 to 7,Removed from study site,NA,NA,
10/18/2019,Iolani School,21.30973,-157.80943,21.31090,-157.80879,168,172,Manoa,Manoa Marketplace,NA,paepae,TOTAL NATIVES,0,TOTAL NON-NATIVES,116,NA,SUMMARY,3.00,27.30,
10/24/2019,Radford High School,21.32792,-157.79959,21.32748,-157.79980,332,335,Manoa,Waiakeakua (USGS Gage),Non-native,paepae,Vertebrate,Poecilia reticulata,Rainbow Guppy,107,2 to 3,Removed from study site,NA,NA,
10/24/2019,Radford High School,21.32792,-157.79959,21.32748,-157.79980,332,335,Manoa,Waiakeakua (USGS Gage),Non-native,paepae,Vertebrate,Xiphophorus helleri,Green Swordtail,6,2 to 4,Removed from study site,NA,NA,
10/24/2019,Radford High School,21.32792,-157.79959,21.32748,-157.79980,332,335,Manoa,Waiakeakua (USGS Gage),Non-native,paepae,Vertebrate,Ancistrus temminckii,Bristlenose / Bushynose Plecostomus,42,4 to 10,Removed from study site,NA,NA,
10/24/2019,Radford High School,21.32792,-157.79959,21.32748,-157.79980,332,335,Manoa,Waiakeakua (USGS Gage),Non-native,paepae,Vertebrate,Neocaridina denticulata sinensis,Japanese Swamp Shrimp,145,2,Removed from study site,NA,NA,
10/24/2019,Radford High School,21.32792,-157.79959,21.32748,-157.79980,332,335,Manoa,Waiakeakua (USGS Gage),Non-native,paepae,Vertebrate,Procambarus clarkii,Swamp Crayfish,5,1 to 7,Removed from study site,NA,NA,
10/24/2019,Radford High School,21.32792,-157.79959,21.32748,-157.79980,332,335,Manoa,Waiakeakua (USGS Gage),NA,paepae,TOTAL NATIVES,0,TOTAL NON-NATIVES,305,NA,SUMMARY,0.20,27.30,
10/24/2019,Radford High School,21.32826,-157.80093,21.32902,-157.80066,323,340,Manoa,Waihi (USGS Gage),Native,paepae,Vertebrate,Awaous stamineus,Oopu Nakea,1,12 (poss sick),Returned live to capture location,NA,NA,
10/24/2019,Radford High School,21.32826,-157.80093,21.32902,-157.80066,323,340,Manoa,Waihi (USGS Gage),Non-native,paepae,Vertebrate,Poecilia reticulata,Rainbow Guppy,550,2 to 4,Removed from study site,NA,NA,
10/24/2019,Radford High School,21.32826,-157.80093,21.32902,-157.80066,323,340,Manoa,Waihi (USGS Gage),Non-native,paepae,Vertebrate,Xiphophorus helleri,Green Swordtail,5,3 to 5,Removed from study site,NA,NA,
10/24/2019,Radford High School,21.32826,-157.80093,21.32902,-157.80066,323,340,Manoa,Waihi (USGS Gage),Non-native,paepae,Vertebrate,Ancistrus temminckii,Bristlenose / Bushynose Plecostomus,74,3 to 7,Removed from study site,NA,NA,
10/24/2019,Radford High School,21.32826,-157.80093,21.32902,-157.80066,323,340,Manoa,Waihi (USGS Gage),Non-native,paepae,Invertebrate,Procambarus clarkii,Swamp Crayfish,1,4,Removed from study site,NA,NA,
10/24/2019,Radford High School,21.32826,-157.80093,21.32902,-157.80066,323,340,Manoa,Waihi (USGS Gage),Non-native,paepae,Invertebrate,Neocaridina denticulata sinensis,Japanese Swamp Shrimp,1,2,Removed from study site,NA,NA,
10/24/2019,Radford High School,21.32826,-157.80093,21.32902,-157.80066,323,340,Manoa,Waihi (USGS Gage),NA,paepae,TOTAL NATIVES,1,TOTAL NON-NATIVES,631,NA,SUMMARY,0.80,38.20,
10/29/2019,Waialua High School,21.29145,-157.81451,21.29074,-157.81470,39,43,Manoa-Palolo,Manoa-Palolo Confluence,Native,paepae,Vertebrate,Awaous stamineus,Oopu Nakea,1,18,Returned live to capture location,NA,NA,
10/29/2019,Waialua High School,21.29145,-157.81451,21.29074,-157.81470,39,43,Manoa-Palolo,Manoa-Palolo Confluence,Native,paepae,Vertebrate,Stenogobius hawaiiensis,Oopu Naniha,7,5 to 8,Returned live to capture location,NA,NA,
10/29/2019,Waialua High School,21.29145,-157.81451,21.29074,-157.81470,39,43,Manoa-Palolo,Manoa-Palolo Confluence,Native,paepae,Vertebrate,Eleotris sandwicensis,Oopu Akupa,7,5 to 15,Returned live to capture location,NA,NA,
10/29/2019,Waialua High School,21.29145,-157.81451,21.29074,-157.81470,39,43,Manoa-Palolo,Manoa-Palolo Confluence,Native,paepae,Invertebrate,Macrobrachium grandimanus,Opae Oehaa,9,3 to 6,Returned live to capture location,NA,NA,
10/29/2019,Waialua High School,21.29145,-157.81451,21.29074,-157.81470,39,43,Manoa-Palolo,Manoa-Palolo Confluence,Native,paepae,Vertebrate,Kuhlia xenura,Aholehole / Hawaiian Flagtail,8,4 to 15,Returned live to capture location,NA,NA,
10/29/2019,Waialua High School,21.29145,-157.81451,21.29074,-157.81470,39,43,Manoa-Palolo,Manoa-Palolo Confluence,Non-native,paepae,Vertebrate,Hypostomus watwata,Suckermouth Catfish / Plecostomus,4,15 to 20,Removed from study site,NA,NA,
10/29/2019,Waialua High School,21.29145,-157.81451,21.29074,-157.81470,39,43,Manoa-Palolo,Manoa-Palolo Confluence,Non-native,paepae,Vertebrate,Poecilia reticulata,Rainbow Guppy,2,2 to 3,Removed from study site,NA,NA,
10/29/2019,Waialua High School,21.29145,-157.81451,21.29074,-157.81470,39,43,Manoa-Palolo,Manoa-Palolo Confluence,Non-native,paepae,Vertebrate,Poecilia sphenops,Mexican Molly,26,2 to 5,Removed from study site,NA,NA,
10/29/2019,Waialua High School,21.29145,-157.81451,21.29074,-157.81470,39,43,Manoa-Palolo,Manoa-Palolo Confluence,Non-native,paepae,Vertebrate,Amatitlania nigrofasciata,Convict Cichlid,5,4 to 6,Removed from study site,NA,NA,
10/29/2019,Waialua High School,21.29145,-157.81451,21.29074,-157.81470,39,43,Manoa-Palolo,Manoa-Palolo Confluence,NA,paepae,TOTAL NATIVES,32,TOTAL NON-NATIVES,37,NA,SUMMARY,0.50,49.10,
11/5/2019,Iolani School,21.30793,-157.80914,21.30862,-157.80945,161,168,Manoa,Noelani Elementary,Non-native,paepae,Vertebrate,Hypostomus watwata,Suckermouth Catfish / Plecostomus,15,11 to 20,Removed from study site,NA,NA,
11/5/2019,Iolani School,21.30793,-157.80914,21.30862,-157.80945,161,168,Manoa,Noelani Elementary,Non-native,paepae,Vertebrate,Ancistrus temminckii,Swamp Crayfish,1,6,Removed from study site,NA,NA,
11/5/2019,Iolani School,21.30793,-157.80914,21.30862,-157.80945,161,168,Manoa,Noelani Elementary,NA,paepae,TOTAL NATIVES,0,TOTAL NON-NATIVES,16,NA,SUMMARY,1.00,30.91,
11/5/2019,Iolani School,21.31161,-157.80812,21.31353,-157.80647,175,179,Manoa,Manoa Valley District Park,Non-native,paepae,Vertebrate,Hypostomus watwata,Suckermouth Catfish / Plecostomus,6,13 and 25,Removed from study site,NA,NA,
11/5/2019,Iolani School,21.31161,-157.80812,21.31353,-157.80647,175,179,Manoa,Manoa Valley District Park,Non-native,paepae,Vertebrate,Ancistrus temminckii,Bristlenose / Bushynose Plecostomus,8,5 to 9,Removed from study site,NA,NA,
11/5/2019,Iolani School,21.31161,-157.80812,21.31353,-157.80647,175,179,Manoa,Manoa Valley District Park,Non-native,paepae,Vertebrate,Poecilia reticulata,Rainbow Guppy,1,3,Removed from study site,NA,NA,
11/5/2019,Iolani School,21.31161,-157.80812,21.31353,-157.80647,175,179,Manoa,Manoa Valley District Park,Non-native,paepae,Vertebrate,Gambusia affinis,Mosquitofish,2,2 to 3,Removed from study site,NA,NA,
11/5/2019,Iolani School,21.31161,-157.80812,21.31353,-157.80647,175,179,Manoa,Manoa Valley District Park,Non-native,paepae,Vertebrate,Micropterus dolomieu,Smallmouth Bass,2,6 to 28,Removed from study site,NA,NA,
11/5/2019,Iolani School,21.31161,-157.80812,21.31353,-157.80647,175,179,Manoa,Manoa Valley District Park,Non-native,paepae,Invertebrate,Procambarus clarkii,Swamp Crayfish,3,5 to 6,Removed from study site,NA,NA,
11/5/2019,Iolani School,21.31161,-157.80812,21.31353,-157.80647,175,179,Manoa,Manoa Valley District Park,NA,paepae,TOTAL NATIVES,0,TOTAL NON-NATIVES,22,NA,SUMMARY,2.50,27.30,
11/8/2019,Pacific Buddhist Academy,21.29271,-157.81340,21.29330,-157.81248,45,48,Manoa,KanewaiField,Native,paepae,Vertebrate,Awaous stamineus,Oopu Nakea,1,4,Returned live to capture location,NA,NA,
11/8/2019,Pacific Buddhist Academy,21.29271,-157.81340,21.29330,-157.81248,45,48,Manoa,KanewaiField,Native,paepae,Invertebrate,Macrobrachium grandimanus,Opae Oehaa,2,4 and 6,Returned live to capture location,NA,NA,
11/8/2019,Pacific Buddhist Academy,21.29271,-157.81340,21.29330,-157.81248,45,48,Manoa,KanewaiField,Non-native,paepae,Vertebrate,Micropterus dolomieu,Smallmouth Bass,4,6 to 32,Removed from study site,NA,NA,
11/8/2019,Pacific Buddhist Academy,21.29271,-157.81340,21.29330,-157.81248,45,48,Manoa,KanewaiField,Non-native,paepae,Vertebrate,Gambusia affinis,Mosquitofish,1,3,Removed from study site,NA,NA,
11/8/2019,Pacific Buddhist Academy,21.29271,-157.81340,21.29330,-157.81248,45,48,Manoa,KanewaiField,Non-native,paepae,Vertebrate,Poecilia reticulata,Rainbow Guppy,12,2 to 3,Removed from study site,NA,NA,
11/8/2019,Pacific Buddhist Academy,21.29271,-157.81340,21.29330,-157.81248,45,48,Manoa,KanewaiField,Non-native,paepae,Vertebrate,Ancistrus temminckii,Bristlenose / Bushynose Plecostomus,11,6 to 9,Removed from study site,NA,NA,
11/8/2019,Pacific Buddhist Academy,21.29271,-157.81340,21.29330,-157.81248,45,48,Manoa,KanewaiField,Non-native,paepae,Vertebrate,Hypostomus watwata,Suckermouth Catfish / Plecostomus,10,11 to 20,Removed from study site,NA,NA,
11/8/2019,Pacific Buddhist Academy,21.29271,-157.81340,21.29330,-157.81248,45,48,Manoa,KanewaiField,Non-native,paepae,Vertebrate,Poecilia reticulata,Rainbow Guppy,17,2 to 3,Removed from study site,NA,NA,
11/8/2019,Pacific Buddhist Academy,21.29271,-157.81340,21.29330,-157.81248,45,48,Manoa,KanewaiField,Non-native,paepae,Vertebrate,Amatitlania nigrofasciata,Convict Cichlid,6,6 to 11,Removed from study site,NA,NA,
11/8/2019,Pacific Buddhist Academy,21.29271,-157.81340,21.29330,-157.81248,45,48,Manoa,KanewaiField,Non-native,paepae,Invertebrate,Procambarus clarkii,Swamp Crayfish,1,6,Removed from study site,NA,NA,
11/8/2019,Pacific Buddhist Academy,21.29271,-157.81340,21.29330,-157.81248,45,48,Manoa,KanewaiField,Non-native,paepae,Invertebrate,Tarebia granifera,Quilted Melania,5,0.5 to 1,Removed from study site,NA,NA,
11/8/2019,Pacific Buddhist Academy,21.29271,-157.81340,21.29330,-157.81248,45,48,Manoa,KanewaiField,Non-native,paepae,Invertebrate,Neocaridina denticulata sinensis,Japanese Swamp Shrimp,3,2,Removed from study site,NA,NA,
11/8/2019,Pacific Buddhist Academy,21.29271,-157.81340,21.29330,-157.81248,45,48,Manoa,KanewaiField,NA,paepae,TOTAL NATIVES,3,TOTAL NON-NATIVES,70,NA,SUMMARY,2.00,30.90,
11/8/2019,Pacific Buddhist Academy,21.32632,-157.80057,21.32674,-157.80075,298,308,Manoa,Waakaua,Native,paepae,Vertebrate,Awaous stamineus,Oopu Nakea,1,8,Returned live to capture location,NA,NA,
11/8/2019,Pacific Buddhist Academy,21.32632,-157.80057,21.32674,-157.80075,298,308,Manoa,Waakaua,Non-native,paepae,Invertebrate,Procambarus clarkii,Swamp Crayfish,16,3 to 4,Removed from study site,NA,NA,
11/8/2019,Pacific Buddhist Academy,21.32632,-157.80057,21.32674,-157.80075,298,308,Manoa,Waakaua,Non-native,paepae,Vertebrate,Poecilia reticulata,Rainbow Guppy,239,2 to 3,Removed from study site,NA,NA,
11/8/2019,Pacific Buddhist Academy,21.32632,-157.80057,21.32674,-157.80075,298,308,Manoa,Waakaua,Non-native,paepae,Vertebrate,Xiphophorus helleri,Green Swordtail,73,2 to 5,Removed from study site,NA,NA,
11/8/2019,Pacific Buddhist Academy,21.32632,-157.80057,21.32674,-157.80075,298,308,Manoa,Waakaua,Non-native,paepae,Vertebrate,Ancistrus temminckii,Bristlenose / Bushynose Plecostomus,302,3 to 8,Removed from study site,NA,NA,
11/8/2019,Pacific Buddhist Academy,21.32632,-157.80057,21.32674,-157.80075,298,308,Manoa,Waakaua,Non-native,paepae,Invertebrate,Neocaridina denticulata sinensis,Japanese Swamp Shrimp,97,2,Removed from study site,NA,NA,
11/8/2019,Pacific Buddhist Academy,21.32632,-157.80057,21.32674,-157.80075,298,308,Manoa,Waakaua,NA,paepae,TOTAL NATIVES,1,TOTAL NON-NATIVES,727,NA,SUMMARY,1,38.20,
11/19/2019,Jarrettt Middle School,21.29582,-157.79684,21.29616,-157.79646,171,179,Palolo,Jarrett Middle School,Non-native,paepae,Vertebrate,Poecilia sphenops,Mexican Molly,720,2 to 7,Removed from study site,NA,NA,
11/19/2019,Jarrettt Middle School,21.29582,-157.79684,21.29616,-157.79646,171,179,Palolo,Jarrett Middle School,Non-native,paepae,Vertebrate,Ancistrus temminckii,Bristlenose / Bushynose Plecostomus,7,3 to 6,Removed from study site,NA,NA,
11/19/2019,Jarrettt Middle School,21.29582,-157.79684,21.29616,-157.79646,171,179,Palolo,Jarrett Middle School,Non-native,paepae,Vertebrate,Poecilia reticulata,Rainbow Guppy,3,2 to 3,Removed from study site,NA,NA,
11/19/2019,Jarrettt Middle School,21.29582,-157.79684,21.29616,-157.79646,171,179,Palolo,Jarrett Middle School,Non-native,paepae,Invertebrate,Neocaridina denticulata sinensis,Japanese Swamp Shrimp,1,2,Removed from study site,NA,NA,
11/19/2019,Jarrettt Middle School,21.29582,-157.79684,21.29616,-157.79646,171,179,Palolo,Jarrett Middle School,NA,paepae,TOTAL NATIVES,0,TOTAL NON-NATIVES,731,NA,SUMMARY,3,27.30,
11/27/2019,Hawaii Technology Academy ,21.31161,-157.80812,21.31353,-157.80647,175,179,Manoa,Manoa Valley District Park,Non-native,paepae,Vertebrate,Hypostomus watwata,Suckermouth Catfish / Plecostomus,10,8 to 20,Removed from study site,NA,NA,
11/27/2019,Hawaii Technology Academy ,21.31161,-157.80812,21.31353,-157.80647,175,179,Manoa,Manoa Valley District Park,Non-native,paepae,Vertebrate,Ancistrus temminckii,Bristlenose / Bushynose Plecostomus,11,3 to 6,Removed from study site,NA,NA,
11/27/2019,Hawaii Technology Academy ,21.31161,-157.80812,21.31353,-157.80647,175,179,Manoa,Manoa Valley District Park,Non-native,paepae,Vertebrate,Poecilia reticulata,Rainbow Guppy,3,2 to 3,Removed from study site,NA,NA,
11/27/2019,Hawaii Technology Academy ,21.31161,-157.80812,21.31353,-157.80647,175,179,Manoa,Manoa Valley District Park,Non-native,paepae,Vertebrate,Gambusia affinis,Mosquitofish,1,2,Removed from study site,NA,NA,
11/27/2019,Hawaii Technology Academy ,21.31161,-157.80812,21.31353,-157.80647,175,179,Manoa,Manoa Valley District Park,Non-native,paepae,Vertebrate,Micropterus dolomieu,Smallmouth Bass,3,6 to 16,Removed from study site,NA,NA,
11/27/2019,Hawaii Technology Academy ,21.31161,-157.80812,21.31353,-157.80647,175,179,Manoa,Manoa Valley District Park,Non-native,paepae,Vertebrate,Poecilia sphenops,Mexican Molly,8,2 to 5,Removed from study site,NA,NA,
11/27/2019,Hawaii Technology Academy ,21.31161,-157.80812,21.31353,-157.80647,175,179,Manoa,Manoa Valley District Park,Non-native,paepae,Invertebrate,Procambarus clarkii,Swamp Crayfish,8,2 to 5,Removed from study site,NA,NA,
11/27/2019,Hawaii Technology Academy ,21.31161,-157.80812,21.31353,-157.80647,175,179,Manoa,Manoa Valley District Park,Non-native,paepae,Invertebrate,Neocaridina denticulata sinensis,Japanese Swamp Shrimp,1,2,Removed from study site,NA,NA,
11/27/2019,Hawaii Technology Academy ,21.31161,-157.80812,21.31353,-157.80647,175,179,Manoa,Manoa Valley District Park,Non-native,paepae,Invertebrate,Melanoides tuberculata,Malaysian Trumpet Snail,2,2,Removed from study site,NA,NA,
11/27/2019,Hawaii Technology Academy ,21.31161,-157.80812,21.31353,-157.80647,175,179,Manoa,Manoa Valley District Park,NA,paepae,TOTAL NATIVES,0,TOTAL NON-NATIVES,47,NA,SUMMARY,2,27.30,
12/10/2019,Palolo Elementary ,21.3005,-157.79218,21.30094,-157.79126,268,280,Palolo,Palolo Elementary,Native,paepae,Vertebrate,Awaous stamineus,Oopu Nakea,3,"7, 8, 12",Returned live to capture location,NA,NA,
12/10/2019,Palolo Elementary ,21.3005,-157.79218,21.30094,-157.79126,268,280,Palolo,Palolo Elementary,Non-native,paepae,Vertebrate,Poecilia reticulata,Rainbow Guppy,94,2 to 3,Removed from study site,NA,NA,
12/10/2019,Palolo Elementary ,21.3005,-157.79218,21.30094,-157.79126,268,280,Palolo,Palolo Elementary,Non-native,paepae,Vertebrate,Poecilia sphenops,Mexican Molly,56,2 to 5,Removed from study site,NA,NA,
12/10/2019,Palolo Elementary ,21.3005,-157.79218,21.30094,-157.79126,268,280,Palolo,Palolo Elementary,Non-native,paepae,Vertebrate,Ancistrus temminckii,Bristlenose / Bushynose Plecostomus,56,2 to 5,Removed from study site,NA,NA,
12/10/2019,Palolo Elementary ,21.3005,-157.79218,21.30094,-157.79126,268,280,Palolo,Palolo Elementary,Non-native,paepae,Vertebrate,Neocaridina denticulata sinensis,Japanese Swamp Shrimp,1,2,Removed from study site,NA,NA,
12/10/2019,Palolo Elementary ,21.3005,-157.79218,21.30094,-157.79126,268,280,Palolo,Palolo Elementary,Non-native,paepae,Invertebrate,Melanoides tuberculata,Malaysian Trumpet Snail,5,1 to 2,Removed from study site,NA,NA,
12/10/2019,Palolo Elementary ,21.3005,-157.79218,21.30094,-157.79126,268,280,Palolo,Palolo Elementary,NA,paepae,TOTAL NATIVES,3,TOTAL NON-NATIVES,212,NA,SUMMARY,0.25,38.20,
12/19/2019,Kuhio Elementary,21.30460,-157.79045,21.30500,-157.78978,309,333,Palolo,Anuenue School,Native,paepae,Vertebrate,Awaous stamineus,Oopu Nakea,4,"7, 8, 13, 15",Removed from study site,NA,NA,
12/19/2019,Kuhio Elementary,21.30460,-157.79045,21.30500,-157.78978,309,333,Palolo,Anuenue School,Non-native,paepae,Vertebrate,Poecilia reticulata,Rainbow Guppy,108,2 to 3,Removed from study site,NA,NA,
12/19/2019,Kuhio Elementary,21.30460,-157.79045,21.30500,-157.78978,309,333,Palolo,Anuenue School,Non-native,paepae,Vertebrate,Poecilia sphenops,Mexican Molly,6,2 to 6,Removed from study site,NA,NA,
12/19/2019,Kuhio Elementary,21.30460,-157.79045,21.30500,-157.78978,309,333,Palolo,Anuenue School,Non-native,paepae,Vertebrate,Xiphophorus helleri,Green Swordtail,12,3 to 6,Removed from study site,NA,NA,
12/19/2019,Kuhio Elementary,21.30460,-157.79045,21.30500,-157.78978,309,333,Palolo,Anuenue School,Non-native,paepae,Vertebrate,Ancistrus temminckii,Bristlenose / Bushynose Plecostomus,27,3 to 6,Removed from study site,NA,NA,
12/19/2019,Kuhio Elementary,21.30460,-157.79045,21.30500,-157.78978,309,333,Palolo,Anuenue School,Non-native,paepae,Invertebrate,Melanoides tuberculata,Malaysian Trumpet Snail,1,2,Removed from study site,NA,NA,
12/19/2019,Kuhio Elementary,21.30460,-157.79045,21.30500,-157.78978,309,333,Palolo,Anuenue School,Non-native,paepae,Invertebrate,Neocaridina denticulata sinensis,Japanese Swamp Shrimp,12,2,Removed from study site,NA,NA,
12/19/2019,Kuhio Elementary,21.30460,-157.79045,21.30500,-157.78978,309,333,Palolo,Anuenue School,Non-native,paepae,Invertebrate,Procambarus clarkii,Swamp Crayfish,15,4 to 7,Removed from study site,NA,NA,
12/19/2019,Kuhio Elementary,21.30460,-157.79045,21.30500,-157.78978,309,333,Palolo,Anuenue School,NA,paepae,TOTAL NATIVES,4,TOTAL NON-NATIVES,181,NA,SUMMARY,0.20,38.20,
12/23/2019,TBD,21.33389,-157.80151,21.33431,-157.802,497,512,Manoa,Lyon Arboretum,Native,paepae,Vertebrate,Awaous stamineus,Oopu Nakea,1,10,Returned live to capture location,NA,NA,
12/23/2019,TBD,21.33389,-157.80151,21.33431,-157.802,497,512,Manoa,Lyon Arboretum,Non-native,paepae,Vertebrate,Poecilia reticulata,Rainbow Guppy,109,2 to 3,Removed from study site,NA,NA,
12/23/2019,TBD,21.33389,-157.80151,21.33431,-157.802,497,512,Manoa,Lyon Arboretum,Non-native,paepae,Vertebrate,Xiphophorus helleri,Green Swordtail,7,3 and 4,Removed from study site,NA,NA,
12/23/2019,TBD,21.33389,-157.80151,21.33431,-157.802,497,512,Manoa,Lyon Arboretum,Non-native,paepae,Vertebrate,Ancistrus temminckii,Bristlenose / Bushynose Plecostomus,16,3 to 5,Removed from study site,NA,NA,
12/23/2019,TBD,21.33389,-157.80151,21.33431,-157.802,497,512,Manoa,Lyon Arboretum,Non-native,paepae,Invertebrate,Procambarus clarkii,Swamp Crayfish,37,4 to 6,Removed from study site,NA,NA,
12/23/2019,TBD,21.33389,-157.80151,21.33431,-157.802,497,512,Manoa,Lyon Arboretum,Non-native,paepae,Invertebrate,Neocaridina denticulata sinensis,Japanese Swamp Shrimp,23,2,Removed from study site,NA,NA,
12/23/2019,TBD,21.33389,-157.80151,21.33431,-157.802,497,512,Manoa,Lyon Arboretum,NA,paepae,TOTAL NATIVES,1,TOTAL NON-NATIVES,192,NA,SUMMARY,0.3,38.20,
12/30/2019,NREM Hydrology Lab,21.29637,-157.83667,21.2971,-157.83662,22,25,Makiki,Washington Middle School,Native,paepae,Vertebrate,Awaous stamineus,Oopu Nakea,5,"15, 20, 12, 15, 18",Returned live to capture location,NA,NA,
12/30/2019,NREM Hydrology Lab,21.29637,-157.83667,21.2971,-157.83662,22,25,Makiki,Washington Middle School,Native,paepae,Vertebrate,Stenogobius hawaiiensis,Oopu Naniha,3,"8, 11, 10",Returned live to capture location,NA,NA,
12/30/2019,NREM Hydrology Lab,21.29637,-157.83667,21.2971,-157.83662,22,25,Makiki,Washington Middle School,Native,paepae,Vertebrate,Eleotris sandwicensis,Oopu Akupa,7,"12, 10, 9, 8, 7, 15, 14",Returned live to capture location,NA,NA,
12/30/2019,NREM Hydrology Lab,21.29637,-157.83667,21.2971,-157.83662,22,25,Makiki,Washington Middle School,Non-native,paepae,Vertebrate,Hypostomus watwata,Suckermouth Catfish / Plecostomus,17,14 to 30,Removed from study site,NA,NA,
12/30/2019,NREM Hydrology Lab,21.29637,-157.83667,21.2971,-157.83662,22,25,Makiki,Washington Middle School,Non-native,paepae,Vertebrate,Ancistrus temminckii,Bristlenose / Bushynose Plecostomus,26,4 to 6,Removed from study site,NA,NA,
12/30/2019,NREM Hydrology Lab,21.29637,-157.83667,21.2971,-157.83662,22,25,Makiki,Washington Middle School,Non-native,paepae,Vertebrate,Amatitlania nigrofasciata,Convict Cichlid,34,4 to 10,Removed from study site,NA,NA,
12/30/2019,NREM Hydrology Lab,21.29637,-157.83667,21.2971,-157.83662,22,25,Makiki,Washington Middle School,Non-native,paepae,Vertebrate,Poecilia sphenops,Mexican Molly,105,2 to 8,Removed from study site,NA,NA,
12/30/2019,NREM Hydrology Lab,21.29637,-157.83667,21.2971,-157.83662,22,25,Makiki,Washington Middle School,Non-native,paepae,Vertebrate,Poecilia reticulata,Rainbow Guppy,60,2 to 4,Removed from study site,NA,NA,
12/30/2019,NREM Hydrology Lab,21.29637,-157.83667,21.2971,-157.83662,22,25,Makiki,Washington Middle School,Non-native,paepae,Vertebrate,Xiphophorus helleri,Green Swordtail,10,3 to 5,Removed from study site,NA,NA,
12/30/2019,NREM Hydrology Lab,21.29637,-157.83667,21.2971,-157.83662,22,25,Makiki,Washington Middle School,Non-native,paepae,Invertebrate,Tarebia granifera,Quilted Melania,25,1 to 2,Removed from study site,NA,NA,
12/30/2019,NREM Hydrology Lab,21.29637,-157.83667,21.2971,-157.83662,22,25,Makiki,Washington Middle School,Non-native,paepae,Invertebrate,Macrobrachium lar,Tahitian Prawn,1,5,Removed from study site,NA,NA,
12/30/2019,NREM Hydrology Lab,21.29637,-157.83667,21.2971,-157.83662,22,25,Makiki,Washington Middle School,Non-native,paepae,Invertebrate,Corbicula fluminea,Asiatic Clam,1,1,Removed from study site,NA,NA,
12/30/2019,NREM Hydrology Lab,21.29637,-157.83667,21.2971,-157.83662,22,25,Makiki,Washington Middle School,NA,paepae,TOTAL NATIVES,15,TOTAL NON-NATIVES,279,NA,SUMMARY,5.5,38.20,
1/14/2020,Myron B Thompson Academy,21.30973,-157.80943,21.3109,-157.80879,168,172,Manoa,Manoa Marketplace,Non-native,paepae,Vertebrate,Ancistrus temminckii,Bristlenose / Bushynose Plecostomus,39,2 to 8,Removed from study site,NA,NA,
1/14/2020,Myron B Thompson Academy,21.30973,-157.80943,21.3109,-157.80879,168,172,Manoa,Manoa Marketplace,Non-native,paepae,Vertebrate,Hypostomus watwata,Suckermouth Catfish / Plecostomus,141,5 to 21,Removed from study site,NA,NA,
1/14/2020,Myron B Thompson Academy,21.30973,-157.80943,21.3109,-157.80879,168,172,Manoa,Manoa Marketplace,Non-native,paepae,Vertebrate,Poecilia sphenops,Mexican Molly,67,2 to 7,Removed from study site,NA,NA,
1/14/2020,Myron B Thompson Academy,21.30973,-157.80943,21.3109,-157.80879,168,172,Manoa,Manoa Marketplace,Non-native,paepae,Invertebrate,Melanoides tuberculata,Malaysian Trumpet Snail,1,2,Removed from study site,NA,NA,
1/14/2020,Myron B Thompson Academy,21.30973,-157.80943,21.3109,-157.80879,168,172,Manoa,Manoa Marketplace,NA,paepae,TOTAL NATIVES,0,TOTAL NON-NATIVES,248,NA,SUMMARY,18,27.30,
1/21/2020,Hahaione  Elementary,21.31161,-157.80812,21.31353,-157.80647,175,179,Manoa,Manoa Valley District Park,Non-native,paepae,Vertebrate,Hypostomus watwata,Suckermouth Catfish / Plecostomus,6,8 to 20,Removed from study site,NA,NA,
1/21/2020,Hahaione  Elementary,21.31161,-157.80812,21.31353,-157.80647,175,179,Manoa,Manoa Valley District Park,Non-native,paepae,Vertebrate,Ancistrus temminckii,Bristlenose / Bushynose Plecostomus,5,3 to 6,Removed from study site,NA,NA,
1/21/2020,Hahaione  Elementary,21.31161,-157.80812,21.31353,-157.80647,175,179,Manoa,Manoa Valley District Park,Non-native,paepae,Vertebrate,Micropterus dolomieu,Smallmouth Bass,2,13 and 22,Removed from study site,NA,NA,
1/21/2020,Hahaione  Elementary,21.31161,-157.80812,21.31353,-157.80647,175,179,Manoa,Manoa Valley District Park,Non-native,paepae,Vertebrate,Poecilia sphenops,Mexican Molly,1,5,Removed from study site,NA,NA,
1/21/2020,Hahaione  Elementary,21.31161,-157.80812,21.31353,-157.80647,175,179,Manoa,Manoa Valley District Park,Non-native,paepae,Invertebrate,Procambarus clarkii,Swamp Crayfish,7,4 to 8,Removed from study site,NA,NA,
1/21/2020,Hahaione  Elementary,21.31161,-157.80812,21.31353,-157.80647,175,179,Manoa,Manoa Valley District Park,Non-native,paepae,Invertebrate,Neocaridina denticulata sinensis,Japanese Swamp Shrimp,2,2,Removed from study site,NA,NA,
1/21/2020,Hahaione  Elementary,21.31161,-157.80812,21.31353,-157.80647,175,179,Manoa,Manoa Valley District Park,NA,paepae,TOTAL NATIVES,0,TOTAL NON-NATIVES,23,NA,SUMMARY,1.5,27.30,
1/24/2020,Blanche Pope Elementary,21.28810,-157.80568,21.28901,-157.80470,111,115,Palolo,Saint Louis Field,Native,paepae,Vertebrate,Awaous stamineus,Oopu Nakea,4,"14, 14, 15, 8",Removed from study site,NA,NA,
1/24/2020,Blanche Pope Elementary,21.28810,-157.80568,21.28901,-157.80470,111,115,Palolo,Saint Louis Field,Non-native,paepae,Vertebrate,Poecilia sphenops,Mexican Molly,322,2 to 5,Removed from study site,NA,NA,
1/24/2020,Blanche Pope Elementary,21.28810,-157.80568,21.28901,-157.80470,111,115,Palolo,Saint Louis Field,Non-native,paepae,Vertebrate,Poecilia reticulata,Rainbow Guppy,1,2,Removed from study site,NA,NA,
1/24/2020,Blanche Pope Elementary,21.28810,-157.80568,21.28901,-157.80470,111,115,Palolo,Saint Louis Field,Non-native,paepae,Vertebrate,Oreochromis mossambicus,Mozambique Tilapia,10,3 to 12,Removed from study site,NA,NA,
1/24/2020,Blanche Pope Elementary,21.28810,-157.80568,21.28901,-157.80470,111,115,Palolo,Saint Louis Field,Non-native,paepae,Vertebrate,Amatitlania nigrofasciata,Convict Cichlid,38,3 to 9,Removed from study site,NA,NA,
1/24/2020,Blanche Pope Elementary,21.28810,-157.80568,21.28901,-157.80470,111,115,Palolo,Saint Louis Field,Non-native,paepae,Vertebrate,Ancistrus temminckii,Bristlenose / Bushynose Plecostomus,23,4 to 8,Removed from study site,NA,NA,
1/24/2020,Blanche Pope Elementary,21.28810,-157.80568,21.28901,-157.80470,111,115,Palolo,Saint Louis Field,NA,paepae,TOTAL NATIVES,4,TOTAL NON-NATIVES,394,NA,SUMMARY,2.00,38.20,
1/29/2020,Hanahauoli School,21.30821,-157.83070,21.30935,-157.83057,144,165,Makiki,Baker Park,Native,paepae,Vertebrate,Awaous stamineus,Oopu Nakea,1,8,Returned live to capture location,NA,NA,
1/29/2020,Hanahauoli School,21.30821,-157.83070,21.30935,-157.83057,144,165,Makiki,Baker Park,Non-native,paepae,Vertebrate,Xiphophorus helleri,Green Swordtail,2,"3,5",Removed from study site,NA,NA,
1/29/2020,Hanahauoli School,21.30821,-157.83070,21.30935,-157.83057,144,165,Makiki,Baker Park,Non-native,paepae,Vertebrate,Poecilia reticulata,Rainbow Guppy,16,2 to 3,Removed from study site,NA,NA,
1/29/2020,Hanahauoli School,21.30821,-157.83070,21.30935,-157.83057,144,165,Makiki,Baker Park,Non-native,paepae,Vertebrate,Ancistrus temminckii,Bristlenose / Bushynose Plecostomus,94,2 to 12,Removed from study site,NA,NA,
1/29/2020,Hanahauoli School,21.30821,-157.83070,21.30935,-157.83057,144,165,Makiki,Baker Park,Non-native,paepae,Vertebrate,Amatitlania nigrofasciata,Convict Cichlid,14,2 to 9,Removed from study site,NA,NA,
1/29/2020,Hanahauoli School,21.30821,-157.83070,21.30935,-157.83057,144,165,Makiki,Baker Park,Non-native,paepae,Invertebrate,Neocaridina denticulata sinensis,Japanese Swamp Shrimp,2,1 to 2,Removed from study site,NA,NA,
1/29/2020,Hanahauoli School,21.30821,-157.83070,21.30935,-157.83057,144,165,Makiki,Baker Park,Non-native,paepae,Invertebrate,Macrobrachium lar,Tahitian Prawn,20,3 to 13,Removed from study site,NA,NA,
1/29/2020,Hanahauoli School,21.30821,-157.83070,21.30935,-157.83057,144,165,Makiki,Baker Park,Non-native,paepae,Invertebrate,Tarebia granifera,Quilted Melania,2,1 to 2,Removed from study site,NA,NA,
1/29/2020,Hanahauoli School,21.30821,-157.83070,21.30935,-157.83057,144,165,Makiki,Baker Park,NA,paepae,TOTAL NATIVES,1,TOTAL NON-NATIVES,150,NA,SUMMARY,1.3,38.20,
2/3/2020,Aiea Elementary,21.30973,-157.80943,21.3109,-157.80879,168,172,Manoa,Manoa Marketplace,Non-native,paepae,Vertebrate,Ancistrus temminckii,Bristlenose / Bushynose Plecostomus,18,2 to 6,Removed from study site,NA,NA,
2/3/2020,Aiea Elementary,21.30973,-157.80943,21.3109,-157.80879,168,172,Manoa,Manoa Marketplace,Non-native,paepae,Vertebrate,Hypostomus watwata,Suckermouth Catfish / Plecostomus,56,3 to 7,Removed from study site,NA,NA,
2/3/2020,Aiea Elementary,21.30973,-157.80943,21.3109,-157.80879,168,172,Manoa,Manoa Marketplace,Non-native,paepae,Vertebrate,Poecilia sphenops,Mexican Molly,50,2 to 7,Removed from study site,NA,NA,
2/3/2020,Aiea Elementary,21.30973,-157.80943,21.3109,-157.80879,168,172,Manoa,Manoa Marketplace,Non-native,paepae,Invertebrate,Melanoides tuberculata,Malaysian Trumpet Snail,2,"3, 5",Removed from study site,NA,NA,
2/3/2020,Aiea Elementary,21.30973,-157.80943,21.3109,-157.80879,168,172,Manoa,Manoa Marketplace,Non-native,paepae,Invertebrate,Neocaridina denticulata sinensis,Japanese Swamp Shrimp,5,2,Removed from study site,NA,NA,
2/3/2020,Aiea Elementary,21.30973,-157.80943,21.3109,-157.80879,168,172,Manoa,Manoa Marketplace,Non-native,paepae,Invertebrate,Procambarus clarkii,Swamp Crayfish,2,"3,5",Removed from study site,NA,NA,
2/3/2020,Aiea Elementary,21.30973,-157.80943,21.3109,-157.80879,168,172,Manoa,Manoa Marketplace,NA,paepae,TOTAL NATIVES,0,TOTAL NON-NATIVES,133,NA,SUMMARY,0.5,27.30,
2/7/2020,AliIolani Elementary,21.3005,-157.79218,21.30094,-157.79126,268,280,Palolo,Palolo Elementary,Native,paepae,Vertebrate,Awaous stamineus,Oopu Nakea,2,"5,10",Returned live to capture location,NA,NA,
2/7/2020,AliIolani Elementary,21.3005,-157.79218,21.30094,-157.79126,268,280,Palolo,Palolo Elementary,Non-native,paepae,Vertebrate,Poecilia reticulata,Rainbow Guppy,35,2 to 3,Removed from study site,NA,NA,
2/7/2020,AliIolani Elementary,21.3005,-157.79218,21.30094,-157.79126,268,280,Palolo,Palolo Elementary,Non-native,paepae,Vertebrate,Poecilia sphenops,Mexican Molly,38,2 to 5,Removed from study site,NA,NA,
2/7/2020,AliIolani Elementary,21.3005,-157.79218,21.30094,-157.79126,268,280,Palolo,Palolo Elementary,Non-native,paepae,Vertebrate,Ancistrus temminckii,Bristlenose / Bushynose Plecostomus,36,2 to 5,Removed from study site,NA,NA,
2/7/2020,AliIolani Elementary,21.3005,-157.79218,21.30094,-157.79126,268,280,Palolo,Palolo Elementary,Non-native,paepae,Invertebrate,Melanoides tuberculata,Malaysian Trumpet Snail,2,1 to 2,Removed from study site,NA,NA,
2/7/2020,AliIolani Elementary,21.3005,-157.79218,21.30094,-157.79126,268,280,Palolo,Palolo Elementary,NA,paepae,TOTAL NATIVES,2,TOTAL NON-NATIVES,111,NA,SUMMARY,0.2,38.20,
2/7/2020,AliIolani Elementary,21.30460,-157.79045,21.30500,-157.78978,309,333,Palolo,Anuenue School,Native,paepae,Vertebrate,Awaous stamineus,Oopu Nakea,1,8,Removed from study site,NA,NA,
2/7/2020,AliIolani Elementary,21.30460,-157.79045,21.30500,-157.78978,309,333,Palolo,Anuenue School,Non-native,paepae,Vertebrate,Poecilia reticulata,Rainbow Guppy,66,2 to 3,Removed from study site,NA,NA,
2/7/2020,AliIolani Elementary,21.30460,-157.79045,21.30500,-157.78978,309,333,Palolo,Anuenue School,Non-native,paepae,Vertebrate,Poecilia sphenops,Mexican Molly,5,2 to 5,Removed from study site,NA,NA,
2/7/2020,AliIolani Elementary,21.30460,-157.79045,21.30500,-157.78978,309,333,Palolo,Anuenue School,Non-native,paepae,Vertebrate,Xiphophorus helleri,Green Swordtail,1,4,Removed from study site,NA,NA,
2/7/2020,AliIolani Elementary,21.30460,-157.79045,21.30500,-157.78978,309,333,Palolo,Anuenue School,Non-native,paepae,Vertebrate,Ancistrus temminckii,Bristlenose / Bushynose Plecostomus,21,3 to 7,Removed from study site,NA,NA,
2/7/2020,AliIolani Elementary,21.30460,-157.79045,21.30500,-157.78978,309,333,Palolo,Anuenue School,Non-native,paepae,Invertebrate,Melanoides tuberculata,Malaysian Trumpet Snail,1,2,Removed from study site,NA,NA,
2/7/2020,AliIolani Elementary,21.30460,-157.79045,21.30500,-157.78978,309,333,Palolo,Anuenue School,Non-native,paepae,Invertebrate,Neocaridina denticulata sinensis,Japanese Swamp Shrimp,3,2,Removed from study site,NA,NA,
2/7/2020,AliIolani Elementary,21.30460,-157.79045,21.30500,-157.78978,309,333,Palolo,Anuenue School,Non-native,paepae,Invertebrate,Procambarus clarkii,Swamp Crayfish,3,4 to 8,Removed from study site,NA,NA,
2/7/2020,AliIolani Elementary,21.30460,-157.79045,21.30500,-157.78978,309,333,Palolo,Anuenue School,NA,paepae,TOTAL NATIVES,1,TOTAL NON-NATIVES,100,NA,SUMMARY,0.1,38.20,
2/13/2020,Kaimuki  High School,21.28639,-157.81888,21.28728,-157.81799,18,19,Manoa-Palolo,Kaimuki  High School,Native,paepae,Vertebrate,Stenogobius hawaiiensis,Oopu Naniha,14,5 to 11,Returned live to capture location,NA,NA,
2/13/2020,Kaimuki  High School,21.28639,-157.81888,21.28728,-157.81799,18,19,Manoa-Palolo,Kaimuki  High School,Native,paepae,Vertebrate,Eleotris sandwicensis,Oopu Akupa,17,6 to 17,Returned live to capture location,NA,NA,
2/13/2020,Kaimuki  High School,21.28639,-157.81888,21.28728,-157.81799,18,19,Manoa-Palolo,Kaimuki  High School,Native,paepae,Vertebrate,Kuhlia xenura,Aholehole / Hawaiian Flagtail,45,3 to 10,Returned live to capture location,NA,NA,
2/13/2020,Kaimuki  High School,21.28639,-157.81888,21.28728,-157.81799,18,19,Manoa-Palolo,Kaimuki  High School,Native,paepae,Vertebrate,Awaous stamineus,Oopu Nakea,2,"20, 21",Returned live to capture location,NA,NA,
2/13/2020,Kaimuki  High School,21.28639,-157.81888,21.28728,-157.81799,18,19,Manoa-Palolo,Kaimuki  High School,Native,paepae,Invertebrate,Macrobrachium grandimanus,Opae Oehaa,1,6,Returned live to capture location,NA,NA,
2/13/2020,Kaimuki  High School,21.28639,-157.81888,21.28728,-157.81799,18,19,Manoa-Palolo,Kaimuki  High School,Non-native,paepae,Vertebrate,Sarotherodon melanotheron,Black Chin Tilapia,5,3 to 12,Removed from study site,NA,NA,
2/13/2020,Kaimuki  High School,21.28639,-157.81888,21.28728,-157.81799,18,19,Manoa-Palolo,Kaimuki  High School,Non-native,paepae,Vertebrate,Poecilia sphenops,Mexican Molly,12,3 to 6,Removed from study site,NA,NA,
2/13/2020,Kaimuki  High School,21.28639,-157.81888,21.28728,-157.81799,18,19,Manoa-Palolo,Kaimuki  High School,Non-native,paepae,Vertebrate,Hypostomus watwata,Suckermouth Catfish / Plecostomus,90,18 to 30,Removed from study site,NA,NA,
2/13/2020,Kaimuki  High School,21.28639,-157.81888,21.28728,-157.81799,18,19,Manoa-Palolo,Kaimuki  High School,Non-native,paepae,Vertebrate,Ancistrus temminckii,Bristlenose / Bushynose Plecostomus,1,10,Removed from study site,NA,NA,
2/13/2020,Kaimuki  High School,21.28639,-157.81888,21.28728,-157.81799,18,19,Manoa-Palolo,Kaimuki  High School,Non-native,paepae,Vertebrate,Amatitlania nigrofasciata,Convict Cichlid,1,6,Removed from study site,NA,NA,
2/13/2020,Kaimuki  High School,21.28639,-157.81888,21.28728,-157.81799,18,19,Manoa-Palolo,Kaimuki  High School,NA,paepae,TOTAL NATIVES,79,TOTAL NON-NATIVES,109,NA,SUMMARY,30,49.10,
2/24/2020,Haleiwa Elementary,21.31161,-157.80812,21.31353,-157.80647,175,179,Manoa,Manoa Valley District Park,Non-native,paepae,Vertebrate,Hypostomus watwata,Suckermouth Catfish / Plecostomus,2,8 and 12,Removed from study site,NA,NA,
2/24/2020,Haleiwa Elementary,21.31161,-157.80812,21.31353,-157.80647,175,179,Manoa,Manoa Valley District Park,Non-native,paepae,Vertebrate,Ancistrus temminckii,Bristlenose / Bushynose Plecostomus,11,4 to 10,Removed from study site,NA,NA,
2/24/2020,Haleiwa Elementary,21.31161,-157.80812,21.31353,-157.80647,175,179,Manoa,Manoa Valley District Park,Non-native,paepae,Vertebrate,Micropterus dolomieu,Smallmouth Bass,1,14,Removed from study site,NA,NA,
2/24/2020,Haleiwa Elementary,21.31161,-157.80812,21.31353,-157.80647,175,179,Manoa,Manoa Valley District Park,Non-native,paepae,Vertebrate,Poecilia sphenops,Mexican Molly,2,3 and 7,Removed from study site,NA,NA,
2/24/2020,Haleiwa Elementary,21.31161,-157.80812,21.31353,-157.80647,175,179,Manoa,Manoa Valley District Park,Non-native,paepae,Vertebrate,Gambusia affinis,Mosquitofish,3,4 to 5,Removed from study site,NA,NA,
2/24/2020,Haleiwa Elementary,21.31161,-157.80812,21.31353,-157.80647,175,179,Manoa,Manoa Valley District Park,Non-native,paepae,Vertebrate,Amatitlania nigrofasciata,Convict Cichlid,1,5,Removed from study site,NA,NA,
2/24/2020,Haleiwa Elementary,21.31161,-157.80812,21.31353,-157.80647,175,179,Manoa,Manoa Valley District Park,Non-native,paepae,Invertebrate,Procambarus clarkii,Swamp Crayfish,6,3 to 7,Removed from study site,NA,NA,
2/24/2020,Haleiwa Elementary,21.31161,-157.80812,21.31353,-157.80647,175,179,Manoa,Manoa Valley District Park,Non-native,paepae,Invertebrate,Neocaridina denticulata sinensis,Japanese Swamp Shrimp,31,2,Removed from study site,NA,NA,
2/24/2020,Haleiwa Elementary,21.31161,-157.80812,21.31353,-157.80647,175,179,Manoa,Manoa Valley District Park,NA,paepae,TOTAL NATIVES,0,TOTAL NON-NATIVES,57,NA,SUMMARY,0.3,27.30,
2/25/2020,Noelani Elementary ,21.30793,-157.80914,21.30862,-157.80945,161,168,Manoa,Noelani Elementary,Native,paepae,Vertebrate,Awaous stamineus,Oopu Nakea,5,"5, 5, 8, 9, 13",Returned live to capture location,NA,NA,
2/25/2020,Noelani Elementary ,21.30793,-157.80914,21.30862,-157.80945,161,168,Manoa,Noelani Elementary,Non-native,paepae,Vertebrate,Hypostomus watwata,Suckermouth Catfish / Plecostomus,50,5 to 12,Removed from study site,NA,NA,
2/25/2020,Noelani Elementary ,21.30793,-157.80914,21.30862,-157.80945,161,168,Manoa,Noelani Elementary,Non-native,paepae,Vertebrate,Ancistrus temminckii,Bristlenose / Bushynose Plecostomus,12,3 to 11,Removed from study site,NA,NA,
2/25/2020,Noelani Elementary ,21.30793,-157.80914,21.30862,-157.80945,161,168,Manoa,Noelani Elementary,Non-native,paepae,Vertebrate,Poecilia sphenops,Mexican Molly,4,3 to 9,Removed from study site,NA,NA,
2/25/2020,Noelani Elementary ,21.30793,-157.80914,21.30862,-157.80945,161,168,Manoa,Noelani Elementary,Non-native,paepae,Vertebrate,Poecilia reticulata,Rainbow Guppy,8,2 to 3,Removed from study site,NA,NA,
2/25/2020,Noelani Elementary ,21.30793,-157.80914,21.30862,-157.80945,161,168,Manoa,Noelani Elementary,Non-native,paepae,Vertebrate,Gambusia affinis,Mosquitofish,2,2 to 4,Removed from study site,NA,NA,
2/25/2020,Noelani Elementary ,21.30793,-157.80914,21.30862,-157.80945,161,168,Manoa,Noelani Elementary,Non-native,paepae,Vertebrate,Amatitlania nigrofasciata,Convict Cichlid,3,5 to 6,Removed from study site,NA,NA,
2/25/2020,Noelani Elementary ,21.30793,-157.80914,21.30862,-157.80945,161,168,Manoa,Noelani Elementary,Non-native,paepae,Invertebrate,Procambarus clarkii,Swamp Crayfish,1,5,Removed from study site,NA,NA,
2/25/2020,Noelani Elementary ,21.30793,-157.80914,21.30862,-157.80945,161,168,Manoa,Noelani Elementary,Non-native,paepae,Invertebrate,Neocaridina denticulata sinensis,Japanese Swamp Shrimp,1,2,Removed from study site,NA,NA,
2/25/2020,Noelani Elementary ,21.30793,-157.80914,21.30862,-157.80945,161,168,Manoa,Noelani Elementary,NA,paepae,TOTAL NATIVES,5,TOTAL NON-NATIVES,81,NA,SUMMARY,3.50,38.20,
2/27/2020,Kamehameha Schools,21.30973,-157.80943,21.3109,-157.80879,168,172,Manoa,Manoa Marketplace,Non-native,paepae,Vertebrate,Ancistrus temminckii,Bristlenose / Bushynose Plecostomus,18,2 to 6,Removed from study site,NA,NA,
2/27/2020,Kamehameha Schools,21.30973,-157.80943,21.3109,-157.80879,168,172,Manoa,Manoa Marketplace,Non-native,paepae,Vertebrate,Hypostomus watwata,Suckermouth Catfish / Plecostomus,57,3 to 8,Removed from study site,NA,NA,
2/27/2020,Kamehameha Schools,21.30973,-157.80943,21.3109,-157.80879,168,172,Manoa,Manoa Marketplace,Non-native,paepae,Vertebrate,Poecilia sphenops,Mexican Molly,85,2 to 7,Removed from study site,NA,NA,
2/27/2020,Kamehameha Schools,21.30973,-157.80943,21.3109,-157.80879,168,172,Manoa,Manoa Marketplace,Non-native,paepae,Vertebrate,Poecilia reticulata,Rainbow Guppy,2,2,Removed from study site,NA,NA,
2/27/2020,Kamehameha Schools,21.30973,-157.80943,21.3109,-157.80879,168,172,Manoa,Manoa Marketplace,Non-native,paepae,Invertebrate,Neocaridina denticulata sinensis,Japanese Swamp Shrimp,3,2,Removed from study site,NA,NA,
2/27/2020,Kamehameha Schools,21.30973,-157.80943,21.3109,-157.80879,168,172,Manoa,Manoa Marketplace,Non-native,paepae,Invertebrate,Procambarus clarkii,Swamp Crayfish,1,4,Removed from study site,NA,NA,
2/27/2020,Kamehameha Schools,21.30973,-157.80943,21.3109,-157.80879,168,172,Manoa,Manoa Marketplace,Non-native,paepae,Invertebrate,Melanoides tuberculata,Malaysian Trumpet Snail,2,1,Removed from study site,NA,NA,
2/27/2020,Kamehameha Schools,21.30973,-157.80943,21.3109,-157.80879,168,172,Manoa,Manoa Marketplace,NA,paepae,TOTAL NATIVES,0,TOTAL NON-NATIVES,168,NA,SUMMARY,0.5,27.30,
2/28/2020,Hokulani Elementary,21.29271,-157.8134,21.2933,-157.81248,45,48,Manoa,KanewaiField,Non-native,paepae,Vertebrate,Micropterus dolomieu,Smallmouth Bass,1,12,Removed from study site,NA,NA,
2/28/2020,Hokulani Elementary,21.29271,-157.8134,21.2933,-157.81248,45,48,Manoa,KanewaiField,Non-native,paepae,Vertebrate,Ancistrus temminckii,Bristlenose / Bushynose Plecostomus,8,7 to 11,Removed from study site,NA,NA,
2/28/2020,Hokulani Elementary,21.29271,-157.8134,21.2933,-157.81248,45,48,Manoa,KanewaiField,Non-native,paepae,Vertebrate,Hypostomus watwata,Suckermouth Catfish / Plecostomus,6,7 to 16,Removed from study site,NA,NA,
2/28/2020,Hokulani Elementary,21.29271,-157.8134,21.2933,-157.81248,45,48,Manoa,KanewaiField,Non-native,paepae,Vertebrate,Amatitlania nigrofasciata,Convict Cichlid,7,4 to 12,Removed from study site,NA,NA,
2/28/2020,Hokulani Elementary,21.29271,-157.8134,21.2933,-157.81248,45,48,Manoa,KanewaiField,Non-native,paepae,Invertebrate,Procambarus clarkii,Swamp Crayfish,3,4 to 7,Removed from study site,NA,NA,
2/28/2020,Hokulani Elementary,21.29271,-157.8134,21.2933,-157.81248,45,48,Manoa,KanewaiField,Non-native,paepae,Invertebrate,Corbicula fluminea,asiatic Clam,1,0.5 to 1,Removed from study site,NA,NA,
2/28/2020,Hokulani Elementary,21.29271,-157.8134,21.2933,-157.81248,45,48,Manoa,KanewaiField,Non-native,paepae,Invertebrate,Neocaridina denticulata sinensis,Japanese Swamp Shrimp,2,2,Removed from study site,NA,NA,
2/28/2020,Hokulani Elementary,21.29271,-157.8134,21.2933,-157.81248,45,48,Manoa,KanewaiField,NA,paepae,TOTAL NATIVES,0,TOTAL NON-NATIVES,28,NA,SUMMARY,0.5,27.30,
9/11/2020,Haleiwa Elementary,21.31161,-157.80812,21.31353,-157.80647,175,179,Manoa,Manoa Valley District Park,Non-native,Opae / A-Frame Net,Vertebrate,Amatitlania nigrofasciata,Convict Cichlid,9,,Removed from study site,NA,NA,
9/11/2020,Haleiwa Elementary,21.31161,-157.80812,21.31353,-157.80647,175,179,Manoa,Manoa Valley District Park,Non-native,Opae / A-Frame Net,Vertebrate,Hypostomus watwata,Suckermouth Catfish / Plecostomus,12,,Removed from study site,NA,NA,
9/11/2020,Haleiwa Elementary,21.31161,-157.80812,21.31353,-157.80647,175,179,Manoa,Manoa Valley District Park,Non-native,Opae / A-Frame Net,Vertebrate,Gambusia affinis,Mosquitofish,4,,Removed from study site,NA,NA,
9/11/2020,Haleiwa Elementary,21.31161,-157.80812,21.31353,-157.80647,175,179,Manoa,Manoa Valley District Park,Non-native,Opae / A-Frame Net,Vertebrate,Procambarus clarkii,Swamp Crayfish,4,,Removed from study site,NA,NA,
9/11/2020,Haleiwa Elementary,21.31161,-157.80812,21.31353,-157.80647,175,179,Manoa,Manoa Valley District Park,Non-native,Opae / A-Frame Net,Vertebrate,Neocaridina denticulata sinensis,Japanese Swamp Shrimp,1,,Removed from study site,NA,NA,
9/22/2020,SEEQS,21.30460,-157.79045,21.30500,-157.78978,309,333,Palolo,Anuenue School,Native,Opae / A-Frame Net,Vertebrate,Awaous stamineus,Oopu Nakea,1,,Returned live to capture location,NA,NA,
9/22/2020,SEEQS,21.30460,-157.79045,21.30500,-157.78978,309,333,Palolo,Anuenue School,Non-native,Opae / A-Frame Net,Vertebrate,Poecilia reticulata,Rainbow Guppy,46,,Removed from study site,NA,NA,
9/22/2020,SEEQS,21.30460,-157.79045,21.30500,-157.78978,309,333,Palolo,Anuenue School,Non-native,Opae / A-Frame Net,Vertebrate,Poecilia sphenops,Mexican Molly,3,,Removed from study site,NA,NA,
9/22/2020,SEEQS,21.30460,-157.79045,21.30500,-157.78978,309,333,Palolo,Anuenue School,Non-native,Opae / A-Frame Net,Vertebrate,Xiphophorus helleri,Green Swordtail,1,,Removed from study site,NA,NA,
9/22/2020,SEEQS,21.30460,-157.79045,21.30500,-157.78978,309,333,Palolo,Anuenue School,Non-native,Opae / A-Frame Net,Vertebrate,Ancistrus temminckii,Bristlenose / Bushynose Plecostomus,25,,Removed from study site,NA,NA,
9/22/2020,SEEQS,21.30460,-157.79045,21.30500,-157.78978,309,333,Palolo,Anuenue School,Non-native,Opae / A-Frame Net,Invertebrate,Procambarus clarkii,Swamp Crayfish,8,,Removed from study site,NA,NA,
9/22/2020,SEEQS,21.30460,-157.79045,21.30500,-157.78978,309,333,Palolo,Anuenue School,Non-native,Opae / A-Frame Net,Invertebrate,Neocaridina denticulata sinensis,Japanese Swamp Shrimp,1,,Removed from study site,NA,NA,
9/22/2020,SEEQS,21.30460,-157.79045,21.30500,-157.78978,309,333,Palolo,Anuenue School,Non-native,Opae / A-Frame Net,Invertebrate,Melanoides tuberculata,Malaysian Trumpet Snail,2,,Removed from study site,NA,NA,
9/23/2020,Punahou,21.31161,-157.80812,21.31353,-157.80647,175,179,Manoa,Manoa Valley District Park,Non-native,Opae / A-Frame Net,Vertebrate,Amatitlania nigrofasciata,Convict Cichlid,3,,Removed from study site,NA,NA,
9/23/2020,Punahou,21.31161,-157.80812,21.31353,-157.80647,175,179,Manoa,Manoa Valley District Park,Non-native,Opae / A-Frame Net,Vertebrate,Hypostomus watwata,Suckermouth Catfish / Plecostomus,5,,Removed from study site,NA,NA,
9/23/2020,Punahou,21.31161,-157.80812,21.31353,-157.80647,175,179,Manoa,Manoa Valley District Park,Non-native,Opae / A-Frame Net,Vertebrate,Gambusia affinis,Mosquitofish,3,,Removed from study site,NA,NA,
9/23/2020,Punahou,21.31161,-157.80812,21.31353,-157.80647,175,179,Manoa,Manoa Valley District Park,Non-native,Opae / A-Frame Net,Vertebrate,Poecilia sphenops,Mexican Molly,1,,Removed from study site,NA,NA,
9/23/2020,Punahou,21.31161,-157.80812,21.31353,-157.80647,175,179,Manoa,Manoa Valley District Park,Non-native,Opae / A-Frame Net,Vertebrate,Procambarus clarkii,Swamp Crayfish,7,,Removed from study site,NA,NA,
9/23/2020,Punahou,21.31161,-157.80812,21.31353,-157.80647,175,179,Manoa,Manoa Valley District Park,Non-native,Opae / A-Frame Net,Vertebrate,Neocaridina denticulata sinensis,Japanese Swamp Shrimp,3,,Removed from study site,NA,NA,
9/24/2020,SEEQS,21.28810,-157.80568,21.28901,-157.80470,111,115,Palolo,Saint Louis Field,Non-native,Opae / A-Frame Net,Vertebrate,Amatitlania nigrofasciata,Convict Cichlid,22,,Removed from study site,NA,NA,
9/24/2020,SEEQS,21.28810,-157.80568,21.28901,-157.80470,111,115,Palolo,Saint Louis Field,Non-native,Opae / A-Frame Net,Vertebrate,Poecilia sphenops,Mexican Molly,454,,Removed from study site,NA,NA,
9/24/2020,SEEQS,21.28810,-157.80568,21.28901,-157.80470,111,115,Palolo,Saint Louis Field,Non-native,Opae / A-Frame Net,Vertebrate,Oreochromis mossambicus,Mozambique Tilapia,18,,Removed from study site,NA,NA,
9/25/2020,Punahou,21.31161,-157.80812,21.31353,-157.80647,175,179,Manoa,Manoa Valley District Park,Non-native,Opae / A-Frame Net,Vertebrate,Amatitlania nigrofasciata,Convict Cichlid,2,,Removed from study site,NA,NA,
9/25/2020,Punahou,21.31161,-157.80812,21.31353,-157.80647,175,179,Manoa,Manoa Valley District Park,Non-native,Opae / A-Frame Net,Vertebrate,Hypostomus watwata,Suckermouth Catfish / Plecostomus,4,,Removed from study site,NA,NA,
9/25/2020,Punahou,21.31161,-157.80812,21.31353,-157.80647,175,179,Manoa,Manoa Valley District Park,Non-native,Opae / A-Frame Net,Vertebrate,Micropterus dolomieu,Smallmouth Bass,1,,Removed from study site,NA,NA,
9/25/2020,Punahou,21.31161,-157.80812,21.31353,-157.80647,175,179,Manoa,Manoa Valley District Park,Non-native,Opae / A-Frame Net,Invertebrate,Procambarus clarkii,Swamp Crayfish,5,,Removed from study site,NA,NA,
9/30/2020,Waialae,21.29271,-157.8134,21.2933,-157.81248,45,48,Manoa,KanewaiField,Non-native,Opae / A-Frame Net,Vertebrate,Micropterus dolomieu,Smallmouth Bass,1,,Removed from study site,NA,NA,
9/30/2020,Waialae,21.29271,-157.8134,21.2933,-157.81248,45,48,Manoa,KanewaiField,Non-native,Opae / A-Frame Net,Vertebrate,Ancistrus temminckii,Bristlenose / Bushynose Plecostomus,1,,Removed from study site,NA,NA,
9/30/2020,Waialae,21.29271,-157.8134,21.2933,-157.81248,45,48,Manoa,KanewaiField,Non-native,Opae / A-Frame Net,Vertebrate,Hypostomus watwata,Suckermouth Catfish / Plecostomus,29,,Removed from study site,NA,NA,
9/30/2020,Waialae,21.29271,-157.8134,21.2933,-157.81248,45,48,Manoa,KanewaiField,Non-native,Opae / A-Frame Net,Vertebrate,Amatitlania nigrofasciata,Convict Cichlid,5,,Removed from study site,NA,NA,
9/30/2020,Waialae,21.29271,-157.8134,21.2933,-157.81248,45,48,Manoa,KanewaiField,Non-native,Opae / A-Frame Net,Invertebrate,Procambarus clarkii,Swamp Crayfish,1,,Removed from study site,NA,NA,
10/1/2020,Haleiwa Elementary,21.31161,-157.80812,21.31353,-157.80647,175,179,Manoa,Manoa Valley District Park,Non-native,Opae / A-Frame Net,Vertebrate,Amatitlania nigrofasciata,Convict Cichlid,2,,Removed from study site,NA,NA,
10/1/2020,Haleiwa Elementary,21.31161,-157.80812,21.31353,-157.80647,175,179,Manoa,Manoa Valley District Park,Non-native,Opae / A-Frame Net,Vertebrate,Hypostomus watwata,Suckermouth Catfish / Plecostomus,9,,Removed from study site,NA,NA,
10/1/2020,Haleiwa Elementary,21.31161,-157.80812,21.31353,-157.80647,175,179,Manoa,Manoa Valley District Park,Non-native,Opae / A-Frame Net,Vertebrate,Micropterus dolomieu,Smallmouth Bass,1,,Removed from study site,NA,NA,
10/1/2020,Haleiwa Elementary,21.31161,-157.80812,21.31353,-157.80647,175,179,Manoa,Manoa Valley District Park,Non-native,Opae / A-Frame Net,Invertebrate,Procambarus clarkii,Swamp Crayfish,3,,Removed from study site,NA,NA,
10/20/2020,Blanche Pope Elementary,21.28810,-157.80568,21.28901,-157.80470,111,115,Palolo,Saint Louis Field,Non-native,Opae / A-Frame Net,Vertebrate,Ancistrus temminckii,Bristlenose / Bushynose Plecostomus,4,,Removed from study site,NA,NA,
10/20/2020,Blanche Pope Elementary,21.28810,-157.80568,21.28901,-157.80470,111,115,Palolo,Saint Louis Field,Non-native,Opae / A-Frame Net,Vertebrate,Amatitlania nigrofasciata,Convict Cichlid,8,,Removed from study site,NA,NA,
10/20/2020,Blanche Pope Elementary,21.28810,-157.80568,21.28901,-157.80470,111,115,Palolo,Saint Louis Field,Non-native,Opae / A-Frame Net,Vertebrate,Poecilia sphenops,Mexican Molly,530,,Removed from study site,NA,NA,
10/20/2020,Blanche Pope Elementary,21.28810,-157.80568,21.28901,-157.80470,111,115,Palolo,Saint Louis Field,Non-native,Opae / A-Frame Net,Vertebrate,Oreochromis mossambicus,Mozambique Tilapia,2,,Removed from study site,NA,NA,
10/23/2020,Radford High School,21.30821,-157.83070,21.30935,-157.83057,144,165,Makiki,Baker Park,Native,Opae / A-Frame Net,Invertebrate,Macrobrachium grandimanus,Opae Oehaa,3,NA,Returned live to capture location,NA,NA,
10/23/2020,Radford High School,21.30821,-157.83070,21.30935,-157.83057,144,165,Makiki,Baker Park,Non-native,Opae / A-Frame Net,Vertebrate,Ancistrus temminckii,Bristlenose / Bushynose Plecostomus,15,NA,Removed from study site,NA,NA,
10/23/2020,Radford High School,21.30821,-157.83070,21.30935,-157.83057,144,165,Makiki,Baker Park,Non-native,Opae / A-Frame Net,Vertebrate,Poecilia reticulata,Rainbow Guppy,62,NA,Removed from study site,NA,NA,
10/23/2020,Radford High School,21.30821,-157.83070,21.30935,-157.83057,144,165,Makiki,Baker Park,Non-native,Opae / A-Frame Net,Vertebrate,Xiphophorus helleri,Green Swordtail,3,NA,Removed from study site,NA,NA,
10/23/2020,Radford High School,21.30821,-157.83070,21.30935,-157.83057,144,165,Makiki,Baker Park,Non-native,Opae / A-Frame Net,Vertebrate,Amatitlania nigrofasciata,Convict Cichlid,20,NA,Removed from study site,NA,NA,
10/23/2020,Radford High School,21.30821,-157.83070,21.30935,-157.83057,144,165,Makiki,Baker Park,Non-native,Opae / A-Frame Net,Invertebrate,Macrobrachium lar,Tahitian Prawn,1,NA,Removed from study site,NA,NA,
10/26/2020,Stevenson Middle Schooll,21.31284,-157.82912,21.31402,-157.82866,250,272,Makiki,Halau Ku Mana,Non-native,Opae / A-Frame Net,Vertebrate,Poecilia reticulata,Rainbow Guppy,225,,Removed from study site,NA,NA,
10/26/2020,Stevenson Middle Schooll,21.31284,-157.82912,21.31402,-157.82866,250,272,Makiki,Halau Ku Mana,Non-native,Opae / A-Frame Net,Invertebrate,Xiphophorus helleri,Green Swordtail,1,,Removed from study site,NA,NA,
10/26/2020,Stevenson Middle Schooll,21.31284,-157.82912,21.31402,-157.82866,250,272,Makiki,Halau Ku Mana,Non-native,Opae / A-Frame Net,Invertebrate,Poecilia sphenops,Mexican Molly,1,,Removed from study site,NA,NA,
10/26/2020,Stevenson Middle Schooll,21.31284,-157.82912,21.31402,-157.82866,250,272,Makiki,Halau Ku Mana,Non-native,Opae / A-Frame Net,Invertebrate,Ancistrus temminckii,Bristlenose / Bushynose Plecostomus,3,,Removed from study site,NA,NA,
10/26/2020,Stevenson Middle Schooll,21.31284,-157.82912,21.31402,-157.82866,250,272,Makiki,Halau Ku Mana,Non-native,Opae / A-Frame Net,Invertebrate,Macrobrachium lar,Tahitian Prawn,2,,Removed from study site,NA,NA,
10/26/2020,Stevenson Middle Schooll,21.31284,-157.82912,21.31402,-157.82866,250,272,Makiki,Halau Ku Mana,Non-native,Opae / A-Frame Net,Invertebrate,Neocaridina denticulata sinensis,Japanese Swamp Shrimp,133,,Removed from study site,NA,NA,
10/29/2020,Queen Kaahumanu Elementary,21.29637,-157.83667,21.2971,-157.83662,22,25,Makiki,Washington Middle School,Native,Opae / A-Frame Net,Vertebrate,Eleotris sandwicensis,Oopu akupa,2,,Returned live to capture location,NA,NA,
10/29/2020,Queen Kaahumanu Elementary,21.29637,-157.83667,21.2971,-157.83662,22,25,Makiki,Washington Middle School,Native,Opae / A-Frame Net,Vertebrate,Stenogobius hawaiiensis,Oopu naniha,10,,Returned live to capture location,NA,NA,
10/29/2020,Queen Kaahumanu Elementary,21.29637,-157.83667,21.2971,-157.83662,22,25,Makiki,Washington Middle School,Native,Opae / A-Frame Net,Invertebrate,Macrobrachium grandimanus,Opae Oehaa,1,,Returned live to capture location,NA,NA,
10/29/2020,Queen Kaahumanu Elementary,21.29637,-157.83667,21.2971,-157.83662,22,25,Makiki,Washington Middle School,Non-native,Opae / A-Frame Net,Vertebrate,Amatitlania nigrofasciata,Convict Cichlid,23,,Removed from study site,NA,NA,
10/29/2020,Queen Kaahumanu Elementary,21.29637,-157.83667,21.2971,-157.83662,22,25,Makiki,Washington Middle School,Non-native,Opae / A-Frame Net,Vertebrate,Hypostomus watwata,Suckermouth Catfish / Plecostomus,18,,Removed from study site,NA,NA,
10/29/2020,Queen Kaahumanu Elementary,21.29637,-157.83667,21.2971,-157.83662,22,25,Makiki,Washington Middle School,Non-native,Opae / A-Frame Net,Vertebrate,Ancistrus temminckii,Bristlenose / Bushynose Plecostomus,10,,Removed from study site,NA,NA,
10/29/2020,Queen Kaahumanu Elementary,21.29637,-157.83667,21.2971,-157.83662,22,25,Makiki,Washington Middle School,Non-native,Opae / A-Frame Net,Vertebrate,Poecilia sphenops,Mexican Molly,101,,Removed from study site,NA,NA,
10/29/2020,Queen Kaahumanu Elementary,21.29637,-157.83667,21.2971,-157.83662,22,25,Makiki,Washington Middle School,Non-native,Opae / A-Frame Net,Vertebrate,Poecilia reticulata,Rainbow Guppy,153,,Removed from study site,NA,NA,
10/29/2020,Queen Kaahumanu Elementary,21.29637,-157.83667,21.2971,-157.83662,22,25,Makiki,Washington Middle School,Non-native,Opae / A-Frame Net,Vertebrate,Xiphophorus helleri,Green Swordtail,7,,Removed from study site,NA,NA,
10/29/2020,Queen Kaahumanu Elementary,21.29637,-157.83667,21.2971,-157.83662,22,25,Makiki,Washington Middle School,Non-native,Opae / A-Frame Net,Invertebrate,Corbicula fluminea,Asiatic Clam,1,,Removed from study site,NA,NA,
11/5/2020,SEEQS,21.29271,-157.8134,21.2933,-157.81248,45,48,Manoa,KanewaiField,Non-native,Opae / A-Frame Net,Vertebrate,Micropterus dolomieu,Smallmouth Bass,5,,Removed from study site,NA,NA,
11/5/2020,SEEQS,21.29271,-157.8134,21.2933,-157.81248,45,48,Manoa,KanewaiField,Non-native,Opae / A-Frame Net,Vertebrate,Poecilia reticulata,Rainbow Guppy,5,,Removed from study site,NA,NA,
11/5/2020,SEEQS,21.29271,-157.8134,21.2933,-157.81248,45,48,Manoa,KanewaiField,Non-native,Opae / A-Frame Net,Vertebrate,Hypostomus watwata,Suckermouth Catfish / Plecostomus,12,,Removed from study site,NA,NA,
11/5/2020,SEEQS,21.29271,-157.8134,21.2933,-157.81248,45,48,Manoa,KanewaiField,Non-native,Opae / A-Frame Net,Vertebrate,Amatitlania nigrofasciata,Convict Cichlid,2,,Removed from study site,NA,NA,
11/5/2020,SEEQS,21.29271,-157.8134,21.2933,-157.81248,45,48,Manoa,KanewaiField,Non-native,Opae / A-Frame Net,Invertebrate,Procambarus clarkii,Swamp Crayfish,2,,Removed from study site,NA,NA,
11/6/2020,SEEQS,21.28639,-157.81888,21.28728,-157.81799,18,19,Manoa-Palolo,Kaimuki  High School,Native,Opae / A-Frame Net,Vertebrate,Eleotris sandwicensis,oopu akupa,12,,Returned live to capture location,NA,NA,
11/6/2020,SEEQS,21.28639,-157.81888,21.28728,-157.81799,18,19,Manoa-Palolo,Kaimuki  High School,Native,Opae / A-Frame Net,Vertebrate,Stenogobius hawaiiensis,Oopu naniha,12,,Returned live to capture location,NA,NA,
11/6/2020,SEEQS,21.28639,-157.81888,21.28728,-157.81799,18,19,Manoa-Palolo,Kaimuki  High School,Native,Opae / A-Frame Net,Vertebrate,Kuhlia xenura,Aholehole / Hawaiian Flagtail,4,,Returned live to capture location,NA,NA,
11/6/2020,SEEQS,21.28639,-157.81888,21.28728,-157.81799,18,19,Manoa-Palolo,Kaimuki  High School,Native,Opae / A-Frame Net,Vertebrate,Sphyraena barracuda,Kaku / Great Barracuda,1,,Returned live to capture location,NA,NA,
11/6/2020,SEEQS,21.28639,-157.81888,21.28728,-157.81799,18,19,Manoa-Palolo,Kaimuki  High School,Native,Opae / A-Frame Net,Invertebrate,Palaemon debilis,opae huna,1,,Returned live to capture location,NA,NA,
11/6/2020,SEEQS,21.28639,-157.81888,21.28728,-157.81799,18,19,Manoa-Palolo,Kaimuki  High School,Native,Opae / A-Frame Net,Invertebrate,Neritina vespertina,Hapawai,7,,Returned live to capture location,NA,NA,
11/6/2020,SEEQS,21.28639,-157.81888,21.28728,-157.81799,18,19,Manoa-Palolo,Kaimuki  High School,Non-native,Opae / A-Frame Net,Invertebrate,Scylla serrata,Samoan Crab,2,,Returned live to capture location,NA,NA,
11/6/2020,SEEQS,21.28639,-157.81888,21.28728,-157.81799,18,19,Manoa-Palolo,Kaimuki  High School,Non-native,Opae / A-Frame Net,Vertebrate,Hypostomus watwata,Suckermouth Catfish / Plecostomus,35,,Removed from study site,NA,NA,
11/6/2020,SEEQS,21.28639,-157.81888,21.28728,-157.81799,18,19,Manoa-Palolo,Kaimuki  High School,Non-native,Opae / A-Frame Net,Vertebrate,Poecilia sphenops,Mexican Molly,4,,Removed from study site,NA,NA,
11/6/2020,SEEQS,21.28639,-157.81888,21.28728,-157.81799,18,19,Manoa-Palolo,Kaimuki  High School,Non-native,Opae / A-Frame Net,Vertebrate,Sarotherodon melanotheron,Black Chin Tilapia,2,,Removed from study site,NA,NA,
11/16/2020,Hauula Elementary,21.30460,-157.79045,21.30500,-157.78978,309,333,Palolo,Anuenue School,Native,Opae / A-Frame Net,Vertebrate,Awaous stamineus,Oopu Nakea,1,,Returned live to capture location,NA,NA,
11/16/2020,Hauula Elementary,21.30460,-157.79045,21.30500,-157.78978,309,333,Palolo,Anuenue School,Non-native,Opae / A-Frame Net,Vertebrate,Poecilia reticulata,Rainbow Guppy,46,,Removed from study site,NA,NA,
11/16/2020,Hauula Elementary,21.30460,-157.79045,21.30500,-157.78978,309,333,Palolo,Anuenue School,Non-native,Opae / A-Frame Net,Vertebrate,Poecilia sphenops,Mexican Molly,3,,Removed from study site,NA,NA,
11/16/2020,Hauula Elementary,21.30460,-157.79045,21.30500,-157.78978,309,333,Palolo,Anuenue School,Non-native,Opae / A-Frame Net,Vertebrate,Xiphophorus helleri,Green Swordtail,1,,Removed from study site,NA,NA,
11/16/2020,Hauula Elementary,21.30460,-157.79045,21.30500,-157.78978,309,333,Palolo,Anuenue School,Non-native,Opae / A-Frame Net,Vertebrate,Ancistrus temminckii,Bristlenose / Bushynose Plecostomus,25,,Removed from study site,NA,NA,
11/16/2020,Hauula Elementary,21.30460,-157.79045,21.30500,-157.78978,309,333,Palolo,Anuenue School,Non-native,Opae / A-Frame Net,Invertebrate,Procambarus clarkii,Swamp Crayfish,8,,Removed from study site,NA,NA,
11/16/2020,Hauula Elementary,21.30460,-157.79045,21.30500,-157.78978,309,333,Palolo,Anuenue School,Non-native,Opae / A-Frame Net,Invertebrate,Neocaridina denticulata sinensis,Japanese Swamp Shrimp,1,,Removed from study site,NA,NA,
11/19/2020,Iolani School,21.28639,-157.81888,21.28728,-157.81799,18,19,Manoa-Palolo,Kaimuki  High School,Native,Opae / A-Frame Net,Vertebrate,Eleotris sandwicensis,oopu akupa,11,,Returned live to capture location,NA,NA,
11/19/2020,Iolani School,21.28639,-157.81888,21.28728,-157.81799,18,19,Manoa-Palolo,Kaimuki  High School,Native,Opae / A-Frame Net,Vertebrate,Stenogobius hawaiiensis,Oopu naniha,34,,Returned live to capture location,NA,NA,
11/19/2020,Iolani School,21.28639,-157.81888,21.28728,-157.81799,18,19,Manoa-Palolo,Kaimuki  High School,Native,Opae / A-Frame Net,Vertebrate,Mugil cephalus,Amaama / Striped Mullet,27,,Returned live to capture location,NA,NA,
11/19/2020,Iolani School,21.28639,-157.81888,21.28728,-157.81799,18,19,Manoa-Palolo,Kaimuki  High School,Non-native,Opae / A-Frame Net,Vertebrate,Valamugil engeli,Kanda Mullet,4,,Removed from study site,NA,NA,
11/19/2020,Iolani School,21.28639,-157.81888,21.28728,-157.81799,18,19,Manoa-Palolo,Kaimuki  High School,Native,Opae / A-Frame Net,Vertebrate,Kuhlia xenura,Aholehole / Hawaiian Flagtail,6,,Returned live to capture location,NA,NA,
11/19/2020,Iolani School,21.28639,-157.81888,21.28728,-157.81799,18,19,Manoa-Palolo,Kaimuki  High School,Non-native,Opae / A-Frame Net,Invertebrate,Aurelia aurita,Moon Jelly,2,,Returned live to capture location,NA,NA,
11/19/2020,Iolani School,21.28639,-157.81888,21.28728,-157.81799,18,19,Manoa-Palolo,Kaimuki  High School,Non-native,Opae / A-Frame Net,Invertebrate,Scylla serrata,Samoan Crab,2,,Returned live to capture location,NA,NA,
11/19/2020,Iolani School,21.28639,-157.81888,21.28728,-157.81799,18,19,Manoa-Palolo,Kaimuki  High School,Non-native,Opae / A-Frame Net,Vertebrate,Hypostomus watwata,Suckermouth Catfish / Plecostomus,17,,Removed from study site,NA,NA,
11/19/2020,Iolani School,21.28639,-157.81888,21.28728,-157.81799,18,19,Manoa-Palolo,Kaimuki  High School,Non-native,Opae / A-Frame Net,Vertebrate,Poecilia sphenops,Mexican Molly,7,,Removed from study site,NA,NA,
11/23/2020,Iolani School,21.31161,-157.80812,21.31353,-157.80647,175,179,Manoa,Manoa Valley District Park,Non-native,Opae / A-Frame Net,Vertebrate,Amatitlania nigrofasciata,Convict Cichlid,4,,Removed from study site,NA,NA,
11/23/2020,Iolani School,21.31161,-157.80812,21.31353,-157.80647,175,179,Manoa,Manoa Valley District Park,Non-native,Opae / A-Frame Net,Vertebrate,Hypostomus watwata,Suckermouth Catfish / Plecostomus,11,,Removed from study site,NA,NA,
11/23/2020,Iolani School,21.31161,-157.80812,21.31353,-157.80647,175,179,Manoa,Manoa Valley District Park,Non-native,Opae / A-Frame Net,Vertebrate,Gambusia affinis,Mosquitofish,3,,Removed from study site,NA,NA,
11/23/2020,Iolani School,21.31161,-157.80812,21.31353,-157.80647,175,179,Manoa,Manoa Valley District Park,Non-native,Opae / A-Frame Net,Vertebrate,Micropterus dolomieu,Smallmouth Bass,1,,Removed from study site,NA,NA,
11/23/2020,Iolani School,21.31161,-157.80812,21.31353,-157.80647,175,179,Manoa,Manoa Valley District Park,Non-native,Opae / A-Frame Net,Invertebrate,Procambarus clarkii,Swamp Crayfish,2,,Removed from study site,NA,NA,
11/23/2020,Iolani School,21.31161,-157.80812,21.31353,-157.80647,175,179,Manoa,Manoa Valley District Park,Non-native,Opae / A-Frame Net,Invertebrate,Neocaridina denticulata sinensis,Japanese Swamp Shrimp,6,,Removed from study site,NA,NA,
11/24/2020,Noelani Elementary ,21.30821,-157.83070,21.30935,-157.83057,144,165,Makiki,Baker Park,Native,Opae / A-Frame Net,Vertebrate,Awaous stamineus,oopu nakea,3,NA,Returned live to capture location,NA,NA,
11/24/2020,Noelani Elementary ,21.30821,-157.83070,21.30935,-157.83057,144,165,Makiki,Baker Park,Native,Opae / A-Frame Net,Invertebrate,Macrobrachium grandimanus,Opae Oehaa,3,NA,Returned live to capture location,NA,NA,
11/24/2020,Noelani Elementary ,21.30821,-157.83070,21.30935,-157.83057,144,165,Makiki,Baker Park,Non-native,Opae / A-Frame Net,Vertebrate,Ancistrus temminckii,Bristlenose / Bushynose Plecostomus,15,NA,Removed from study site,NA,NA,
11/24/2020,Noelani Elementary ,21.30821,-157.83070,21.30935,-157.83057,144,165,Makiki,Baker Park,Non-native,Opae / A-Frame Net,Vertebrate,Poecilia sphenops,Mexican Molly,5,NA,Removed from study site,NA,NA,
11/24/2020,Noelani Elementary ,21.30821,-157.83070,21.30935,-157.83057,144,165,Makiki,Baker Park,Non-native,Opae / A-Frame Net,Vertebrate,Poecilia reticulata,Rainbow Guppy,70,NA,Removed from study site,NA,NA,
11/24/2020,Noelani Elementary ,21.30821,-157.83070,21.30935,-157.83057,144,165,Makiki,Baker Park,Non-native,Opae / A-Frame Net,Vertebrate,Xiphophorus helleri,Green Swordtail,6,NA,Removed from study site,NA,NA,
11/24/2020,Noelani Elementary ,21.30821,-157.83070,21.30935,-157.83057,144,165,Makiki,Baker Park,Non-native,Opae / A-Frame Net,Vertebrate,Amatitlania nigrofasciata,Convict Cichlid,22,NA,Removed from study site,NA,NA,
11/24/2020,Noelani Elementary ,21.30821,-157.83070,21.30935,-157.83057,144,165,Makiki,Baker Park,Non-native,Opae / A-Frame Net,Invertebrate,Macrobrachium lar,Tahitian Prawn,9,NA,Removed from study site,NA,NA,
11/24/2020,Noelani Elementary ,21.30821,-157.83070,21.30935,-157.83057,144,165,Makiki,Baker Park,Non-native,Opae / A-Frame Net,Invertebrate,Neocaridina denticulata sinensis,Japanese swamp shrimp,5,NA,Removed from study site,NA,NA,
11/24/2020,Noelani Elementary ,21.30821,-157.83070,21.30935,-157.83057,144,165,Makiki,Baker Park,Non-native,Opae / A-Frame Net,Invertebrate,Corbicula fluminea,Asiatic clam,1,NA,Removed from study site,NA,NA,
11/24/2020,Noelani Elementary ,21.30821,-157.83070,21.30935,-157.83057,144,165,Makiki,Baker Park,Non-native,Opae / A-Frame Net,Invertebrate,Tarebia granifera,Quilted melania,1,NA,Removed from study site,NA,NA,
12/1/2020,Punahou,21.29271,-157.8134,21.2933,-157.81248,45,48,Manoa,KanewaiField,Non-native,Opae / A-Frame Net,Vertebrate,Micropterus dolomieu,Smallmouth Bass,1,,Removed from study site,NA,NA,
12/1/2020,Punahou,21.29271,-157.8134,21.2933,-157.81248,45,48,Manoa,KanewaiField,Non-native,Opae / A-Frame Net,Vertebrate,Amatitlania nigrofasciata,Convict Cichlid,60,,Removed from study site,NA,NA,
12/1/2020,Punahou,21.29271,-157.8134,21.2933,-157.81248,45,48,Manoa,KanewaiField,Non-native,Opae / A-Frame Net,Vertebrate,Hypostomus watwata,Suckermouth Catfish / Plecostomus,15,,Removed from study site,NA,NA,
12/1/2020,Punahou,21.29271,-157.8134,21.2933,-157.81248,45,48,Manoa,KanewaiField,Non-native,Opae / A-Frame Net,Vertebrate,Poecilia reticulata,Rainbow Guppy,3,,Removed from study site,NA,NA,
12/1/2020,Punahou,21.29271,-157.8134,21.2933,-157.81248,45,48,Manoa,KanewaiField,Non-native,Opae / A-Frame Net,Vertebrate,Gambusia affinis,Mosquitofish,4,,Removed from study site,NA,NA,
12/1/2020,Punahou,21.29271,-157.8134,21.2933,-157.81248,45,48,Manoa,KanewaiField,Non-native,Opae / A-Frame Net,Invertebrate,Neocaridina denticulata sinensis,Japanese swamp shrimp,4,,Removed from study site,NA,NA,
12/9/2020,Queen Kaahumanu Elementary,21.31284,-157.82912,21.31402,-157.82866,250,272,Makiki,Halau Ku Mana,Non-native,Opae / A-Frame Net,Vertebrate,Poecilia reticulata,Rainbow Guppy,76,,Removed from study site,NA,NA,
12/9/2020,Queen Kaahumanu Elementary,21.31284,-157.82912,21.31402,-157.82866,250,272,Makiki,Halau Ku Mana,Non-native,Opae / A-Frame Net,Vertebrate,Poecilia sphenops,Mexican Molly,1,,Removed from study site,NA,NA,
12/9/2020,Queen Kaahumanu Elementary,21.31284,-157.82912,21.31402,-157.82866,250,272,Makiki,Halau Ku Mana,Non-native,Opae / A-Frame Net,Vertebrate,Ancistrus temminckii,Bristlenose / Bushynose Plecostomus,1,,Removed from study site,NA,NA,
12/9/2020,Queen Kaahumanu Elementary,21.31284,-157.82912,21.31402,-157.82866,250,272,Makiki,Halau Ku Mana,Non-native,Opae / A-Frame Net,Invertebrate,Macrobrachium lar,Tahitian Prawn,1,,Removed from study site,NA,NA,
12/9/2020,Queen Kaahumanu Elementary,21.31284,-157.82912,21.31402,-157.82866,250,272,Makiki,Halau Ku Mana,Non-native,Opae / A-Frame Net,Invertebrate,Neocaridina denticulata sinensis,Japanese Swamp Shrimp,93,,Removed from study site,NA,NA,
1/15/2021,Fort Shafter Elementary,21.28810,-157.80568,21.28901,-157.80470,111,115,Palolo,Saint Louis Field,Non-native,Opae / A-Frame Net,Vertebrate,Ancistrus temminckii,Bristlenose / Bushynose Plecostomus,21,,Removed from study site,NA,NA,
1/15/2021,Fort Shafter Elementary,21.28810,-157.80568,21.28901,-157.80470,111,115,Palolo,Saint Louis Field,Non-native,Opae / A-Frame Net,Vertebrate,Amatitlania nigrofasciata,Convict Cichlid,40,,Removed from study site,NA,NA,
1/15/2021,Fort Shafter Elementary,21.28810,-157.80568,21.28901,-157.80470,111,115,Palolo,Saint Louis Field,Non-native,Opae / A-Frame Net,Vertebrate,Poecilia sphenops,Mexican Molly,290,,Removed from study site,NA,NA,
1/15/2021,Fort Shafter Elementary,21.28810,-157.80568,21.28901,-157.80470,111,115,Palolo,Saint Louis Field,Non-native,Opae / A-Frame Net,Vertebrate,Oreochromis mossambicus,Mozambique Tilapia,5,,Removed from study site,NA,NA,
1/21/2021,Pacific Buddist Academy,21.30821,-157.83070,21.30935,-157.83057,144,165,Makiki,Baker Park,Native,Opae / A-Frame Net,Vertebrate,Awaous stamineus,Oopu nakea,3,"10, 7.5, 5",Returned live to capture location,NA,NA,
1/21/2021,Pacific Buddist Academy,21.30821,-157.83070,21.30935,-157.83057,144,165,Makiki,Baker Park,Native,Opae / A-Frame Net,Invertebrate,Macrobrachium grandimanus,Opae Oehaa,2,"5, 3",Returned live to capture location,NA,NA,
1/21/2021,Pacific Buddist Academy,21.30821,-157.83070,21.30935,-157.83057,144,165,Makiki,Baker Park,Non-native,Opae / A-Frame Net,Vertebrate,Ancistrus temminckii,Bristlenose / Bushynose Plecostomus,44,NA,Removed from study site,NA,NA,
1/21/2021,Pacific Buddist Academy,21.30821,-157.83070,21.30935,-157.83057,144,165,Makiki,Baker Park,Non-native,Opae / A-Frame Net,Vertebrate,Poecilia reticulata,Rainbow Guppy,60,NA,Removed from study site,NA,NA,
1/21/2021,Pacific Buddist Academy,21.30821,-157.83070,21.30935,-157.83057,144,165,Makiki,Baker Park,Non-native,Opae / A-Frame Net,Vertebrate,Xiphophorus helleri,Green Swordtail,9,NA,Removed from study site,NA,NA,
1/21/2021,Pacific Buddist Academy,21.30821,-157.83070,21.30935,-157.83057,144,165,Makiki,Baker Park,Non-native,Opae / A-Frame Net,Vertebrate,Amatitlania nigrofasciata,Convict Cichlid,40,NA,Removed from study site,NA,NA,
1/21/2021,Pacific Buddist Academy,21.30821,-157.83070,21.30935,-157.83057,144,165,Makiki,Baker Park,Non-native,Opae / A-Frame Net,Vertebrate,Poecilia sphenops,Mexican Molly,3,NA,Removed from study site,NA,NA,
1/21/2021,Pacific Buddist Academy,21.30821,-157.83070,21.30935,-157.83057,144,165,Makiki,Baker Park,Non-native,Opae / A-Frame Net,Invertebrate,Macrobrachium lar,Tahitian Prawn,1,NA,Removed from study site,NA,NA,
1/21/2021,Pacific Buddist Academy,21.30821,-157.83070,21.30935,-157.83057,144,165,Makiki,Baker Park,Non-native,Opae / A-Frame Net,Invertebrate,Procambarus clarkii,Swamp Crayfish,1,NA,Removed from study site,NA,NA,
1/21/2021,Pacific Buddist Academy,21.30821,-157.83070,21.30935,-157.83057,144,165,Makiki,Baker Park,Non-native,Opae / A-Frame Net,Invertebrate,Neocaridina denticulata sinensis,Japanese swamp shrimp,19,NA,Removed from study site,NA,NA,
1/21/2021,Pacific Buddist Academy,21.30821,-157.83070,21.30935,-157.83057,144,165,Makiki,Baker Park,Non-native,Opae / A-Frame Net,Invertebrate,Corbicula fluminea,Asiatic Clam,8,NA,Removed from study site,NA,NA,
1/21/2021,Pacific Buddist Academy,21.30821,-157.83070,21.30935,-157.83057,144,165,Makiki,Baker Park,Non-native,Opae / A-Frame Net,Invertebrate,Tarebia granifera,Quilted Melania,25,NA,Removed from study site,NA,NA,
1/28/2021,UHM COE,21.30460,-157.79045,21.30500,-157.78978,309,333,Palolo,Anuenue School,Non-native,Opae / A-Frame Net,Vertebrate,Poecilia reticulata,Rainbow Guppy,26,,Removed from study site,NA,NA,
1/28/2021,UHM COE,21.30460,-157.79045,21.30500,-157.78978,309,333,Palolo,Anuenue School,Non-native,Opae / A-Frame Net,Vertebrate,Ancistrus temminckii,Bristlenose / Bushynose Plecostomus,13,,Removed from study site,NA,NA,
1/28/2021,UHM COE,21.30460,-157.79045,21.30500,-157.78978,309,333,Palolo,Anuenue School,Non-native,Opae / A-Frame Net,Vertebrate,Xiphophorus helleri,Green Swordtail,5,,Removed from study site,NA,NA,
2/11/2021,Mililani High School,21.28639,-157.81888,21.28728,-157.81799,18,19,Manoa-Palolo,Kaimuki  High School,Native,Opae / A-Frame Net,Invertebrate,Macrobrachium grandimanus,Opae Oehaa,5,,Returned live to capture location,NA,NA,
2/11/2021,Mililani High School,21.28639,-157.81888,21.28728,-157.81799,18,19,Manoa-Palolo,Kaimuki  High School,Native,Opae / A-Frame Net,Vertebrate,Eleotris sandwicensis,oopu akupa,12,,Returned live to capture location,NA,NA,
2/11/2021,Mililani High School,21.28639,-157.81888,21.28728,-157.81799,18,19,Manoa-Palolo,Kaimuki  High School,Native,Opae / A-Frame Net,Vertebrate,Stenogobius hawaiiensis,Oopu naniha,31,,Returned live to capture location,NA,NA,
2/11/2021,Mililani High School,21.28639,-157.81888,21.28728,-157.81799,18,19,Manoa-Palolo,Kaimuki  High School,Non-native,Opae / A-Frame Net,Vertebrate,Pterygoplichthys multiradiatus,Orinoco sailfin catfish / Plecostomus,1,,Removed from study site,NA,NA,
2/11/2021,Mililani High School,21.28639,-157.81888,21.28728,-157.81799,18,19,Manoa-Palolo,Kaimuki  High School,Non-native,Opae / A-Frame Net,Vertebrate,Hypostomus watwata,Suckermouth Catfish / Plecostomus,36,,Removed from study site,NA,NA,
2/11/2021,Mililani High School,21.28639,-157.81888,21.28728,-157.81799,18,19,Manoa-Palolo,Kaimuki  High School,Non-native,Opae / A-Frame Net,Vertebrate,Gambusia affinis,Mosquitofish,1,,Removed from study site,NA,NA,
2/11/2021,Mililani High School,21.28639,-157.81888,21.28728,-157.81799,18,19,Manoa-Palolo,Kaimuki  High School,Non-native,Opae / A-Frame Net,Vertebrate,Poecilia sphenops,Mexican Molly,33,,Removed from study site,NA,NA,
2/11/2021,Mililani High School,21.28639,-157.81888,21.28728,-157.81799,18,19,Manoa-Palolo,Kaimuki  High School,Non-native,Opae / A-Frame Net,Vertebrate,Amatitlania nigrofasciata,Convict Cichlid,20,,Removed from study site,NA,NA,
2/11/2021,Mililani High School,21.28639,-157.81888,21.28728,-157.81799,18,19,Manoa-Palolo,Kaimuki  High School,Non-native,Opae / A-Frame Net,Vertebrate,Oreochromis mossambicus,Mozambique Tilapia,1,,Removed from study site,NA,NA,
2/11/2021,Mililani High School,21.28639,-157.81888,21.28728,-157.81799,18,19,Manoa-Palolo,Kaimuki  High School,Non-native,Opae / A-Frame Net,Vertebrate,Sarotherodon melanotheron,Black Chin Tilapia,4,,Removed from study site,NA,NA,
2/11/2021,Mililani High School,21.28639,-157.81888,21.28728,-157.81799,18,19,Manoa-Palolo,Kaimuki  High School,Non-native,Opae / A-Frame Net,Vertebrate,Carassius auratus,Goldfish,2,,Removed from study site,NA,NA,
2/17/2021,Mililani High School,21.31161,-157.80812,21.31353,-157.80647,175,179,Manoa,Manoa Valley District Park,Native,Opae / A-Frame Net,Vertebrate,Awaous stamineus,Oopu Nakea,1,8.00,Returned live to capture location,NA,NA,
2/17/2021,Mililani High School,21.31161,-157.80812,21.31353,-157.80647,175,179,Manoa,Manoa Valley District Park,Non-native,Opae / A-Frame Net,Vertebrate,Micropterus dolomieu,Smallmouth Bass,4,,Removed from study site,NA,NA,
2/17/2021,Mililani High School,21.31161,-157.80812,21.31353,-157.80647,175,179,Manoa,Manoa Valley District Park,Non-native,Opae / A-Frame Net,Vertebrate,Amatitlania nigrofasciata,Convict Cichlid,12,,Removed from study site,NA,NA,
2/17/2021,Mililani High School,21.31161,-157.80812,21.31353,-157.80647,175,179,Manoa,Manoa Valley District Park,Non-native,Opae / A-Frame Net,Vertebrate,Hypostomus watwata,Suckermouth Catfish / Plecostomus,43,,Removed from study site,NA,NA,
2/17/2021,Mililani High School,21.31161,-157.80812,21.31353,-157.80647,175,179,Manoa,Manoa Valley District Park,Non-native,Opae / A-Frame Net,Vertebrate,Ancistrus temminckii,Bristlenose / Bushynose Plecostomus,5,,Removed from study site,NA,NA,
2/17/2021,Mililani High School,21.31161,-157.80812,21.31353,-157.80647,175,179,Manoa,Manoa Valley District Park,Non-native,Opae / A-Frame Net,Vertebrate,Gambusia affinis,Mosquitofish,18,,Removed from study site,NA,NA,
2/17/2021,Mililani High School,21.31161,-157.80812,21.31353,-157.80647,175,179,Manoa,Manoa Valley District Park,Non-native,Opae / A-Frame Net,Vertebrate,Poecilia reticulata,Rainbow Guppy,3,,Removed from study site,NA,NA,
2/17/2021,Mililani High School,21.31161,-157.80812,21.31353,-157.80647,175,179,Manoa,Manoa Valley District Park,Non-native,Opae / A-Frame Net,Vertebrate,Poecilia sphenops,Mexican Molly,1,,Removed from study site,NA,NA,
2/17/2021,Mililani High School,21.31161,-157.80812,21.31353,-157.80647,175,179,Manoa,Manoa Valley District Park,Non-native,Opae / A-Frame Net,Vertebrate,Xiphophorus helleri,Green Swordtail,1,,Removed from study site,NA,NA,
2/17/2021,Mililani High School,21.31161,-157.80812,21.31353,-157.80647,175,179,Manoa,Manoa Valley District Park,Non-native,Opae / A-Frame Net,Invertebrate,Neocaridina denticulata sinensis,Japanese Swamp Shrimp,25,,Removed from study site,NA,NA,
2/17/2021,Mililani High School,21.31161,-157.80812,21.31353,-157.80647,175,179,Manoa,Manoa Valley District Park,Non-native,Opae / A-Frame Net,Invertebrate,Procambarus clarkii,Swamp Crayfish,13,,Removed from study site,NA,NA,
2/17/2021,Mililani High School,21.31161,-157.80812,21.31353,-157.80647,175,179,Manoa,Manoa Valley District Park,Non-native,Opae / A-Frame Net,Invertebrate,Melanoides tuberculata,Malaysian Trumpet Snail,9,,Removed from study site,NA,NA,
2/18/2021,Halau Ku Mana,21.31284,-157.82912,21.31402,-157.82866,250,272,Makiki,Halau Ku Mana,Non-native,Opae / A-Frame Net,Vertebrate,Poecilia reticulata,Rainbow Guppy,73,,Removed from study site,NA,NA,
2/18/2021,Halau Ku Mana,21.31284,-157.82912,21.31402,-157.82866,250,272,Makiki,Halau Ku Mana,Non-native,Opae / A-Frame Net,Vertebrate,Xiphophorus helleri,Green Swordtail,6,,Removed from study site,NA,NA,
2/18/2021,Halau Ku Mana,21.31284,-157.82912,21.31402,-157.82866,250,272,Makiki,Halau Ku Mana,Non-native,Opae / A-Frame Net,Vertebrate,Poecilia sphenops,Mexican Molly,3,,Removed from study site,NA,NA,
2/18/2021,Halau Ku Mana,21.31284,-157.82912,21.31402,-157.82866,250,272,Makiki,Halau Ku Mana,Non-native,Opae / A-Frame Net,Vertebrate,Ancistrus temminckii,Bristlenose / Bushynose Plecostomus,4,,Removed from study site,NA,NA,
2/18/2021,Halau Ku Mana,21.31284,-157.82912,21.31402,-157.82866,250,272,Makiki,Halau Ku Mana,Non-native,Opae / A-Frame Net,Invertebrate,Macrobrachium lar,Tahitian Prawn,11,,Removed from study site,NA,NA,
2/18/2021,Halau Ku Mana,21.31284,-157.82912,21.31402,-157.82866,250,272,Makiki,Halau Ku Mana,Non-native,Opae / A-Frame Net,Invertebrate,Neocaridina denticulata sinensis,Japanese Swamp Shrimp,46,,Removed from study site,NA,NA,
2/18/2021,Halau Ku Mana,21.31284,-157.82912,21.31402,-157.82866,250,272,Makiki,Halau Ku Mana,Non-native,Opae / A-Frame Net,Invertebrate,Corbicula fluminea,Asiatic Clam,1,,Removed from study site,NA,NA,
2/19/2021,Halau Ku Mana,21.29271,-157.8134,21.2933,-157.81248,45,48,Manoa,KanewaiField,Non-native,Opae / A-Frame Net,Vertebrate,Micropterus dolomieu,Smallmouth Bass,2,,Removed from study site,NA,NA,
2/19/2021,Halau Ku Mana,21.29271,-157.8134,21.2933,-157.81248,45,48,Manoa,KanewaiField,Non-native,Opae / A-Frame Net,Vertebrate,Amatitlania nigrofasciata,Convict Cichlid,5,,Removed from study site,NA,NA,
2/19/2021,Halau Ku Mana,21.29271,-157.8134,21.2933,-157.81248,45,48,Manoa,KanewaiField,Non-native,Opae / A-Frame Net,Vertebrate,Ancistrus temminckii,Bristlenose / Bushynose Plecostomus,1,,Removed from study site,NA,NA,
2/19/2021,Halau Ku Mana,21.29271,-157.8134,21.2933,-157.81248,45,48,Manoa,KanewaiField,Non-native,Opae / A-Frame Net,Vertebrate,Hypostomus watwata,Suckermouth Catfish / Plecostomus,9,,Removed from study site,NA,NA,
2/26/2021,Kapolei HS,21.29637,-157.83667,21.2971,-157.83662,22,25,Makiki,Washington Middle School,Native,Opae / A-Frame Net,Vertebrate,Stenogobius hawaiiensis,Oopu naniha,7,,Returned live to capture location,NA,NA,
2/26/2021,Kapolei HS,21.29637,-157.83667,21.2971,-157.83662,22,25,Makiki,Washington Middle School,Non-native,Opae / A-Frame Net,Vertebrate,Amatitlania nigrofasciata,Convict Cichlid,23,,Removed from study site,NA,NA,
2/26/2021,Kapolei HS,21.29637,-157.83667,21.2971,-157.83662,22,25,Makiki,Washington Middle School,Non-native,Opae / A-Frame Net,Vertebrate,Hypostomus watwata,Suckermouth Catfish / Plecostomus,19,,Removed from study site,NA,NA,
2/26/2021,Kapolei HS,21.29637,-157.83667,21.2971,-157.83662,22,25,Makiki,Washington Middle School,Non-native,Opae / A-Frame Net,Vertebrate,Ancistrus temminckii,Bristlenose / Bushynose Plecostomus,5,,Removed from study site,NA,NA,
2/26/2021,Kapolei HS,21.29637,-157.83667,21.2971,-157.83662,22,25,Makiki,Washington Middle School,Non-native,Opae / A-Frame Net,Vertebrate,Poecilia sphenops,Mexican Molly,24,,Removed from study site,NA,NA,
2/26/2021,Kapolei HS,21.29637,-157.83667,21.2971,-157.83662,22,25,Makiki,Washington Middle School,Non-native,Opae / A-Frame Net,Vertebrate,Poecilia reticulata,Rainbow Guppy,39,,Removed from study site,NA,NA,
2/26/2021,Kapolei HS,21.29637,-157.83667,21.2971,-157.83662,22,25,Makiki,Washington Middle School,Non-native,Opae / A-Frame Net,Vertebrate,Xiphophorus helleri,Green Swordtail,3,,Removed from study site,NA,NA,
2/26/2021,Kapolei HS,21.30821,-157.83070,21.30935,-157.83057,144,165,Makiki,Baker Park,Native,Opae / A-Frame Net,Invertebrate,Macrobrachium grandimanus,Opae Oehaa,1,NA,Returned live to capture location,NA,NA,
2/26/2021,Kapolei HS,21.30821,-157.83070,21.30935,-157.83057,144,165,Makiki,Baker Park,Non-native,Opae / A-Frame Net,Vertebrate,Ancistrus temminckii,Bristlenose / Bushynose Plecostomus,22,NA,Removed from study site,NA,NA,
2/26/2021,Kapolei HS,21.30821,-157.83070,21.30935,-157.83057,144,165,Makiki,Baker Park,Non-native,Opae / A-Frame Net,Vertebrate,Poecilia reticulata,Rainbow Guppy,31,NA,Removed from study site,NA,NA,
2/26/2021,Kapolei HS,21.30821,-157.83070,21.30935,-157.83057,144,165,Makiki,Baker Park,Non-native,Opae / A-Frame Net,Vertebrate,Poecilia sphenops,Mexican Molly,3,NA,Removed from study site,NA,NA,
2/26/2021,Kapolei HS,21.30821,-157.83070,21.30935,-157.83057,144,165,Makiki,Baker Park,Non-native,Opae / A-Frame Net,Vertebrate,Amatitlania nigrofasciata,Convict Cichlid,35,NA,Removed from study site,NA,NA,
2/26/2021,Kapolei HS,21.30821,-157.83070,21.30935,-157.83057,144,165,Makiki,Baker Park,Non-native,Opae / A-Frame Net,Invertebrate,Neocaridina denticulata sinensis,Japanese Swamp Shrimp,4,NA,Removed from study site,NA,NA,
2/26/2021,Kapolei HS,21.30821,-157.83070,21.30935,-157.83057,144,165,Makiki,Baker Park,Non-native,Opae / A-Frame Net,Invertebrate,Macrobrachium lar,Tahitian Prawn,11,NA,Removed from study site,NA,NA,
3/4/2021,Saint Louis School,21.28810,-157.80568,21.28901,-157.80470,111,115,Palolo,Saint Louis Field,Native,Opae / A-Frame Net,Vertebrate,Awaous stamineus,Oopu nakea,3,,Returned live to capture location,NA,NA,
3/4/2021,Saint Louis School,21.28810,-157.80568,21.28901,-157.80470,111,115,Palolo,Saint Louis Field,Non-native,Opae / A-Frame Net,Vertebrate,Poecilia reticulata,Rainbow Guppy,29,,Removed from study site,NA,NA,
3/4/2021,Saint Louis School,21.28810,-157.80568,21.28901,-157.80470,111,115,Palolo,Saint Louis Field,Non-native,Opae / A-Frame Net,Vertebrate,Poecilia sphenops,Mexican Molly,562,,Removed from study site,NA,NA,
3/4/2021,Saint Louis School,21.28810,-157.80568,21.28901,-157.80470,111,115,Palolo,Saint Louis Field,Non-native,Opae / A-Frame Net,Vertebrate,Ancistrus temminckii,Bristlenose / Bushynose Plecostomus,23,,Removed from study site,NA,NA,
3/4/2021,Saint Louis School,21.28810,-157.80568,21.28901,-157.80470,111,115,Palolo,Saint Louis Field,Non-native,Opae / A-Frame Net,Vertebrate,Amatitlania nigrofasciata,Convict Cichlid,15,,Removed from study site,NA,NA,
3/4/2021,Saint Louis School,21.28810,-157.80568,21.28901,-157.80470,111,115,Palolo,Saint Louis Field,Non-native,Opae / A-Frame Net,Vertebrate,Xiphophorus helleri,Green Swordtail,4,,Removed from study site,NA,NA,
3/4/2021,Saint Louis School,21.28810,-157.80568,21.28901,-157.80470,111,115,Palolo,Saint Louis Field,Non-native,Opae / A-Frame Net,Vertebrate,Oreochromis mossambicus,Mozambique Tilapia,2,,Removed from study site,NA,NA,
3/5/2021,Saint Louis School,21.28639,-157.81888,21.28728,-157.81799,18,19,Manoa-Palolo,Kaimuki  High School,Native,Opae / A-Frame Net,Vertebrate,Stenogobius hawaiiensis,Oopu Naniha,50,,Returned live to capture location,NA,NA,
3/5/2021,Saint Louis School,21.28639,-157.81888,21.28728,-157.81799,18,19,Manoa-Palolo,Kaimuki  High School,Native,Opae / A-Frame Net,Vertebrate,Eleotris sandwicensis,Oopu Akupa,7,,Returned live to capture location,NA,NA,
3/5/2021,Saint Louis School,21.28639,-157.81888,21.28728,-157.81799,18,19,Manoa-Palolo,Kaimuki  High School,Native,Opae / A-Frame Net,Invertebrate,Macrobrachium grandimanus,Opae Oehaa,2,,Returned live to capture location,NA,NA,
3/5/2021,Saint Louis School,21.28639,-157.81888,21.28728,-157.81799,18,19,Manoa-Palolo,Kaimuki  High School,Non-Native,Opae / A-Frame Net,Vertebrate,Amatitlania nigrofasciata,Convict Cichlid,1,,Removed from study site,NA,NA,
3/5/2021,Saint Louis School,21.28639,-157.81888,21.28728,-157.81799,18,19,Manoa-Palolo,Kaimuki  High School,Non-Native,Opae / A-Frame Net,Vertebrate,Sarotherodon melanotheron,Black Chin Tilapia,14,,Removed from study site,NA,NA,
3/5/2021,Saint Louis School,21.28639,-157.81888,21.28728,-157.81799,18,19,Manoa-Palolo,Kaimuki  High School,Non-Native,Opae / A-Frame Net,Vertebrate,Poecilia sphenops,Mexican Molly,82,,Removed from study site,NA,NA,
3/5/2021,Saint Louis School,21.28639,-157.81888,21.28728,-157.81799,18,19,Manoa-Palolo,Kaimuki  High School,Non-Native,Opae / A-Frame Net,Vertebrate,Valamugil engeli,Kanda Mullet,1,,Removed from study site,NA,NA,
4/7/2021,Punahou,21.30821,-157.83070,21.30935,-157.83057,144,165,Makiki,Baker Park,Native,Opae / A-Frame Net,Invertebrate,Macrobrachium grandimanus,Opae Oehaa,1,NA,Returned live to capture location,NA,NA,
4/7/2021,Punahou,21.30821,-157.83070,21.30935,-157.83057,144,165,Makiki,Baker Park,Non-native,Opae / A-Frame Net,Vertebrate,Ancistrus temminckii,Bristlenose / Bushynose Plecostomus,22,NA,Removed from study site,NA,NA,
4/7/2021,Punahou,21.30821,-157.83070,21.30935,-157.83057,144,165,Makiki,Baker Park,Non-native,Opae / A-Frame Net,Vertebrate,Poecilia reticulata,Rainbow Guppy,31,NA,Removed from study site,NA,NA,
4/7/2021,Punahou,21.30821,-157.83070,21.30935,-157.83057,144,165,Makiki,Baker Park,Non-native,Opae / A-Frame Net,Vertebrate,Poecilia sphenops,Mexican Molly,3,NA,Removed from study site,NA,NA,
4/7/2021,Punahou,21.30821,-157.83070,21.30935,-157.83057,144,165,Makiki,Baker Park,Non-native,Opae / A-Frame Net,Vertebrate,Amatitlania nigrofasciata,Convict Cichlid,35,NA,Removed from study site,NA,NA,
4/7/2021,Punahou,21.30821,-157.83070,21.30935,-157.83057,144,165,Makiki,Baker Park,Non-native,Opae / A-Frame Net,Invertebrate,Neocaridina denticulata sinensis,Japanese Swamp Shrimp,4,NA,Removed from study site,NA,NA,
4/7/2021,Punahou,21.30821,-157.83070,21.30935,-157.83057,144,165,Makiki,Baker Park,Non-native,Opae / A-Frame Net,Invertebrate,Macrobrachium lar,Tahitian Prawn,11,NA,Removed from study site,NA,NA,
4/6/2021,UHM NREM,21.31161,-157.80812,21.31353,-157.80647,175,179,Manoa,Manoa Valley District Park,Non-native,Opae / A-Frame Net,Vertebrate,Micropterus dolomieu,Smallmouth Bass,2,,Removed from study site,NA,NA,
4/6/2021,UHM NREM,21.31161,-157.80812,21.31353,-157.80647,175,179,Manoa,Manoa Valley District Park,Non-native,Opae / A-Frame Net,Vertebrate,Amatitlania nigrofasciata,Convict Cichlid,2,,Removed from study site,NA,NA,
4/6/2021,UHM NREM,21.31161,-157.80812,21.31353,-157.80647,175,179,Manoa,Manoa Valley District Park,Non-native,Opae / A-Frame Net,Vertebrate,Gambusia affinis,Mosquitofish,3,,Removed from study site,NA,NA,
4/6/2021,UHM NREM,21.31161,-157.80812,21.31353,-157.80647,175,179,Manoa,Manoa Valley District Park,Non-native,Opae / A-Frame Net,Vertebrate,Hypostomus watwata,Suckermouth Catfish / Plecostomus,28,,Removed from study site,NA,NA,
4/6/2021,UHM NREM,21.31161,-157.80812,21.31353,-157.80647,175,179,Manoa,Manoa Valley District Park,Non-native,Opae / A-Frame Net,Invertebrate,Neocaridina denticulata sinensis,Japanese Swamp Shrimp,2,,Removed from study site,NA,NA,
4/6/2021,UHM NREM,21.31161,-157.80812,21.31353,-157.80647,175,179,Manoa,Manoa Valley District Park,Non-native,Opae / A-Frame Net,Invertebrate,Procambarus clarkii,Swamp Crayfish,1,,Removed from study site,NA,NA,
4/6/2021,UHM NREM,21.31161,-157.80812,21.31353,-157.80647,175,179,Manoa,Manoa Valley District Park,Non-native,Opae / A-Frame Net,Invertebrate,Melanoides tuberculata,Malaysian Trumpet Snail,1,,Removed from study site,NA,NA,
4/8/2021,UHM NREM,21.28639,-157.81888,21.28728,-157.81799,18,19,Manoa-Palolo,Kaimuki  High School,Native,Opae / A-Frame Net,Vertebrate,Stenogobius hawaiiensis,Oopu Naniha,48,,Returned live to capture location,NA,NA,
4/8/2021,UHM NREM,21.28639,-157.81888,21.28728,-157.81799,18,19,Manoa-Palolo,Kaimuki  High School,Native,Opae / A-Frame Net,Vertebrate,Eleotris sandwicensis,Oopu Akupa,1,,Returned live to capture location,NA,NA,
4/8/2021,UHM NREM,21.28639,-157.81888,21.28728,-157.81799,18,19,Manoa-Palolo,Kaimuki  High School,Native,Opae / A-Frame Net,Invertebrate,Kuhlia xenura,Aholehole / Hawaiian Flagtail,1,,Returned live to capture location,NA,NA,
4/8/2021,UHM NREM,21.28639,-157.81888,21.28728,-157.81799,18,19,Manoa-Palolo,Kaimuki  High School,Non-Native,Opae / A-Frame Net,Vertebrate,Amatitlania nigrofasciata,Convict Cichlid,3,,Removed from study site,NA,NA,
4/8/2021,UHM NREM,21.28639,-157.81888,21.28728,-157.81799,18,19,Manoa-Palolo,Kaimuki  High School,Non-Native,Opae / A-Frame Net,Vertebrate,Clarias fuscus,Chinese Catfish,2,,Removed from study site,NA,NA,
4/8/2021,UHM NREM,21.28639,-157.81888,21.28728,-157.81799,18,19,Manoa-Palolo,Kaimuki  High School,Non-Native,Opae / A-Frame Net,Vertebrate,Poecilia sphenops,Mexican Molly,34,,Removed from study site,NA,NA,
4/8/2021,UHM NREM,21.28639,-157.81888,21.28728,-157.81799,18,19,Manoa-Palolo,Kaimuki  High School,Non-Native,Opae / A-Frame Net,Vertebrate,Gambusia affinis,Mosquitofish,2,,Removed from study site,NA,NA,
4/8/2021,UHM NREM,21.28639,-157.81888,21.28728,-157.81799,18,19,Manoa-Palolo,Kaimuki  High School,Non-Native,Opae / A-Frame Net,Vertebrate,Hypostomus watwata,Suckermouth Catfish / Plecostomus,12,,Removed from study site,NA,NA,
4/15/2021,Hawaii Baptist Academy,21.28810,-157.80568,21.28901,-157.80470,111,115,Palolo,Saint Louis Field,Native,Opae / A-Frame Net,Vertebrate,Awaous stamineus,Oopu Nakea,3,"15, 3, 3",Returned live to capture location,NA,NA,
4/15/2021,Hawaii Baptist Academy,21.28810,-157.80568,21.28901,-157.80470,111,115,Palolo,Saint Louis Field,Non-Native,Opae / A-Frame Net,Vertebrate,Poecilia reticulata,Rainbow Guppy,2,,Removed from study site,NA,NA,
4/15/2021,Hawaii Baptist Academy,21.28810,-157.80568,21.28901,-157.80470,111,115,Palolo,Saint Louis Field,Non-Native,Opae / A-Frame Net,Vertebrate,Poecilia sphenops,Mexican Molly,497,,Removed from study site,NA,NA,
4/15/2021,Hawaii Baptist Academy,21.28810,-157.80568,21.28901,-157.80470,111,115,Palolo,Saint Louis Field,Non-Native,Opae / A-Frame Net,Vertebrate,Amatitlania nigrofasciata,Convict Cichlid,23,,Removed from study site,NA,NA,
4/15/2021,Hawaii Baptist Academy,21.28810,-157.80568,21.28901,-157.80470,111,115,Palolo,Saint Louis Field,Non-Native,Opae / A-Frame Net,Vertebrate,Oreochromis mossambicus,Mozambique Tilapia,1,,Removed from study site,NA,NA,
4/20/2021,Ala Wai Elementary,21.28639,-157.81888,21.28728,-157.81799,18,19,Manoa-Palolo,Kaimuki  High School,Native,Opae / A-Frame Net,Vertebrate,Stenogobius hawaiiensis,Oopu Naniha,38,,Returned live to capture location,NA,NA,
4/20/2021,Ala Wai Elementary,21.28639,-157.81888,21.28728,-157.81799,18,19,Manoa-Palolo,Kaimuki  High School,Native,Opae / A-Frame Net,Vertebrate,Eleotris sandwicensis,Oopu Akupa,11,,Returned live to capture location,NA,NA,
4/20/2021,Ala Wai Elementary,21.28639,-157.81888,21.28728,-157.81799,18,19,Manoa-Palolo,Kaimuki  High School,Native,Opae / A-Frame Net,Vertebrate,Awaous stamineus,oopu nakea,1,,Returned live to capture location,NA,NA,
4/20/2021,Ala Wai Elementary,21.28639,-157.81888,21.28728,-157.81799,18,19,Manoa-Palolo,Kaimuki  High School,Native,Opae / A-Frame Net,Invertebrate,Macrobrachium grandimanus,opae oehaa,1,,Returned live to capture location,NA,NA,
4/20/2021,Ala Wai Elementary,21.28639,-157.81888,21.28728,-157.81799,18,19,Manoa-Palolo,Kaimuki  High School,Native,Opae / A-Frame Net,Invertebrate,Palaemon debilis,Opae huna,1,,Returned live to capture location,NA,NA,
4/20/2021,Ala Wai Elementary,21.28639,-157.81888,21.28728,-157.81799,18,19,Manoa-Palolo,Kaimuki  High School,Non-Native,Opae / A-Frame Net,Vertebrate,Amatitlania nigrofasciata,Convict Cichlid,4,,Removed from study site,NA,NA,
4/20/2021,Ala Wai Elementary,21.28639,-157.81888,21.28728,-157.81799,18,19,Manoa-Palolo,Kaimuki  High School,Non-Native,Opae / A-Frame Net,Vertebrate,Poecilia sphenops,Mexican Molly,28,,Removed from study site,NA,NA,
4/20/2021,Ala Wai Elementary,21.28639,-157.81888,21.28728,-157.81799,18,19,Manoa-Palolo,Kaimuki  High School,Non-Native,Opae / A-Frame Net,Vertebrate,Hypostomus watwata,Suckermouth Catfish / Plecostomus,11,,Removed from study site,NA,NA,
4/29/2021,Queen Kaahumanu Elementary,21.30460,-157.79045,21.30500,-157.78978,309,333,Palolo,Anuenue School,Non-native,Opae / A-Frame Net,Vertebrate,Poecilia reticulata,Rainbow Guppy,29,,Removed from study site,NA,NA,
4/29/2021,Queen Kaahumanu Elementary,21.30460,-157.79045,21.30500,-157.78978,309,333,Palolo,Anuenue School,Non-native,Opae / A-Frame Net,Vertebrate,Ancistrus temminckii,Bristlenose / Bushynose Plecostomus,9,,Removed from study site,NA,NA,
4/29/2021,Queen Kaahumanu Elementary,21.30460,-157.79045,21.30500,-157.78978,309,333,Palolo,Anuenue School,Non-native,Opae / A-Frame Net,Vertebrate,Xiphophorus helleri,Green Swordtail,4,,Removed from study site,NA,NA,
4/29/2021,Queen Kaahumanu Elementary,21.28810,-157.80568,21.28901,-157.80470,111,115,Palolo,Saint Louis Field,Native,Opae / A-Frame Net,Vertebrate,Sicyopterus stimpsoni,oopu nopili,1,,Returned live to capture location,NA,NA,
4/29/2021,Queen Kaahumanu Elementary,21.28810,-157.80568,21.28901,-157.80470,111,115,Palolo,Saint Louis Field,Native,Opae / A-Frame Net,Vertebrate,Awaous stamineus,oopu nakea,2,,Returned live to capture location,NA,NA,
4/29/2021,Queen Kaahumanu Elementary,21.28810,-157.80568,21.28901,-157.80470,111,115,Palolo,Saint Louis Field,Non-native,Opae / A-Frame Net,Vertebrate,Poecilia sphenops,Mexican Molly,272,,Removed from study site,NA,NA,
4/29/2021,Queen Kaahumanu Elementary,21.28810,-157.80568,21.28901,-157.80470,111,115,Palolo,Saint Louis Field,non-native,Opae / A-Frame Net,Vertebrate,Amatitlania nigrofasciata,Convict Cichlid,9,,Removed from study site,NA,NA,
4/29/2021,Queen Kaahumanu Elementary,21.28810,-157.80568,21.28901,-157.80470,111,115,Palolo,Saint Louis Field,non-native,Opae / A-Frame Net,Vertebrate,Oreochromis mossambicus,Mozambique Tilapia,4,,Removed from study site,NA,NA,
4/30/2021,Roosevelt High School,21.29637,-157.83667,21.2971,-157.83662,22,25,Makiki,Washington Middle School,Native,Opae / A-Frame Net,Vertebrate,Stenogobius hawaiiensis,Oopu naniha,1,,Returned live to capture location,NA,NA,
4/30/2021,Roosevelt High School,21.29637,-157.83667,21.2971,-157.83662,22,25,Makiki,Washington Middle School,Native,Opae / A-Frame Net,Vertebrate,Awaous stamineus,Oopu nakea,1,,Returned live to capture location,NA,NA,
4/30/2021,Roosevelt High School,21.29637,-157.83667,21.2971,-157.83662,22,25,Makiki,Washington Middle School,Native,Opae / A-Frame Net,Vertebrate,Eleotris sandwicensis,Oopu akupa,1,,Returned live to capture location,NA,NA,
4/30/2021,Roosevelt High School,21.29637,-157.83667,21.2971,-157.83662,22,25,Makiki,Washington Middle School,Non-native,Opae / A-Frame Net,Vertebrate,Amatitlania nigrofasciata,Convict Cichlid,11,,Removed from study site,NA,NA,
4/30/2021,Roosevelt High School,21.29637,-157.83667,21.2971,-157.83662,22,25,Makiki,Washington Middle School,Non-native,Opae / A-Frame Net,Vertebrate,Hypostomus watwata,Suckermouth Catfish / Plecostomus,12,,Removed from study site,NA,NA,
4/30/2021,Roosevelt High School,21.29637,-157.83667,21.2971,-157.83662,22,25,Makiki,Washington Middle School,Non-native,Opae / A-Frame Net,Vertebrate,Poecilia sphenops,Mexican Molly,1,,Removed from study site,NA,NA,
4/30/2021,Roosevelt High School,21.29637,-157.83667,21.2971,-157.83662,22,25,Makiki,Washington Middle School,Non-native,Opae / A-Frame Net,Vertebrate,Poecilia reticulata,Rainbow Guppy,1,,Removed from study site,NA,NA,
5/4/2021,Webling Elementary,21.29271,-157.8134,21.2933,-157.81248,45,48,Manoa,KanewaiField,Non-native,Opae / A-Frame Net,Vertebrate,Micropterus dolomieu,Smallmouth Bass,1,,Removed from study site,NA,NA,
5/4/2021,Webling Elementary,21.29271,-157.8134,21.2933,-157.81248,45,48,Manoa,KanewaiField,Non-native,Opae / A-Frame Net,Vertebrate,Amatitlania nigrofasciata,Convict Cichlid,1,,Removed from study site,NA,NA,
5/4/2021,Webling Elementary,21.29271,-157.8134,21.2933,-157.81248,45,48,Manoa,KanewaiField,Non-native,Opae / A-Frame Net,Invertebrate,Neocaridina denticulata sinensis,Japanese Swamp Shrimp,1,,Removed from study site,NA,NA,
5/4/2021,Webling Elementary,21.29271,-157.8134,21.2933,-157.81248,45,48,Manoa,KanewaiField,Non-native,Opae / A-Frame Net,Vertebrate,Hypostomus watwata,Suckermouth Catfish / Plecostomus,11,,Removed from study site,NA,NA,
5/4/2021,Webling Elementary,21.29271,-157.8134,21.2933,-157.81248,45,48,Manoa,KanewaiField,Non-native,Opae / A-Frame Net,Invertebrate,Melanoides tuberculata,Malaysian Trumpet Snail,3,,Removed from study site,NA,NA,
5/20/2021,Farrington High School,21.29637,-157.83667,21.29710,-157.83662,22,25,Makiki,Washington Middle School,Native,Opae / A-Frame Net,Vertebrate,Stenogobius hawaiiensis,Oopu naniha,4,,Returned live to capture location,NA,NA,
5/20/2021,Farrington High School,21.29637,-157.83667,21.29710,-157.83662,22,25,Makiki,Washington Middle School,Native,Opae / A-Frame Net,Vertebrate,Eleotris sandwicensis,Oopu akupa,1,,Returned live to capture location,NA,NA,
5/20/2021,Farrington High School,21.29637,-157.83667,21.29710,-157.83662,22,25,Makiki,Washington Middle School,Non-native,Opae / A-Frame Net,Vertebrate,Amatitlania nigrofasciata,Convict Cichlid,9,,Removed from study site,NA,NA,
5/20/2021,Farrington High School,21.29637,-157.83667,21.29710,-157.83662,22,25,Makiki,Washington Middle School,Non-native,Opae / A-Frame Net,Vertebrate,Hypostomus watwata,Suckermouth Catfish / Plecostomus,17,,Removed from study site,NA,NA,
5/20/2021,Farrington High School,21.29637,-157.83667,21.29710,-157.83662,22,25,Makiki,Washington Middle School,Non-native,Opae / A-Frame Net,Vertebrate,Poecilia sphenops,Mexican Molly,4,,Removed from study site,NA,NA,
5/20/2021,Farrington High School,21.29637,-157.83667,21.29710,-157.83662,22,25,Makiki,Washington Middle School,Non-native,Opae / A-Frame Net,Vertebrate,Xiphophorus helleri,Green Swordtail,1,,Removed from study site,NA,NA,
6/30/2021,University Laboratory School,21.31161,-157.80812,21.31353,-157.80647,175,179,Manoa,Manoa Valley District Park,Non-native,Opae / A-Frame Net,Vertebrate,Micropterus dolomieu,Smallmouth Bass,2,,Removed from study site,NA,NA,
6/30/2021,University Laboratory School,21.31161,-157.80812,21.31353,-157.80647,175,179,Manoa,Manoa Valley District Park,Non-native,Opae / A-Frame Net,Vertebrate,Amatitlania nigrofasciata,Convict Cichlid,29,,Removed from study site,NA,NA,
6/30/2021,University Laboratory School,21.31161,-157.80812,21.31353,-157.80647,175,179,Manoa,Manoa Valley District Park,Non-native,Opae / A-Frame Net,Vertebrate,Gambusia affinis,Mosquitofish,3,,Removed from study site,NA,NA,
6/30/2021,University Laboratory School,21.31161,-157.80812,21.31353,-157.80647,175,179,Manoa,Manoa Valley District Park,Non-native,Opae / A-Frame Net,Vertebrate,Hypostomus watwata,Suckermouth Catfish / Plecostomus,17,,Removed from study site,NA,NA,
6/30/2021,University Laboratory School,21.31161,-157.80812,21.31353,-157.80647,175,179,Manoa,Manoa Valley District Park,Non-native,Opae / A-Frame Net,Invertebrate,Neocaridina denticulata sinensis,Japanese Swamp Shrimp,3,,Removed from study site,NA,NA,
6/30/2021,University Laboratory School,21.31161,-157.80812,21.31353,-157.80647,175,179,Manoa,Manoa Valley District Park,Non-native,Opae / A-Frame Net,Invertebrate,Procambarus clarkii,Swamp Crayfish,6,,Removed from study site,NA,NA,
8/25/2021,Anuenue School,21.30460,-157.79045,21.30500,-157.78978,309,333,Palolo,Anuenue School,Native,paepae,Vertebrate,Awaous stamineus,Oopu nakea,2,5 to 6,Returned live to capture location,NA,NA,
8/25/2021,Anuenue School,21.30460,-157.79045,21.30500,-157.78978,309,333,Palolo,Anuenue School,Non-native,paepae,Vertebrate,Poecilia reticulata,Rainbow Guppy,169,2 to 3,Removed from study site,NA,NA,
8/25/2021,Anuenue School,21.30460,-157.79045,21.30500,-157.78978,309,333,Palolo,Anuenue School,Non-native,paepae,Vertebrate,Ancistrus temminckii,Bristlenose / Bushynose Plecostomus,12,3 to 5,Removed from study site,NA,NA,
8/25/2021,Anuenue School,21.30460,-157.79045,21.30500,-157.78978,309,333,Palolo,Anuenue School,Non-native,paepae,Vertebrate,Xiphophorus helleri,Green Swordtail,3,4 to 5,Removed from study site,NA,NA,
8/25/2021,Anuenue School,21.30460,-157.79045,21.30500,-157.78978,309,333,Palolo,Anuenue School,Non-native,paepae,Vertebrate,Poecilia sphenops,Mexican Molly,8,2 to 5,Removed from study site,NA,NA,
8/25/2021,Anuenue School,21.30460,-157.79045,21.30500,-157.78978,309,333,Palolo,Anuenue School,Non-native,paepae,Invertebrate,Procambarus clarkii,Swamp Crayfish,11,4 to 7,Removed from study site,NA,NA,
8/25/2021,Anuenue School,21.30460,-157.79045,21.30500,-157.78978,309,333,Palolo,Anuenue School,Non-native,paepae,Invertebrate,Neocaridina denticulata sinensis,Japanese Swamp Shrimp,13,1 to 2,Removed from study site,NA,NA,
8/25/2021,Anuenue School,21.30460,-157.79045,21.30500,-157.78978,309,333,Palolo,Anuenue School,NA,paepae,TOTAL NATIVES,2,TOTAL NON-NATIVES,216,NA,SUMMARY,0.3,30.91,
9/1/2021,Halau Ku Mana,21.31284,-157.82912,21.31402,-157.82866,250,272,Makiki,Halau Ku Mana,Non-native,Opae / A-Frame Net,Vertebrate,Poecilia reticulata,Rainbow Guppy,203,2 to 4,Removed from study site,NA,NA,
9/1/2021,Halau Ku Mana,21.31284,-157.82912,21.31402,-157.82866,250,272,Makiki,Halau Ku Mana,Non-native,Opae / A-Frame Net,Vertebrate,Xiphophorus helleri,Green Swordtail,11,3 to 5,Removed from study site,NA,NA,
9/1/2021,Halau Ku Mana,21.31284,-157.82912,21.31402,-157.82866,250,272,Makiki,Halau Ku Mana,Non-native,Opae / A-Frame Net,Vertebrate,Poecilia sphenops,Mexican Molly,11,2 to 6,Removed from study site,NA,NA,
9/1/2021,Halau Ku Mana,21.31284,-157.82912,21.31402,-157.82866,250,272,Makiki,Halau Ku Mana,Non-native,Opae / A-Frame Net,Invertebrate,Macrobrachium lar,Tahitian Prawn,13,3 to 13,Removed from study site,NA,NA,
9/1/2021,Halau Ku Mana,21.31284,-157.82912,21.31402,-157.82866,250,272,Makiki,Halau Ku Mana,Non-native,Opae / A-Frame Net,Invertebrate,Neocaridina denticulata sinensis,Japanese Swamp Shrimp,23,1 to 2,Removed from study site,NA,NA,
9/1/2021,Halau Ku Mana,21.31284,-157.82912,21.31402,-157.82866,250,272,Makiki,Halau Ku Mana,Non-native,Opae / A-Frame Net,Invertebrate,Corbicula fluminea,Asiatic Clam,3,1 to 2,Removed from study site,NA,NA,
9/1/2021,Halau Ku Mana,21.31284,-157.82912,21.31402,-157.82866,250,272,Makiki,Halau Ku Mana,NA,opae / A-Frame Net,TOTAL NATIVES,0,TOTAL NON-NATIVES,264,NA,SUMMARY,NA,NA,
9/13/2021,Waialae Elementary,21.28810,-157.80568,21.28901,-157.80470,111,115,Palolo,Saint Louis Field,Native,Opae / A-Frame Net,Vertebrate,Awaous stamineus,oopu nakea,1,5,Returned live to capture location,NA,NA,
9/13/2021,Waialae Elementary,21.28810,-157.80568,21.28901,-157.80470,111,115,Palolo,Saint Louis Field,Non-native,Opae / A-Frame Net,Vertebrate,Poecilia sphenops,Mexican Molly,600,1 to 7,Removed from study site,NA,NA,
9/13/2021,Waialae Elementary,21.28810,-157.80568,21.28901,-157.80470,111,115,Palolo,Saint Louis Field,Non-native,Opae / A-Frame Net,Vertebrate,Poecilia reticulata,Rainbow Guppy,4,2 to 3,Removed from study site,NA,NA,
9/13/2021,Waialae Elementary,21.28810,-157.80568,21.28901,-157.80470,111,115,Palolo,Saint Louis Field,non-native,Opae / A-Frame Net,Vertebrate,Amatitlania nigrofasciata,Convict Cichlid,38,2 to 7,Removed from study site,NA,NA,
9/13/2021,Waialae Elementary,21.28810,-157.80568,21.28901,-157.80470,111,115,Palolo,Saint Louis Field,non-native,Opae / A-Frame Net,Vertebrate,Oreochromis mossambicus,Mozambique Tilapia,16,3 to 15,Removed from study site,NA,NA,
9/13/2021,Waialae Elementary,21.28810,-157.80568,21.28901,-157.80470,111,115,Palolo,Saint Louis Field,non-native,Opae / A-Frame Net,TOTAL NATIVES,1,TOTAL NON-NATIVES,658,NA,SUMMARY,NA,NA,
9/17/2021,Seeqs,21.29271,-157.8134,21.2933,-157.81248,45,48,Manoa,KanewaiField,Non-native,paepae,Vertebrate,Micropterus dolomieu,Smallmouth Bass,4,13 to 21,Removed from study site,NA,NA,
9/17/2021,Seeqs,21.29271,-157.8134,21.2933,-157.81248,45,48,Manoa,KanewaiField,Non-native,paepae,Vertebrate,Hypostomus watwata,Suckermouth Catfish / Plecostomus,4,2 to 20,Removed from study site,NA,NA,
9/17/2021,Seeqs,21.29271,-157.8134,21.2933,-157.81248,45,48,Manoa,KanewaiField,Non-native,paepae,Invertebrate,Corbicula fluminea,Asiatic Clam,1,1,Removed from study site,NA,NA,
9/17/2021,Seeqs,21.29271,-157.8134,21.2933,-157.81248,45,48,Manoa,KanewaiField,Non-native,paepae,Invertebrate,Melanoides tuberculata,Malaysian Trumpet Snail,9,1 to 2,Removed from study site,NA,NA,
9/17/2021,Seeqs,21.29271,-157.8134,21.2933,-157.81248,45,48,Manoa,KanewaiField,NA,paepae,TOTAL NATIVES,1,TOTAL NON-NATIVES,1334,NA,SUMMARY,0.8,27.30,
9/28/2021,Mililani High School,21.28639,-157.81888,21.28728,-157.81799,18,19,Manoa-Palolo,Kaimuki  High School,Native,paepae,Vertebrate,Stenogobius hawaiiensis,Oopu Naniha,16,5 to 9,Returned live to capture location,NA,NA,
9/28/2021,Mililani High School,21.28639,-157.81888,21.28728,-157.81799,18,19,Manoa-Palolo,Kaimuki  High School,Native,paepae,Vertebrate,Eleotris sandwicensis,Oopu Akupa,10,6 to 13,Returned live to capture location,NA,NA,
9/28/2021,Mililani High School,21.28639,-157.81888,21.28728,-157.81799,18,19,Manoa-Palolo,Kaimuki  High School,Native,paepae,Vertebrate,Kuhlia xenura,Aholehole / Hawaiian Flagtail,5,4 to 8,Returned live to capture location,NA,NA,
9/28/2021,Mililani High School,21.28639,-157.81888,21.28728,-157.81799,18,19,Manoa-Palolo,Kaimuki  High School,Native,paepae,Vertebrate,Mugil cephalus,Amaama / Striped Mullet,9,12 to 14,Returned live to capture location,NA,NA,
9/28/2021,Mililani High School,21.28639,-157.81888,21.28728,-157.81799,18,19,Manoa-Palolo,Kaimuki  High School,Native,paepae,Invertebrate,Macrobrachium grandimanus,opae oehaa,1,5,Returned live to capture location,NA,NA,
9/28/2021,Mililani High School,21.28639,-157.81888,21.28728,-157.81799,18,19,Manoa-Palolo,Kaimuki  High School,Non-native,paepae,Invertebrate,Scylla serrata,Samoan crab,9,7 to 10,Removed from study site,NA,NA,
9/28/2021,Mililani High School,21.28639,-157.81888,21.28728,-157.81799,18,19,Manoa-Palolo,Kaimuki  High School,Non-Native,paepae,Vertebrate,Amatitlania nigrofasciata,Convict Cichlid,1,5,Removed from study site,NA,NA,
9/28/2021,Mililani High School,21.28639,-157.81888,21.28728,-157.81799,18,19,Manoa-Palolo,Kaimuki  High School,Non-Native,paepae,Vertebrate,Poecilia sphenops,Mexican Molly,14,4 to 8,Removed from study site,NA,NA,
9/28/2021,Mililani High School,21.28639,-157.81888,21.28728,-157.81799,18,19,Manoa-Palolo,Kaimuki  High School,Non-Native,paepae,Vertebrate,Hypostomus watwata,Suckermouth Catfish / Plecostomus,95,20 to 30,Removed from study site,NA,NA,
9/28/2021,Mililani High School,21.28639,-157.81888,21.28728,-157.81799,18,19,Manoa-Palolo,Kaimuki  High School,Non-Native,paepae,Vertebrate,Oreochromis mossambicus,Mozambique Tilapia,1,30,Removed from study site,NA,NA,
9/28/2021,Mililani High School,21.28639,-157.81888,21.28728,-157.81799,18,19,Manoa-Palolo,Kaimuki  High School,Non-Native,paepae,Vertebrate,Sarotherodon melanotheron,Black Chin Tilapia,207,1 to 20,Removed from study site,NA,NA,
9/28/2021,Mililani High School,21.28639,-157.81888,21.28728,-157.81799,18,19,Manoa-Palolo,Kaimuki  High School,NA,paepae,TOTAL NATIVES,41,TOTAL NON-NATIVES,327,NA,SUMMARY,18,34.55,
10/14/2021,Iolani School,21.28810,-157.80568,21.28901,-157.80470,111,115,Palolo,Saint Louis Field,Native,paepae,Vertebrate,Awaous stamineus,oopu nakea,2,4,Returned live to capture location,NA,NA,
10/14/2021,Iolani School,21.28810,-157.80568,21.28901,-157.80470,111,115,Palolo,Saint Louis Field,Non-native,paepae,Vertebrate,Poecilia sphenops,Mexican Molly,580,2 to 7,Removed from study site,NA,NA,
10/14/2021,Iolani School,21.28810,-157.80568,21.28901,-157.80470,111,115,Palolo,Saint Louis Field,Non-native,paepae,Vertebrate,Poecilia reticulata,Rainbow Guppy,7,2 to 3,Removed from study site,NA,NA,
10/14/2021,Iolani School,21.28810,-157.80568,21.28901,-157.80470,111,115,Palolo,Saint Louis Field,non-native,paepae,Vertebrate,Amatitlania nigrofasciata,Convict Cichlid,12,3 to 9,Removed from study site,NA,NA,
10/14/2021,Iolani School,21.28810,-157.80568,21.28901,-157.80470,111,115,Palolo,Saint Louis Field,non-native,paepae,Vertebrate,Oreochromis mossambicus,Mozambique Tilapia,13,4 to 20,Removed from study site,NA,NA,
10/14/2021,Iolani School,21.28810,-157.80568,21.28901,-157.80470,111,115,Palolo,Saint Louis Field,non-native,paepae,Vertebrate,Ancistrus temminckii,Bristlenose / Bushynose Plecostomus,1,2,Removed from study site,NA,NA,
10/14/2021,Iolani School,21.28810,-157.80568,21.28901,-157.80470,111,115,Palolo,Saint Louis Field,NA,paepae,TOTAL NATIVES,2,TOTAL NON-NATIVES,613,NA,SUMMARY,2,30.91,
10/22/2021,Noelani Elementary ,21.30793,-157.80914,21.30862,-157.80945,161,168,Manoa,Noelani Elementary,Native,paepae,Vertebrate,Awaous stamineus,oopu nakea,3,"7, 12, 15",Returned live to capture location,NA,NA,
10/22/2021,Noelani Elementary ,21.30793,-157.80914,21.30862,-157.80945,161,168,Manoa,Noelani Elementary,Non-native,paepae,Vertebrate,Hypostomus watwata,Suckermouth Catfish / Plecostomus,32,10 to 22,Removed from study site,NA,NA,
10/22/2021,Noelani Elementary ,21.30793,-157.80914,21.30862,-157.80945,161,168,Manoa,Noelani Elementary,Non-native,paepae,Vertebrate,Ancistrus temminckii,Bristlenose / Bushynose Plecostomus,2,4 to 6,Removed from study site,NA,NA,
10/22/2021,Noelani Elementary ,21.30793,-157.80914,21.30862,-157.80945,161,168,Manoa,Noelani Elementary,Non-native,paepae,Vertebrate,Amatitlania nigrofasciata,Convict Cichlid,9,3 to 7,Removed from study site,NA,NA,
10/22/2021,Noelani Elementary ,21.30793,-157.80914,21.30862,-157.80945,161,168,Manoa,Noelani Elementary,Non-native,paepae,Invertebrate,Procambarus clarkii,Swamp Crayfish,2,3 to 7,Removed from study site,NA,NA,
10/22/2021,Noelani Elementary ,21.30793,-157.80914,21.30862,-157.80945,161,168,Manoa,Noelani Elementary,NA,paepae,TOTAL NATIVES,3,TOTAL NON-NATIVES,45,NA,SUMMARY,2.00,38.18,
11/2/2021,Iolani School,21.31161,-157.80812,21.31353,-157.80647,175,179,Manoa,Manoa Valley District Park,Non-native,paepae,Vertebrate,Micropterus dolomieu,Smallmouth Bass,4,12 to 28,Removed from study site,NA,NA,
11/2/2021,Iolani School,21.31161,-157.80812,21.31353,-157.80647,175,179,Manoa,Manoa Valley District Park,Non-native,paepae,Vertebrate,Amatitlania nigrofasciata,Convict Cichlid,4,2 to 13,Removed from study site,NA,NA,
11/2/2021,Iolani School,21.31161,-157.80812,21.31353,-157.80647,175,179,Manoa,Manoa Valley District Park,Non-native,paepae,Vertebrate,Gambusia affinis,Mosquitofish,12,3 to 5,Removed from study site,NA,NA,
11/2/2021,Iolani School,21.31161,-157.80812,21.31353,-157.80647,175,179,Manoa,Manoa Valley District Park,Non-native,paepae,Vertebrate,Hypostomus watwata,Suckermouth Catfish / Plecostomus,12,3 to 24,Removed from study site,NA,NA,
11/2/2021,Iolani School,21.31161,-157.80812,21.31353,-157.80647,175,179,Manoa,Manoa Valley District Park,Non-native,paepae,Invertebrate,Neocaridina denticulata sinensis,Japanese Swamp Shrimp,8,2,Removed from study site,NA,NA,
11/2/2021,Iolani School,21.31161,-157.80812,21.31353,-157.80647,175,179,Manoa,Manoa Valley District Park,Non-native,paepae,Invertebrate,Procambarus clarkii,Swamp Crayfish,10,2 to 7,Removed from study site,NA,NA,
11/2/2021,Iolani School,21.31161,-157.80812,21.31353,-157.80647,175,179,Manoa,Manoa Valley District Park,Non-native,paepae,Invertebrate,Corbicula fluminea,Asiatic Clam,1,0.5,Removed from study site,NA,NA,
11/2/2021,Iolani School,21.31161,-157.80812,21.31353,-157.80647,175,179,Manoa,Manoa Valley District Park,Non-native,paepae,Invertebrate,Tarebia granifera,Quilted Melania,6,1,Removed from study site,NA,NA,
11/2/2021,Iolani School,21.31161,-157.80812,21.31353,-157.80647,175,179,Manoa,Manoa Valley District Park,Non-native,paepae,Invertebrate,Melanoides tuberculata,Malaysian Trumpet Snail,4,1 to 2,Removed from study site,NA,NA,
11/2/2021,Iolani School,21.31161,-157.80812,21.31353,-157.80647,175,179,Manoa,Manoa Valley District Park,NA,paepae,TOTAL NATIVES,0,TOTAL NON-NATIVES,61,NA,SUMMARY,9.00,27.30,
11/4/2021,Iolani School,21.29673,-157.81367,21.29845,-157.81390,94,100,Manoa,KanewaiLoi,Native,paepae,Vertebrate,Awaous stamineus,oopu nakea,1,10,Returned live to capture location,NA,NA,
11/4/2021,Iolani School,21.29673,-157.81367,21.29845,-157.81390,94,100,Manoa,KanewaiLoi,Non-native,paepae,Vertebrate,Ancistrus temminckii,Bristlenose / Bushynose Plecostomus,1,5 to 9,Removed from study site,NA,NA,
11/4/2021,Iolani School,21.29673,-157.81367,21.29845,-157.81390,94,100,Manoa,KanewaiLoi,Non-native,paepae,Vertebrate,Hypostomus watwata,Suckermouth Catfish / Plecostomus,12,6,Removed from study site,NA,NA,
11/4/2021,Iolani School,21.29673,-157.81367,21.29845,-157.81390,94,100,Manoa,KanewaiLoi,Non-native,paepae,Vertebrate,Gambusia affinis,Mosquitofish,1,3,Removed from study site,NA,NA,
11/4/2021,Iolani School,21.29673,-157.81367,21.29845,-157.81390,94,100,Manoa,KanewaiLoi,Non-native,paepae,Vertebrate,Poecilia reticulata,Rainbow Guppy,1,4,Removed from study site,NA,NA,
11/4/2021,Iolani School,21.29673,-157.81367,21.29845,-157.81390,94,100,Manoa,KanewaiLoi,Non-native,paepae,Vertebrate,Poecilia sphenops,Mexican Molly,8,3 to 6,Removed from study site,NA,NA,
11/4/2021,Iolani School,21.29673,-157.81367,21.29845,-157.81390,94,100,Manoa,KanewaiLoi,Non-native,paepae,Invertebrate,Tarebia granifera,Quilted Melania,2,2,Removed from study site,NA,NA,
11/4/2021,Iolani School,21.29673,-157.81367,21.29845,-157.81390,94,100,Manoa,KanewaiLoi,NA,paepae,TOTAL NATIVES,1,TOTAL NON-NATIVES,25,NA,SUMMARY,2.00,38.20,
11/8/2021,Iolani School,21.30973,-157.80943,21.3109,-157.80879,168,172,Manoa,Manoa Marketplace,Native,paepae,Vertebrate,Awaous stamineus,oopu nakea,3,"6, 8, 9",Returned live to capture location,NA,NA,
11/8/2021,Iolani School,21.30973,-157.80943,21.3109,-157.80879,168,172,Manoa,Manoa Marketplace,Non-native,paepae,Vertebrate,Ancistrus temminckii,Bristlenose / Bushynose Plecostomus,93,2 to 4,Removed from study site,NA,NA,
11/8/2021,Iolani School,21.30973,-157.80943,21.3109,-157.80879,168,172,Manoa,Manoa Marketplace,Non-native,paepae,Vertebrate,Hypostomus watwata,Suckermouth Catfish / Plecostomus,69,3 to 8,Removed from study site,NA,NA,
11/8/2021,Iolani School,21.30973,-157.80943,21.3109,-157.80879,168,172,Manoa,Manoa Marketplace,Non-native,paepae,Vertebrate,Poecilia sphenops,Mexican Molly,137,2 to 6,Removed from study site,NA,NA,
11/8/2021,Iolani School,21.30973,-157.80943,21.3109,-157.80879,168,172,Manoa,Manoa Marketplace,Non-native,paepae,Vertebrate,Poecilia reticulata,Rainbow Guppy,4,2 to 3,Removed from study site,NA,NA,
11/8/2021,Iolani School,21.30973,-157.80943,21.3109,-157.80879,168,172,Manoa,Manoa Marketplace,Non-native,paepae,Vertebrate,Gambusia affinis,Mosquitofish,2,2 to 4,Removed from study site,NA,NA,
11/8/2021,Iolani School,21.30973,-157.80943,21.3109,-157.80879,168,172,Manoa,Manoa Marketplace,Non-native,paepae,Invertebrate,Neocaridina denticulata sinensis,Japanese Swamp Shrimp,41,2,Removed from study site,NA,NA,
11/8/2021,Iolani School,21.30973,-157.80943,21.3109,-157.80879,168,172,Manoa,Manoa Marketplace,Non-native,paepae,Invertebrate,Procambarus clarkii,Swamp Crayfish,7,2 to 6,Removed from study site,NA,NA,
11/8/2021,Iolani School,21.30973,-157.80943,21.3109,-157.80879,168,172,Manoa,Manoa Marketplace,Non-native,paepae,Invertebrate,Melanoides tuberculata,Malaysian Trumpet Snail,6,1 to 2,Removed from study site,NA,NA,
11/8/2021,Iolani School,21.30973,-157.80943,21.3109,-157.80879,168,172,Manoa,Manoa Marketplace,Non-native,paepae,Invertebrate,Tarebia granifera,Quilted Melania,1,1,Removed from study site,NA,NA,
11/8/2021,Iolani School,21.30973,-157.80943,21.3109,-157.80879,168,172,Manoa,Manoa Marketplace,NA,paepae,TOTAL NATIVES,3,TOTAL NON-NATIVES,360,NA,SUMMARY,1.5,38.20,
11/10/2021,Iolani School,21.29271,-157.8134,21.2933,-157.81248,45,48,Manoa,KanewaiField,Non-native,paepae,Vertebrate,Micropterus dolomieu,Smallmouth Bass,4,8 to 13,Removed from study site,NA,NA,
11/10/2021,Iolani School,21.29271,-157.8134,21.2933,-157.81248,45,48,Manoa,KanewaiField,Non-native,paepae,Vertebrate,Hypostomus watwata,Suckermouth Catfish / Plecostomus,5,6 to 14,Removed from study site,NA,NA,
11/10/2021,Iolani School,21.29271,-157.8134,21.2933,-157.81248,45,48,Manoa,KanewaiField,Non-native,paepae,Vertebrate,Gambusia affinis,Mosquitofish,2,3 to 4,Removed from study site,NA,NA,
11/10/2021,Iolani School,21.29271,-157.8134,21.2933,-157.81248,45,48,Manoa,KanewaiField,Non-native,paepae,Vertebrate,Amatitlania nigrofasciata,Convict Cichlid,1,4,Removed from study site,NA,NA,
11/10/2021,Iolani School,21.29271,-157.8134,21.2933,-157.81248,45,48,Manoa,KanewaiField,Non-native,paepae,Invertebrate,Corbicula fluminea,Asiatic Clam,1,1,Removed from study site,NA,NA,
11/10/2021,Iolani School,21.29271,-157.8134,21.2933,-157.81248,45,48,Manoa,KanewaiField,Non-native,paepae,Invertebrate,Melanoides tuberculata,Malaysian Trumpet Snail,4,1 to 2,Removed from study site,NA,NA,
11/10/2021,Iolani School,21.29271,-157.8134,21.2933,-157.81248,45,48,Manoa,KanewaiField,Non-native,paepae,Invertebrate,Procambarus clarkii,Swamp Crayfish,1,3,Removed from study site,NA,NA,
11/10/2021,Iolani School,21.29271,-157.8134,21.2933,-157.81248,45,48,Manoa,KanewaiField,Non-native,paepae,Invertebrate,Neocaridina denticulata sinensis,Japanese Swamp Shrimp,1,2,Removed from study site,NA,NA,
11/10/2021,Iolani School,21.29271,-157.8134,21.2933,-157.81248,45,48,Manoa,KanewaiField,NA,paepae,TOTAL NATIVES,0,TOTAL NON-NATIVES,19,NA,SUMMARY,0.5,27.3,
11/15/2021,Malama Honua PCS,21.30973,-157.80943,21.3109,-157.80879,168,172,Manoa,Manoa Marketplace,Native,paepae,Vertebrate,Awaous stamineus,oopu nakea,2,"8, 9",Returned live to capture location,NA,NA,
11/15/2021,Malama Honua PCS,21.30973,-157.80943,21.3109,-157.80879,168,172,Manoa,Manoa Marketplace,Non-native,paepae,Vertebrate,Ancistrus temminckii,Bristlenose / Bushynose Plecostomus,23,2 to 4,Removed from study site,NA,NA,
11/15/2021,Malama Honua PCS,21.30973,-157.80943,21.3109,-157.80879,168,172,Manoa,Manoa Marketplace,Non-native,paepae,Vertebrate,Hypostomus watwata,Suckermouth Catfish / Plecostomus,14,3 to 14,Removed from study site,NA,NA,
11/15/2021,Malama Honua PCS,21.30973,-157.80943,21.3109,-157.80879,168,172,Manoa,Manoa Marketplace,Non-native,paepae,Vertebrate,Poecilia sphenops,Mexican Molly,46,2 to 6,Removed from study site,NA,NA,
11/15/2021,Malama Honua PCS,21.30973,-157.80943,21.3109,-157.80879,168,172,Manoa,Manoa Marketplace,Non-native,paepae,Vertebrate,Poecilia reticulata,Rainbow Guppy,2,2,Removed from study site,NA,NA,
11/15/2021,Malama Honua PCS,21.30973,-157.80943,21.3109,-157.80879,168,172,Manoa,Manoa Marketplace,Non-native,paepae,Invertebrate,Neocaridina denticulata sinensis,Japanese Swamp Shrimp,2,2,Removed from study site,NA,NA,
11/15/2021,Malama Honua PCS,21.30973,-157.80943,21.3109,-157.80879,168,172,Manoa,Manoa Marketplace,Non-native,paepae,Invertebrate,Procambarus clarkii,Swamp Crayfish,5,3 to 5,Removed from study site,NA,NA,
11/15/2021,Malama Honua PCS,21.30973,-157.80943,21.3109,-157.80879,168,172,Manoa,Manoa Marketplace,Non-native,paepae,Invertebrate,Melanoides tuberculata,Malaysian Trumpet Snail,2,1 to 2,Removed from study site,NA,NA,
11/15/2021,Malama Honua PCS,21.30973,-157.80943,21.3109,-157.80879,168,172,Manoa,Manoa Marketplace,Non-native,paepae,Invertebrate,Tarebia granifera,Quilted Melania,3,1,Removed from study site,NA,NA,
11/15/2021,Malama Honua PCS,21.30973,-157.80943,21.3109,-157.80879,168,172,Manoa,Manoa Marketplace,NA,paepae,TOTAL NATIVES,2,TOTAL NON-NATIVES,97,NA,SUMMARY,0.5,38.20,
11/19/2021,Roosevelt High School,21.30821,-157.8307,21.30935,-157.83057,144,165,Makiki,Baker Park,Native,paepae,Vertebrate,Awaous stamineus,Oopu nakea,4,"6, 8, 8",Returned live to capture location,NA,NA,
11/19/2021,Roosevelt High School,21.30821,-157.8307,21.30935,-157.83057,144,165,Makiki,Baker Park,Native,paepae,Invertebrate,Macrobrachium grandimanus,Opae Oehaa,23,3 to 6,Returned live to capture location,NA,NA,
11/19/2021,Roosevelt High School,21.30821,-157.8307,21.30935,-157.83057,144,165,Makiki,Baker Park,Non-native,paepae,Vertebrate,Ancistrus temminckii,Bristlenose / Bushynose Plecostomus,7,3 to 6,Removed from study site,NA,NA,
11/19/2021,Roosevelt High School,21.30821,-157.8307,21.30935,-157.83057,144,165,Makiki,Baker Park,Non-native,paepae,Vertebrate,Poecilia reticulata,Rainbow Guppy,50,2 to 3,Removed from study site,NA,NA,
11/19/2021,Roosevelt High School,21.30821,-157.8307,21.30935,-157.83057,144,165,Makiki,Baker Park,Non-native,paepae,Vertebrate,Poecilia sphenops,Mexican Molly,1,4,Removed from study site,NA,NA,
11/19/2021,Roosevelt High School,21.30821,-157.8307,21.30935,-157.83057,144,165,Makiki,Baker Park,Non-native,paepae,Vertebrate,Xiphophorus helleri,Green Swordtail,5,,Removed from study site,NA,NA,
11/19/2021,Roosevelt High School,21.30821,-157.8307,21.30935,-157.83057,144,165,Makiki,Baker Park,Non-native,paepae,Vertebrate,Amatitlania nigrofasciata,Convict Cichlid,34,2 to 8,Removed from study site,NA,NA,
11/19/2021,Roosevelt High School,21.30821,-157.8307,21.30935,-157.83057,144,165,Makiki,Baker Park,Non-native,paepae,Invertebrate,Neocaridina denticulata sinensis,Japanese Swamp Shrimp,16,2,Removed from study site,NA,NA,
11/19/2021,Roosevelt High School,21.30821,-157.8307,21.30935,-157.83057,144,165,Makiki,Baker Park,Non-native,paepae,Invertebrate,Macrobrachium lar,Tahitian Prawn,3,3 to 4,Removed from study site,NA,NA,
11/19/2021,Roosevelt High School,21.30821,-157.8307,21.30935,-157.83057,144,165,Makiki,Baker Park,Non-native,paepae,Invertebrate,Tarebia granifera,Quilted Melania,45,1,Removed from study site,NA,NA,
11/19/2021,Roosevelt High School,21.30821,-157.8307,21.30935,-157.83057,144,165,Makiki,Baker Park,Non-native,paepae,Invertebrate,Corbicula fluminea,Asiatic Clam,1,3 to 4,Removed from study site,NA,NA,
11/19/2021,Roosevelt High School,21.30821,-157.8307,21.30935,-157.83057,144,165,Makiki,Baker Park,NA,paepae,TOTAL NATIVES,27,TOTAL NON-NATIVES,162,NA,SUMMARY,0.5,41.82,
11/23/2021,Mililani High School,21.28639,-157.81888,21.28728,-157.81799,18,19,Manoa-Palolo,Kaimuki  High School,Native,paepae,Vertebrate,Stenogobius hawaiiensis,Oopu Naniha,9,4 to 7,Returned live to capture location,NA,NA,
11/23/2021,Mililani High School,21.28639,-157.81888,21.28728,-157.81799,18,19,Manoa-Palolo,Kaimuki  High School,Native,paepae,Vertebrate,Eleotris sandwicensis,Oopu Akupa,7,5 to 14,Returned live to capture location,NA,NA,
11/23/2021,Mililani High School,21.28639,-157.81888,21.28728,-157.81799,18,19,Manoa-Palolo,Kaimuki  High School,Native,paepae,Vertebrate,Kuhlia xenura,Aholehole / Hawaiian Flagtail,18,4 to 12,Returned live to capture location,NA,NA,
11/23/2021,Mililani High School,21.28639,-157.81888,21.28728,-157.81799,18,19,Manoa-Palolo,Kaimuki  High School,Native,paepae,Invertebrate,Macrobrachium grandimanus,opae oehaa,11,4 to 7,Returned live to capture location,NA,NA,
11/23/2021,Mililani High School,21.28639,-157.81888,21.28728,-157.81799,18,19,Manoa-Palolo,Kaimuki  High School,Non-native,paepae,Invertebrate,Scylla serrata,Samoan crab,2,6 and 10,Removed from study site,NA,NA,
11/23/2021,Mililani High School,21.28639,-157.81888,21.28728,-157.81799,18,19,Manoa-Palolo,Kaimuki  High School,Non-Native,paepae,Vertebrate,Poecilia sphenops,Mexican Molly,14,2 to 6,Removed from study site,NA,NA,
11/23/2021,Mililani High School,21.28639,-157.81888,21.28728,-157.81799,18,19,Manoa-Palolo,Kaimuki  High School,Non-Native,paepae,Vertebrate,Hypostomus watwata,Suckermouth Catfish / Plecostomus,30,2 to 20,Removed from study site,NA,NA,
11/23/2021,Mililani High School,21.28639,-157.81888,21.28728,-157.81799,18,19,Manoa-Palolo,Kaimuki  High School,Non-Native,paepae,Vertebrate,Oreochromis mossambicus,Mozambique Tilapia,1,36,Removed from study site,NA,NA,
11/23/2021,Mililani High School,21.28639,-157.81888,21.28728,-157.81799,18,19,Manoa-Palolo,Kaimuki  High School,Non-Native,paepae,Vertebrate,Sarotherodon melanotheron,Black Chin Tilapia,16,3 to 10,Removed from study site,NA,NA,
11/23/2021,Mililani High School,21.28639,-157.81888,21.28728,-157.81799,18,19,Manoa-Palolo,Kaimuki  High School,NA,paepae,TOTAL NATIVES,45,TOTAL NON-NATIVES,63,NA,SUMMARY,10,34.55,
12/3/2021,Manoa Elementary ,21.31161,-157.80812,21.31353,-157.80647,175,179,Manoa,Manoa Valley District Park,Native,paepae,Vertebrate,Awaous stamineus,Oopu nakea,1,5,Returned live to capture location,NA,NA,
12/3/2021,Manoa Elementary ,21.31161,-157.80812,21.31353,-157.80647,175,179,Manoa,Manoa Valley District Park,Non-native,paepae,Vertebrate,Micropterus dolomieu,Smallmouth Bass,2,11 to 12,Removed from study site,NA,NA,
12/3/2021,Manoa Elementary ,21.31161,-157.80812,21.31353,-157.80647,175,179,Manoa,Manoa Valley District Park,Non-native,paepae,Vertebrate,Amatitlania nigrofasciata,Convict Cichlid,5,3 to 7,Removed from study site,NA,NA,
12/3/2021,Manoa Elementary ,21.31161,-157.80812,21.31353,-157.80647,175,179,Manoa,Manoa Valley District Park,Non-native,paepae,Vertebrate,Gambusia affinis,Mosquitofish,23,2 to 3,Removed from study site,NA,NA,
12/3/2021,Manoa Elementary ,21.31161,-157.80812,21.31353,-157.80647,175,179,Manoa,Manoa Valley District Park,Non-native,paepae,Vertebrate,Poecilia reticulata,Rainbow Guppy,14,2 to 3,Removed from study site,NA,NA,
12/3/2021,Manoa Elementary ,21.31161,-157.80812,21.31353,-157.80647,175,179,Manoa,Manoa Valley District Park,Non-native,paepae,Vertebrate,Poecilia sphenops,Mexican Molly,13,2 to 4,Removed from study site,NA,NA,
12/3/2021,Manoa Elementary ,21.31161,-157.80812,21.31353,-157.80647,175,179,Manoa,Manoa Valley District Park,Non-native,paepae,Vertebrate,Hypostomus watwata,Suckermouth Catfish / Plecostomus,14,3 to 18,Removed from study site,NA,NA,
12/3/2021,Manoa Elementary ,21.31161,-157.80812,21.31353,-157.80647,175,179,Manoa,Manoa Valley District Park,Non-native,paepae,Vertebrate,Ancistrus temminckii,Bristlenose / Bushynose Plecostomus,7,2 to 5,Removed from study site,NA,NA,
12/3/2021,Manoa Elementary ,21.31161,-157.80812,21.31353,-157.80647,175,179,Manoa,Manoa Valley District Park,Non-native,paepae,Invertebrate,Neocaridina denticulata sinensis,Japanese Swamp Shrimp,40,2,Removed from study site,NA,NA,
12/3/2021,Manoa Elementary ,21.31161,-157.80812,21.31353,-157.80647,175,179,Manoa,Manoa Valley District Park,Non-native,paepae,Invertebrate,Procambarus clarkii,Swamp Crayfish,20,2 to 7,Removed from study site,NA,NA,
12/3/2021,Manoa Elementary ,21.31161,-157.80812,21.31353,-157.80647,175,179,Manoa,Manoa Valley District Park,Non-native,paepae,Invertebrate,Corbicula fluminea,Asiatic Clam,1,0.5,Removed from study site,NA,NA,
12/3/2021,Manoa Elementary ,21.31161,-157.80812,21.31353,-157.80647,175,179,Manoa,Manoa Valley District Park,Non-native,paepae,Invertebrate,Tarebia granifera,Quilted Melania,13,1,Removed from study site,NA,NA,
12/3/2021,Manoa Elementary ,21.31161,-157.80812,21.31353,-157.80647,175,179,Manoa,Manoa Valley District Park,Non-native,paepae,Invertebrate,Melanoides tuberculata,Malaysian Trumpet Snail,4,1 to 2,Removed from study site,NA,NA,
12/3/2021,Manoa Elementary ,21.31161,-157.80812,21.31353,-157.80647,175,179,Manoa,Manoa Valley District Park,NA,paepae,TOTAL NATIVES,1,TOTAL NON-NATIVES,156,NA,SUMMARY,3,30.9,
12/13/2021,Hanahauoli School,21.30821,-157.8307,21.30935,-157.83057,144,165,Makiki,Baker Park,Native,paepae,Vertebrate,Awaous stamineus,Oopu nakea,4,"5, 6, 7, 8",Returned live to capture location,NA,NA,
12/13/2021,Hanahauoli School,21.30821,-157.8307,21.30935,-157.83057,144,165,Makiki,Baker Park,Native,paepae,Invertebrate,Macrobrachium grandimanus,Opae Oehaa,9,3 to 6,Returned live to capture location,NA,NA,
12/13/2021,Hanahauoli School,21.30821,-157.8307,21.30935,-157.83057,144,165,Makiki,Baker Park,Non-native,paepae,Vertebrate,Ancistrus temminckii,Bristlenose / Bushynose Plecostomus,12,3 to 7,Removed from study site,NA,NA,
12/13/2021,Hanahauoli School,21.30821,-157.8307,21.30935,-157.83057,144,165,Makiki,Baker Park,Non-native,paepae,Vertebrate,Poecilia reticulata,Rainbow Guppy,36,2 to 3,Removed from study site,NA,NA,
12/13/2021,Hanahauoli School,21.30821,-157.8307,21.30935,-157.83057,144,165,Makiki,Baker Park,Non-native,paepae,Vertebrate,Poecilia sphenops,Mexican Molly,4,2 to 3,Removed from study site,NA,NA,
12/13/2021,Hanahauoli School,21.30821,-157.8307,21.30935,-157.83057,144,165,Makiki,Baker Park,Non-native,paepae,Vertebrate,Xiphophorus helleri,Green Swordtail,1,3,Removed from study site,NA,NA,
12/13/2021,Hanahauoli School,21.30821,-157.8307,21.30935,-157.83057,144,165,Makiki,Baker Park,Non-native,paepae,Vertebrate,Amatitlania nigrofasciata,Convict Cichlid,20,2 to 8,Removed from study site,NA,NA,
12/13/2021,Hanahauoli School,21.30821,-157.8307,21.30935,-157.83057,144,165,Makiki,Baker Park,Non-native,paepae,Invertebrate,Neocaridina denticulata sinensis,Japanese Swamp Shrimp,17,1 to 2,Removed from study site,NA,NA,
12/13/2021,Hanahauoli School,21.30821,-157.8307,21.30935,-157.83057,144,165,Makiki,Baker Park,Non-native,paepae,Invertebrate,Macrobrachium lar,Tahitian Prawn,25,3 to 13,Removed from study site,NA,NA,
12/13/2021,Hanahauoli School,21.30821,-157.8307,21.30935,-157.83057,144,165,Makiki,Baker Park,Non-native,paepae,Invertebrate,Tarebia granifera,Quilted Melania,11,0.5 to 1,Removed from study site,NA,NA,
12/13/2021,Hanahauoli School,21.30821,-157.8307,21.30935,-157.83057,144,165,Makiki,Baker Park,NA,paepae,TOTAL NATIVES,13,TOTAL NON-NATIVES,126,NA,SUMMARY,0.6,34.55,
1/13/2022,Aiea Elementary,21.31284,-157.82912,21.31402,-157.82866,250,272,Makiki,Halau Ku Mana,Non-native,opae / A-Frame Net,Vertebrate,Poecilia reticulata,Rainbow Guppy,2,2,Removed from study site,NA,NA,
1/13/2022,Aiea Elementary,21.31284,-157.82912,21.31402,-157.82866,250,272,Makiki,Halau Ku Mana,Non-native,opae / A-Frame Net,Vertebrate,Ancistrus temminckii,Bristlenose / Bushynose Plecostomus,2,2 to 7,Removed from study site,NA,NA,
1/13/2022,Aiea Elementary,21.31284,-157.82912,21.31402,-157.82866,250,272,Makiki,Halau Ku Mana,Non-native,opae / A-Frame Net,Invertebrate,Macrobrachium lar,Tahitian Prawn,17,3 to 16,Removed from study site,NA,NA,
1/13/2022,Aiea Elementary,21.31284,-157.82912,21.31402,-157.82866,250,272,Makiki,Halau Ku Mana,Non-native,opae / A-Frame Net,Invertebrate,Neocaridina denticulata sinensis,Japanese Swamp Shrimp,10,1 to 2,Removed from study site,NA,NA,
1/13/2022,Aiea Elementary,21.31284,-157.82912,21.31402,-157.82866,250,272,Makiki,Halau Ku Mana,NA,opae / A-Frame Net,TOTAL NATIVES,0,TOTAL NON-NATIVES,31,NA,SUMMARY,NA,NA,
1/13/2022,Aiea Elementary,21.30821,-157.8307,21.30935,-157.83057,144,165,Makiki,Baker Park,Native,opae / A-Frame Net,Vertebrate,Awaous stamineus,Oopu nakea,1,5,Returned live to capture location,NA,NA,
1/13/2022,Aiea Elementary,21.30821,-157.8307,21.30935,-157.83057,144,165,Makiki,Baker Park,Non-native,opae / A-Frame Net,Vertebrate,Amatitlania nigrofasciata,Convict Cichlid,1,6,Removed from study site,NA,NA,
1/13/2022,Aiea Elementary,21.30821,-157.8307,21.30935,-157.83057,144,165,Makiki,Baker Park,Non-native,opae / A-Frame Net,Vertebrate,Poecilia reticulata,Rainbow Guppy,3,2 to 3,Removed from study site,NA,NA,
1/13/2022,Aiea Elementary,21.30821,-157.8307,21.30935,-157.83057,144,165,Makiki,Baker Park,Non-native,opae / A-Frame Net,Invertebrate,Macrobrachium lar,Tahitian Prawn,3,3 to 14,Removed from study site,NA,NA,
1/13/2022,Aiea Elementary,21.30821,-157.8307,21.30935,-157.83057,144,165,Makiki,Baker Park,Non-native,opae / A-Frame Net,Invertebrate,Tarebia granifera,Quilted Melania,2,2,Removed from study site,NA,NA,
1/13/2022,Aiea Elementary,21.30821,-157.8307,21.30935,-157.83057,144,165,Makiki,Baker Park,NA,opae / A-Frame Net,TOTAL NATIVES,1,TOTAL NON-NATIVES,9,NA,SUMMARY,NA,NA,
1/14/2022,Fort Shafter Elementary,21.31161,-157.80812,21.31353,-157.80647,175,179,Manoa,Manoa Valley District Park,Non-native,paepae,Vertebrate,Micropterus dolomieu,Smallmouth Bass,2,12 and 18,Removed from study site,NA,NA,
1/14/2022,Fort Shafter Elementary,21.31161,-157.80812,21.31353,-157.80647,175,179,Manoa,Manoa Valley District Park,Non-native,paepae,Vertebrate,Amatitlania nigrofasciata,Convict Cichlid,3,3 to 7,Removed from study site,NA,NA,
1/14/2022,Fort Shafter Elementary,21.31161,-157.80812,21.31353,-157.80647,175,179,Manoa,Manoa Valley District Park,Non-native,paepae,Vertebrate,Xiphophorus helleri,Green Swordtail,2,3 and 4,Removed from study site,NA,NA,
1/14/2022,Fort Shafter Elementary,21.31161,-157.80812,21.31353,-157.80647,175,179,Manoa,Manoa Valley District Park,Non-native,paepae,Vertebrate,Poecilia reticulata,Rainbow Guppy,4,2 to 3,Removed from study site,NA,NA,
1/14/2022,Fort Shafter Elementary,21.31161,-157.80812,21.31353,-157.80647,175,179,Manoa,Manoa Valley District Park,Non-native,paepae,Vertebrate,Poecilia sphenops,Mexican Molly,5,2 to 5,Removed from study site,NA,NA,
1/14/2022,Fort Shafter Elementary,21.31161,-157.80812,21.31353,-157.80647,175,179,Manoa,Manoa Valley District Park,Non-native,paepae,Vertebrate,Hypostomus watwata,Suckermouth Catfish / Plecostomus,22,7 to 19,Removed from study site,NA,NA,
1/14/2022,Fort Shafter Elementary,21.31161,-157.80812,21.31353,-157.80647,175,179,Manoa,Manoa Valley District Park,Non-native,paepae,Vertebrate,Ancistrus temminckii,Bristlenose / Bushynose Plecostomus,4,4 to 6,Removed from study site,NA,NA,
1/14/2022,Fort Shafter Elementary,21.31161,-157.80812,21.31353,-157.80647,175,179,Manoa,Manoa Valley District Park,Non-native,paepae,Invertebrate,Neocaridina denticulata sinensis,Japanese Swamp Shrimp,9,2,Removed from study site,NA,NA,
1/14/2022,Fort Shafter Elementary,21.31161,-157.80812,21.31353,-157.80647,175,179,Manoa,Manoa Valley District Park,Non-native,paepae,Invertebrate,Procambarus clarkii,Swamp Crayfish,2,1 to 5,Removed from study site,NA,NA,
1/14/2022,Fort Shafter Elementary,21.31161,-157.80812,21.31353,-157.80647,175,179,Manoa,Manoa Valley District Park,NA,paepae,TOTAL NATIVES,0,TOTAL NON-NATIVES,53,NA,SUMMARY,4.5,27.3,
1/20/2022,Punahou School,21.3046,-157.79045,21.305,-157.78978,309,333,Palolo,Anuenue School,Native,Opae / A-Frame Net,Vertebrate,Awaous stamineus,Oopu nakea,6,NA,Returned live to capture location,NA,NA,
1/20/2022,Punahou School,21.30460,-157.79045,21.30500,-157.78978,309,333,Palolo,Anuenue School,Non-native,Opae / A-Frame Net,Vertebrate,Poecilia reticulata,Rainbow Guppy,14,NA,Removed from study site,NA,NA,
1/20/2022,Punahou School,21.30460,-157.79045,21.30500,-157.78978,309,333,Palolo,Anuenue School,Non-native,Opae / A-Frame Net,Vertebrate,Poecilia sphenops,Mexican Molly,3,NA,Removed from study site,NA,NA,
1/20/2022,Punahou School,21.30460,-157.79045,21.30500,-157.78978,309,333,Palolo,Anuenue School,Non-native,Opae / A-Frame Net,Vertebrate,Ancistrus temminckii,Bristlenose / Bushynose Plecostomus,38,NA,Removed from study site,NA,NA,
1/20/2022,Punahou School,21.30460,-157.79045,21.30500,-157.78978,309,333,Palolo,Anuenue School,Non-native,Opae / A-Frame Net,Invertebrate,Melanoides tuberculata,Malaysian Trumpet Snail,3,NA,Removed from study site,NA,NA,
1/20/2022,Punahou School,21.30460,-157.79045,21.30500,-157.78978,309,333,Palolo,Anuenue School,Non-native,Opae / A-Frame Net,Invertebrate,Procambarus clarkii,Swamp Crayfish,1,NA,Removed from study site,NA,NA,
1/20/2022,Punahou School,21.30460,-157.79045,21.30500,-157.78978,309,333,Palolo,Anuenue School,Non-native,Opae / A-Frame Net,Invertebrate,Neocaridina denticulata sinensis,Japanese Swamp Shrimp,1,NA,Removed from study site,NA,NA,
1/20/2022,Punahou School,21.30460,-157.79045,21.30500,-157.78978,309,333,Palolo,Anuenue School,NA,opae / A-Frame Net,TOTAL NATIVES,6,TOTAL NON-NATIVES,60,NA,SUMMARY,NA,NA,
1/21/2022,Fort Shafter Elementary,21.30793,-157.80914,21.30862,-157.80945,161,168,Manoa,Noelani Elementary,Native,paepae,Vertebrate,Awaous stamineus,oopu nakea,2,"10, 12",Returned live to capture location,NA,NA,
1/21/2022,Fort Shafter Elementary,21.30793,-157.80914,21.30862,-157.80945,161,168,Manoa,Noelani Elementary,Non-native,paepae,Vertebrate,Hypostomus watwata,Suckermouth Catfish / Plecostomus,67,5 to 16,Removed from study site,NA,NA,
1/21/2022,Fort Shafter Elementary,21.30793,-157.80914,21.30862,-157.80945,161,168,Manoa,Noelani Elementary,Non-native,paepae,Vertebrate,Ancistrus temminckii,Bristlenose / Bushynose Plecostomus,6,2 to 5,Removed from study site,NA,NA,
1/21/2022,Fort Shafter Elementary,21.30793,-157.80914,21.30862,-157.80945,161,168,Manoa,Noelani Elementary,Non-native,paepae,Vertebrate,Poecilia sphenops,Mexican Molly,2,"3, 4",Removed from study site,NA,NA,
1/21/2022,Fort Shafter Elementary,21.30793,-157.80914,21.30862,-157.80945,161,168,Manoa,Noelani Elementary,Non-native,paepae,Vertebrate,Poecilia reticulata,Rainbow Guppy,1,2,Removed from study site,NA,NA,
1/21/2022,Fort Shafter Elementary,21.30793,-157.80914,21.30862,-157.80945,161,168,Manoa,Noelani Elementary,Non-native,paepae,Invertebrate,Procambarus clarkii,Swamp Crayfish,4,4 to 6,Removed from study site,NA,NA,
1/21/2022,Fort Shafter Elementary,21.30793,-157.80914,21.30862,-157.80945,161,168,Manoa,Noelani Elementary,Non-native,paepae,Invertebrate,Melanoides tuberculata,Malaysian Trumpet Snail,2,1 to 2,Removed from study site,NA,NA,
1/21/2022,Fort Shafter Elementary,21.30793,-157.80914,21.30862,-157.80945,161,168,Manoa,Noelani Elementary,Non-native,paepae,Invertebrate,Corbicula fluminea,Asiatic Clam,2,1 to 2,Removed from study site,NA,NA,
1/21/2022,Fort Shafter Elementary,21.30793,-157.80914,21.30862,-157.80945,161,168,Manoa,Noelani Elementary,NA,paepae,TOTAL NATIVES,2,TOTAL NON-NATIVES,84,NA,SUMMARY,3,38.2,
1/27/2022,Aliiolani Elementary,21.28810,-157.80568,21.28901,-157.80470,111,115,Palolo,Saint Louis Field,Native,opae / A-Frame Net,Vertebrate,Awaous stamineus,oopu nakea,2,"7, 10",Returned live to capture location,NA,NA,
1/27/2022,Aliiolani Elementary,21.28810,-157.80568,21.28901,-157.80470,111,115,Palolo,Saint Louis Field,Non-native,opae / A-Frame Net,Vertebrate,Poecilia sphenops,Mexican Molly,366,2 to 7,Removed from study site,NA,NA,
1/27/2022,Aliiolani Elementary,21.28810,-157.80568,21.28901,-157.80470,111,115,Palolo,Saint Louis Field,Non-native,opae / A-Frame Net,Vertebrate,Poecilia reticulata,Rainbow Guppy,3,2 to 3,Removed from study site,NA,NA,
1/27/2022,Aliiolani Elementary,21.28810,-157.80568,21.28901,-157.80470,111,115,Palolo,Saint Louis Field,non-native,opae / A-Frame Net,Vertebrate,Amatitlania nigrofasciata,Convict Cichlid,6,3 to 11,Removed from study site,NA,NA,
1/27/2022,Aliiolani Elementary,21.28810,-157.80568,21.28901,-157.80470,111,115,Palolo,Saint Louis Field,non-native,opae / A-Frame Net,Vertebrate,Oreochromis mossambicus,Mozambique Tilapia,3,4 to 20,Removed from study site,NA,NA,
1/27/2022,Aliiolani Elementary,21.28810,-157.80568,21.28901,-157.80470,111,115,Palolo,Saint Louis Field,non-native,opae / A-Frame Net,Vertebrate,Ancistrus temminckii,Bristlenose / Bushynose Plecostomus,6,3 to 5,Removed from study site,NA,NA,
1/27/2022,Aliiolani Elementary,21.28810,-157.80568,21.28901,-157.80470,111,115,Palolo,Saint Louis Field,non-native,opae / A-Frame Net,Vertebrate,Hypostomus watwata,Suckermouth Catfish / Plecostomus,2,4 to 6,Removed from study site,NA,NA,
1/27/2022,Aliiolani Elementary,21.28810,-157.80568,21.28901,-157.80470,111,115,Palolo,Saint Louis Field,NA,opae / A-Frame Net,TOTAL NATIVES,2,TOTAL NON-NATIVES,386,NA,SUMMARY,NA,NA,
1/31/2022,Ala Wai Elementary,21.30973,-157.80943,21.3109,-157.80879,168,172,Manoa,Manoa Marketplace,Native,paepae,Vertebrate,Awaous stamineus,oopu nakea,3,"5, 7, 8",Returned live to capture location,NA,NA,
1/31/2022,Ala Wai Elementary,21.30973,-157.80943,21.3109,-157.80879,168,172,Manoa,Manoa Marketplace,Non-native,paepae,Vertebrate,Ancistrus temminckii,Bristlenose / Bushynose Plecostomus,16,2 to 4,Removed from study site,NA,NA,
1/31/2022,Ala Wai Elementary,21.30973,-157.80943,21.3109,-157.80879,168,172,Manoa,Manoa Marketplace,Non-native,paepae,Vertebrate,Hypostomus watwata,Suckermouth Catfish / Plecostomus,21,3 to 6,Removed from study site,NA,NA,
1/31/2022,Ala Wai Elementary,21.30973,-157.80943,21.3109,-157.80879,168,172,Manoa,Manoa Marketplace,Non-native,paepae,Vertebrate,Poecilia sphenops,Mexican Molly,191,2 to 6,Removed from study site,NA,NA,
1/31/2022,Ala Wai Elementary,21.30973,-157.80943,21.3109,-157.80879,168,172,Manoa,Manoa Marketplace,Non-native,paepae,Vertebrate,Poecilia reticulata,Rainbow Guppy,3,2 to 3,Removed from study site,NA,NA,
1/31/2022,Ala Wai Elementary,21.30973,-157.80943,21.3109,-157.80879,168,172,Manoa,Manoa Marketplace,Non-native,paepae,Vertebrate,Amatitlania nigrofasciata,Convict Cichlid,2,"4, 6",Removed from study site,NA,NA,
1/31/2022,Ala Wai Elementary,21.30973,-157.80943,21.3109,-157.80879,168,172,Manoa,Manoa Marketplace,Non-native,paepae,Invertebrate,Neocaridina denticulata sinensis,Japanese Swamp Shrimp,1,2,Removed from study site,NA,NA,
1/31/2022,Ala Wai Elementary,21.30973,-157.80943,21.3109,-157.80879,168,172,Manoa,Manoa Marketplace,Non-native,paepae,Invertebrate,Melanoides tuberculata,Malaysian Trumpet Snail,1,2,Removed from study site,NA,NA,
1/31/2022,Ala Wai Elementary,21.30973,-157.80943,21.3109,-157.80879,168,172,Manoa,Manoa Marketplace,NA,paepae,TOTAL NATIVES,3,TOTAL NON-NATIVES,235,NA,SUMMARY,1.5,38.20,
2/4/2022,Seeqs,21.28639,-157.81888,21.28728,-157.81799,18,19,Manoa-Palolo,Kaimuki  High School,Native,paepae,Vertebrate,Stenogobius hawaiiensis,Oopu Naniha,19,4 to 9,Returned live to capture location,NA,NA,
2/4/2022,Seeqs,21.28639,-157.81888,21.28728,-157.81799,18,19,Manoa-Palolo,Kaimuki  High School,Native,paepae,Vertebrate,Eleotris sandwicensis,Oopu Akupa,20,5 to 13,Returned live to capture location,NA,NA,
2/4/2022,Seeqs,21.28639,-157.81888,21.28728,-157.81799,18,19,Manoa-Palolo,Kaimuki  High School,Native,paepae,Vertebrate,Kuhlia xenura,Aholehole / Hawaiian Flagtail,29,4 to 8,Returned live to capture location,NA,NA,
2/4/2022,Seeqs,21.28639,-157.81888,21.28728,-157.81799,18,19,Manoa-Palolo,Kaimuki  High School,Non-Native,paepae,Vertebrate,Amatitlania nigrofasciata,Convict Cichlid,13,3 to 6,Removed from study site,NA,NA,
2/4/2022,Seeqs,21.28639,-157.81888,21.28728,-157.81799,18,19,Manoa-Palolo,Kaimuki  High School,Non-Native,paepae,Vertebrate,Poecilia sphenops,Mexican Molly,21,3 to 6,Removed from study site,NA,NA,
2/4/2022,Seeqs,21.28639,-157.81888,21.28728,-157.81799,18,19,Manoa-Palolo,Kaimuki  High School,Non-Native,paepae,Vertebrate,Hypostomus watwata,Suckermouth Catfish / Plecostomus,248,13 to 30,Removed from study site,NA,NA,
2/4/2022,Seeqs,21.28639,-157.81888,21.28728,-157.81799,18,19,Manoa-Palolo,Kaimuki  High School,Non-Native,paepae,Vertebrate,Oreochromis mossambicus,Mozambique Tilapia,1,4,Removed from study site,NA,NA,
2/4/2022,Seeqs,21.28639,-157.81888,21.28728,-157.81799,18,19,Manoa-Palolo,Kaimuki  High School,Non-Native,paepae,Vertebrate,Sarotherodon melanotheron,Black Chin Tilapia,5,4 to 5,Removed from study site,NA,NA,
2/4/2022,Seeqs,21.28639,-157.81888,21.28728,-157.81799,18,19,Manoa-Palolo,Kaimuki  High School,NA,paepae,TOTAL NATIVES,68,TOTAL NON-NATIVES,288,NA,SUMMARY,100,34.55,
2/9/2022,St. Louis School,21.28810,-157.80568,21.28901,-157.80470,111,115,Palolo,Saint Louis Field,Native,paepae,Vertebrate,Awaous stamineus,Oopu nakea,3,"6, 9, 10",Returned live to capture location,NA,NA,
2/9/2022,St. Louis School,21.28810,-157.80568,21.28901,-157.80470,111,115,Palolo,Saint Louis Field,Non-native,paepae,Vertebrate,Poecilia sphenops,Mexican Molly,733,2 to 6,Removed from study site,NA,NA,
2/9/2022,St. Louis School,21.28810,-157.80568,21.28901,-157.80470,111,115,Palolo,Saint Louis Field,Non-native,paepae,Vertebrate,Ancistrus temminckii,Bristlenose / Bushynose Plecostomus,6,3 to 5,Removed from study site,NA,NA,
2/9/2022,St. Louis School,21.28810,-157.80568,21.28901,-157.80470,111,115,Palolo,Saint Louis Field,non-native,paepae,Vertebrate,Amatitlania nigrofasciata,Convict Cichlid,20,2 to 8,Removed from study site,NA,NA,
2/9/2022,St. Louis School,21.28810,-157.80568,21.28901,-157.80470,111,115,Palolo,Saint Louis Field,non-native,paepae,Vertebrate,Oreochromis mossambicus,Mozambique Tilapia,4,7 to 14,Removed from study site,NA,NA,
2/9/2022,St. Louis School,21.28639,-157.81888,21.28728,-157.81799,18,19,Palolo,Saint Louis Field,NA,paepae,TOTAL NATIVES,3,TOTAL NON-NATIVES,763,NA,SUMMARY,6,38.18,
2/10/2022,Palolo Elementary,21.29582,-157.79684,21.29616,-157.79646,171,179,Palolo,Jarrett Middle School,Non-native,paepae,Vertebrate,Poecilia sphenops,Mexican Molly,518,2 to 7,Removed from study site,NA,NA,
2/10/2022,Palolo Elementary,21.29582,-157.79684,21.29616,-157.79646,171,179,Palolo,Jarrett Middle School,Non-native,paepae,Vertebrate,Poecilia reticulata,Rainbow Guppy,6,2 to 3,Removed from study site,NA,NA,
2/10/2022,Palolo Elementary,21.29582,-157.79684,21.29616,-157.79646,171,179,Palolo,Jarrett Middle School,Non-native,paepae,Invertebrate,Physa sp.,Pond Snail,1,0.5,Removed from study site,NA,NA,
2/10/2022,Palolo Elementary,21.29582,-157.79684,21.29616,-157.79646,171,179,Palolo,Jarrett Middle School,NA,paepae,TOTAL NATIVES,0,TOTAL NON-NATIVES,525,NA,SUMMARY,2,30.91,
2/11/2022,Palolo Elementary,21.3005,-157.79218,21.30094,-157.79126,268,280,Palolo,Palolo Elementary,Native,paepae,Vertebrate,Awaous stamineus,Oopu Nakea,13,"4, 4, 5, 5, 6, 7, 7, 8, 8, 9, 10, 11",Returned live to capture location,NA,NA,
2/11/2022,Palolo Elementary,21.3005,-157.79218,21.30094,-157.79126,268,280,Palolo,Palolo Elementary,Non-native,paepae,Vertebrate,Poecilia reticulata,Rainbow Guppy,21,2 to 3,Removed from study site,NA,NA,
2/11/2022,Palolo Elementary,21.3005,-157.79218,21.30094,-157.79126,268,280,Palolo,Palolo Elementary,Non-native,paepae,Vertebrate,Poecilia sphenops,Mexican Molly,18,2 to 5,Removed from study site,NA,NA,
2/11/2022,Palolo Elementary,21.3005,-157.79218,21.30094,-157.79126,268,280,Palolo,Palolo Elementary,Non-native,paepae,Vertebrate,Ancistrus temminckii,Bristlenose / Bushynose Plecostomus,33,2 to 5,Removed from study site,NA,NA,
2/11/2022,Palolo Elementary,21.3005,-157.79218,21.30094,-157.79126,268,280,Palolo,Palolo Elementary,Non-native,paepae,Vertebrate,Xiphophorus helleri,Green Swordtail,2,3 to 4,Removed from study site,NA,NA,
2/11/2022,Palolo Elementary,21.3005,-157.79218,21.30094,-157.79126,268,280,Palolo,Palolo Elementary,NA,paepae,TOTAL NATIVES,13,TOTAL NON-NATIVES,74,NA,SUMMARY,0.2,41.82,
2/15/2022,Saint Louis School,21.28639,-157.81888,21.28728,-157.81799,18,19,Manoa-Palolo,Kaimuki  High School,Native,Opae / A-Frame Net,Vertebrate,Stenogobius hawaiiensis,Oopu Naniha,3,3 to 7,Returned live to capture location,NA,NA,
2/15/2022,Saint Louis School,21.28639,-157.81888,21.28728,-157.81799,18,19,Manoa-Palolo,Kaimuki  High School,Native,Opae / A-Frame Net,Vertebrate,Eleotris sandwicensis,Oopu Akupa,5,6 to 10,Returned live to capture location,NA,NA,
2/15/2022,Saint Louis School,21.28639,-157.81888,21.28728,-157.81799,18,19,Manoa-Palolo,Kaimuki  High School,Native,Opae / A-Frame Net,Invertebrate,Macrobrachium grandimanus,opae Oehaa,7,3 to 5,Returned live to capture location,NA,NA,
2/15/2022,Saint Louis School,21.28639,-157.81888,21.28728,-157.81799,18,19,Manoa-Palolo,Kaimuki  High School,Native,Opae / A-Frame Net,Invertebrate,Neritina vespertina,hapawai,1,1,Returned live to capture location,NA,NA,
2/15/2022,Saint Louis School,21.28639,-157.81888,21.28728,-157.81799,18,19,Manoa-Palolo,Kaimuki  High School,Non-Native,Opae / A-Frame Net,Vertebrate,Sarotherodon melanotheron,Black Chin Tilapia,1,13,Removed from study site,NA,NA,
2/15/2022,Saint Louis School,21.28639,-157.81888,21.28728,-157.81799,18,19,Manoa-Palolo,Kaimuki  High School,Non-Native,Opae / A-Frame Net,Vertebrate,Poecilia sphenops,Mexican Molly,19,2 to 6,Removed from study site,NA,NA,
2/15/2022,Saint Louis School,21.28639,-157.81888,21.28728,-157.81799,18,19,Manoa-Palolo,Kaimuki  High School,Non-Native,Opae / A-Frame Net,Vertebrate,Hypostomus watwata,Suckermouth Catfish / Plecostomus,3,13 to 20,Removed from study site,NA,NA,
2/15/2022,Saint Louis School,21.28639,-157.81888,21.28728,-157.81799,18,19,Manoa-Palolo,Kaimuki  High School,NA,opae / A-Frame Net,TOTAL NATIVES,16,TOTAL NON-NATIVES,23,NA,SUMMARY,NA,NA,
2/17/2022,Ala Wai Elementary ,21.31161,-157.80812,21.31353,-157.80647,175,179,Manoa,Manoa Valley District Park,Non-native,paepae,Vertebrate,Micropterus dolomieu,Smallmouth Bass,1,22,Removed from study site,NA,NA,
2/17/2022,Ala Wai Elementary ,21.31161,-157.80812,21.31353,-157.80647,175,179,Manoa,Manoa Valley District Park,Non-native,paepae,Vertebrate,Amatitlania nigrofasciata,Convict Cichlid,8,3 to 8,Removed from study site,NA,NA,
2/17/2022,Ala Wai Elementary ,21.31161,-157.80812,21.31353,-157.80647,175,179,Manoa,Manoa Valley District Park,Non-native,paepae,Vertebrate,Xiphophorus helleri,Green Swordtail,1,3,Removed from study site,NA,NA,
2/17/2022,Ala Wai Elementary ,21.31161,-157.80812,21.31353,-157.80647,175,179,Manoa,Manoa Valley District Park,Non-native,paepae,Vertebrate,Poecilia reticulata,Rainbow Guppy,19,2 to 3,Removed from study site,NA,NA,
2/17/2022,Ala Wai Elementary ,21.31161,-157.80812,21.31353,-157.80647,175,179,Manoa,Manoa Valley District Park,Non-native,paepae,Vertebrate,Poecilia sphenops,Mexican Molly,8,2 to 4,Removed from study site,NA,NA,
2/17/2022,Ala Wai Elementary ,21.31161,-157.80812,21.31353,-157.80647,175,179,Manoa,Manoa Valley District Park,Non-native,paepae,Vertebrate,Gambusia affinis,Mosquitofish,3,2 to 3,Removed from study site,NA,NA,
2/17/2022,Ala Wai Elementary ,21.31161,-157.80812,21.31353,-157.80647,175,179,Manoa,Manoa Valley District Park,Non-native,paepae,Vertebrate,Hypostomus watwata,Suckermouth Catfish / Plecostomus,11,3 to 16,Removed from study site,NA,NA,
2/17/2022,Ala Wai Elementary ,21.31161,-157.80812,21.31353,-157.80647,175,179,Manoa,Manoa Valley District Park,Non-native,paepae,Vertebrate,Ancistrus temminckii,Bristlenose / Bushynose Plecostomus,1,3,Removed from study site,NA,NA,
2/17/2022,Ala Wai Elementary ,21.31161,-157.80812,21.31353,-157.80647,175,179,Manoa,Manoa Valley District Park,Non-native,paepae,Invertebrate,Neocaridina denticulata sinensis,Japanese Swamp Shrimp,1,2,Removed from study site,NA,NA,
2/17/2022,Ala Wai Elementary ,21.31161,-157.80812,21.31353,-157.80647,175,179,Manoa,Manoa Valley District Park,Non-native,paepae,Invertebrate,Procambarus clarkii,Swamp Crayfish,1,3,Removed from study site,NA,NA,
2/17/2022,Ala Wai Elementary ,21.31161,-157.80812,21.31353,-157.80647,175,179,Manoa,Manoa Valley District Park,NA,paepae,TOTAL NATIVES,0,TOTAL NON-NATIVES,54,NA,SUMMARY,2,27.30,
2/24/2022,Webling Elementary,21.29637,-157.83667,21.2971,-157.83662,22,25,Makiki,Washington Middle School,Native,Opae / A-Frame Net,Vertebrate,Stenogobius hawaiiensis,Oopu naniha,2,,Returned live to capture location,NA,NA,
2/24/2022,Webling Elementary,21.29637,-157.83667,21.2971,-157.83662,22,25,Makiki,Washington Middle School,Native,Opae / A-Frame Net,Vertebrate,Awaous stamineus,Oopu nakea,5,,Returned live to capture location,NA,NA,
2/24/2022,Webling Elementary,21.29637,-157.83667,21.2971,-157.83662,22,25,Makiki,Washington Middle School,Non-native,Opae / A-Frame Net,Vertebrate,Amatitlania nigrofasciata,Convict Cichlid,29,,Removed from study site,NA,NA,
2/24/2022,Webling Elementary,21.29637,-157.83667,21.2971,-157.83662,22,25,Makiki,Washington Middle School,Non-native,Opae / A-Frame Net,Vertebrate,Hypostomus watwata,Suckermouth Catfish / Plecostomus,7,,Removed from study site,NA,NA,
2/24/2022,Webling Elementary,21.29637,-157.83667,21.2971,-157.83662,22,25,Makiki,Washington Middle School,Non-native,Opae / A-Frame Net,Vertebrate,Ancistrus temminckii,Bristlenose / Bushynose Plecostomus,6,,Removed from study site,NA,NA,
2/24/2022,Webling Elementary,21.29637,-157.83667,21.2971,-157.83662,22,25,Makiki,Washington Middle School,Non-native,Opae / A-Frame Net,Vertebrate,Poecilia sphenops,Mexican Molly,10,,Removed from study site,NA,NA,
2/24/2022,Webling Elementary,21.29637,-157.83667,21.2971,-157.83662,22,25,Makiki,Washington Middle School,Non-native,Opae / A-Frame Net,Invertebrate,Melanoides tuberculata,Malaysian Trumpet Snail,1,,Removed from study site,NA,NA,
2/24/2022,Webling Elementary,21.29637,-157.83667,21.2971,-157.83662,22,25,Makiki,Washington Middle School,NA,opae / A-Frame Net,TOTAL NATIVES,7,TOTAL NON-NATIVES,53,NA,SUMMARY,NA,NA,
2/28/2022,Hokulani Elementary,21.29271,-157.8134,21.2933,-157.81248,45,48,Manoa,KanewaiField,Non-native,paepae,Vertebrate,Hypostomus watwata,Suckermouth Catfish / Plecostomus,7,5 to 18,Removed from study site,NA,NA,
2/28/2022,Hokulani Elementary,21.29271,-157.8134,21.2933,-157.81248,45,48,Manoa,KanewaiField,Non-native,paepae,Vertebrate,Ancistrus temminckii,Bristlenose / Bushynose Plecostomus,9,2 to 5,Removed from study site,NA,NA,
2/28/2022,Hokulani Elementary,21.29271,-157.8134,21.2933,-157.81248,45,48,Manoa,KanewaiField,Non-native,paepae,Vertebrate,Amatitlania nigrofasciata,Convict Cichlid,3,4 to 10,Removed from study site,NA,NA,
2/28/2022,Hokulani Elementary,21.29271,-157.8134,21.2933,-157.81248,45,48,Manoa,KanewaiField,Non-native,paepae,Vertebrate,Micropterus dolomieu,Smallmouth Bass,2,12 and 18,Removed from study site,NA,NA,
2/28/2022,Hokulani Elementary,21.29271,-157.8134,21.2933,-157.81248,45,48,Manoa,KanewaiField,Non-native,paepae,Vertebrate,Poecilia reticulata,Rainbow Guppy,14,2 to 3,Removed from study site,NA,NA,
2/28/2022,Hokulani Elementary,21.29271,-157.8134,21.2933,-157.81248,45,48,Manoa,KanewaiField,Non-native,paepae,Vertebrate,Poecilia sphenops,Mexican Molly,40,2 to 5,Removed from study site,NA,NA,
2/28/2022,Hokulani Elementary,21.29271,-157.8134,21.2933,-157.81248,45,48,Manoa,KanewaiField,Non-native,paepae,Invertebrate,Neocaridina denticulata sinensis,Japanese Swamp Shrimp,3,2,Removed from study site,NA,NA,
2/28/2022,Hokulani Elementary,21.29271,-157.8134,21.2933,-157.81248,45,48,Manoa,KanewaiField,Non-native,paepae,Invertebrate,Melanoides tuberculata,Malaysian Trumpet Snail,4,1 to 2,Removed from study site,NA,NA,
2/28/2022,Hokulani Elementary,21.29271,-157.8134,21.2933,-157.81248,45,48,Manoa,KanewaiField,NA,paepae,TOTAL NATIVES,0,TOTAL NON-NATIVES,82,NA,SUMMARY,1.5,27.30,
3/7/2022,Waialua High School,21.30821,-157.8307,21.30935,-157.83057,144,165,Makiki,Baker Park,Native,opae / A-Frame Net,Vertebrate,Awaous stamineus,Oopu nakea,3,"4,7,8",Returned live to capture location,NA,NA,
3/7/2022,Waialua High School,21.30821,-157.8307,21.30935,-157.83057,144,165,Makiki,Baker Park,Native,opae / A-Frame Net,Vertebrate,Sicyopterus stimpsoni,Oopu nopili,1,5,Returned live to capture location,NA,NA,
3/7/2022,Waialua High School,21.30821,-157.8307,21.30935,-157.83057,144,165,Makiki,Baker Park,Non-native,opae / A-Frame Net,Vertebrate,Amatitlania nigrofasciata,Convict Cichlid,12,2 to 6,Removed from study site,NA,NA,
3/7/2022,Waialua High School,21.30821,-157.8307,21.30935,-157.83057,144,165,Makiki,Baker Park,Non-native,opae / A-Frame Net,Vertebrate,Poecilia sphenops,Mexican Molly,6,2 to 3,Removed from study site,NA,NA,
3/7/2022,Waialua High School,21.30821,-157.8307,21.30935,-157.83057,144,165,Makiki,Baker Park,Non-native,opae / A-Frame Net,Invertebrate,Macrobrachium lar,Tahitian Prawn,10,3 to 6,Removed from study site,NA,NA,
3/7/2022,Waialua High School,21.30821,-157.8307,21.30935,-157.83057,144,165,Makiki,Baker Park,Non-native,opae / A-Frame Net,Invertebrate,Neocaridina denticulata sinensis,Japanese Swamp Shrimp,2,2,Removed from study site,NA,NA,
3/7/2022,Waialua High School,21.30821,-157.8307,21.30935,-157.83057,144,165,Makiki,Baker Park,NA,opae / A-Frame Net,TOTAL NATIVES,4,TOTAL NON-NATIVES,30,NA,SUMMARY,NA,NA,
3/8/2022,Waialua High School,21.28831,-157.80899,21.28798,-157.80803,94,98,Palolo,Chaminade,Native,opae / A-Frame Net,Vertebrate,Awaous stamineus,Oopu nakea,2,"7, 9",Returned live to capture location,NA,NA,
3/8/2022,Waialua High School,21.28831,-157.80899,21.28798,-157.80803,94,98,Palolo,Chaminade,Non-native,opae / A-Frame Net,Vertebrate,Oreochromis mossambicus,Mozambique Tilapia,1,14,Removed from study site,NA,NA,
3/8/2022,Waialua High School,21.28831,-157.80899,21.28798,-157.80803,94,98,Palolo,Chaminade,Non-native,opae / A-Frame Net,Vertebrate,Amatitlania nigrofasciata,Convict Cichlid,32,2 to 6,Removed from study site,NA,NA,
3/8/2022,Waialua High School,21.28831,-157.80899,21.28798,-157.80803,94,98,Palolo,Chaminade,Non-native,opae / A-Frame Net,Vertebrate,Ancistrus temminckii,Bristlenose / Bushynose Plecostomus,30,2 to 5,Removed from study site,NA,NA,
3/8/2022,Waialua High School,21.28831,-157.80899,21.28798,-157.80803,94,98,Palolo,Chaminade,Non-native,opae / A-Frame Net,Vertebrate,Hypostomus watwata,Suckermouth Catfish / Plecostomus,62,6 to 30,Removed from study site,NA,NA,
3/8/2022,Waialua High School,21.28831,-157.80899,21.28798,-157.80803,94,98,Palolo,Chaminade,Non-native,opae / A-Frame Net,Vertebrate,Poecilia sphenops,Mexican Molly,132,1 to 5,Removed from study site,NA,NA,
3/8/2022,Waialua High School,21.28831,-157.80899,21.28798,-157.80803,94,98,Palolo,Chaminade,Non-native,opae / A-Frame Net,Vertebrate,Poecilia reticulata,Rainbow Guppy,9,1 to 3,Removed from study site,NA,NA,
3/8/2022,Waialua High School,21.28831,-157.80899,21.28798,-157.80803,94,98,Palolo,Chaminade,NA,opae / A-Frame Net,TOTAL NATIVES,2,TOTAL NON-NATIVES,266,NA,SUMMARY,NA,NA,
3/11/2022,Iolani School,21.31161,-157.80812,21.31353,-157.80647,175,179,Manoa,Manoa Valley District Park,Native,paepae,Vertebrate,Awaous stamineus,Oopu nakea,1,9,Returned live to capture location,NA,NA,
3/11/2022,Iolani School,21.31161,-157.80812,21.31353,-157.80647,175,179,Manoa,Manoa Valley District Park,Non-native,paepae,Vertebrate,Micropterus dolomieu,Smallmouth Bass,4,11 to 30,Removed from study site,NA,NA,
3/11/2022,Iolani School,21.31161,-157.80812,21.31353,-157.80647,175,179,Manoa,Manoa Valley District Park,Non-native,paepae,Vertebrate,Amatitlania nigrofasciata,Convict Cichlid,10,2 to 7,Removed from study site,NA,NA,
3/11/2022,Iolani School,21.31161,-157.80812,21.31353,-157.80647,175,179,Manoa,Manoa Valley District Park,Non-native,paepae,Vertebrate,Gambusia affinis,Mosquitofish,1,3,Removed from study site,NA,NA,
3/11/2022,Iolani School,21.31161,-157.80812,21.31353,-157.80647,175,179,Manoa,Manoa Valley District Park,Non-native,paepae,Vertebrate,Poecilia reticulata,Rainbow Guppy,53,2 to 3,Removed from study site,NA,NA,
3/11/2022,Iolani School,21.31161,-157.80812,21.31353,-157.80647,175,179,Manoa,Manoa Valley District Park,Non-native,paepae,Vertebrate,Poecilia sphenops,Mexican Molly,15,2 to 5,Removed from study site,NA,NA,
3/11/2022,Iolani School,21.31161,-157.80812,21.31353,-157.80647,175,179,Manoa,Manoa Valley District Park,Non-native,paepae,Vertebrate,Hypostomus watwata,Suckermouth Catfish / Plecostomus,6,5 to 15,Removed from study site,NA,NA,
3/11/2022,Iolani School,21.31161,-157.80812,21.31353,-157.80647,175,179,Manoa,Manoa Valley District Park,Non-native,paepae,Vertebrate,Ancistrus temminckii,Bristlenose / Bushynose Plecostomus,3,3 to 4,Removed from study site,NA,NA,
3/11/2022,Iolani School,21.31161,-157.80812,21.31353,-157.80647,175,179,Manoa,Manoa Valley District Park,Non-native,paepae,Invertebrate,Neocaridina denticulata sinensis,Japanese Swamp Shrimp,59,2,Removed from study site,NA,NA,
3/11/2022,Iolani School,21.31161,-157.80812,21.31353,-157.80647,175,179,Manoa,Manoa Valley District Park,Non-native,paepae,Invertebrate,Procambarus clarkii,Swamp Crayfish,8,1 to 5,Removed from study site,NA,NA,
3/11/2022,Iolani School,21.31161,-157.80812,21.31353,-157.80647,175,179,Manoa,Manoa Valley District Park,Non-native,paepae,Invertebrate,Melanoides tuberculata,Malaysian Trumpet Snail,1,2,Removed from study site,NA,NA,
3/11/2022,Iolani School,21.31161,-157.80812,21.31353,-157.80647,175,179,Manoa,Manoa Valley District Park,NA,paepae,TOTAL NATIVES,1,TOTAL NON-NATIVES,160,NA,SUMMARY,2,38.2,
3/15/2022,Iolani School,21.30793,-157.80914,21.30862,-157.80945,161,168,Manoa,Noelani Elementary,Native,paepae,Vertebrate,Awaous stamineus,oopu nakea,3,"5,7,8",Returned live to capture location,NA,NA,
3/15/2022,Iolani School,21.30793,-157.80914,21.30862,-157.80945,161,168,Manoa,Noelani Elementary,Non-native,paepae,Vertebrate,Hypostomus watwata,Suckermouth Catfish / Plecostomus,34,5 to 16,Removed from study site,NA,NA,
3/15/2022,Iolani School,21.30793,-157.80914,21.30862,-157.80945,161,168,Manoa,Noelani Elementary,Non-native,paepae,Vertebrate,Ancistrus temminckii,Bristlenose / Bushynose Plecostomus,8,2 to 5,Removed from study site,NA,NA,
3/15/2022,Iolani School,21.30793,-157.80914,21.30862,-157.80945,161,168,Manoa,Noelani Elementary,Non-native,paepae,Vertebrate,Poecilia sphenops,Mexican Molly,47,1 to 5,Removed from study site,NA,NA,
3/15/2022,Iolani School,21.30793,-157.80914,21.30862,-157.80945,161,168,Manoa,Noelani Elementary,Non-native,paepae,Vertebrate,Poecilia reticulata,Rainbow Guppy,41,1 to 3,Removed from study site,NA,NA,
3/15/2022,Iolani School,21.30793,-157.80914,21.30862,-157.80945,161,168,Manoa,Noelani Elementary,Non-native,paepae,Vertebrate,Gambusia affinis,Mosquitofish,1,3,Removed from study site,NA,NA,
3/15/2022,Iolani School,21.30793,-157.80914,21.30862,-157.80945,161,168,Manoa,Noelani Elementary,Non-native,paepae,Invertebrate,Procambarus clarkii,Swamp Crayfish,1,5,Removed from study site,NA,NA,
3/15/2022,Iolani School,21.30793,-157.80914,21.30862,-157.80945,161,168,Manoa,Noelani Elementary,Non-native,paepae,Vertebrate,Amatitlania nigrofasciata,Convict Cichlid,3,3 to 5,removed from study site,NA,NA,
3/15/2022,Iolani School,21.30793,-157.80914,21.30862,-157.80945,161,168,Manoa,Noelani Elementary,NA,paepae,TOTAL NATIVES,3,TOTAL NON-NATIVES,135,NA,SUMMARY,1.5,34.55,
3/17/2022,Iolani School,21.30973,-157.80943,21.3109,-157.80879,168,172,Manoa,Manoa Marketplace,Native,paepae,Vertebrate,Awaous stamineus,oopu nakea,7,"4, 5, 6, 7, 8, 8, 9",Returned live to capture location,NA,NA,
3/17/2022,Iolani School,21.30973,-157.80943,21.3109,-157.80879,168,172,Manoa,Manoa Marketplace,Non-native,paepae,Vertebrate,Ancistrus temminckii,Bristlenose / Bushynose Plecostomus,11,2 to 4,Removed from study site,NA,NA,
3/17/2022,Iolani School,21.30973,-157.80943,21.3109,-157.80879,168,172,Manoa,Manoa Marketplace,Non-native,paepae,Vertebrate,Hypostomus watwata,Suckermouth Catfish / Plecostomus,4,3 to 6,Removed from study site,NA,NA,
3/17/2022,Iolani School,21.30973,-157.80943,21.3109,-157.80879,168,172,Manoa,Manoa Marketplace,Non-native,paepae,Vertebrate,Poecilia sphenops,Mexican Molly,1175,2 to 6,Removed from study site,NA,NA,
3/17/2022,Iolani School,21.30973,-157.80943,21.3109,-157.80879,168,172,Manoa,Manoa Marketplace,Non-native,paepae,Vertebrate,Poecilia reticulata,Rainbow Guppy,20,2 to 3,Removed from study site,NA,NA,
3/17/2022,Iolani School,21.30973,-157.80943,21.3109,-157.80879,168,172,Manoa,Manoa Marketplace,Non-native,paepae,Invertebrate,Neocaridina denticulata sinensis,Japanese Swamp Shrimp,2,2,Removed from study site,NA,NA,
3/17/2022,Iolani School,21.30973,-157.80943,21.3109,-157.80879,168,172,Manoa,Manoa Marketplace,Non-native,paepae,Invertebrate,Procambarus clarkii,Swamp Crayfish,3,1,Removed from study site,NA,NA,
3/17/2022,Iolani School,21.30973,-157.80943,21.3109,-157.80879,168,172,Manoa,Manoa Marketplace,NA,paepae,TOTAL NATIVES,7,TOTAL NON-NATIVES,1215,NA,SUMMARY,2,34.55,
3/23/2022,SaintLouisSchool,21.28831,-157.80899,21.28798,-157.80803,94,98,Palolo,Chaminade,Native,opae / A-Frame Net,Vertebrate,Awaous stamineus,oopu nakea,11,NA,Returned live to capture location,NA,NA,
3/23/2022,SaintLouisSchool,21.28831,-157.80899,21.28798,-157.80803,94,98,Palolo,Chaminade,Non-native,opae / A-Frame Net,Vertebrate,Oreochromis mossambicus,Mozambique Tilapia,3,NA,Removed from study site,NA,NA,
3/23/2022,SaintLouisSchool,21.28831,-157.80899,21.28798,-157.80803,94,98,Palolo,Chaminade,Non-native,opae / A-Frame Net,Vertebrate,Poecilia reticulata,Rainbow Guppy,50,NA,Removed from study site,NA,NA,
3/23/2022,SaintLouisSchool,21.28831,-157.80899,21.28798,-157.80803,94,98,Palolo,Chaminade,Non-native,opae / A-Frame Net,Vertebrate,Hypostomus watwata,Suckermouth Catfish / Plecostomus,22,NA,Removed from study site,NA,NA,
3/23/2022,SaintLouisSchool,21.28831,-157.80899,21.28798,-157.80803,94,98,Palolo,Chaminade,Non-native,opae / A-Frame Net,Invertebrate,Neocaridina denticulata sinensis,Japanese Swamp Shrimp,2,NA,Removed from study site,NA,NA,
3/23/2022,SaintLouisSchool,21.28831,-157.80899,21.28798,-157.80803,94,98,Palolo,Chaminade,NA,opae / A-Frame Net,TOTAL NATIVES,11,TOTAL NON-NATIVES,77,NA,SUMMARY,NA,NA,
3/29/2022,University of Hawaii at Manoa - NREM,21.33389,-157.80151,21.33431,-157.802,497,512,Manoa,Lyon Arboretum,Non-native,paepae,Vertebrate,Poecilia reticulata,Rainbow Guppy,149,2 to 3,Removed from study site,NA,NA,
3/29/2022,University of Hawaii at Manoa - NREM,21.33389,-157.80151,21.33431,-157.802,497,512,Manoa,Lyon Arboretum,Non-native,paepae,Vertebrate,Xiphophorus helleri,Green Swordtail,12,3 to 5,Removed from study site,NA,NA,
3/29/2022,University of Hawaii at Manoa - NREM,21.33389,-157.80151,21.33431,-157.802,497,512,Manoa,Lyon Arboretum,Non-native,paepae,Vertebrate,Ancistrus temminckii,Bristlenose / Bushynose Plecostomus,4,3 to 5,Removed from study site,NA,NA,
3/29/2022,University of Hawaii at Manoa - NREM,21.33389,-157.80151,21.33431,-157.802,497,512,Manoa,Lyon Arboretum,Non-native,paepae,Invertebrate,Procambarus clarkii,Swamp Crayfish,63,3 to 6,Removed from study site,NA,NA,
3/29/2022,University of Hawaii at Manoa - NREM,21.33389,-157.80151,21.33431,-157.802,497,512,Manoa,Lyon Arboretum,Non-native,paepae,Invertebrate,Neocaridina denticulata sinensis,Japanese Swamp Shrimp,222,2,Removed from study site,NA,NA,
3/29/2022,University of Hawaii at Manoa - NREM,21.33389,-157.80151,21.33431,-157.802,497,512,Manoa,Lyon Arboretum,NA,paepae,TOTAL NATIVES,0,TOTAL NON-NATIVES,450,NA,SUMMARY,1,27.30,
4/11/2022,Queen Kaahumanu Elementary,21.31161,-157.80812,21.31353,-157.80647,175,179,Manoa,Manoa Valley District Park,Native,paepae,Vertebrate,Awaous stamineus,Oopu nakea,2,"9,9",Returned live to capture location,NA,NA,
4/11/2022,Queen Kaahumanu Elementary,21.31161,-157.80812,21.31353,-157.80647,175,179,Manoa,Manoa Valley District Park,Non-native,paepae,Vertebrate,Micropterus dolomieu,Smallmouth Bass,1,16,Removed from study site,NA,NA,
4/11/2022,Queen Kaahumanu Elementary,21.31161,-157.80812,21.31353,-157.80647,175,179,Manoa,Manoa Valley District Park,Non-native,paepae,Vertebrate,Amatitlania nigrofasciata,Convict Cichlid,3,3 to 8,Removed from study site,NA,NA,
4/11/2022,Queen Kaahumanu Elementary,21.31161,-157.80812,21.31353,-157.80647,175,179,Manoa,Manoa Valley District Park,Non-native,paepae,Vertebrate,Gambusia affinis,Mosquitofish,3,2 to 4,Removed from study site,NA,NA,
4/11/2022,Queen Kaahumanu Elementary,21.31161,-157.80812,21.31353,-157.80647,175,179,Manoa,Manoa Valley District Park,Non-native,paepae,Vertebrate,Poecilia reticulata,Rainbow Guppy,34,2 to 3,Removed from study site,NA,NA,
4/11/2022,Queen Kaahumanu Elementary,21.31161,-157.80812,21.31353,-157.80647,175,179,Manoa,Manoa Valley District Park,Non-native,paepae,Vertebrate,Poecilia sphenops,Mexican Molly,6,2 to 5,Removed from study site,NA,NA,
4/11/2022,Queen Kaahumanu Elementary,21.31161,-157.80812,21.31353,-157.80647,175,179,Manoa,Manoa Valley District Park,Non-native,paepae,Vertebrate,Hypostomus watwata,Suckermouth Catfish / Plecostomus,3,5 to 15,Removed from study site,NA,NA,
4/11/2022,Queen Kaahumanu Elementary,21.31161,-157.80812,21.31353,-157.80647,175,179,Manoa,Manoa Valley District Park,Non-native,paepae,Vertebrate,Ancistrus temminckii,Bristlenose / Bushynose Plecostomus,1,5,Removed from study site,NA,NA,
4/11/2022,Queen Kaahumanu Elementary,21.31161,-157.80812,21.31353,-157.80647,175,179,Manoa,Manoa Valley District Park,Non-native,paepae,Invertebrate,Neocaridina denticulata sinensis,Japanese Swamp Shrimp,10,2,Removed from study site,NA,NA,
4/11/2022,Queen Kaahumanu Elementary,21.31161,-157.80812,21.31353,-157.80647,175,179,Manoa,Manoa Valley District Park,Non-native,paepae,Invertebrate,Procambarus clarkii,Swamp Crayfish,8,2 to 6,Removed from study site,NA,NA,
4/11/2022,Queen Kaahumanu Elementary,21.31161,-157.80812,21.31353,-157.80647,175,179,Manoa,Manoa Valley District Park,Non-native,paepae,Invertebrate,Tarebia granifera,Quilted Melania,2,2,Removed from study site,NA,NA,
4/11/2022,Queen Kaahumanu Elementary,21.31161,-157.80812,21.31353,-157.80647,175,179,Manoa,Manoa Valley District Park,Non-native,paepae,Invertebrate,Corbicula fluminea,Asiatic Clam,1,0.5,Removed from study site,NA,NA,
4/11/2022,Queen Kaahumanu Elementary,21.31161,-157.80812,21.31353,-157.80647,175,179,Manoa,Manoa Valley District Park,NA,paepae,TOTAL NATIVES,2,TOTAL NON-NATIVES,72,NA,SUMMARY,2.5,38.2,
4/15/2022,Pacific Buddhist Academy,21.32632,-157.80057,21.32674,-157.80075,298,308,Manoa,Waakaua,Non-native,paepae,Invertebrate,Procambarus clarkii,Swamp Crayfish,54,2 to 5,Removed from study site,NA,NA,
4/15/2022,Pacific Buddhist Academy,21.32632,-157.80057,21.32674,-157.80075,298,308,Manoa,Waakaua,Non-native,paepae,Vertebrate,Poecilia reticulata,Rainbow Guppy,344,1 to 3,Removed from study site,NA,NA,
4/15/2022,Pacific Buddhist Academy,21.32632,-157.80057,21.32674,-157.80075,298,308,Manoa,Waakaua,Non-native,paepae,Vertebrate,Xiphophorus helleri,Green Swordtail,59,2 to 4,Removed from study site,NA,NA,
4/15/2022,Pacific Buddhist Academy,21.32632,-157.80057,21.32674,-157.80075,298,308,Manoa,Waakaua,Non-native,paepae,Vertebrate,Ancistrus temminckii,Bristlenose / Bushynose Plecostomus,380,3 to 6,Removed from study site,NA,NA,
4/15/2022,Pacific Buddhist Academy,21.32632,-157.80057,21.32674,-157.80075,298,308,Manoa,Waakaua,Non-native,paepae,Vertebrate,Poecilia sphenops,Mexican Molly,8,2 to 4,Removed from study site,NA,NA,
4/15/2022,Pacific Buddhist Academy,21.32632,-157.80057,21.32674,-157.80075,298,308,Manoa,Waakaua,NA,paepae,TOTAL NATIVES,0,TOTAL NON-NATIVES,845,NA,SUMMARY,2,27.30,
4/21/2022,Kapolei High School,21.32826,-157.80093,21.32902,-157.80066,323,340,Manoa,Waihi (USGS Gage),Native,paepae,Vertebrate,Awaous stamineus,Oopu Nakea,1,8,Returned live to capture location,NA,NA,
4/21/2022,Kapolei High School,21.32826,-157.80093,21.32902,-157.80066,323,340,Manoa,Waihi (USGS Gage),Non-native,paepae,Vertebrate,Poecilia reticulata,Rainbow Guppy,969,1 to 4,Removed from study site,NA,NA,
4/21/2022,Kapolei High School,21.32826,-157.80093,21.32902,-157.80066,323,340,Manoa,Waihi (USGS Gage),Non-native,paepae,Vertebrate,Poecilia sphenops,Mexican Molly,2,3 to 4,Removed from study site,NA,NA,
4/21/2022,Kapolei High School,21.32826,-157.80093,21.32902,-157.80066,323,340,Manoa,Waihi (USGS Gage),Non-native,paepae,Vertebrate,Xiphophorus helleri,Green Swordtail,81,2 to 5,Removed from study site,NA,NA,
4/21/2022,Kapolei High School,21.32826,-157.80093,21.32902,-157.80066,323,340,Manoa,Waihi (USGS Gage),Non-native,paepae,Vertebrate,Ancistrus temminckii,Bristlenose / Bushynose Plecostomus,100,3 to 5,Removed from study site,NA,NA,
4/21/2022,Kapolei High School,21.32826,-157.80093,21.32902,-157.80066,323,340,Manoa,Waihi (USGS Gage),Non-native,paepae,Invertebrate,Procambarus clarkii,Swamp Crayfish,12,2 to 5,Removed from study site,NA,NA,
4/21/2022,Kapolei High School,21.32826,-157.80093,21.32902,-157.80066,323,340,Manoa,Waihi (USGS Gage),NA,paepae,TOTAL NATIVES,1,TOTAL NON-NATIVES,1164,NA,SUMMARY,1.00,38.20,
4/27/2022,Kamehameha Schools ,21.31161,-157.80812,21.31353,-157.80647,175,179,Manoa,Manoa Valley District Park,Native,opae / A-Frame Net,Vertebrate,Awaous stamineus,Oopu nakea,1,13,Returned live to capture location,NA,NA,
4/27/2022,Kamehameha Schools ,21.31161,-157.80812,21.31353,-157.80647,175,179,Manoa,Manoa Valley District Park,Non-native,opae / A-Frame Net,Vertebrate,Micropterus dolomieu,Smallmouth Bass,1,12,Removed from study site,NA,NA,
4/27/2022,Kamehameha Schools ,21.31161,-157.80812,21.31353,-157.80647,175,179,Manoa,Manoa Valley District Park,Non-native,opae / A-Frame Net,Vertebrate,Amatitlania nigrofasciata,Convict Cichlid,4,4 to 9,Removed from study site,NA,NA,
4/27/2022,Kamehameha Schools ,21.31161,-157.80812,21.31353,-157.80647,175,179,Manoa,Manoa Valley District Park,Non-native,opae / A-Frame Net,Vertebrate,Poecilia sphenops,Mexican Molly,160,1 to 4,Removed from study site,NA,NA,
4/27/2022,Kamehameha Schools ,21.31161,-157.80812,21.31353,-157.80647,175,179,Manoa,Manoa Valley District Park,Non-native,opae / A-Frame Net,Vertebrate,Poecilia reticulata,Rainbow Guppy,5,2 to 3,Removed from study site,NA,NA,
4/27/2022,Kamehameha Schools ,21.31161,-157.80812,21.31353,-157.80647,175,179,Manoa,Manoa Valley District Park,Non-native,opae / A-Frame Net,Vertebrate,Hypostomus watwata,Suckermouth Catfish / Plecostomus,5,7 to 16,Removed from study site,NA,NA,
4/27/2022,Kamehameha Schools ,21.31161,-157.80812,21.31353,-157.80647,175,179,Manoa,Manoa Valley District Park,Non-native,opae / A-Frame Net,Invertebrate,Neocaridina denticulata sinensis,Japanese Swamp Shrimp,18,2,Removed from study site,NA,NA,
4/27/2022,Kamehameha Schools ,21.31161,-157.80812,21.31353,-157.80647,175,179,Manoa,Manoa Valley District Park,Non-native,opae / A-Frame Net,Invertebrate,Procambarus clarkii,Swamp Crayfish,6,1 to 5,Removed from study site,NA,NA,
4/27/2022,Kamehameha Schools ,21.31161,-157.80812,21.31353,-157.80647,175,179,Manoa,Manoa Valley District Park,Non-native,opae / A-Frame Net,Invertebrate,Tarebia granifera,Quilted Melania,1,0.5,Removed from study site,NA,NA,
4/27/2022,Kamehameha Schools ,21.31161,-157.80812,21.31353,-157.80647,175,179,Manoa,Manoa Valley District Park,NA,opae / A-Frame Net,TOTAL NATIVES,1,TOTAL NON-NATIVES,200,NA,SUMMARY,NA,NA,
4/27/2022,Kamehameha Schools ,21.30973,-157.80943,21.3109,-157.80879,168,172,Manoa,Manoa Marketplace,Non-native,opae / A-Frame Net,Vertebrate,Hypostomus watwata,Suckermouth Catfish / Plecostomus,9,2 to 5,Removed from study site,NA,NA,
4/27/2022,Kamehameha Schools ,21.30973,-157.80943,21.3109,-157.80879,168,172,Manoa,Manoa Marketplace,Non-native,opae / A-Frame Net,Vertebrate,Poecilia sphenops,Mexican Molly,869,1 to 5,Removed from study site,NA,NA,
4/27/2022,Kamehameha Schools ,21.30973,-157.80943,21.3109,-157.80879,168,172,Manoa,Manoa Marketplace,Non-native,opae / A-Frame Net,Vertebrate,Poecilia reticulata,Rainbow Guppy,6,2 to 3,Removed from study site,NA,NA,
4/27/2022,Kamehameha Schools ,21.30973,-157.80943,21.3109,-157.80879,168,172,Manoa,Manoa Marketplace,Non-native,opae / A-Frame Net,Invertebrate,Neocaridina denticulata sinensis,Japanese Swamp Shrimp,4,2,Removed from study site,NA,NA,
4/27/2022,Kamehameha Schools ,21.30973,-157.80943,21.3109,-157.80879,168,172,Manoa,Manoa Marketplace,Non-native,opae / A-Frame Net,Invertebrate,Tarebia granifera,Quilted Melania,2,0.5 to 1,Removed from study site,NA,NA,
4/27/2022,Kamehameha Schools ,21.30973,-157.80943,21.3109,-157.80879,168,172,Manoa,Manoa Marketplace,NA,opae / A-Frame Net,TOTAL NATIVES,0,TOTAL NON-NATIVES,890,NA,SUMMARY,NA,NA,
4/28/2022,Kapolei High School,21.28810,-157.80568,21.28901,-157.80470,111,115,Palolo,Saint Louis Field,Native,paepae,Vertebrate,Awaous stamineus,Oopu nakea,4,"6, 9, 9, 10","Returned live to capture location, one death",NA,NA,
4/28/2022,Kapolei High School,21.28810,-157.80568,21.28901,-157.80470,111,115,Palolo,Saint Louis Field,Non-native,paepae,Vertebrate,Poecilia sphenops,Mexican Molly,1540,1 to 6,Removed from study site,NA,NA,
4/28/2022,Kapolei High School,21.28810,-157.80568,21.28901,-157.80470,111,115,Palolo,Saint Louis Field,Non-native,paepae,Vertebrate,Hypostomus watwata,Suckermouth Catfish / Plecostomus,1,8,Removed from study site,NA,NA,
4/28/2022,Kapolei High School,21.28810,-157.80568,21.28901,-157.80470,111,115,Palolo,Saint Louis Field,non-native,paepae,Vertebrate,Amatitlania nigrofasciata,Convict Cichlid,83,2 to 6,Removed from study site,NA,NA,
4/28/2022,Kapolei High School,21.28810,-157.80568,21.28901,-157.80470,111,115,Palolo,Saint Louis Field,non-native,paepae,Vertebrate,Oreochromis mossambicus,Mozambique Tilapia,5,2 to 14,Removed from study site,NA,NA,
4/28/2022,Kapolei High School,21.28810,-157.80568,21.28901,-157.80470,111,115,Palolo,Saint Louis Field,NA,paepae,TOTAL NATIVES,4,TOTAL NON-NATIVES,1629,NA,SUMMARY,4,38.18,
5/3/2022,Nanakuli Elementary,21.28831,-157.80899,21.28798,-157.80803,94,98,Palolo,Chaminade,Native,opae / A-Frame Net,Vertebrate,Awaous stamineus,Oopu nakea,2,3,Returned live to capture location,NA,NA,
5/3/2022,Nanakuli Elementary,21.28831,-157.80899,21.28798,-157.80803,94,98,Palolo,Chaminade,Non-native,opae / A-Frame Net,Vertebrate,Oreochromis mossambicus,Mozambique Tilapia,1,,Removed from study site,NA,NA,
5/3/2022,Nanakuli Elementary,21.28831,-157.80899,21.28798,-157.80803,94,98,Palolo,Chaminade,Non-native,opae / A-Frame Net,Vertebrate,Amatitlania nigrofasciata,Convict Cichlid,10,,Removed from study site,NA,NA,
5/3/2022,Nanakuli Elementary,21.28831,-157.80899,21.28798,-157.80803,94,98,Palolo,Chaminade,Non-native,opae / A-Frame Net,Vertebrate,Ancistrus temminckii,Bristlenose / Bushynose Plecostomus,5,,Removed from study site,NA,NA,
5/3/2022,Nanakuli Elementary,21.28831,-157.80899,21.28798,-157.80803,94,98,Palolo,Chaminade,Non-native,opae / A-Frame Net,Vertebrate,Hypostomus watwata,Suckermouth Catfish / Plecostomus,10,,Removed from study site,NA,NA,
5/3/2022,Nanakuli Elementary,21.28831,-157.80899,21.28798,-157.80803,94,98,Palolo,Chaminade,Non-native,opae / A-Frame Net,Vertebrate,Poecilia sphenops,Mexican Molly,30,,Removed from study site,NA,NA,
5/3/2022,Nanakuli Elementary,21.28831,-157.80899,21.28798,-157.80803,94,98,Palolo,Chaminade,Non-native,opae / A-Frame Net,Vertebrate,Poecilia reticulata,Rainbow Guppy,15,,Removed from study site,NA,NA,
5/3/2022,Nanakuli Elementary,21.28831,-157.80899,21.28798,-157.80803,94,98,Palolo,Chaminade,NA,opae / A-Frame Net,TOTAL NATIVES,2,TOTAL NON-NATIVES,71,NA,SUMMARY,NA,NA,
5/11/2022,Kamehameha Schools ,21.29673,-157.81367,21.29845,-157.81390,94,100,Manoa,KanewaiLoi,Non-native,paepae,Vertebrate,Hypostomus watwata,Suckermouth Catfish / Plecostomus,18,6 to 20,Removed from study site,NA,NA,
5/11/2022,Kamehameha Schools ,21.29673,-157.81367,21.29845,-157.81390,94,100,Manoa,KanewaiLoi,Non-native,paepae,Vertebrate,Poecilia sphenops,Mexican Molly,2,3 to 5,Removed from study site,NA,NA,
5/11/2022,Kamehameha Schools ,21.29673,-157.81367,21.29845,-157.81390,94,100,Manoa,KanewaiLoi,NA,paepae,TOTAL NATIVES,0,TOTAL NON-NATIVES,20,NA,SUMMARY,1.5,27.30,
5/12/2022,Kaimuki High School,21.28639,-157.81888,21.28728,-157.81799,18,19,Manoa-Palolo,Kaimuki  High School,Native,opae / A-Frame Net,Vertebrate,Stenogobius hawaiiensis,Oopu Naniha,39,,Returned live to capture location,NA,NA,
5/12/2022,Kaimuki High School,21.28639,-157.81888,21.28728,-157.81799,18,19,Manoa-Palolo,Kaimuki  High School,Native,opae / A-Frame Net,Vertebrate,Eleotris sandwicensis,Oopu Akupa,3,,Returned live to capture location,NA,NA,
5/12/2022,Kaimuki High School,21.28639,-157.81888,21.28728,-157.81799,18,19,Manoa-Palolo,Kaimuki  High School,Native,opae / A-Frame Net,Vertebrate,Kuhlia xenura,Aholehole / Hawaiian Flagtail,15,,Returned live to capture location,NA,NA,
5/12/2022,Kaimuki High School,21.28639,-157.81888,21.28728,-157.81799,18,19,Manoa-Palolo,Kaimuki  High School,Native,opae / A-Frame Net,Vertebrate,Mugil cephalus,Amaama / Striped Mullet,5,,Returned live to capture location,NA,NA,
5/12/2022,Kaimuki High School,21.28639,-157.81888,21.28728,-157.81799,18,19,Manoa-Palolo,Kaimuki  High School,Native,opae / A-Frame Net,Invertebrate,Macrobrachium grandimanus,Opae Oehaa,3,,Returned live to capture location,NA,NA,
5/12/2022,Kaimuki High School,21.28639,-157.81888,21.28728,-157.81799,18,19,Manoa-Palolo,Kaimuki  High School,Native,opae / A-Frame Net,Invertebrate,Neritina vespertina,Hapawai,6,,Returned live to capture location,NA,NA,
5/12/2022,Kaimuki High School,21.28639,-157.81888,21.28728,-157.81799,18,19,Manoa-Palolo,Kaimuki  High School,Non-Native,opae / A-Frame Net,Vertebrate,Amatitlania nigrofasciata,Convict Cichlid,4,,Removed from study site,NA,NA,
5/12/2022,Kaimuki High School,21.28639,-157.81888,21.28728,-157.81799,18,19,Manoa-Palolo,Kaimuki  High School,Non-Native,opae / A-Frame Net,Vertebrate,Poecilia sphenops,Mexican Molly,33,,Removed from study site,NA,NA,
5/12/2022,Kaimuki High School,21.28639,-157.81888,21.28728,-157.81799,18,19,Manoa-Palolo,Kaimuki  High School,Non-Native,opae / A-Frame Net,Vertebrate,Hypostomus watwata,Suckermouth Catfish / Plecostomus,23,,Removed from study site,NA,NA,
5/12/2022,Kaimuki High School,21.28639,-157.81888,21.28728,-157.81799,18,19,Manoa-Palolo,Kaimuki  High School,Non-Native,opae / A-Frame Net,Vertebrate,Oreochromis mossambicus,Mozambique Tilapia,1,,Removed from study site,NA,NA,
5/12/2022,Kaimuki High School,21.28639,-157.81888,21.28728,-157.81799,18,19,Manoa-Palolo,Kaimuki  High School,Non-Native,opae / A-Frame Net,Vertebrate,Sarotherodon melanotheron,Black Chin Tilapia,1,,Removed from study site,NA,NA,
5/12/2022,Kaimuki High School,21.28639,-157.81888,21.28728,-157.81799,18,19,Manoa-Palolo,Kaimuki  High School,NA,opae / A-Frame Net,TOTAL NATIVES,71,TOTAL NON-NATIVES,62,NA,SUMMARY,NA,NA,
5/16/2022,Kaimuki High School,21.28831,-157.80899,21.28798,-157.80803,94,98,Palolo,Chaminade,Native,opae / A-Frame Net,Vertebrate,Awaous stamineus,Oopu nakea,10,"4, 8, and 9",Returned live to capture location,NA,NA,
5/16/2022,Kaimuki High School,21.28831,-157.80899,21.28798,-157.80803,94,98,Palolo,Chaminade,Native,opae / A-Frame Net,Vertebrate,Sicyopterus stimpsoni,Oopu nopili,1,6,Returned live to capture location,NA,NA,
5/16/2022,Kaimuki High School,21.28831,-157.80899,21.28798,-157.80803,94,98,Palolo,Chaminade,Non-native,opae / A-Frame Net,Vertebrate,Amatitlania nigrofasciata,Convict Cichlid,75,,Removed from study site,NA,NA,
5/16/2022,Kaimuki High School,21.28831,-157.80899,21.28798,-157.80803,94,98,Palolo,Chaminade,Non-native,opae / A-Frame Net,Vertebrate,Ancistrus temminckii,Bristlenose / Bushynose Plecostomus,33,,Removed from study site,NA,NA,
5/16/2022,Kaimuki High School,21.28831,-157.80899,21.28798,-157.80803,94,98,Palolo,Chaminade,Non-native,opae / A-Frame Net,Vertebrate,Hypostomus watwata,Suckermouth Catfish / Plecostomus,45,,Removed from study site,NA,NA,
5/16/2022,Kaimuki High School,21.28831,-157.80899,21.28798,-157.80803,94,98,Palolo,Chaminade,Non-native,opae / A-Frame Net,Vertebrate,Poecilia sphenops,Mexican Molly,193,,Removed from study site,NA,NA,
5/16/2022,Kaimuki High School,21.28831,-157.80899,21.28798,-157.80803,94,98,Palolo,Chaminade,Non-native,opae / A-Frame Net,Vertebrate,Poecilia reticulata,Rainbow Guppy,98,,Removed from study site,NA,NA,
5/16/2022,Kaimuki High School,21.28831,-157.80899,21.28798,-157.80803,94,98,Palolo,Chaminade,NA,opae / A-Frame Net,TOTAL NATIVES,11,TOTAL NON-NATIVES,444,NA,SUMMARY,NA,NA,
5/17/2022,Hauula Elementary,21.30793,-157.80914,21.30862,-157.80945,161,168,Manoa,Noelani Elementary,Native,paepae,Vertebrate,Awaous stamineus,oopu nakea,1,4,Returned live to capture location,NA,NA,
5/17/2022,Hauula Elementary,21.30793,-157.80914,21.30862,-157.80945,161,168,Manoa,Noelani Elementary,Non-native,paepae,Vertebrate,Hypostomus watwata,Suckermouth Catfish / Plecostomus,32,3 to 16,Removed from study site,NA,NA,
5/17/2022,Hauula Elementary,21.30793,-157.80914,21.30862,-157.80945,161,168,Manoa,Noelani Elementary,Non-native,paepae,Vertebrate,Ancistrus temminckii,Bristlenose / Bushynose Plecostomus,6,2 to 5,Removed from study site,NA,NA,
5/17/2022,Hauula Elementary,21.30793,-157.80914,21.30862,-157.80945,161,168,Manoa,Noelani Elementary,Non-native,paepae,Vertebrate,Poecilia sphenops,Mexican Molly,17,2 to 4,Removed from study site,NA,NA,
5/17/2022,Hauula Elementary,21.30793,-157.80914,21.30862,-157.80945,161,168,Manoa,Noelani Elementary,Non-native,paepae,Vertebrate,Poecilia reticulata,Rainbow Guppy,3,1 to 4,Removed from study site,NA,NA,
5/17/2022,Hauula Elementary,21.30793,-157.80914,21.30862,-157.80945,161,168,Manoa,Noelani Elementary,Non-native,paepae,Vertebrate,Amatitlania nigrofasciata,Convict Cichlid,5,2 to 5,Removed from study site,NA,NA,
5/17/2022,Hauula Elementary,21.30793,-157.80914,21.30862,-157.80945,161,168,Manoa,Noelani Elementary,Non-native,paepae,Vertebrate,Micropterus dolomieu,Smallmouth Bass,2,3,Removed from study site,NA,NA,
5/17/2022,Hauula Elementary,21.30793,-157.80914,21.30862,-157.80945,161,168,Manoa,Noelani Elementary,Non-native,paepae,Invertebrate,Procambarus clarkii,Swamp Crayfish,5,3 to 6,Removed from study site,NA,NA,
5/17/2022,Hauula Elementary,21.30793,-157.80914,21.30862,-157.80945,161,168,Manoa,Noelani Elementary,Non-native,paepae,Invertebrate,Tarebia granifera,Quilted Melania,18,0.5 to 1,Removed from study site,NA,NA,
5/17/2022,Hauula Elementary,21.30793,-157.80914,21.30862,-157.80945,161,168,Manoa,Noelani Elementary,Non-native,paepae,Invertebrate,Neocaridina denticulata sinensis,Japanese Swamp Shrimp,1,2,Removed from study site,NA,NA,
5/17/2022,Hauula Elementary,21.30793,-157.80914,21.30862,-157.80945,161,168,Manoa,Noelani Elementary,NA,paepae,TOTAL NATIVES,1,TOTAL NON-NATIVES,89,NA,SUMMARY,1,30.91,
5/18/2022,Kamehameha Schools ,21.30973,-157.80943,21.3109,-157.80879,168,172,Manoa,Manoa Marketplace,Non-native,Opae / A-Frame Net,Vertebrate,Ancistrus temminckii,Bristlenose / Bushynose Plecostomus,6,2 to 3,Removed from study site,NA,NA,
5/18/2022,Kamehameha Schools ,21.30973,-157.80943,21.3109,-157.80879,168,172,Manoa,Manoa Marketplace,Non-native,Opae / A-Frame Net,Vertebrate,Poecilia sphenops,Mexican Molly,1010,2 to 6,Removed from study site,NA,NA,
5/18/2022,Kamehameha Schools ,21.30973,-157.80943,21.3109,-157.80879,168,172,Manoa,Manoa Marketplace,Non-native,Opae / A-Frame Net,Vertebrate,Poecilia reticulata,Rainbow Guppy,4,2 to 3,Removed from study site,NA,NA,
5/18/2022,Kamehameha Schools ,21.30973,-157.80943,21.3109,-157.80879,168,172,Manoa,Manoa Marketplace,Non-native,Opae / A-Frame Net,Invertebrate,Neocaridina denticulata sinensis,Japanese Swamp Shrimp,8,2,Removed from study site,NA,NA,
5/18/2022,Kamehameha Schools ,21.30973,-157.80943,21.3109,-157.80879,168,172,Manoa,Manoa Marketplace,NA,Opae / A-Frame Net,TOTAL NATIVES,0,TOTAL NON-NATIVES,1028,NA,SUMMARY,NA,NA,
6/3/2022,NREM hydrology Lab,21.29637,-157.83667,21.29710,-157.83662,22,25,Makiki,Washington Middle School,Native,paepae,Vertebrate,Stenogobius hawaiiensis,Oopu naniha,10,5 to 9,Returned live to capture location,NA,NA,
6/3/2022,NREM hydrology Lab,21.29637,-157.83667,21.29710,-157.83662,22,25,Makiki,Washington Middle School,Native,paepae,Vertebrate,Eleotris sandwicensis,Oopu akupa,1,10,Returned live to capture location,NA,NA,
6/3/2022,NREM hydrology Lab,21.29637,-157.83667,21.29710,-157.83662,22,25,Makiki,Washington Middle School,Native,paepae,Vertebrate,Awaous stamineus,Oopu nakea,2,"8, 10",Returned live to capture location,NA,NA,
6/3/2022,NREM hydrology Lab,21.29637,-157.83667,21.29710,-157.83662,22,25,Makiki,Washington Middle School,Native,paepae,Vertebrate,Sicyopterus stimpsoni,Oopu nopili,2,"5, 7",Returned live to capture location,NA,NA,
6/3/2022,NREM hydrology Lab,21.29637,-157.83667,21.29710,-157.83662,22,25,Makiki,Washington Middle School,Non-native,paepae,Vertebrate,Amatitlania nigrofasciata,Convict Cichlid,18,4 to 12,Removed from study site,NA,NA,
6/3/2022,NREM hydrology Lab,21.29637,-157.83667,21.29710,-157.83662,22,25,Makiki,Washington Middle School,Non-native,paepae,Vertebrate,Hypostomus watwata,Suckermouth Catfish / Plecostomus,14,8 to 28,Removed from study site,NA,NA,
6/3/2022,NREM hydrology Lab,21.29637,-157.83667,21.29710,-157.83662,22,25,Makiki,Washington Middle School,Non-native,paepae,Vertebrate,Ancistrus temminckii,Bristlenose / Bushynose Plecostomus,1,7,Removed from study site,NA,NA,
6/3/2022,NREM hydrology Lab,21.29637,-157.83667,21.29710,-157.83662,22,25,Makiki,Washington Middle School,Non-native,paepae,Vertebrate,Poecilia reticulata,Rainbow Guppy,16,2 to 3,Removed from study site,NA,NA,
6/3/2022,NREM hydrology Lab,21.29637,-157.83667,21.29710,-157.83662,22,25,Makiki,Washington Middle School,Non-native,paepae,Vertebrate,Poecilia sphenops,Mexican Molly,192,2 to 8,Removed from study site,NA,NA,
6/3/2022,NREM hydrology Lab,21.29637,-157.83667,21.29710,-157.83662,22,25,Makiki,Washington Middle School,NA,paepae,TOTAL NATIVES,15,TOTAL NON-NATIVES,245,NA,SUMMARY,3,45.45,
6/13/2022,University Laboratory School,21.31161,-157.80812,21.31353,-157.80647,175,179,Manoa,Manoa Valley District Park,Native,paepae,Vertebrate,Awaous stamineus,Oopu nakea,1,4,Returned live to capture location,NA,NA,
6/13/2022,University Laboratory School,21.31161,-157.80812,21.31353,-157.80647,175,179,Manoa,Manoa Valley District Park,Non-native,paepae,Vertebrate,Micropterus dolomieu,Smallmouth Bass,25,3 to 22,Removed from study site,NA,NA,
6/13/2022,University Laboratory School,21.31161,-157.80812,21.31353,-157.80647,175,179,Manoa,Manoa Valley District Park,Non-native,paepae,Vertebrate,Amatitlania nigrofasciata,Convict Cichlid,8,2 to 9,Removed from study site,NA,NA,
6/13/2022,University Laboratory School,21.31161,-157.80812,21.31353,-157.80647,175,179,Manoa,Manoa Valley District Park,Non-native,paepae,Vertebrate,Poecilia sphenops,Mexican Molly,13,2 to 6,Removed from study site,NA,NA,
6/13/2022,University Laboratory School,21.31161,-157.80812,21.31353,-157.80647,175,179,Manoa,Manoa Valley District Park,Non-native,paepae,Vertebrate,Poecilia reticulata,Rainbow Guppy,10,2 to 3,Removed from study site,NA,NA,
6/13/2022,University Laboratory School,21.31161,-157.80812,21.31353,-157.80647,175,179,Manoa,Manoa Valley District Park,Non-native,paepae,Vertebrate,Gambusia affinis,Mosquitofish,2,2 to 3,Removed from study site,NA,NA,
6/13/2022,University Laboratory School,21.31161,-157.80812,21.31353,-157.80647,175,179,Manoa,Manoa Valley District Park,Non-native,paepae,Vertebrate,Hypostomus watwata,Suckermouth Catfish / Plecostomus,5,10 to 20,Removed from study site,NA,NA,
6/13/2022,University Laboratory School,21.31161,-157.80812,21.31353,-157.80647,175,179,Manoa,Manoa Valley District Park,Non-native,paepae,Vertebrate,Ancistrus temminckii,Bristlenose / Bushynose Plecostomus,3,1 to 4,Removed from study site,NA,NA,
6/13/2022,University Laboratory School,21.31161,-157.80812,21.31353,-157.80647,175,179,Manoa,Manoa Valley District Park,Non-native,paepae,Invertebrate,Neocaridina denticulata sinensis,Japanese Swamp Shrimp,6,1 to 2,Removed from study site,NA,NA,
6/13/2022,University Laboratory School,21.31161,-157.80812,21.31353,-157.80647,175,179,Manoa,Manoa Valley District Park,Non-native,paepae,Invertebrate,Procambarus clarkii,Swamp Crayfish,9,1 to 6,Removed from study site,NA,NA,
6/13/2022,University Laboratory School,21.31161,-157.80812,21.31353,-157.80647,175,179,Manoa,Manoa Valley District Park,NA,paepae,TOTAL NATIVES,1,TOTAL NON-NATIVES,81,NA,SUMMARY,3.5,30.91,
6/14/2022,University Laboratory School,21.30973,-157.80943,21.3109,-157.80879,168,172,Manoa,Manoa Marketplace,Native,paepae,Vertebrate,Awaous stamineus,Oopu nakea,3,"4, 4, and 8",Returned Live to capture location,NA,NA,
6/14/2022,University Laboratory School,21.30973,-157.80943,21.3109,-157.80879,168,172,Manoa,Manoa Marketplace,Non-native,paepae,Vertebrate,Hypostomus watwata,Suckermouth Catfish / Plecostomus,1,4,Removed from study site,NA,NA,
6/14/2022,University Laboratory School,21.30973,-157.80943,21.3109,-157.80879,168,172,Manoa,Manoa Marketplace,Non-native,paepae,Vertebrate,Ancistrus temminckii,Bristlenose / Bushynose Plecostomus,7,2 to 4,Removed from study site,NA,NA,
6/14/2022,University Laboratory School,21.30973,-157.80943,21.3109,-157.80879,168,172,Manoa,Manoa Marketplace,Non-native,paepae,Vertebrate,Poecilia sphenops,Mexican Molly,310,1 to 5,Removed from study site,NA,NA,
6/14/2022,University Laboratory School,21.30973,-157.80943,21.3109,-157.80879,168,172,Manoa,Manoa Marketplace,Non-native,paepae,Vertebrate,Poecilia reticulata,Rainbow Guppy,5,2 to 3,Removed from study site,NA,NA,
6/14/2022,University Laboratory School,21.30973,-157.80943,21.3109,-157.80879,168,172,Manoa,Manoa Marketplace,Non-native,paepae,Vertebrate,Micropterus dolomieu,Smallmouth Bass,1,4,Removed from study site,NA,NA,
6/14/2022,University Laboratory School,21.30973,-157.80943,21.3109,-157.80879,168,172,Manoa,Manoa Marketplace,Non-native,paepae,Invertebrate,Procambarus clarkii,Swamp Crayfish,1,3,Removed from study site,NA,NA,
6/14/2022,University Laboratory School,21.30973,-157.80943,21.3109,-157.80879,168,172,Manoa,Manoa Marketplace,Non-native,paepae,Invertebrate,Tarebia granifera,Quilted Melania,3,0.5 to 1,Removed from study site,NA,NA,
6/14/2022,University Laboratory School,21.30973,-157.80943,21.3109,-157.80879,168,172,Manoa,Manoa Marketplace,NA,paepae,TOTAL NATIVES,3,TOTAL NON-NATIVES,328,NA,SUMMARY,1,30.91,
6/16/2022,KUPU,21.30793,-157.80914,21.30862,-157.80945,161,168,Manoa,Noelani Elementary,Non-native,paepae,Vertebrate,Hypostomus watwata,Suckermouth Catfish / Plecostomus,34,3 to 16,Removed from study site,NA,NA,
6/16/2022,KUPU,21.30793,-157.80914,21.30862,-157.80945,161,168,Manoa,Noelani Elementary,Non-native,paepae,Vertebrate,Micropterus dolomieu,Smallmouth Bass,3,4 to 28,Removed from study site,NA,NA,
6/16/2022,KUPU,21.30793,-157.80914,21.30862,-157.80945,161,168,Manoa,Noelani Elementary,Non-native,paepae,Vertebrate,Poecilia sphenops,Mexican Molly,10,2 to 5,Removed from study site,NA,NA,
6/16/2022,KUPU,21.30793,-157.80914,21.30862,-157.80945,161,168,Manoa,Noelani Elementary,Non-native,paepae,Vertebrate,Gambusia affinis,Mosquitofish,5,2 to 4,Removed from study site,NA,NA,
6/16/2022,KUPU,21.30793,-157.80914,21.30862,-157.80945,161,168,Manoa,Noelani Elementary,Non-native,paepae,Vertebrate,Amatitlania nigrofasciata,Convict Cichlid,1,3,Removed from study site,NA,NA,
6/16/2022,KUPU,21.30793,-157.80914,21.30862,-157.80945,161,168,Manoa,Noelani Elementary,Non-native,paepae,Invertebrate,Tarebia granifera,Quilted Melania,4,0.5 to 1,Removed from study site,NA,NA,
6/16/2022,KUPU,21.30793,-157.80914,21.30862,-157.80945,161,168,Manoa,Noelani Elementary,Non-native,paepae,Invertebrate,Melanoides tuberculata,Malaysian Trumpet Snail,2,1,Removed from study site,NA,NA,
6/16/2022,KUPU,21.30793,-157.80914,21.30862,-157.80945,161,168,Manoa,Noelani Elementary,Non-native,paepae,Invertebrate,Neocaridina denticulata sinensis,Japanese Swamp Shrimp,2,2,Removed from study site,NA,NA,
6/16/2022,KUPU,21.30793,-157.80914,21.30862,-157.80945,161,168,Manoa,Noelani Elementary,NA,paepae,TOTAL NATIVES,0,TOTAL NON-NATIVES,61,NA,SUMMARY,1.5,27.27,
6/21/2022,Washington Middle School,21.29673,-157.81367,21.29845,-157.81390,94,100,Manoa,KanewaiLoi,Native,paepae,Vertebrate,Sicyopterus stimpsoni,Oopu nopili,1,4,Returned Live to capture location,NA,NA,
6/21/2022,Washington Middle School,21.29673,-157.81367,21.29845,-157.81390,94,100,Manoa,KanewaiLoi,Non-native,paepae,Vertebrate,Hypostomus watwata,Suckermouth Catfish / Plecostomus,16,6 to 20,Removed from study site,NA,NA,
6/21/2022,Washington Middle School,21.29673,-157.81367,21.29845,-157.81390,94,100,Manoa,KanewaiLoi,Non-native,paepae,Vertebrate,Poecilia sphenops,Mexican Molly,1,4,Removed from study site,NA,NA,
6/21/2022,Washington Middle School,21.29673,-157.81367,21.29845,-157.81390,94,100,Manoa,KanewaiLoi,Non-native,paepae,Vertebrate,Poecilia reticulata,Rainbow Guppy,21,2 to 3,Removed from study site,NA,NA,
6/21/2022,Washington Middle School,21.29673,-157.81367,21.29845,-157.81390,94,100,Manoa,KanewaiLoi,Non-native,paepae,Invertebrate,Macrobrachium lar,Tahitian Prawn,1,13,Removed from study site,NA,NA,
6/21/2022,Washington Middle School,21.29673,-157.81367,21.29845,-157.81390,94,100,Manoa,KanewaiLoi,Non-native,paepae,Invertebrate,Tarebia granifera,Quilted Melania,3,0.5 to 1,Removed from study site,NA,NA,
6/21/2022,Washington Middle School,21.29673,-157.81367,21.29845,-157.81390,94,100,Manoa,KanewaiLoi,Non-native,paepae,Invertebrate,Physa sp.,Pond Snail,1,0.5,Removed from study site,NA,NA,
6/21/2022,Washington Middle School,21.29673,-157.81367,21.29845,-157.81390,94,100,Manoa,KanewaiLoi,NA,paepae,TOTAL NATIVES,1,TOTAL NON-NATIVES,43,NA,SUMMARY,1.5,34.55,
6/23/2022,KUPU,21.30460,-157.79045,21.30500,-157.78978,309,333,Palolo,Anuenue School,Non-native,paepae,Vertebrate,Poecilia reticulata,Rainbow Guppy,209,2 to 3,Removed from study site,NA,NA,
6/23/2022,KUPU,21.30460,-157.79045,21.30500,-157.78978,309,333,Palolo,Anuenue School,Non-native,paepae,Vertebrate,Poecilia sphenops,Mexican Molly,42,3 to 5,Removed from study site,NA,NA,
6/23/2022,KUPU,21.30460,-157.79045,21.30500,-157.78978,309,333,Palolo,Anuenue School,Non-native,paepae,Vertebrate,Xiphophorus helleri,Green Swordtail,3,3 to 5,Removed from study site,NA,NA,
6/23/2022,KUPU,21.30460,-157.79045,21.30500,-157.78978,309,333,Palolo,Anuenue School,Non-native,paepae,Vertebrate,Ancistrus temminckii,Bristlenose / Bushynose Plecostomus,13,2 to 6,Removed from study site,NA,NA,
6/23/2022,KUPU,21.30460,-157.79045,21.30500,-157.78978,309,333,Palolo,Anuenue School,Non-native,paepae,Invertebrate,Melanoides tuberculata,Malaysian Trumpet Snail,5,1 to 2,Removed from study site,NA,NA,
6/23/2022,KUPU,21.30460,-157.79045,21.30500,-157.78978,309,333,Palolo,Anuenue School,Non-native,paepae,Invertebrate,Tarebia granifera,Quilted Melania,8,0.5 to 1,Removed from study site,NA,NA,
6/23/2022,KUPU,21.30460,-157.79045,21.30500,-157.78978,309,333,Palolo,Anuenue School,Non-native,paepae,Invertebrate,Procambarus clarkii,Swamp Crayfish,15,2 to 6,Removed from study site,NA,NA,
6/23/2022,KUPU,21.30460,-157.79045,21.30500,-157.78978,309,333,Palolo,Anuenue School,Non-native,paepae,Invertebrate,Neocaridina denticulata sinensis,Japanese Swamp Shrimp,1,2,Removed from study site,NA,NA,
6/23/2022,KUPU,21.30460,-157.79045,21.30500,-157.78978,309,333,Palolo,Anuenue School,NA,paepae,TOTAL NATIVES,0,TOTAL NON-NATIVES,296,NA,SUMMARY,0.1,27.27,
6/30/2022,KUPU,21.31161,-157.80812,21.31353,-157.80647,175,179,Manoa,Manoa Valley District Park,Native,paepae,Vertebrate,Awaous stamineus,Oopu nakea,1,4,Returned live to capture location,NA,NA,
6/30/2022,KUPU,21.31161,-157.80812,21.31353,-157.80647,175,179,Manoa,Manoa Valley District Park,Non-native,paepae,Vertebrate,Micropterus dolomieu,Smallmouth Bass,11,3 to 22,Removed from study site,NA,NA,
6/30/2022,KUPU,21.31161,-157.80812,21.31353,-157.80647,175,179,Manoa,Manoa Valley District Park,Non-native,paepae,Vertebrate,Amatitlania nigrofasciata,Convict Cichlid,17,2 to 9,Removed from study site,NA,NA,
6/30/2022,KUPU,21.31161,-157.80812,21.31353,-157.80647,175,179,Manoa,Manoa Valley District Park,Non-native,paepae,Vertebrate,Poecilia sphenops,Mexican Molly,5,2 to 6,Removed from study site,NA,NA,
6/30/2022,KUPU,21.31161,-157.80812,21.31353,-157.80647,175,179,Manoa,Manoa Valley District Park,Non-native,paepae,Vertebrate,Poecilia reticulata,Rainbow Guppy,26,2 to 3,Removed from study site,NA,NA,
6/30/2022,KUPU,21.31161,-157.80812,21.31353,-157.80647,175,179,Manoa,Manoa Valley District Park,Non-native,paepae,Vertebrate,Gambusia affinis,Mosquitofish,4,2 to 3,Removed from study site,NA,NA,
6/30/2022,KUPU,21.31161,-157.80812,21.31353,-157.80647,175,179,Manoa,Manoa Valley District Park,Non-native,paepae,Vertebrate,Hypostomus watwata,Suckermouth Catfish / Plecostomus,7,10 to 20,Removed from study site,NA,NA,
6/30/2022,KUPU,21.31161,-157.80812,21.31353,-157.80647,175,179,Manoa,Manoa Valley District Park,Non-native,paepae,Vertebrate,Ancistrus temminckii,Bristlenose / Bushynose Plecostomus,2,1 to 4,Removed from study site,NA,NA,
6/30/2022,KUPU,21.31161,-157.80812,21.31353,-157.80647,175,179,Manoa,Manoa Valley District Park,Non-native,paepae,Invertebrate,Neocaridina denticulata sinensis,Japanese Swamp Shrimp,5,1 to 2,Removed from study site,NA,NA,
6/30/2022,KUPU,21.31161,-157.80812,21.31353,-157.80647,175,179,Manoa,Manoa Valley District Park,Non-native,paepae,Invertebrate,Procambarus clarkii,Swamp Crayfish,11,1 to 6,Removed from study site,NA,NA,
6/30/2022,KUPU,21.31161,-157.80812,21.31353,-157.80647,175,179,Manoa,Manoa Valley District Park,Non-native,paepae,Invertebrate,Melanoides tuberculata,Malaysian Trumpet Snail,37,0.5 to 1.5,Removed from study site,NA,NA,
6/30/2022,KUPU,21.31161,-157.80812,21.31353,-157.80647,175,179,Manoa,Manoa Valley District Park,Non-native,paepae,Invertebrate,Tarebia granifera,Quilted Melania,47,0.5 to 1.0,Removed from study site,NA,NA,
6/30/2022,KUPU,21.31161,-157.80812,21.31353,-157.80647,175,179,Manoa,Manoa Valley District Park,NA,paepae,TOTAL NATIVES,1,TOTAL NON-NATIVES,172,NA,SUMMARY,2,30.91,
8/25/2022,Halau Ku Mana,21.31284,-157.82912,21.31402,-157.82866,250,272,Makiki,Halau Ku Mana,Native,paepae,Vertebrate,Awaous stamineus,Oopu nakea,1,5,Died during capture,NA,NA,
8/25/2022,Halau Ku Mana,21.31284,-157.82912,21.31402,-157.82866,250,272,Makiki,Halau Ku Mana,Non-native,paepae,Vertebrate,Poecilia reticulata,Rainbow Guppy,230,2 to 3,Removed from study site,NA,NA,
8/25/2022,Halau Ku Mana,21.31284,-157.82912,21.31402,-157.82866,250,272,Makiki,Halau Ku Mana,Non-native,paepae,Vertebrate,Poecilia sphenops,Mexican Molly,10,2 to 5,Removed from study site,NA,NA,
8/25/2022,Halau Ku Mana,21.31284,-157.82912,21.31402,-157.82866,250,272,Makiki,Halau Ku Mana,Non-native,paepae,Vertebrate,Ancistrus temminckii,Bristlenose / Bushynose Plecostomus,3,2 to 4,Removed from study site,NA,NA,
8/25/2022,Halau Ku Mana,21.31284,-157.82912,21.31402,-157.82866,250,272,Makiki,Halau Ku Mana,Non-native,paepae,Invertebrate,Macrobrachium lar,Tahitian Prawn,8,3 to 14,Removed from study site,NA,NA,
8/25/2022,Halau Ku Mana,21.31284,-157.82912,21.31402,-157.82866,250,272,Makiki,Halau Ku Mana,Non-native,paepae,Invertebrate,Neocaridina denticulata sinensis,Japanese Swamp Shrimp,69,1 to 2,Removed from study site,NA,NA,
8/25/2022,Halau Ku Mana,21.31284,-157.82912,21.31402,-157.82866,250,272,Makiki,Halau Ku Mana,NA,paepae,TOTAL NATIVES,1,TOTAL NON-NATIVES,320,NA,SUMMARY,0.5,30.91,
8/26/2022,University of Hawaii at Manoa - Osaka Outreach College,21.29673,-157.81367,21.29845,-157.81390,94,100,Manoa,KanewaiLoi,Non-native,paepae,Vertebrate,Ancistrus temminckii,Bristlenose / Bushynose Plecostomus,1,4,Removed from study site,NA,NA,
8/26/2022,University of Hawaii at Manoa - Osaka Outreach College,21.29673,-157.81367,21.29845,-157.81390,94,100,Manoa,KanewaiLoi,Non-native,paepae,Vertebrate,Hypostomus watwata,Suckermouth Catfish / Plecostomus,7,5 to 18,Removed from study site,NA,NA,
8/26/2022,University of Hawaii at Manoa - Osaka Outreach College,21.29673,-157.81367,21.29845,-157.81390,94,100,Manoa,KanewaiLoi,Non-native,paepae,Vertebrate,Gambusia affinis,Mosquitofish,2,3 to 4,Removed from study site,NA,NA,
8/26/2022,University of Hawaii at Manoa - Osaka Outreach College,21.29673,-157.81367,21.29845,-157.81390,94,100,Manoa,KanewaiLoi,Non-native,paepae,Vertebrate,Poecilia reticulata,Rainbow Guppy,7,2 to 3,Removed from study site,NA,NA,
8/26/2022,University of Hawaii at Manoa - Osaka Outreach College,21.29673,-157.81367,21.29845,-157.81390,94,100,Manoa,KanewaiLoi,Non-native,paepae,Vertebrate,Micropterus dolomieu,Smallmouth Bass,3,6 to 8,Removed from study site,NA,NA,
8/26/2022,University of Hawaii at Manoa - Osaka Outreach College,21.29673,-157.81367,21.29845,-157.81390,94,100,Manoa,KanewaiLoi,Non-native,paepae,Invertebrate,Procambarus clarkii,Swamp Crayfish,1,5,Removed from study site,NA,NA,
8/26/2022,University of Hawaii at Manoa - Osaka Outreach College,21.29673,-157.81367,21.29845,-157.81390,94,100,Manoa,KanewaiLoi,NA,paepae,TOTAL NATIVES,0,TOTAL NON-NATIVES,21,NA,SUMMARY,0.5,27.27,
9/1/2022,Chaminade University,21.28831,-157.80899,21.28798,-157.80803,94,98,Palolo,Chaminade,Native,paepae,Vertebrate,Awaous stamineus,Oopu nakea,3,"5, 10, 13",Returned live to capture location,NA,NA,
9/1/2022,Chaminade University,21.28831,-157.80899,21.28798,-157.80803,94,98,Palolo,Chaminade,Non-native,paepae,Vertebrate,Amatitlania nigrofasciata,Convict Cichlid,72,2 to 9,Removed from study site,NA,NA,
9/1/2022,Chaminade University,21.28831,-157.80899,21.28798,-157.80803,94,98,Palolo,Chaminade,Non-native,paepae,Vertebrate,Ancistrus temminckii,Bristlenose / Bushynose Plecostomus,22,3 to 8,Removed from study site,NA,NA,
9/1/2022,Chaminade University,21.28831,-157.80899,21.28798,-157.80803,94,98,Palolo,Chaminade,Non-native,paepae,Vertebrate,Hypostomus watwata,Suckermouth Catfish / Plecostomus,10,4 to 22,Removed from study site,NA,NA,
9/1/2022,Chaminade University,21.28831,-157.80899,21.28798,-157.80803,94,98,Palolo,Chaminade,Non-native,paepae,Vertebrate,Poecilia sphenops,Mexican Molly,229,2 to 6,Removed from study site,NA,NA,
9/1/2022,Chaminade University,21.28831,-157.80899,21.28798,-157.80803,94,98,Palolo,Chaminade,Non-native,paepae,Vertebrate,Poecilia reticulata,Rainbow Guppy,130,2 to 3,Removed from study site,NA,NA,
9/1/2022,Chaminade University,21.28831,-157.80899,21.28798,-157.80803,94,98,Palolo,Chaminade,Non-native,paepae,Invertebrate,Tarebia granifera,Quilted Melania,1,2,Removed from study site,NA,NA,
9/1/2022,Chaminade University,21.28831,-157.80899,21.28798,-157.80803,94,98,Palolo,Chaminade,NA,paepae,TOTAL NATIVES,3,TOTAL NON-NATIVES,464,NA,SUMMARY,2,38.18,
9/9/2022,Anuenue School,21.28831,-157.80899,21.28798,-157.80803,94,98,Palolo,Chaminade,Native,opae / A-Frame Net,Vertebrate,Awaous stamineus,Oopu nakea,1,5,Returned live to capture location,NA,NA,
9/9/2022,Anuenue School,21.28831,-157.80899,21.28798,-157.80803,94,98,Palolo,Chaminade,Non-native,opae / A-Frame Net,Vertebrate,Amatitlania nigrofasciata,Convict Cichlid,16,2 to 9,Removed from study site,NA,NA,
9/9/2022,Anuenue School,21.28831,-157.80899,21.28798,-157.80803,94,98,Palolo,Chaminade,Non-native,opae / A-Frame Net,Vertebrate,Ancistrus temminckii,Bristlenose / Bushynose Plecostomus,21,3 to 8,Removed from study site,NA,NA,
9/9/2022,Anuenue School,21.28831,-157.80899,21.28798,-157.80803,94,98,Palolo,Chaminade,Non-native,opae / A-Frame Net,Vertebrate,Hypostomus watwata,Suckermouth Catfish / Plecostomus,35,4 to 22,Removed from study site,NA,NA,
9/9/2022,Anuenue School,21.28831,-157.80899,21.28798,-157.80803,94,98,Palolo,Chaminade,Non-native,opae / A-Frame Net,Vertebrate,Poecilia sphenops,Mexican Molly,95,2 to 6,Removed from study site,NA,NA,
9/9/2022,Anuenue School,21.28831,-157.80899,21.28798,-157.80803,94,98,Palolo,Chaminade,Non-native,opae / A-Frame Net,Vertebrate,Poecilia reticulata,Rainbow Guppy,20,2 to 3,Removed from study site,NA,NA,
9/9/2022,Anuenue School,21.28831,-157.80899,21.28798,-157.80803,94,98,Palolo,Chaminade,Non-native,opae / A-Frame Net,Vertebrate,Oreochromis mossambicus,Mozambique Tilapia,1,3,Removed from study site,NA,NA,
9/9/2022,Anuenue School,21.28831,-157.80899,21.28798,-157.80803,94,98,Palolo,Chaminade,NA,opae / A-Frame Net,TOTAL NATIVES,1,TOTAL NON-NATIVES,188,NA,SUMMARY,NA,NA,
9/13/2022,Haleiwa Elementary,21.31161,-157.80812,21.31353,-157.80647,175,179,Manoa,Manoa Valley District Park,Native,paepae,Vertebrate,Awaous stamineus,Oopu nakea,1,7,Returned live to capture location,NA,NA,
9/13/2022,Haleiwa Elementary,21.31161,-157.80812,21.31353,-157.80647,175,179,Manoa,Manoa Valley District Park,Non-native,paepae,Vertebrate,Micropterus dolomieu,Smallmouth Bass,1,7,Removed from study site,NA,NA,
9/13/2022,Haleiwa Elementary,21.31161,-157.80812,21.31353,-157.80647,175,179,Manoa,Manoa Valley District Park,Non-native,paepae,Vertebrate,Amatitlania nigrofasciata,Convict Cichlid,8,4 to 9,Removed from study site,NA,NA,
9/13/2022,Haleiwa Elementary,21.31161,-157.80812,21.31353,-157.80647,175,179,Manoa,Manoa Valley District Park,Non-native,paepae,Invertebrate,Procambarus clarkii,Swamp Crayfish,13,6 to 9,Removed from study site,NA,NA,
9/13/2022,Haleiwa Elementary,21.31161,-157.80812,21.31353,-157.80647,175,179,Manoa,Manoa Valley District Park,Non-native,paepae,Vertebrate,Ancistrus temminckii,Bristlenose / Bushynose Plecostomus,2,4 to 8,Removed from study site,NA,NA,
9/13/2022,Haleiwa Elementary,21.31161,-157.80812,21.31353,-157.80647,175,179,Manoa,Manoa Valley District Park,Non-native,paepae,Vertebrate,Hypostomus watwata,Suckermouth Catfish / Plecostomus,10,10 to 25,Removed from study site,NA,NA,
9/13/2022,Haleiwa Elementary,21.31161,-157.80812,21.31353,-157.80647,175,179,Manoa,Manoa Valley District Park,NA,paepae,TOTAL NATIVES,1,TOTAL NON-NATIVES,34,NA,SUMMARY,2,30.91,
9/16/2022,Punahou School,21.30973,-157.80943,21.3109,-157.80879,168,172,Manoa,Manoa Marketplace,Native,paepae,Vertebrate,Awaous stamineus,Oopu nakea,3,"7, 8, 15",Returned live to capture location,NA,NA,
9/16/2022,Punahou School,21.30973,-157.80943,21.3109,-157.80879,168,172,Manoa,Manoa Marketplace,Non-native,paepae,Vertebrate,Poecilia sphenops,Mexican Molly,539,2 to 7,Removed from study site,NA,NA,
9/16/2022,Punahou School,21.30973,-157.80943,21.3109,-157.80879,168,172,Manoa,Manoa Marketplace,Non-native,paepae,Vertebrate,Poecilia reticulata,Rainbow Guppy,19,2 to 3,Removed from study site,NA,NA,
9/16/2022,Punahou School,21.30973,-157.80943,21.3109,-157.80879,168,172,Manoa,Manoa Marketplace,Non-native,paepae,Vertebrate,Amatitlania nigrofasciata,Convict Cichlid,1,4,Removed from study site,NA,NA,
9/16/2022,Punahou School,21.30973,-157.80943,21.3109,-157.80879,168,172,Manoa,Manoa Marketplace,Non-native,paepae,Vertebrate,Hypostomus watwata,Suckermouth Catfish / Plecostomus,12,3 to 13,Removed from study site,NA,NA,
9/16/2022,Punahou School,21.30973,-157.80943,21.3109,-157.80879,168,172,Manoa,Manoa Marketplace,Non-native,paepae,Vertebrate,Ancistrus temminckii,Bristlenose / Bushynose Plecostomus,11,2 to 5,Removed from study site,NA,NA,
9/16/2022,Punahou School,21.30973,-157.80943,21.3109,-157.80879,168,172,Manoa,Manoa Marketplace,Non-native,paepae,Invertebrate,Procambarus clarkii,Swamp Crayfish,3,4 to 6,Removed from study site,NA,NA,
9/16/2022,Punahou School,21.30973,-157.80943,21.3109,-157.80879,168,172,Manoa,Manoa Marketplace,Non-native,paepae,Invertebrate,Tarebia granifera,Quilted Melania,15,0.5 to 1,Removed from study site,NA,NA,
9/16/2022,Punahou School,21.30973,-157.80943,21.3109,-157.80879,168,172,Manoa,Manoa Marketplace,Non-native,paepae,Invertebrate,Melanoides tuberculata,Malaysian Trumpet Snail,7,1 to 1.5,Removed from study site,NA,NA,
9/16/2022,Punahou School,21.30973,-157.80943,21.3109,-157.80879,168,172,Manoa,Manoa Marketplace,NA,paepae,TOTAL NATIVES,3,TOTAL NON-NATIVES,607,NA,SUMMARY,2.5,38.18,
9/23/2022,Anuenue School,21.30460,-157.79045,21.30500,-157.78978,309,333,Palolo,Anuenue School,Native,paepae,Vertebrate,Awaous stamineus,Oopu nakea,2,5 and 10,Returned live to capture location,NA,NA,
9/23/2022,Anuenue School,21.30460,-157.79045,21.30500,-157.78978,309,333,Palolo,Anuenue School,Non-native,paepae,Vertebrate,Poecilia reticulata,Rainbow Guppy,81,2 to 3,Removed from study site,NA,NA,
9/23/2022,Anuenue School,21.30460,-157.79045,21.30500,-157.78978,309,333,Palolo,Anuenue School,Non-native,paepae,Vertebrate,Ancistrus temminckii,Bristlenose / Bushynose Plecostomus,26,3 to 5,Removed from study site,NA,NA,
9/23/2022,Anuenue School,21.30460,-157.79045,21.30500,-157.78978,309,333,Palolo,Anuenue School,Non-native,paepae,Vertebrate,Poecilia sphenops,Mexican Molly,2,4 to 5,Removed from study site,NA,NA,
9/23/2022,Anuenue School,21.30460,-157.79045,21.30500,-157.78978,309,333,Palolo,Anuenue School,Non-native,paepae,Invertebrate,Melanoides tuberculata,Malaysian Trumpet Snail,3,1 to 2,Removed from study site,NA,NA,
9/23/2022,Anuenue School,21.30460,-157.79045,21.30500,-157.78978,309,333,Palolo,Anuenue School,Non-native,paepae,Invertebrate,Tarebia granifera,Quilted Melania,6,1 to 2,Removed from study site,NA,NA,
9/23/2022,Anuenue School,21.30460,-157.79045,21.30500,-157.78978,309,333,Palolo,Anuenue School,Non-native,paepae,Invertebrate,Procambarus clarkii,Swamp Crayfish,9,4 to 7,Removed from study site,NA,NA,
9/23/2022,Anuenue School,21.30460,-157.79045,21.30500,-157.78978,309,333,Palolo,Anuenue School,NA,paepae,TOTAL NATIVES,2,TOTAL NON-NATIVES,127,NA,SUMMARY,0.3,38.18,
9/26/2022,Mililani High School,21.28639,-157.81888,21.28728,-157.81799,18,19,Manoa-Palolo,Kaimuki  High School,Native,paepae,Vertebrate,Stenogobius hawaiiensis,Oopu Naniha,29,4 to 9,Returned live to capture location (one death),NA,NA,
9/26/2022,Mililani High School,21.28639,-157.81888,21.28728,-157.81799,18,19,Manoa-Palolo,Kaimuki  High School,Native,paepae,Vertebrate,Eleotris sandwicensis,Oopu Akupa,32,5 to 15,Returned live to capture location,NA,NA,
9/26/2022,Mililani High School,21.28639,-157.81888,21.28728,-157.81799,18,19,Manoa-Palolo,Kaimuki  High School,Native,paepae,Vertebrate,Kuhlia xenura,Aholehole / Hawaiian Flagtail,70,5 to 14,Returned live to capture location,NA,NA,
9/26/2022,Mililani High School,21.28639,-157.81888,21.28728,-157.81799,18,19,Manoa-Palolo,Kaimuki  High School,Native,paepae,Vertebrate,Mugil cephalus,Amaama / Striped Mullet,1,15,Returned live to capture location,NA,NA,
9/26/2022,Mililani High School,21.28639,-157.81888,21.28728,-157.81799,18,19,Manoa-Palolo,Kaimuki  High School,Native,paepae,Invertebrate,Macrobrachium grandimanus,Opae Oehaa,2,5 and 7,Returned live to capture location,NA,NA,
9/26/2022,Mililani High School,21.28639,-157.81888,21.28728,-157.81799,18,19,Manoa-Palolo,Kaimuki  High School,Non-Native,paepae,Vertebrate,Gambusia affinis,Mosquitofish,1,5,Removed from study site,NA,NA,
9/26/2022,Mililani High School,21.28639,-157.81888,21.28728,-157.81799,18,19,Manoa-Palolo,Kaimuki  High School,Non-Native,paepae,Vertebrate,Poecilia sphenops,Mexican Molly,27,3 to 7,Removed from study site,NA,NA,
9/26/2022,Mililani High School,21.28639,-157.81888,21.28728,-157.81799,18,19,Manoa-Palolo,Kaimuki  High School,Non-Native,paepae,Vertebrate,Hypostomus watwata,Suckermouth Catfish / Plecostomus,13,16 to 30,Removed from study site,NA,NA,
9/26/2022,Mililani High School,21.28639,-157.81888,21.28728,-157.81799,18,19,Manoa-Palolo,Kaimuki  High School,Non-Native,paepae,Vertebrate,Sarotherodon melanotheron,Black Chin Tilapia,7,8 to 17,Removed from study site,NA,NA,
9/26/2022,Mililani High School,21.28639,-157.81888,21.28728,-157.81799,18,19,Manoa-Palolo,Kaimuki  High School,Non-Native,paepae,Invertebrate,Scylla serrata,Samoan Crab,2,9 and 13,Removed from study site,NA,NA,
9/26/2022,Mililani High School,21.28639,-157.81888,21.28728,-157.81799,18,19,Manoa-Palolo,Kaimuki  High School,NA,paepae,TOTAL NATIVES,134,TOTAL NON-NATIVES,50,NA,SUMMARY,7.2,41.82,
10/6/2022,Punahou School,21.28831,-157.80899,21.28798,-157.80803,94,98,Palolo,Chaminade,Native,Opae / A-Frame Net,Vertebrate,Awaous stamineus,Oopu nakea,1,9,Returned live to capture location,NA,NA,
10/6/2022,Punahou School,21.28831,-157.80899,21.28798,-157.80803,94,98,Palolo,Chaminade,Native,Opae / A-Frame Net,Vertebrate,Sicyopterus stimpsoni,Oopu nopili,1,5,Returned live to capture location,NA,NA,
10/6/2022,Punahou School,21.28831,-157.80899,21.28798,-157.80803,94,98,Palolo,Chaminade,Non-native,Opae / A-Frame Net,Vertebrate,Amatitlania nigrofasciata,Convict Cichlid,6,2 to 4,Removed from study site,NA,NA,
10/6/2022,Punahou School,21.28831,-157.80899,21.28798,-157.80803,94,98,Palolo,Chaminade,Non-native,Opae / A-Frame Net,Vertebrate,Oreochromis mossambicus,Mozambique Tilapia,1,3,Removed from study site,NA,NA,
10/6/2022,Punahou School,21.28831,-157.80899,21.28798,-157.80803,94,98,Palolo,Chaminade,Non-native,Opae / A-Frame Net,Vertebrate,Ancistrus temminckii,Bristlenose / Bushynose Plecostomus,6,3 to 8,Removed from study site,NA,NA,
10/6/2022,Punahou School,21.28831,-157.80899,21.28798,-157.80803,94,98,Palolo,Chaminade,Non-native,Opae / A-Frame Net,Vertebrate,Hypostomus watwata,Suckermouth Catfish / Plecostomus,21,7 to 30,Removed from study site,NA,NA,
10/6/2022,Punahou School,21.28831,-157.80899,21.28798,-157.80803,94,98,Palolo,Chaminade,Non-native,Opae / A-Frame Net,Vertebrate,Poecilia sphenops,Mexican Molly,97,2 to 6,Removed from study site,NA,NA,
10/6/2022,Punahou School,21.28831,-157.80899,21.28798,-157.80803,94,98,Palolo,Chaminade,Non-native,Opae / A-Frame Net,Vertebrate,Poecilia reticulata,Rainbow Guppy,10,2 to 3,Removed from study site,NA,NA,
10/6/2022,Punahou School,21.28831,-157.80899,21.28798,-157.80803,94,98,Palolo,Chaminade,NA,Opae / A-Frame Net,TOTAL NATIVES,2,TOTAL NON-NATIVES,141,NA,SUMMARY,NA,NA,
10/13/2022,Farrington High School,21.33389,-157.80151,21.33431,-157.802,497,512,Manoa,Lyon Arboretum,Non-native,paepae,Vertebrate,Poecilia reticulata,Rainbow Guppy,199,2 to 3,Removed from study site,NA,NA,
10/13/2022,Farrington High School,21.33389,-157.80151,21.33431,-157.802,497,512,Manoa,Lyon Arboretum,Non-native,paepae,Vertebrate,Xiphophorus helleri,Green Swordtail,17,3 to 5,Removed from study site,NA,NA,
10/13/2022,Farrington High School,21.33389,-157.80151,21.33431,-157.802,497,512,Manoa,Lyon Arboretum,Non-native,paepae,Vertebrate,Ancistrus temminckii,Bristlenose / Bushynose Plecostomus,3,2 to 4,Removed from study site,NA,NA,
10/13/2022,Farrington High School,21.33389,-157.80151,21.33431,-157.802,497,512,Manoa,Lyon Arboretum,Non-native,paepae,Invertebrate,Procambarus clarkii,Swamp Crayfish,106,1 to 7,Removed from study site,NA,NA,
10/13/2022,Farrington High School,21.33389,-157.80151,21.33431,-157.802,497,512,Manoa,Lyon Arboretum,Non-native,paepae,Invertebrate,Neocaridina denticulata sinensis,Japanese Swamp Shrimp,678,1 to 1.5,Removed from study site,NA,NA,
10/13/2022,Farrington High School,21.33389,-157.80151,21.33431,-157.802,497,512,Manoa,Lyon Arboretum,NA,paepae,TOTAL NATIVES,0,TOTAL NON-NATIVES,1003,NA,SUMMARY,1.5,27.27,
10/21/2022,Aiea Elementary,21.31161,-157.80812,21.31353,-157.80647,175,179,Manoa,Manoa Valley District Park,Non-native,paepae,Vertebrate,Micropterus dolomieu,Smallmouth Bass,2,"7, 8",Removed from study site,NA,NA,
10/21/2022,Aiea Elementary,21.31161,-157.80812,21.31353,-157.80647,175,179,Manoa,Manoa Valley District Park,Non-native,paepae,Vertebrate,Amatitlania nigrofasciata,Convict Cichlid,7,4 to 9,Removed from study site,NA,NA,
10/21/2022,Aiea Elementary,21.31161,-157.80812,21.31353,-157.80647,175,179,Manoa,Manoa Valley District Park,Non-native,paepae,Vertebrate,Poecilia reticulata,Rainbow Guppy,2,2 to 3,Removed from study site,NA,NA,
10/21/2022,Aiea Elementary,21.31161,-157.80812,21.31353,-157.80647,175,179,Manoa,Manoa Valley District Park,Non-native,paepae,Vertebrate,Poecilia sphenops,Mexican Molly,3,3 to 6,Removed from study site,NA,NA,
10/21/2022,Aiea Elementary,21.31161,-157.80812,21.31353,-157.80647,175,179,Manoa,Manoa Valley District Park,Non-native,paepae,Vertebrate,Xiphophorus helleri,Green Swordtail,1,5,Removed from study site,NA,NA,
10/21/2022,Aiea Elementary,21.31161,-157.80812,21.31353,-157.80647,175,179,Manoa,Manoa Valley District Park,Non-native,paepae,Vertebrate,Ancistrus temminckii,Bristlenose / Bushynose Plecostomus,9,4 to 7,Removed from study site,NA,NA,
10/21/2022,Aiea Elementary,21.31161,-157.80812,21.31353,-157.80647,175,179,Manoa,Manoa Valley District Park,Non-native,paepae,Vertebrate,Hypostomus watwata,Suckermouth Catfish / Plecostomus,8,15 to 25,Removed from study site,NA,NA,
10/21/2022,Aiea Elementary,21.31161,-157.80812,21.31353,-157.80647,175,179,Manoa,Manoa Valley District Park,Non-native,paepae,Invertebrate,Procambarus clarkii,Swamp Crayfish,21,4 to 7,Removed from study site,NA,NA,
10/21/2022,Aiea Elementary,21.31161,-157.80812,21.31353,-157.80647,175,179,Manoa,Manoa Valley District Park,Non-native,paepae,Invertebrate,Melanoides tuberculata,Malaysian Trumpet Snail,6,1 to 1.5,Removed from study site,NA,NA,
10/21/2022,Aiea Elementary,21.31161,-157.80812,21.31353,-157.80647,175,179,Manoa,Manoa Valley District Park,Non-native,paepae,Invertebrate,Tarebia granifera,Quilted Melania,10,0.5 to 1.5,Removed from study site,NA,NA,
10/21/2022,Aiea Elementary,21.31161,-157.80812,21.31353,-157.80647,175,179,Manoa,Manoa Valley District Park,NA,paepae,TOTAL NATIVES,0,TOTAL NON-NATIVES,69,NA,SUMMARY,3,27.27,
10/24/2022,Iolani School,21.32826,-157.80093,21.32902,-157.80066,323,340,Manoa,Waihi (USGS Gage),Non-native,paepae,Vertebrate,Poecilia reticulata,Rainbow Guppy,552,2 to 4,Removed from study site,NA,NA,
10/24/2022,Iolani School,21.32826,-157.80093,21.32902,-157.80066,323,340,Manoa,Waihi (USGS Gage),Non-native,paepae,Vertebrate,Xiphophorus helleri,Green Swordtail,35,2 to 3,Removed from study site,NA,NA,
10/24/2022,Iolani School,21.32826,-157.80093,21.32902,-157.80066,323,340,Manoa,Waihi (USGS Gage),Non-native,paepae,Vertebrate,Ancistrus temminckii,Bristlenose / Bushynose Plecostomus,48,3 to 5,Removed from study site,NA,NA,
10/24/2022,Iolani School,21.32826,-157.80093,21.32902,-157.80066,323,340,Manoa,Waihi (USGS Gage),Non-native,paepae,Invertebrate,Procambarus clarkii,Swamp Crayfish,10,2 to 6,Removed from study site,NA,NA,
10/24/2022,Iolani School,21.32826,-157.80093,21.32902,-157.80066,323,340,Manoa,Waihi (USGS Gage),Non-native,paepae,Invertebrate,Neocaridina denticulata sinensis,Japanese Swamp Shrimp,21,1 to 2,Removed from study site,NA,NA,
10/24/2022,Iolani School,21.32826,-157.80093,21.32902,-157.80066,323,340,Manoa,Waihi (USGS Gage),NA,paepae,TOTAL NATIVES,0,TOTAL NON-NATIVES,666,NA,SUMMARY,1.50,27.27,
10/24/2022,Iolani School,21.32792,-157.79959,21.32748,-157.79980,332,335,Manoa,Waiakeakua (USGS Gage),Native,paepae,Vertebrate,Awaous stamineus,Oopu nakea,1,14,Returned live to capture location,NA,NA,
10/24/2022,Iolani School,21.32792,-157.79959,21.32748,-157.79980,332,335,Manoa,Waiakeakua (USGS Gage),Non-native,paepae,Vertebrate,Poecilia reticulata,Rainbow Guppy,114,2 to 3,Removed from study site,NA,NA,
10/24/2022,Iolani School,21.32792,-157.79959,21.32748,-157.79980,332,335,Manoa,Waiakeakua (USGS Gage),Non-native,paepae,Vertebrate,Xiphophorus helleri,Green Swordtail,23,3 to 6,Removed from study site,NA,NA,
10/24/2022,Iolani School,21.32792,-157.79959,21.32748,-157.79980,332,335,Manoa,Waiakeakua (USGS Gage),Non-native,paepae,Vertebrate,Ancistrus temminckii,Bristlenose / Bushynose Plecostomus,48,3 to 12,Removed from study site,NA,NA,
10/24/2022,Iolani School,21.32792,-157.79959,21.32748,-157.79980,332,335,Manoa,Waiakeakua (USGS Gage),Non-native,paepae,Invertebrate,Neocaridina denticulata sinensis,Japanese Swamp Shrimp,71,1 to 2,Removed from study site,NA,NA,
10/24/2022,Iolani School,21.32792,-157.79959,21.32748,-157.79980,332,335,Manoa,Waiakeakua (USGS Gage),Non-native,paepae,Invertebrate,Procambarus clarkii,Swamp Crayfish,5,1 to 7,Removed from study site,NA,NA,
10/24/2022,Iolani School,21.32792,-157.79959,21.32748,-157.79980,332,335,Manoa,Waiakeakua (USGS Gage),NA,paepae,TOTAL NATIVES,1,TOTAL NON-NATIVES,261,NA,SUMMARY,0.50,38.18,
10/27/2022,Noelani Elementary,21.30793,-157.80914,21.30862,-157.80945,161,168,Manoa,Noelani Elementary,Non-native,paepae,Vertebrate,Hypostomus watwata,Suckermouth Catfish / Plecostomus,21,3 to 16,Removed from study site,NA,NA,
10/27/2022,Noelani Elementary,21.30793,-157.80914,21.30862,-157.80945,161,168,Manoa,Noelani Elementary,Non-native,paepae,Vertebrate,Ancistrus temminckii,Bristlenose / Bushynose Plecostomus,7,2 to 5,Removed from study site,NA,NA,
10/27/2022,Noelani Elementary,21.30793,-157.80914,21.30862,-157.80945,161,168,Manoa,Noelani Elementary,Non-native,paepae,Vertebrate,Poecilia sphenops,Mexican Molly,1,2 to 4,Removed from study site,NA,NA,
10/27/2022,Noelani Elementary,21.30793,-157.80914,21.30862,-157.80945,161,168,Manoa,Noelani Elementary,Non-native,paepae,Vertebrate,Poecilia reticulata,Rainbow Guppy,12,1 to 4,Removed from study site,NA,NA,
10/27/2022,Noelani Elementary,21.30793,-157.80914,21.30862,-157.80945,161,168,Manoa,Noelani Elementary,Non-native,paepae,Vertebrate,Amatitlania nigrofasciata,Convict Cichlid,2,2 to 5,Removed from study site,NA,NA,
10/27/2022,Noelani Elementary,21.30793,-157.80914,21.30862,-157.80945,161,168,Manoa,Noelani Elementary,Non-native,paepae,Vertebrate,Micropterus dolomieu,Smallmouth Bass,2,8 and 10,Removed from study site,NA,NA,
10/27/2022,Noelani Elementary,21.30793,-157.80914,21.30862,-157.80945,161,168,Manoa,Noelani Elementary,Non-native,paepae,Invertebrate,Procambarus clarkii,Swamp Crayfish,5,3 to 6,Removed from study site,NA,NA,
10/27/2022,Noelani Elementary,21.30793,-157.80914,21.30862,-157.80945,161,168,Manoa,Noelani Elementary,Non-native,paepae,Invertebrate,Tarebia granifera,Quilted Melania,15,0.5 to 1,Removed from study site,NA,NA,
10/27/2022,Noelani Elementary,21.30793,-157.80914,21.30862,-157.80945,161,168,Manoa,Noelani Elementary,Non-native,paepae,Invertebrate,Melanoides tuberculata,Malaysian Trumpet Snail,1,1,Removed from study site,NA,NA,
10/27/2022,Noelani Elementary,21.30793,-157.80914,21.30862,-157.80945,161,168,Manoa,Noelani Elementary,Non-native,paepae,Invertebrate,Neocaridina denticulata sinensis,Japanese Swamp Shrimp,2,2,Removed from study site,NA,NA,
10/27/2022,Noelani Elementary,21.30793,-157.80914,21.30862,-157.80945,161,168,Manoa,Noelani Elementary,NA,paepae,TOTAL NATIVES,0,TOTAL NON-NATIVES,68,NA,SUMMARY,1.5,27.27,
11/8/2022,Iolani School,21.30460,-157.79045,21.30500,-157.78978,309,333,Palolo,Anuenue School,Native,paepae,Vertebrate,Awaous stamineus,oopu nakea,2,5 and 10,Returned live to capture location,NA,NA,
11/8/2022,Iolani School,21.30460,-157.79045,21.30500,-157.78978,309,333,Palolo,Anuenue School,Non-native,paepae,Vertebrate,Poecilia reticulata,Rainbow Guppy,258,2 to 3,Removed from study site,NA,NA,
11/8/2022,Iolani School,21.30460,-157.79045,21.30500,-157.78978,309,333,Palolo,Anuenue School,Non-native,paepae,Vertebrate,Xiphophorus helleri,Green Swordtail,2,3 to 5,Removed from study site,NA,NA,
11/8/2022,Iolani School,21.30460,-157.79045,21.30500,-157.78978,309,333,Palolo,Anuenue School,Non-native,paepae,Vertebrate,Poecilia sphenops,Mexican Molly,11,3 to 7,Removed from study site,NA,NA,
11/8/2022,Iolani School,21.30460,-157.79045,21.30500,-157.78978,309,333,Palolo,Anuenue School,Non-native,paepae,Vertebrate,Ancistrus temminckii,Bristlenose / Bushynose Plecostomus,41,3 to 6,Removed from study site,NA,NA,
11/8/2022,Iolani School,21.30460,-157.79045,21.30500,-157.78978,309,333,Palolo,Anuenue School,Non-native,paepae,Invertebrate,Melanoides tuberculata,Malaysian Trumpet Snail,1,1.5,Removed from study site,NA,NA,
11/8/2022,Iolani School,21.30460,-157.79045,21.30500,-157.78978,309,333,Palolo,Anuenue School,Non-native,paepae,Invertebrate,Tarebia granifera,Quilted Melania,2,1.5 to 2,Removed from study site,NA,NA,
11/8/2022,Iolani School,21.30460,-157.79045,21.30500,-157.78978,309,333,Palolo,Anuenue School,Non-native,paepae,Invertebrate,Procambarus clarkii,Swamp Crayfish,9,4 to 7,Removed from study site,NA,NA,
11/8/2022,Iolani School,21.30460,-157.79045,21.30500,-157.78978,309,333,Palolo,Anuenue School,NA,paepae,TOTAL NATIVES,2,TOTAL NON-NATIVES,324,NA,SUMMARY,0.3,38.18,
11/10/2022,Iolani School,21.29271,-157.8134,21.2933,-157.81248,45,48,Manoa,KanewaiField,Native,paepae,Invertebrate,Macrobrachium grandimanus,opae oehaa,1,6,Returned live to capture location,NA,NA,
11/10/2022,Iolani School,21.29271,-157.8134,21.2933,-157.81248,45,48,Manoa,KanewaiField,Non-native,paepae,Vertebrate,Hypostomus watwata,Suckermouth Catfish / Plecostomus,4,8 to 28,Removed from study site,NA,NA,
11/10/2022,Iolani School,21.29271,-157.8134,21.2933,-157.81248,45,48,Manoa,KanewaiField,Non-native,paepae,Vertebrate,Ancistrus temminckii,Bristlenose / Bushynose Plecostomus,1,2,Removed from study site,NA,NA,
11/10/2022,Iolani School,21.29271,-157.8134,21.2933,-157.81248,45,48,Manoa,KanewaiField,Non-native,paepae,Vertebrate,Amatitlania nigrofasciata,Convict Cichlid,1,9,Removed from study site,NA,NA,
11/10/2022,Iolani School,21.29271,-157.8134,21.2933,-157.81248,45,48,Manoa,KanewaiField,Non-native,paepae,Vertebrate,Micropterus dolomieu,Smallmouth Bass,1,8,Removed from study site,NA,NA,
11/10/2022,Iolani School,21.29271,-157.8134,21.2933,-157.81248,45,48,Manoa,KanewaiField,Non-native,paepae,Vertebrate,Poecilia reticulata,Rainbow Guppy,8,2 to 3,Removed from study site,NA,NA,
11/10/2022,Iolani School,21.29271,-157.8134,21.2933,-157.81248,45,48,Manoa,KanewaiField,Non-native,paepae,Vertebrate,Poecilia sphenops,Mexican Molly,12,2 to 5,Removed from study site,NA,NA,
11/10/2022,Iolani School,21.29271,-157.8134,21.2933,-157.81248,45,48,Manoa,KanewaiField,NA,paepae,TOTAL NATIVES,1,TOTAL NON-NATIVES,27,NA,SUMMARY,1,30.91,
11/17/2022,Queen Kaahumanu Elementary,21.29582,-157.79684,21.29616,-157.79646,171,179,Palolo,Jarrett Middle School,Non-native,paepae,Vertebrate,Poecilia sphenops,Mexican Molly,7389,2 to 7,Removed from study site,NA,NA,
11/17/2022,Queen Kaahumanu Elementary,21.29582,-157.79684,21.29616,-157.79646,171,179,Palolo,Jarrett Middle School,Non-native,paepae,Vertebrate,Poecilia reticulata,Rainbow Guppy,1,3,Removed from study site,NA,NA,
11/17/2022,Queen Kaahumanu Elementary,21.29582,-157.79684,21.29616,-157.79646,171,179,Palolo,Jarrett Middle School,Non-native,paepae,Vertebrate,Ancistrus temminckii,Bristlenose / Bushynose Plecostomus,6,3 to 5,Removed from study site,NA,NA,
11/17/2022,Queen Kaahumanu Elementary,21.29582,-157.79684,21.29616,-157.79646,171,179,Palolo,Jarrett Middle School,Non-native,paepae,Invertebrate,Melanoides tuberculata,Malaysian Trumpet Snail,1,2,Removed from study site,NA,NA,
11/17/2022,Queen Kaahumanu Elementary,21.29582,-157.79684,21.29616,-157.79646,171,179,Palolo,Jarrett Middle School,NA,paepae,TOTAL NATIVES,0,TOTAL NON-NATIVES,7397,NA,SUMMARY,10.5,27.30,
11/21/2022,Queen Kaahumanu Elementary,21.30973,-157.80943,21.3109,-157.80879,168,172,Manoa,Manoa Marketplace,Native,paepae,Vertebrate,Awaous stamineus,Oopu nakea,1,4,Returned live to capture location,NA,NA,
11/21/2022,Queen Kaahumanu Elementary,21.30973,-157.80943,21.3109,-157.80879,168,172,Manoa,Manoa Marketplace,Non-native,paepae,Vertebrate,Poecilia sphenops,Mexican Molly,535,2 to 7,Removed from study site,NA,NA,
11/21/2022,Queen Kaahumanu Elementary,21.30973,-157.80943,21.3109,-157.80879,168,172,Manoa,Manoa Marketplace,Non-native,paepae,Vertebrate,Poecilia reticulata,Rainbow Guppy,8,2 to 3,Removed from study site,NA,NA,
11/21/2022,Queen Kaahumanu Elementary,21.30973,-157.80943,21.3109,-157.80879,168,172,Manoa,Manoa Marketplace,Non-native,paepae,Vertebrate,Amatitlania nigrofasciata,Convict Cichlid,4,4,Removed from study site,NA,NA,
11/21/2022,Queen Kaahumanu Elementary,21.30973,-157.80943,21.3109,-157.80879,168,172,Manoa,Manoa Marketplace,Non-native,paepae,Vertebrate,Hypostomus watwata,Suckermouth Catfish / Plecostomus,23,3 to 11,Removed from study site,NA,NA,
11/21/2022,Queen Kaahumanu Elementary,21.30973,-157.80943,21.3109,-157.80879,168,172,Manoa,Manoa Marketplace,Non-native,paepae,Vertebrate,Ancistrus temminckii,Bristlenose / Bushynose Plecostomus,48,2 to 5,Removed from study site,NA,NA,
11/21/2022,Queen Kaahumanu Elementary,21.30973,-157.80943,21.3109,-157.80879,168,172,Manoa,Manoa Marketplace,Non-native,paepae,Invertebrate,Neocaridina denticulata sinensis,Japanese Swamp Shrimp,2,2,Removed from study site,NA,NA,
11/21/2022,Queen Kaahumanu Elementary,21.30973,-157.80943,21.3109,-157.80879,168,172,Manoa,Manoa Marketplace,NA,paepae,TOTAL NATIVES,1,TOTAL NON-NATIVES,620,NA,SUMMARY,2,30.91,
11/29/2022,Fort Shafter Elementary,21.28639,-157.81888,21.28728,-157.81799,18,19,Manoa-Palolo,Kaimuki  High School,Native,Opae / A-Frame Net,Vertebrate,Stenogobius hawaiiensis,Oopu Naniha,2,5 and 8,Returned live to capture location (one death),NA,NA,
11/29/2022,Fort Shafter Elementary,21.28639,-157.81888,21.28728,-157.81799,18,19,Manoa-Palolo,Kaimuki  High School,Native,Opae / A-Frame Net,Vertebrate,Eleotris sandwicensis,Oopu Akupa,4,7 to 15,Returned live to capture location,NA,NA,
11/29/2022,Fort Shafter Elementary,21.28639,-157.81888,21.28728,-157.81799,18,19,Manoa-Palolo,Kaimuki  High School,Native,Opae / A-Frame Net,Vertebrate,Mugil cephalus,Amaama / Striped Mullet,1,17,Returned live to capture location,NA,NA,
11/29/2022,Fort Shafter Elementary,21.28639,-157.81888,21.28728,-157.81799,18,19,Manoa-Palolo,Kaimuki  High School,Non-Native,Opae / A-Frame Net,Vertebrate,Poecilia sphenops,Mexican Molly,3,3 to 7,Removed from study site,NA,NA,
11/29/2022,Fort Shafter Elementary,21.28639,-157.81888,21.28728,-157.81799,18,19,Manoa-Palolo,Kaimuki  High School,Non-Native,Opae / A-Frame Net,Vertebrate,Poecilia reticulata,Rainbow Guppy,1,2,Removed from study site,NA,NA,
11/29/2022,Fort Shafter Elementary,21.28639,-157.81888,21.28728,-157.81799,18,19,Manoa-Palolo,Kaimuki  High School,Non-Native,Opae / A-Frame Net,Vertebrate,Hypostomus watwata,Suckermouth Catfish / Plecostomus,15,16 to 28,Removed from study site,NA,NA,
11/29/2022,Fort Shafter Elementary,21.28639,-157.81888,21.28728,-157.81799,18,19,Manoa-Palolo,Kaimuki  High School,Non-Native,Opae / A-Frame Net,Vertebrate,Sarotherodon melanotheron,Black Chin Tilapia,2,3 and 5,Removed from study site,NA,NA,
11/29/2022,Fort Shafter Elementary,21.28639,-157.81888,21.28728,-157.81799,18,19,Manoa-Palolo,Kaimuki  High School,Non-Native,Opae / A-Frame Net,Invertebrate,Scylla serrata,Samoan Crab,2,9 and 13,Removed from study site,NA,NA,
11/29/2022,Fort Shafter Elementary,21.28639,-157.81888,21.28728,-157.81799,18,19,Manoa-Palolo,Kaimuki  High School,Non-Native,Opae / A-Frame Net,Invertebrate,Melanoides tuberculata,Malaysian Trumpet Snail,1,1,Removed from study site,NA,NA,
11/29/2022,Fort Shafter Elementary,21.28639,-157.81888,21.28728,-157.81799,18,19,Manoa-Palolo,Kaimuki  High School,NA,Opae / A-Frame Net,TOTAL NATIVES,7,TOTAL NON-NATIVES,24,NA,SUMMARY,na,na,
12/6/2022,Palolo Elementary ,21.3005,-157.79218,21.30094,-157.79126,268,280,Palolo,Palolo Elementary,Native,paepae,Vertebrate,Awaous stamineus,Oopu Nakea,7,"6, 7, 8, 8, 9, 10, 10",Returned live to capture location,NA,NA,
12/6/2022,Palolo Elementary ,21.3005,-157.79218,21.30094,-157.79126,268,280,Palolo,Palolo Elementary,Non-native,paepae,Vertebrate,Poecilia reticulata,Rainbow Guppy,70,2 to 3,Removed from study site,NA,NA,
12/6/2022,Palolo Elementary ,21.3005,-157.79218,21.30094,-157.79126,268,280,Palolo,Palolo Elementary,Non-native,paepae,Vertebrate,Poecilia sphenops,Mexican Molly,55,2 to 5,Removed from study site,NA,NA,
12/6/2022,Palolo Elementary ,21.3005,-157.79218,21.30094,-157.79126,268,280,Palolo,Palolo Elementary,Non-native,paepae,Vertebrate,Ancistrus temminckii,Bristlenose / Bushynose Plecostomus,38,3 to 6,Removed from study site,NA,NA,
12/6/2022,Palolo Elementary ,21.3005,-157.79218,21.30094,-157.79126,268,280,Palolo,Palolo Elementary,Non-native,paepae,Vertebrate,Xiphophorus helleri,Green Swordtail,3,"3, 5",Removed from study site,NA,NA,
12/6/2022,Palolo Elementary ,21.3005,-157.79218,21.30094,-157.79126,268,280,Palolo,Palolo Elementary,NA,paepae,TOTAL NATIVES,7,TOTAL NON-NATIVES,166,NA,SUMMARY,0.2,38.18,
12/6/2022,Palolo Elementary ,21.29582,-157.79684,21.29616,-157.79646,171,179,Palolo,Jarrett Middle School,Non-native,paepae,Vertebrate,Poecilia sphenops,Mexican Molly,1857,2 to 7,Removed from study site,NA,NA,
12/6/2022,Palolo Elementary ,21.29582,-157.79684,21.29616,-157.79646,171,179,Palolo,Jarrett Middle School,Non-native,paepae,Vertebrate,Poecilia reticulata,Rainbow Guppy,25,3,Removed from study site,NA,NA,
12/6/2022,Palolo Elementary ,21.29582,-157.79684,21.29616,-157.79646,171,179,Palolo,Jarrett Middle School,Non-native,paepae,Vertebrate,Ancistrus temminckii,Bristlenose / Bushynose Plecostomus,17,3 to 5,Removed from study site,NA,NA,
12/6/2022,Palolo Elementary ,21.29582,-157.79684,21.29616,-157.79646,171,179,Palolo,Jarrett Middle School,Non-native,paepae,Invertebrate,Melanoides tuberculata,Malaysian Trumpet Snail,9,1 to 1.5,Removed from study site,NA,NA,
12/6/2022,Palolo Elementary ,21.29582,-157.79684,21.29616,-157.79646,171,179,Palolo,Jarrett Middle School,NA,paepae,TOTAL NATIVES,0,TOTAL NON-NATIVES,1908,NA,SUMMARY,3,27.30,
12/9/2022,Ala Wai Elementary,21.29673,-157.81367,21.29845,-157.8139,94,100,Manoa,KanewaiLoi,Non-native,paepae,Vertebrate,Hypostomus watwata,Suckermouth Catfish / Plecostomus,15,9 to 18,Removed from study site,NA,NA,
12/9/2022,Ala Wai Elementary,21.29673,-157.81367,21.29845,-157.8139,94,100,Manoa,KanewaiLoi,Non-native,paepae,Vertebrate,Poecilia sphenops,Mexican Molly,2,"5, 6",Removed from study site,NA,NA,
12/9/2022,Ala Wai Elementary,21.29673,-157.81367,21.29845,-157.8139,94,100,Manoa,KanewaiLoi,Non-native,paepae,Vertebrate,Poecilia reticulata,Rainbow Guppy,5,2 to 3,Removed from study site,NA,NA,
12/9/2022,Ala Wai Elementary,21.29673,-157.81367,21.29845,-157.8139,94,100,Manoa,KanewaiLoi,Non-native,paepae,Vertebrate,Micropterus dolomieu,Smallmouth Bass,2,6 to 8,Removed from study site,NA,NA,
12/9/2022,Ala Wai Elementary,21.29673,-157.81367,21.29845,-157.8139,94,100,Manoa,KanewaiLoi,NA,paepae,TOTAL NATIVES,0,TOTAL NON-NATIVES,24,NA,SUMMARY,1.8,27.27,
12/13/2022,Manoa Elementary,21.31161,-157.80812,21.31353,-157.80647,175,179,Manoa,Manoa Valley District Park,Non-native,opae / A-Frame Net,Vertebrate,Amatitlania nigrofasciata,Convict Cichlid,4,5 to 9,Removed from study site,NA,NA,
12/13/2022,Manoa Elementary,21.31161,-157.80812,21.31353,-157.80647,175,179,Manoa,Manoa Valley District Park,Non-native,opae / A-Frame Net,Vertebrate,Poecilia sphenops,Mexican Molly,1,6,Removed from study site,NA,NA,
12/13/2022,Manoa Elementary,21.31161,-157.80812,21.31353,-157.80647,175,179,Manoa,Manoa Valley District Park,Non-native,opae / A-Frame Net,Vertebrate,Ancistrus temminckii,Bristlenose / Bushynose Plecostomus,3,5 to 9,Removed from study site,NA,NA,
12/13/2022,Manoa Elementary,21.31161,-157.80812,21.31353,-157.80647,175,179,Manoa,Manoa Valley District Park,Non-native,opae / A-Frame Net,Vertebrate,Hypostomus watwata,Suckermouth Catfish / Plecostomus,6,15 to 28,Removed from study site,NA,NA,
12/13/2022,Manoa Elementary,21.31161,-157.80812,21.31353,-157.80647,175,179,Manoa,Manoa Valley District Park,Non-native,opae / A-Frame Net,Invertebrate,Procambarus clarkii,Swamp Crayfish,6,5 to 9,Removed from study site,NA,NA,
12/13/2022,Manoa Elementary,21.31161,-157.80812,21.31353,-157.80647,175,179,Manoa,Manoa Valley District Park,Non-native,opae / A-Frame Net,Invertebrate,Melanoides tuberculata,Malaysian Trumpet Snail,3,1 to 2,Removed from study site,NA,NA,
12/13/2022,Manoa Elementary,21.31161,-157.80812,21.31353,-157.80647,175,179,Manoa,Manoa Valley District Park,NA,opae / A-Frame Net,TOTAL NATIVES,0,TOTAL NON-NATIVES,23,NA,SUMMARY,NA,NA,
1/6/2023,Webling Elementary,21.28810,-157.80568,21.28901,-157.80470,111,115,Palolo,Saint Louis Field,Non-native,opae / A-Frame Net,Vertebrate,Poecilia sphenops,Mexican Molly,309,2 to 7,Removed from study site,NA,NA,
1/6/2023,Webling Elementary,21.28810,-157.80568,21.28901,-157.80470,111,115,Palolo,Saint Louis Field,Non-native,opae / A-Frame Net,Vertebrate,Hypostomus watwata,Suckermouth Catfish / Plecostomus,1,18,Removed from study site,NA,NA,
1/6/2023,Webling Elementary,21.28810,-157.80568,21.28901,-157.80470,111,115,Palolo,Saint Louis Field,Non-native,opae / A-Frame Net,Vertebrate,Ancistrus temminckii,Bristlenose / Bushynose Plecostomus,4,3 to 7,Removed from study site,NA,NA,
1/6/2023,Webling Elementary,21.28810,-157.80568,21.28901,-157.80470,111,115,Palolo,Saint Louis Field,non-native,opae / A-Frame Net,Vertebrate,Amatitlania nigrofasciata,Convict Cichlid,5,4 to 9,Removed from study site,NA,NA,
1/6/2023,Webling Elementary,21.28810,-157.80568,21.28901,-157.80470,111,115,Palolo,Saint Louis Field,NA,opae / A-Frame Net,TOTAL NATIVES,0,TOTAL NON-NATIVES,319,NA,SUMMARY,NA,NA,
1/11/2023,AliIolani Elementary,21.30460,-157.79045,21.30500,-157.78978,309,333,Palolo,Anuenue School,Native,paepae,Vertebrate,Awaous stamineus,oopu nakea,1,5,Returned live to capture location,NA,NA,
1/11/2023,AliIolani Elementary,21.30460,-157.79045,21.30500,-157.78978,309,333,Palolo,Anuenue School,Non-native,paepae,Vertebrate,Poecilia reticulata,Rainbow Guppy,102,2 to 3,Removed from study site,NA,NA,
1/11/2023,AliIolani Elementary,21.30460,-157.79045,21.30500,-157.78978,309,333,Palolo,Anuenue School,Non-native,paepae,Vertebrate,Poecilia sphenops,Mexican Molly,8,3 to 7,Removed from study site,NA,NA,
1/11/2023,AliIolani Elementary,21.30460,-157.79045,21.30500,-157.78978,309,333,Palolo,Anuenue School,Non-native,paepae,Vertebrate,Ancistrus temminckii,Bristlenose / Bushynose Plecostomus,12,3 to 6,Removed from study site,NA,NA,
1/11/2023,AliIolani Elementary,21.30460,-157.79045,21.30500,-157.78978,309,333,Palolo,Anuenue School,Non-native,paepae,Invertebrate,Melanoides tuberculata,Malaysian Trumpet Snail,11,1.5,Removed from study site,NA,NA,
1/11/2023,AliIolani Elementary,21.30460,-157.79045,21.30500,-157.78978,309,333,Palolo,Anuenue School,Non-native,paepae,Invertebrate,Procambarus clarkii,Swamp Crayfish,20,4 to 7,Removed from study site,NA,NA,
1/11/2023,AliIolani Elementary,21.30460,-157.79045,21.30500,-157.78978,309,333,Palolo,Anuenue School,Non-native,paepae,Invertebrate,Neocaridina denticulata sinensis,Japanese Swamp Shrimp,12,1.5 to 2,Removed from study site,NA,NA,
1/11/2023,AliIolani Elementary,21.30460,-157.79045,21.30500,-157.78978,309,333,Palolo,Anuenue School,NA,paepae,TOTAL NATIVES,1,TOTAL NON-NATIVES,165,NA,SUMMARY,0.2,30.91,
1/19/2023,Stevenson Middle School,21.29271,-157.8134,21.2933,-157.81248,45,48,Manoa,KanewaiField,Non-native,paepae,Vertebrate,Hypostomus watwata,Suckermouth Catfish / Plecostomus,12,10 to 25,Removed from study site,NA,NA,
1/19/2023,Stevenson Middle School,21.29271,-157.8134,21.2933,-157.81248,45,48,Manoa,KanewaiField,Non-native,paepae,Vertebrate,Ancistrus temminckii,Bristlenose / Bushynose Plecostomus,3,4 to 6,Removed from study site,NA,NA,
1/19/2023,Stevenson Middle School,21.29271,-157.8134,21.2933,-157.81248,45,48,Manoa,KanewaiField,Non-native,paepae,Vertebrate,Amatitlania nigrofasciata,Convict Cichlid,4,2 to 6,Removed from study site,NA,NA,
1/19/2023,Stevenson Middle School,21.29271,-157.8134,21.2933,-157.81248,45,48,Manoa,KanewaiField,Non-native,paepae,Vertebrate,Micropterus dolomieu,Smallmouth Bass,3,10 to 14,Removed from study site,NA,NA,
1/19/2023,Stevenson Middle School,21.29271,-157.8134,21.2933,-157.81248,45,48,Manoa,KanewaiField,Non-native,paepae,Vertebrate,Poecilia sphenops,Mexican Molly,5,2 to 6,Removed from study site,NA,NA,
1/19/2023,Stevenson Middle School,21.29271,-157.8134,21.2933,-157.81248,45,48,Manoa,KanewaiField,Non-native,paepae,Invertebrate,Procambarus clarkii,Swamp Crayfish,2,4 and 6,Removed from study site,NA,NA,
1/19/2023,Stevenson Middle School,21.29271,-157.8134,21.2933,-157.81248,45,48,Manoa,KanewaiField,NA,paepae,TOTAL NATIVES,0,TOTAL NON-NATIVES,29,NA,SUMMARY,2,27.27,
1/20/2023,Stevenson Middle School,21.31161,-157.80812,21.31353,-157.80647,175,179,Manoa,Manoa Valley District Park,Native,paepae,Vertebrate,Awaous stamineus,oopu nakea,1,16,Returned live to capture location,NA,NA,
1/20/2023,Stevenson Middle School,21.31161,-157.80812,21.31353,-157.80647,175,179,Manoa,Manoa Valley District Park,Non-native,paepae,Vertebrate,Amatitlania nigrofasciata,Convict Cichlid,23,2 to 9,Removed from study site,NA,NA,
1/20/2023,Stevenson Middle School,21.31161,-157.80812,21.31353,-157.80647,175,179,Manoa,Manoa Valley District Park,Non-native,paepae,Vertebrate,Poecilia sphenops,Mexican Molly,8,3 to 7,Removed from study site,NA,NA,
1/20/2023,Stevenson Middle School,21.31161,-157.80812,21.31353,-157.80647,175,179,Manoa,Manoa Valley District Park,Non-native,paepae,Vertebrate,Micropterus dolomieu,Smallmouth Bass,11,7 to 15,Removed from study site,NA,NA,
1/20/2023,Stevenson Middle School,21.31161,-157.80812,21.31353,-157.80647,175,179,Manoa,Manoa Valley District Park,Non-native,paepae,Vertebrate,Ancistrus temminckii,Bristlenose / Bushynose Plecostomus,13,3 to 7,Removed from study site,NA,NA,
1/20/2023,Stevenson Middle School,21.31161,-157.80812,21.31353,-157.80647,175,179,Manoa,Manoa Valley District Park,Non-native,paepae,Vertebrate,Hypostomus watwata,Suckermouth Catfish / Plecostomus,2,"18, 22",Removed from study site,NA,NA,
1/20/2023,Stevenson Middle School,21.31161,-157.80812,21.31353,-157.80647,175,179,Manoa,Manoa Valley District Park,Non-native,paepae,Invertebrate,Procambarus clarkii,Swamp Crayfish,35,2 to 7,Removed from study site,NA,NA,
1/20/2023,Stevenson Middle School,21.31161,-157.80812,21.31353,-157.80647,175,179,Manoa,Manoa Valley District Park,Non-native,paepae,Invertebrate,Melanoides tuberculata,Malaysian Trumpet Snail,3,1 to 1.5,Removed from study site,NA,NA,
1/20/2023,Stevenson Middle School,21.31161,-157.80812,21.31353,-157.80647,175,179,Manoa,Manoa Valley District Park,Non-native,paepae,Invertebrate,Tarebia granifera,Quilted Melania,11,0.5 to 1.5,Removed from study site,NA,NA,
1/20/2023,Stevenson Middle School,21.31161,-157.80812,21.31353,-157.80647,175,179,Manoa,Manoa Valley District Park,NA,paepae,TOTAL NATIVES,1,TOTAL NON-NATIVES,106,NA,SUMMARY,1,38.18,
1/25/2023,Honouliuli Middle School,21.28639,-157.81888,21.28728,-157.81799,18,19,Manoa-Palolo,Kaimuki  High School,Native,paepae,Vertebrate,Kuhlia xenura,Aholehole / Hawaiian Flagtail,33,4 to 15,Returned live to capture location (one death),NA,NA,
1/25/2023,Honouliuli Middle School,21.28639,-157.81888,21.28728,-157.81799,18,19,Manoa-Palolo,Kaimuki  High School,Native,paepae,Vertebrate,Stenogobius hawaiiensis,Oopu Naniha,9,5 and 8,Returned live to capture location (one death),NA,NA,
1/25/2023,Honouliuli Middle School,21.28639,-157.81888,21.28728,-157.81799,18,19,Manoa-Palolo,Kaimuki  High School,Native,paepae,Vertebrate,Eleotris sandwicensis,Oopu Akupa,8,7 to 15,Returned live to capture location,NA,NA,
1/25/2023,Honouliuli Middle School,21.28639,-157.81888,21.28728,-157.81799,18,19,Manoa-Palolo,Kaimuki  High School,Native,paepae,Vertebrate,Mugil cephalus,Amaama / Striped Mullet,3,17,Returned live to capture location,NA,NA,
1/25/2023,Honouliuli Middle School,21.28639,-157.81888,21.28728,-157.81799,18,19,Manoa-Palolo,Kaimuki  High School,Native,paepae,Vertebrate,Awaous stamineus,Oopu Nakea,1,15,Returned live to capture location,NA,NA,
1/25/2023,Honouliuli Middle School,21.28639,-157.81888,21.28728,-157.81799,18,19,Manoa-Palolo,Kaimuki  High School,Native,paepae,Invertebrate,Macrobrachium grandimanus,Opae oehaa,5,4 to 7,Returned live to capture location,NA,NA,
1/25/2023,Honouliuli Middle School,21.28639,-157.81888,21.28728,-157.81799,18,19,Manoa-Palolo,Kaimuki  High School,Non-Native,paepae,Vertebrate,Poecilia sphenops,Mexican Molly,18,3 to 7,Removed from study site,NA,NA,
1/25/2023,Honouliuli Middle School,21.28639,-157.81888,21.28728,-157.81799,18,19,Manoa-Palolo,Kaimuki  High School,Non-Native,paepae,Vertebrate,Hypostomus watwata,Suckermouth Catfish / Plecostomus,235,16 to 30,Removed from study site,NA,NA,
1/25/2023,Honouliuli Middle School,21.28639,-157.81888,21.28728,-157.81799,18,19,Manoa-Palolo,Kaimuki  High School,Non-Native,paepae,Vertebrate,Sarotherodon melanotheron,Black Chin Tilapia,8,3 and 14,Removed from study site,NA,NA,
1/25/2023,Honouliuli Middle School,21.28639,-157.81888,21.28728,-157.81799,18,19,Manoa-Palolo,Kaimuki  High School,Non-Native,paepae,Invertebrate,Scylla serrata,Samoan Crab,2,"12, 13",Removed from study site,NA,NA,
1/25/2023,Honouliuli Middle School,21.28639,-157.81888,21.28728,-157.81799,18,19,Manoa-Palolo,Kaimuki  High School,NA,paepae,TOTAL NATIVES,59,TOTAL NON-NATIVES,263,NA,SUMMARY,60,49.09,
1/27/2023,Honouliuli Middle School,21.28810,-157.80568,21.28901,-157.80470,111,115,Palolo,Saint Louis Field,Native,paepae,Vertebrate,Awaous stamineus,Oopu nakea,4,"9, 12, 15, 16",Returned live to capture location,NA,NA,
1/27/2023,Honouliuli Middle School,21.28810,-157.80568,21.28901,-157.80470,111,115,Palolo,Saint Louis Field,Non-native,paepae,Vertebrate,Poecilia sphenops,Mexican Molly,1590,2 to 7,Removed from study site,NA,NA,
1/27/2023,Honouliuli Middle School,21.28810,-157.80568,21.28901,-157.80470,111,115,Palolo,Saint Louis Field,Non-native,paepae,Vertebrate,Poecilia reticulata,Rainbow Guppy,10,2 to 3,Removed from study site,NA,NA,
1/27/2023,Honouliuli Middle School,21.28810,-157.80568,21.28901,-157.80470,111,115,Palolo,Saint Louis Field,Non-native,paepae,Vertebrate,Hypostomus watwata,Suckermouth Catfish / Plecostomus,3,6 to 16,Removed from study site,NA,NA,
1/27/2023,Honouliuli Middle School,21.28810,-157.80568,21.28901,-157.80470,111,115,Palolo,Saint Louis Field,Non-native,paepae,Vertebrate,Ancistrus temminckii,Bristlenose / Bushynose Plecostomus,11,3 to 7,Removed from study site,NA,NA,
1/27/2023,Honouliuli Middle School,21.28810,-157.80568,21.28901,-157.80470,111,115,Palolo,Saint Louis Field,non-native,paepae,Vertebrate,Amatitlania nigrofasciata,Convict Cichlid,79,2 to 8,Removed from study site,NA,NA,
1/27/2023,Honouliuli Middle School,21.28810,-157.80568,21.28901,-157.80470,111,115,Palolo,Saint Louis Field,non-native,paepae,Vertebrate,Oreochromis mossambicus,Mozambique Tilapia,5,2 to 14,Removed from study site,NA,NA,
1/27/2023,Honouliuli Middle School,21.28810,-157.80568,21.28901,-157.80470,111,115,Palolo,Saint Louis Field,NA,paepae,TOTAL NATIVES,4,TOTAL NON-NATIVES,1698,NA,SUMMARY,13,38.18,
2/3/2023,Ala Wai Elementary,21.31161,-157.80812,21.31353,-157.80647,175,179,Manoa,Manoa Valley District Park,Native,paepae,Vertebrate,Awaous stamineus,oopu nakea,1,5,Returned live to capture location,NA,NA,
2/3/2023,Ala Wai Elementary,21.31161,-157.80812,21.31353,-157.80647,175,179,Manoa,Manoa Valley District Park,Non-native,paepae,Vertebrate,Amatitlania nigrofasciata,Convict Cichlid,10,2 to 9,Removed from study site,NA,NA,
2/3/2023,Ala Wai Elementary,21.31161,-157.80812,21.31353,-157.80647,175,179,Manoa,Manoa Valley District Park,Non-native,paepae,Vertebrate,Poecilia sphenops,Mexican Molly,26,3 to 7,Removed from study site,NA,NA,
2/3/2023,Ala Wai Elementary,21.31161,-157.80812,21.31353,-157.80647,175,179,Manoa,Manoa Valley District Park,Non-native,paepae,Vertebrate,Micropterus dolomieu,Smallmouth Bass,3,7 to 18,Removed from study site,NA,NA,
2/3/2023,Ala Wai Elementary,21.31161,-157.80812,21.31353,-157.80647,175,179,Manoa,Manoa Valley District Park,Non-native,paepae,Vertebrate,Ancistrus temminckii,Bristlenose / Bushynose Plecostomus,13,3 to 7,Removed from study site,NA,NA,
2/3/2023,Ala Wai Elementary,21.31161,-157.80812,21.31353,-157.80647,175,179,Manoa,Manoa Valley District Park,Non-native,paepae,Vertebrate,Hypostomus watwata,Suckermouth Catfish / Plecostomus,9,9 to 24,Removed from study site,NA,NA,
2/3/2023,Ala Wai Elementary,21.31161,-157.80812,21.31353,-157.80647,175,179,Manoa,Manoa Valley District Park,Non-native,paepae,Invertebrate,Procambarus clarkii,Swamp Crayfish,55,1 to 9,Removed from study site,NA,NA,
2/3/2023,Ala Wai Elementary,21.31161,-157.80812,21.31353,-157.80647,175,179,Manoa,Manoa Valley District Park,Non-native,paepae,Invertebrate,Melanoides tuberculata,Malaysian Trumpet Snail,2,1,Removed from study site,NA,NA,
2/3/2023,Ala Wai Elementary,21.31161,-157.80812,21.31353,-157.80647,175,179,Manoa,Manoa Valley District Park,Non-native,paepae,Invertebrate,Tarebia granifera,Quilted Melania,2,1,Removed from study site,NA,NA,
2/3/2023,Ala Wai Elementary,21.31161,-157.80812,21.31353,-157.80647,175,179,Manoa,Manoa Valley District Park,NA,paepae,NATIVE TOTAL,1,NON-NATIVE TOTAL,120,NA,Summary,1.5,30.91,
2/8/2023,McKinley High School,21.28831,-157.80899,21.28798,-157.80803,94,98,Palolo,Chaminade,Native,opae / A-Frame Net,Vertebrate,Awaous stamineus,Oopu nakea,1,5,Returned live to capture location,NA,NA,
2/8/2023,McKinley High School,21.28831,-157.80899,21.28798,-157.80803,94,98,Palolo,Chaminade,Native,opae / A-Frame Net,Vertebrate,Sicyopterus stimpsoni,Oopu nopili,2,"6, 6",Returned live to capture location,NA,NA,
2/8/2023,McKinley High School,21.28831,-157.80899,21.28798,-157.80803,94,98,Palolo,Chaminade,Non-native,opae / A-Frame Net,Vertebrate,Amatitlania nigrofasciata,Convict Cichlid,13,2 to 9,Removed from study site,NA,NA,
2/8/2023,McKinley High School,21.28831,-157.80899,21.28798,-157.80803,94,98,Palolo,Chaminade,Non-native,opae / A-Frame Net,Vertebrate,Ancistrus temminckii,Bristlenose / Bushynose Plecostomus,15,3 to 8,Removed from study site,NA,NA,
2/8/2023,McKinley High School,21.28831,-157.80899,21.28798,-157.80803,94,98,Palolo,Chaminade,Non-native,opae / A-Frame Net,Vertebrate,Hypostomus watwata,Suckermouth Catfish / Plecostomus,9,4 to 22,Removed from study site,NA,NA,
2/8/2023,McKinley High School,21.28831,-157.80899,21.28798,-157.80803,94,98,Palolo,Chaminade,Non-native,opae / A-Frame Net,Vertebrate,Poecilia sphenops,Mexican Molly,38,2 to 6,Removed from study site,NA,NA,
2/8/2023,McKinley High School,21.28831,-157.80899,21.28798,-157.80803,94,98,Palolo,Chaminade,Non-native,opae / A-Frame Net,Vertebrate,Poecilia reticulata,Rainbow Guppy,8,2 to 3,Removed from study site,NA,NA,
2/8/2023,McKinley High School,21.28831,-157.80899,21.28798,-157.80803,94,98,Palolo,Chaminade,NA,opae / A-Frame Net,NATIVE TOTAL,3,NON-NATIVE TOTAL,83,NA,Summary,NA,NA,
2/13/2023,Queen Kaahumanu Elementary,21.29582,-157.79684,21.29616,-157.79646,171,179,Palolo,Jarrett Middle School,Non-native,paepae,Vertebrate,Poecilia sphenops,Mexican Molly,3431,2 to 7,Removed from study site,NA,NA,
2/13/2023,Queen Kaahumanu Elementary,21.29582,-157.79684,21.29616,-157.79646,171,179,Palolo,Jarrett Middle School,Non-native,paepae,Vertebrate,Ancistrus temminckii,Bristlenose / Bushynose Plecostomus,10,3 to 7,Removed from study site,NA,NA,
2/13/2023,Queen Kaahumanu Elementary,21.29582,-157.79684,21.29616,-157.79646,171,179,Palolo,Jarrett Middle School,NA,paepae,NATIVE TOTAL,0,NON-NATIVE TOTAL,3441,NA,Summary,11,30.91,
2/24/2023,Myron B Thompson Academy ,21.3005,-157.79218,21.30094,-157.79126,268,280,Palolo,Palolo Elementary,Native,paepae,Vertebrate,Awaous stamineus,Oopu Nakea,4,"15, 13, 12, 10",Returned live to capture location,NA,NA,
2/24/2023,Myron B Thompson Academy ,21.3005,-157.79218,21.30094,-157.79126,268,280,Palolo,Palolo Elementary,Non-native,paepae,Vertebrate,Poecilia reticulata,Rainbow Guppy,48,2 to 3,Removed from study site,NA,NA,
2/24/2023,Myron B Thompson Academy ,21.3005,-157.79218,21.30094,-157.79126,268,280,Palolo,Palolo Elementary,Non-native,paepae,Vertebrate,Poecilia sphenops,Mexican Molly,13,2 to 5,Removed from study site,NA,NA,
2/24/2023,Myron B Thompson Academy ,21.3005,-157.79218,21.30094,-157.79126,268,280,Palolo,Palolo Elementary,Non-native,paepae,Vertebrate,Ancistrus temminckii,Bristlenose / Bushynose Plecostomus,44,3 to 7,Removed from study site,NA,NA,
2/24/2023,Myron B Thompson Academy ,21.3005,-157.79218,21.30094,-157.79126,268,280,Palolo,Palolo Elementary,Non-native,paepae,Invertebrate,Corbicula fluminea,Asiatic clam,3,1 to 2,Removed from study site,NA,NA,
2/24/2023,Myron B Thompson Academy ,21.3005,-157.79218,21.30094,-157.79126,268,280,Palolo,Palolo Elementary,Non-native,paepae,Invertebrate,Melanoides tuberculata,Malaysian Trumpet Snail,2,2,Removed from study site,NA,NA,
2/24/2023,Myron B Thompson Academy ,21.3005,-157.79218,21.30094,-157.79126,268,280,Palolo,Palolo Elementary,NA,paepae,NATIVE TOTAL,4,NON-NATIVE TOTAL,110,NA,Summary,0.3,38.18,
2/24/2023,Myron B Thompson Academy ,21.3005,-157.79218,21.30094,-157.79126,268,280,Palolo,Palolo Elementary,Native,opae / A-Frame Net,Vertebrate,Awaous stamineus,Oopu Nakea,1,10,Returned live to capture location,NA,NA,
2/24/2023,Myron B Thompson Academy ,21.3005,-157.79218,21.30094,-157.79126,268,280,Palolo,Palolo Elementary,Non-native,opae / A-Frame Net,Vertebrate,Hypostomus watwata,Suckermouth Catfish / Plecostomus,32,5 to 10,Removed from study site,NA,NA,
2/24/2023,Myron B Thompson Academy ,21.3005,-157.79218,21.30094,-157.79126,268,280,Palolo,Palolo Elementary,Non-native,opae / A-Frame Net,Vertebrate,Poecilia sphenops,Mexican Molly,40,2 to 5,Removed from study site,NA,NA,
2/24/2023,Myron B Thompson Academy ,21.3005,-157.79218,21.30094,-157.79126,268,280,Palolo,Palolo Elementary,Non-native,opae / A-Frame Net,Vertebrate,Ancistrus temminckii,Bristlenose / Bushynose Plecostomus,183,3 to 7,Removed from study site,NA,NA,
2/24/2023,Myron B Thompson Academy ,21.3005,-157.79218,21.30094,-157.79126,268,280,Palolo,Palolo Elementary,Non-native,opae / A-Frame Net,Invertebrate,Melanoides tuberculata,Malaysian Trumpet Snail,14,1 to 2,Removed from study site,NA,NA,
2/24/2023,Myron B Thompson Academy ,21.3005,-157.79218,21.30094,-157.79126,268,280,Palolo,Palolo Elementary,NA,opae / A-Frame Net,NATIVE TOTAL,1,NON-NATIVE TOTAL,269,NA,Summary,NA,NA,
2/27/2023,HokulaniElementary,21.29271,-157.8134,21.2933,-157.81248,45,48,Manoa,KanewaiField,Non-native,paepae,Vertebrate,Hypostomus watwata,Suckermouth Catfish / Plecostomus,19,10 to 25,Removed from study site,NA,NA,
2/27/2023,HokulaniElementary,21.29271,-157.8134,21.2933,-157.81248,45,48,Manoa,KanewaiField,Non-native,paepae,Vertebrate,Ancistrus temminckii,Bristlenose / Bushynose Plecostomus,3,4 to 6,Removed from study site,NA,NA,
2/27/2023,HokulaniElementary,21.29271,-157.8134,21.2933,-157.81248,45,48,Manoa,KanewaiField,Non-native,paepae,Vertebrate,Amatitlania nigrofasciata,Convict Cichlid,4,2 to 6,Removed from study site,NA,NA,
2/27/2023,HokulaniElementary,21.29271,-157.8134,21.2933,-157.81248,45,48,Manoa,KanewaiField,Non-native,paepae,Vertebrate,Micropterus dolomieu,Smallmouth Bass,3,14 to 28,Removed from study site,NA,NA,
2/27/2023,HokulaniElementary,21.29271,-157.8134,21.2933,-157.81248,45,48,Manoa,KanewaiField,Non-native,paepae,Vertebrate,Poecilia sphenops,Mexican Molly,6,3 to 6,Removed from study site,NA,NA,
2/27/2023,HokulaniElementary,21.29271,-157.8134,21.2933,-157.81248,45,48,Manoa,KanewaiField,Non-native,paepae,Invertebrate,Procambarus clarkii,Swamp Crayfish,1,1,Removed from study site,NA,NA,
2/27/2023,HokulaniElementary,21.29271,-157.8134,21.2933,-157.81248,45,48,Manoa,KanewaiField,NA,paepae,NATIVE TOTAL,0,NON-NATIVE TOTAL,36,NA,Summary,2,27.27,
3/9/2023,Iolani School,21.32826,-157.80093,21.32902,-157.80066,323,340,Manoa,Waihi (USGS Gage),Non-native,paepae,Vertebrate,Poecilia reticulata,Rainbow Guppy,71,2 to 4,Removed from study site,NA,NA,
3/9/2023,Iolani School,21.32826,-157.80093,21.32902,-157.80066,323,340,Manoa,Waihi (USGS Gage),Non-native,paepae,Vertebrate,Poecilia sphenops,Mexican Molly,12,3 to 5,Removed from study site,NA,NA,
3/9/2023,Iolani School,21.32826,-157.80093,21.32902,-157.80066,323,340,Manoa,Waihi (USGS Gage),Non-native,paepae,Vertebrate,Xiphophorus helleri,Green Swordtail,24,3 to 7,Removed from study site,NA,NA,
3/9/2023,Iolani School,21.32826,-157.80093,21.32902,-157.80066,323,340,Manoa,Waihi (USGS Gage),Non-native,paepae,Vertebrate,Ancistrus temminckii,Bristlenose / Bushynose Plecostomus,5,3 to 9,Removed from study site,NA,NA,
3/9/2023,Iolani School,21.32826,-157.80093,21.32902,-157.80066,323,340,Manoa,Waihi (USGS Gage),Non-native,paepae,Invertebrate,Procambarus clarkii,Swamp Crayfish,8,2 to 7,Removed from study site,NA,NA,
3/9/2023,Iolani School,21.32826,-157.80093,21.32902,-157.80066,323,340,Manoa,Waihi (USGS Gage),Non-native,paepae,Invertebrate,Neocaridina denticulata sinensis,Japanese Swamp Shrimp,37,1.5 to 2,Removed from study site,NA,NA,
3/9/2023,Iolani School,21.32826,-157.80093,21.32902,-157.80066,323,340,Manoa,Waihi (USGS Gage),NA,paepae,NATIVE TOTAL,0,NON-NATIVE TOTAL,157,NA,Summary,0.2,27.27,
3/9/2023,Iolani School,21.32792,-157.79959,21.32748,-157.79980,332,335,Manoa,Waiakeakua (USGS Gage),Non-native,paepae,Vertebrate,Poecilia reticulata,Rainbow Guppy,118,2 to 3,Removed from study site,NA,NA,
3/9/2023,Iolani School,21.32792,-157.79959,21.32748,-157.79980,332,335,Manoa,Waiakeakua (USGS Gage),Non-native,paepae,Vertebrate,Xiphophorus helleri,Green Swordtail,14,3 to 5,Removed from study site,NA,NA,
3/9/2023,Iolani School,21.32792,-157.79959,21.32748,-157.79980,332,335,Manoa,Waiakeakua (USGS Gage),Non-native,paepae,Vertebrate,Ancistrus temminckii,Bristlenose / Bushynose Plecostomus,14,3 to 8,Removed from study site,NA,NA,
3/9/2023,Iolani School,21.32792,-157.79959,21.32748,-157.79980,332,335,Manoa,Waiakeakua (USGS Gage),Non-native,paepae,Invertebrate,Neocaridina denticulata sinensis,Japanese Swamp Shrimp,33,1.5 to 2,Removed from study site,NA,NA,
3/9/2023,Iolani School,21.32792,-157.79959,21.32748,-157.79980,332,335,Manoa,Waiakeakua (USGS Gage),Non-native,paepae,Invertebrate,Procambarus clarkii,Swamp Crayfish,3,1 to 2,Removed from study site,NA,NA,
3/9/2023,Iolani School,21.32792,-157.79959,21.32748,-157.79980,332,335,Manoa,Waiakeakua (USGS Gage),NA,paepae,NATIVE TOTAL,0,NON-NATIVE TOTAL,182,NA,Summary,0.2,27.27,
3/15/2023,University of Hawaii at Manoa - Osaka Outreach College,21.29673,-157.81367,21.29845,-157.8139,94,100,Manoa,KanewaiLoi,Non-native,paepae,Vertebrate,Hypostomus watwata,Suckermouth Catfish / Plecostomus,8,9 to 18,Removed from study site,NA,NA,
3/15/2023,University of Hawaii at Manoa - Osaka Outreach College,21.29673,-157.81367,21.29845,-157.8139,94,100,Manoa,KanewaiLoi,Non-native,paepae,Invertebrate,Tarebia granifera,Quilted Melania,3,0.5 to 1,Removed from study site,NA,NA,
3/15/2023,University of Hawaii at Manoa - Osaka Outreach College,21.29673,-157.81367,21.29845,-157.8139,94,100,Manoa,KanewaiLoi,Non-native,paepae,Invertebrate,Procambarus clarkii,Swamp Crayfish,1,3,Removed from study site,NA,NA,
3/15/2023,University of Hawaii at Manoa - Osaka Outreach College,21.29673,-157.81367,21.29845,-157.8139,94,100,Manoa,KanewaiLoi,NA,paepae,NATIVE TOTAL,0,NON-NATIVE TOTAL,12,NA,Summary,1,30.9,
3/16/2023,Iolani School - Continuum of Service Conference,21.28639,-157.81888,21.28728,-157.81799,18,19,Manoa-Palolo,Kaimuki  High School,Native,opae / A-Frame Net,Vertebrate,Kuhlia xenura,Aholehole / Hawaiian Flagtail,8,4 to 15,Returned live to capture location,NA,NA,
3/16/2023,Iolani School - Continuum of Service Conference,21.28639,-157.81888,21.28728,-157.81799,18,19,Manoa-Palolo,Kaimuki  High School,Native,opae / A-Frame Net,Vertebrate,Stenogobius hawaiiensis,Oopu Naniha,1,5 and 8,Returned live to capture location,NA,NA,
3/16/2023,Iolani School - Continuum of Service Conference,21.28639,-157.81888,21.28728,-157.81799,18,19,Manoa-Palolo,Kaimuki  High School,Native,opae / A-Frame Net,Vertebrate,Eleotris sandwicensis,Oopu Akupa,9,7 to 15,Returned live to capture location,NA,NA,
3/16/2023,Iolani School - Continuum of Service Conference,21.28639,-157.81888,21.28728,-157.81799,18,19,Manoa-Palolo,Kaimuki  High School,Non-Native,opae / A-Frame Net,Vertebrate,Poecilia sphenops,Mexican Molly,2,5 to 6,Removed from study site,NA,NA,
3/16/2023,Iolani School - Continuum of Service Conference,21.28639,-157.81888,21.28728,-157.81799,18,19,Manoa-Palolo,Kaimuki  High School,Non-Native,opae / A-Frame Net,Vertebrate,Hypostomus watwata,Suckermouth Catfish / Plecostomus,30,16 to 30,Removed from study site,NA,NA,
3/16/2023,Iolani School - Continuum of Service Conference,21.28639,-157.81888,21.28728,-157.81799,18,19,Manoa-Palolo,Kaimuki  High School,NA,opae / A-Frame Net,NATIVE TOTAL,18,NON-NATIVE TOTAL,32,NA,Summary,NA,NA,
3/21/2023,Aiea Intermediate,21.31284,-157.82912,21.31402,-157.82866,250,272,Makiki,Halau Ku Mana,Non-native,paepae,Vertebrate,Poecilia reticulata,Rainbow Guppy,183,2 to 3,Removed from study site,NA,NA,
3/21/2023,Aiea Intermediate,21.31284,-157.82912,21.31402,-157.82866,250,272,Makiki,Halau Ku Mana,Non-native,paepae,Vertebrate,Poecilia sphenops,Mexican Molly,6,2 to 5,Removed from study site,NA,NA,
3/21/2023,Aiea Intermediate,21.31284,-157.82912,21.31402,-157.82866,250,272,Makiki,Halau Ku Mana,Non-native,paepae,Vertebrate,Ancistrus temminckii,Bristlenose / Bushynose Plecostomus,4,2 to 4,Removed from study site,NA,NA,
3/21/2023,Aiea Intermediate,21.31284,-157.82912,21.31402,-157.82866,250,272,Makiki,Halau Ku Mana,Non-native,paepae,Invertebrate,Macrobrachium lar,Tahitian Prawn,10,4 to 14,Removed from study site,NA,NA,
3/21/2023,Aiea Intermediate,21.31284,-157.82912,21.31402,-157.82866,250,272,Makiki,Halau Ku Mana,Non-native,paepae,Invertebrate,Neocaridina denticulata sinensis,Japanese Swamp Shrimp,43,1 to 2,Removed from study site,NA,NA,
3/21/2023,Aiea Intermediate,21.31284,-157.82912,21.31402,-157.82866,250,272,Makiki,Halau Ku Mana,NA,paepae,NATIVE TOTAL,0,NON-NATIVE TOTAL,246,NA,Summary,0.3,27.3,
3/23/2023,University of Hawaii at Manoa - Osaka Outreach College,21.32632,-157.80057,21.32674,-157.80075,298,308,Manoa,Waakaua,Non-native,paepae,Invertebrate,Procambarus clarkii,Swamp Crayfish,53,2 to 5,Removed from study site,NA,NA,
3/23/2023,University of Hawaii at Manoa - Osaka Outreach College,21.32632,-157.80057,21.32674,-157.80075,298,308,Manoa,Waakaua,Non-native,paepae,Vertebrate,Poecilia reticulata,Rainbow Guppy,79,1 to 3,Removed from study site,NA,NA,
3/23/2023,University of Hawaii at Manoa - Osaka Outreach College,21.32632,-157.80057,21.32674,-157.80075,298,308,Manoa,Waakaua,Non-native,paepae,Vertebrate,Xiphophorus helleri,Green Swordtail,27,2 to 4,Removed from study site,NA,NA,
3/23/2023,University of Hawaii at Manoa - Osaka Outreach College,21.32632,-157.80057,21.32674,-157.80075,298,308,Manoa,Waakaua,Non-native,paepae,Vertebrate,Ancistrus temminckii,Bristlenose / Bushynose Plecostomus,108,3 to 6,Removed from study site,NA,NA,
3/23/2023,University of Hawaii at Manoa - Osaka Outreach College,21.32632,-157.80057,21.32674,-157.80075,298,308,Manoa,Waakaua,Non-native,paepae,Vertebrate,Poecilia sphenops,Mexican Molly,5,2 to 4,Removed from study site,NA,NA,
3/23/2023,University of Hawaii at Manoa - Osaka Outreach College,21.32632,-157.80057,21.32674,-157.80075,298,308,Manoa,Waakaua,Non-native,paepae,Invertebrate,Neocaridina denticulata sinensis,Japanese Swamp Shrimp,2,2,Removed from study site,NA,NA,
3/23/2023,University of Hawaii at Manoa - Osaka Outreach College,21.32632,-157.80057,21.32674,-157.80075,298,308,Manoa,Waakaua,NA,paepae,NATIVE TOTAL,0,NON-NATIVE TOTAL,274,NA,Summary,1.5,27.27,
3/24/2023,Kawananakoa Middle School,21.31774,-157.82713,21.31819,-157.82698,380,410,Makiki,Kanealole,Native,paepae,Vertebrate,Awaous stamineus,Oopu Nakea,1,6,Returned live to capture location,NA,NA,
3/24/2023,Kawananakoa Middle School,21.31774,-157.82713,21.31819,-157.82698,380,410,Makiki,Kanealole,Non-native,paepae,Vertebrate,Poecilia reticulata,Rainbow Guppy,126,2 to 3,Removed from study site,NA,NA,
3/24/2023,Kawananakoa Middle School,21.31774,-157.82713,21.31819,-157.82698,380,410,Makiki,Kanealole,Non-native,paepae,Invertebrate,Macrobrachium lar,Tahitian Prawn,8,5 to 15,Removed from study site,NA,NA,
3/24/2023,Kawananakoa Middle School,21.31774,-157.82713,21.31819,-157.82698,380,410,Makiki,Kanealole,Non-native,paepae,Invertebrate,Neocaridina denticulata sinensis,Japanese Swamp Shrimp,91,2,Removed from study site,NA,NA,
3/24/2023,Kawananakoa Middle School,21.31774,-157.82713,21.31819,-157.82698,380,410,Makiki,Kanealole,NA,paepae,NATIVE TOTAL,1,NON-NATIVE TOTAL,225,NA,Summary,0.20,34.55,
3/30/2023,Kamehameha Schools,21.30973,-157.80943,21.3109,-157.80879,168,172,Manoa,Manoa Marketplace,Native,paepae,Vertebrate,Awaous stamineus,Oopu nakea,1,13,Returned live to capture location,NA,NA,
3/30/2023,Kamehameha Schools,21.30973,-157.80943,21.3109,-157.80879,168,172,Manoa,Manoa Marketplace,Non-native,paepae,Vertebrate,Poecilia sphenops,Mexican Molly,657,2 to 7,Removed from study site,NA,NA,
3/30/2023,Kamehameha Schools,21.30973,-157.80943,21.3109,-157.80879,168,172,Manoa,Manoa Marketplace,Non-native,paepae,Vertebrate,Poecilia reticulata,Rainbow Guppy,11,2 to 3,Removed from study site,NA,NA,
3/30/2023,Kamehameha Schools,21.30973,-157.80943,21.3109,-157.80879,168,172,Manoa,Manoa Marketplace,Non-native,paepae,Vertebrate,Amatitlania nigrofasciata,Convict Cichlid,1,4,Removed from study site,NA,NA,
3/30/2023,Kamehameha Schools,21.30973,-157.80943,21.3109,-157.80879,168,172,Manoa,Manoa Marketplace,Non-native,paepae,Vertebrate,Hypostomus watwata,Suckermouth Catfish / Plecostomus,26,3 to 18,Removed from study site,NA,NA,
3/30/2023,Kamehameha Schools,21.30973,-157.80943,21.3109,-157.80879,168,172,Manoa,Manoa Marketplace,Non-native,paepae,Vertebrate,Ancistrus temminckii,Bristlenose / Bushynose Plecostomus,29,2 to 5,Removed from study site,NA,NA,
3/30/2023,Kamehameha Schools,21.30973,-157.80943,21.3109,-157.80879,168,172,Manoa,Manoa Marketplace,Non-native,paepae,Invertebrate,Neocaridina denticulata sinensis,Japanese Swamp Shrimp,7,2,Removed from study site,NA,NA,
3/30/2023,Kamehameha Schools,21.30973,-157.80943,21.3109,-157.80879,168,172,Manoa,Manoa Marketplace,Non-native,paepae,Invertebrate,Procambarus clarkii,Swamp Crayfish,5,2 to 6,Removed from study site,NA,NA,
3/30/2023,Kamehameha Schools,21.30973,-157.80943,21.3109,-157.80879,168,172,Manoa,Manoa Marketplace,Non-native,paepae,Invertebrate,Tarebia granifera,Quilted Melania,3,1 to 2,Removed from study site,NA,NA,
3/30/2023,Kamehameha Schools,21.30973,-157.80943,21.3109,-157.80879,168,172,Manoa,Manoa Marketplace,NA,paepae,NATIVE TOTAL,1,NON-NATIVE TOTAL,739,NA,Summary,3,38.12,
4/6/2023,Kapolei High School,21.30821,-157.8307,21.30935,-157.83057,144,165,Makiki,Baker Park,Native,paepae,Vertebrate,Awaous stamineus,Oopu nakea,3,"5, 8, 12",Returned live to capture location,NA,NA,
4/6/2023,Kapolei High School,21.30821,-157.8307,21.30935,-157.83057,144,165,Makiki,Baker Park,Native,paepae,Vertebrate,Sicyopterus stimpsoni,Oopu nopili,1,5,Returned live to capture location,NA,NA,
4/6/2023,Kapolei High School,21.30821,-157.8307,21.30935,-157.83057,144,165,Makiki,Baker Park,Non-native,paepae,Vertebrate,Amatitlania nigrofasciata,Convict Cichlid,92,3 to 8,Removed from study site,NA,NA,
4/6/2023,Kapolei High School,21.30821,-157.8307,21.30935,-157.83057,144,165,Makiki,Baker Park,Non-native,paepae,Vertebrate,Poecilia reticulata,Rainbow Guppy,53,2 to 3,Removed from study site,NA,NA,
4/6/2023,Kapolei High School,21.30821,-157.8307,21.30935,-157.83057,144,165,Makiki,Baker Park,Non-native,paepae,Vertebrate,Ancistrus temminckii,Bristlenose / Bushynose Plecostomus,3,2 to 8,Removed from study site,NA,NA,
4/6/2023,Kapolei High School,21.30821,-157.8307,21.30935,-157.83057,144,165,Makiki,Baker Park,Non-native,paepae,Invertebrate,Macrobrachium lar,Tahitian Prawn,16,5 to 15,Removed from study site,NA,NA,
4/6/2023,Kapolei High School,21.30821,-157.8307,21.30935,-157.83057,144,165,Makiki,Baker Park,Non-native,paepae,Invertebrate,Neocaridina denticulata sinensis,Japanese Swamp Shrimp,1,2,Removed from study site,NA,NA,
4/6/2023,Kapolei High School,21.30821,-157.8307,21.30935,-157.83057,144,165,Makiki,Baker Park,Non-native,paepae,Invertebrate,Tarebia granifera,Quilted Melania,14,0.5 to 2,Removed from study site,NA,NA,
4/6/2023,Kapolei High School,21.30821,-157.8307,21.30935,-157.83057,144,165,Makiki,Baker Park,Non-native,paepae,Invertebrate,Corbicula fluminea,Asiatic clam,3,0.5 to 1,Removed from study site,NA,NA,
4/6/2023,Kapolei High School,21.30821,-157.8307,21.30935,-157.83057,144,165,Makiki,Baker Park,NA,paepae,NATIVE TOTAL,4,NON-NATIVE TOTAL,182,NA,Summary,2,45.45,
4/8/2023,Saint Louis School,21.28810,-157.80568,21.28901,-157.80470,111,115,Palolo,Saint Louis Field,Native,opae / A-Frame Net,Vertebrate,Awaous stamineus,Oopu nakea,1,14,Returned Live to Capture Location,NA,NA,
4/8/2023,Saint Louis School,21.28810,-157.80568,21.28901,-157.80470,111,115,Palolo,Saint Louis Field,Non-native,opae / A-Frame Net,Vertebrate,Poecilia sphenops,Mexican Molly,3450,2 to 7,Removed from study site,NA,NA,
4/8/2023,Saint Louis School,21.28810,-157.80568,21.28901,-157.80470,111,115,Palolo,Saint Louis Field,Non-native,opae / A-Frame Net,Vertebrate,Poecilia reticulata,Rainbow Guppy,3,2 to 3,Removed from study site,NA,NA,
4/8/2023,Saint Louis School,21.28810,-157.80568,21.28901,-157.80470,111,115,Palolo,Saint Louis Field,Non-native,opae / A-Frame Net,Vertebrate,Ancistrus temminckii,Bristlenose / Bushynose Plecostomus,1,5,Removed from study site,NA,NA,
4/8/2023,Saint Louis School,21.28810,-157.80568,21.28901,-157.80470,111,115,Palolo,Saint Louis Field,non-native,opae / A-Frame Net,Vertebrate,Amatitlania nigrofasciata,Convict Cichlid,15,2 to 6,Removed from study site,NA,NA,
4/8/2023,Saint Louis School,21.28810,-157.80568,21.28901,-157.80470,111,115,Palolo,Saint Louis Field,NA,opae / A-Frame Net,NATIVE TOTAL,1,NON-NATIVE TOTAL,3469,NA,Summary,NA,NA,
4/8/2023,Saint Louis School,21.28831,-157.80899,21.28798,-157.80803,94,98,Palolo,Chaminade,Native,paepae,Vertebrate,Awaous stamineus,Oopu nakea,3,"17, 10, 12",Returned live to capture location,NA,NA,
4/8/2023,Saint Louis School,21.28831,-157.80899,21.28798,-157.80803,94,98,Palolo,Chaminade,Non-native,paepae,Vertebrate,Amatitlania nigrofasciata,Convict Cichlid,9,3 to 7,Removed from study site,NA,NA,
4/8/2023,Saint Louis School,21.28831,-157.80899,21.28798,-157.80803,94,98,Palolo,Chaminade,Non-native,paepae,Vertebrate,Ancistrus temminckii,Bristlenose / Bushynose Plecostomus,13,4 to 7,Removed from study site,NA,NA,
4/8/2023,Saint Louis School,21.28831,-157.80899,21.28798,-157.80803,94,98,Palolo,Chaminade,Non-native,paepae,Vertebrate,Hypostomus watwata,Suckermouth Catfish / Plecostomus,10,6 to 22,Removed from study site,NA,NA,
4/8/2023,Saint Louis School,21.28831,-157.80899,21.28798,-157.80803,94,98,Palolo,Chaminade,Non-native,paepae,Vertebrate,Poecilia sphenops,Mexican Molly,80,3 to 7,Removed from study site,NA,NA,
4/8/2023,Saint Louis School,21.28831,-157.80899,21.28798,-157.80803,94,98,Palolo,Chaminade,Non-native,paepae,Vertebrate,Poecilia reticulata,Rainbow Guppy,5,2 to 3,Removed from study site,NA,NA,
4/8/2023,Saint Louis School,21.28831,-157.80899,21.28798,-157.80803,94,98,Palolo,Chaminade,NA,paepae,NATIVE TOTAL,3,NON-NATIVE TOTAL,117,NA,Summary,2,38.18,
4/17/2023,Saint Louis School,21.28810,-157.80568,21.28901,-157.80470,111,115,Palolo,Saint Louis Field,Non-native,paepae,Vertebrate,Poecilia sphenops,Mexican Molly,1123,2 to 7,Removed from study site,NA,NA,
4/17/2023,Saint Louis School,21.28810,-157.80568,21.28901,-157.80470,111,115,Palolo,Saint Louis Field,Non-native,paepae,Vertebrate,Poecilia reticulata,Rainbow Guppy,8,2 to 3,Removed from study site,NA,NA,
4/17/2023,Saint Louis School,21.28810,-157.80568,21.28901,-157.80470,111,115,Palolo,Saint Louis Field,Non-native,paepae,Vertebrate,Hypostomus watwata,Suckermouth Catfish / Plecostomus,2,24 and 30,Removed from study site,NA,NA,
4/17/2023,Saint Louis School,21.28810,-157.80568,21.28901,-157.80470,111,115,Palolo,Saint Louis Field,Non-native,paepae,Vertebrate,Ancistrus temminckii,Bristlenose / Bushynose Plecostomus,4,3 to 7,Removed from study site,NA,NA,
4/17/2023,Saint Louis School,21.28810,-157.80568,21.28901,-157.80470,111,115,Palolo,Saint Louis Field,non-native,paepae,Vertebrate,Amatitlania nigrofasciata,Convict Cichlid,64,2 to 8,Removed from study site,NA,NA,
4/17/2023,Saint Louis School,21.28810,-157.80568,21.28901,-157.80470,111,115,Palolo,Saint Louis Field,non-native,paepae,Vertebrate,Oreochromis mossambicus,Mozambique Tilapia,17,5 to 24,Removed from study site,NA,NA,
4/17/2023,Saint Louis School,21.28810,-157.80568,21.28901,-157.80470,111,115,Palolo,Saint Louis Field,NA,paepae,NATIVE TOTAL,0,NON-NATIVE TOTAL,1218,NA,Summary,11,27.27,
4/17/2023,Saint Louis School,21.28831,-157.80899,21.28798,-157.80803,94,98,Palolo,Chaminade,Non-native,paepae,Vertebrate,Amatitlania nigrofasciata,Convict Cichlid,20,4 to 7,Removed from study site,NA,NA,
4/17/2023,Saint Louis School,21.28831,-157.80899,21.28798,-157.80803,94,98,Palolo,Chaminade,Non-native,paepae,Vertebrate,Ancistrus temminckii,Bristlenose / Bushynose Plecostomus,4,5 to 7,Removed from study site,NA,NA,
4/17/2023,Saint Louis School,21.28831,-157.80899,21.28798,-157.80803,94,98,Palolo,Chaminade,Non-native,paepae,Vertebrate,Hypostomus watwata,Suckermouth Catfish / Plecostomus,4,22 to 26,Removed from study site,NA,NA,
4/17/2023,Saint Louis School,21.28831,-157.80899,21.28798,-157.80803,94,98,Palolo,Chaminade,Non-native,paepae,Vertebrate,Poecilia sphenops,Mexican Molly,167,3 to 7,Removed from study site,NA,NA,
4/17/2023,Saint Louis School,21.28831,-157.80899,21.28798,-157.80803,94,98,Palolo,Chaminade,Non-native,paepae,Vertebrate,Poecilia reticulata,Rainbow Guppy,26,2 to 3,Removed from study site,NA,NA,
4/17/2023,Saint Louis School,21.28831,-157.80899,21.28798,-157.80803,94,98,Palolo,Chaminade,NA,paepae,NATIVE TOTAL,0,NON-NATIVE TOTAL,221,NA,Summary,2,27.27,
4/26/2023,Malama Honua PCS,21.30973,-157.80943,21.3109,-157.80879,168,172,Manoa,Manoa Marketplace,Non-native,paepae,Vertebrate,Poecilia sphenops,Mexican Molly,118,3 to 7,Removed from study site,NA,NA,
4/26/2023,Malama Honua PCS,21.30973,-157.80943,21.3109,-157.80879,168,172,Manoa,Manoa Marketplace,Non-native,paepae,Vertebrate,Poecilia reticulata,Rainbow Guppy,87,2 to 3,Removed from study site,NA,NA,
4/26/2023,Malama Honua PCS,21.30973,-157.80943,21.3109,-157.80879,168,172,Manoa,Manoa Marketplace,Non-native,paepae,Vertebrate,Hypostomus watwata,Suckermouth Catfish / Plecostomus,11,2 to 5,Removed from study site,NA,NA,
4/26/2023,Malama Honua PCS,21.30973,-157.80943,21.3109,-157.80879,168,172,Manoa,Manoa Marketplace,Non-native,paepae,Vertebrate,Ancistrus temminckii,Bristlenose / Bushynose Plecostomus,3,2 to 5,Removed from study site,NA,NA,
4/26/2023,Malama Honua PCS,21.30973,-157.80943,21.3109,-157.80879,168,172,Manoa,Manoa Marketplace,Non-native,paepae,Invertebrate,Procambarus clarkii,Swamp Crayfish,3,5 to 7,Removed from study site,NA,NA,
4/26/2023,Malama Honua PCS,21.30973,-157.80943,21.3109,-157.80879,168,172,Manoa,Manoa Marketplace,Non-native,paepae,Invertebrate,Melanoides tuberculata,Malaysian Trumpet Snail,11,1 to 2,Removed from study site,NA,NA,
4/26/2023,Malama Honua PCS,21.30973,-157.80943,21.3109,-157.80879,168,172,Manoa,Manoa Marketplace,Non-native,paepae,Invertebrate,Neocaridina denticulata sinensis,Japanese Swamp Shrimp,7,1 to 2,Removed from study site,NA,NA,
4/26/2023,Malama Honua PCS,21.30973,-157.80943,21.3109,-157.80879,168,172,Manoa,Manoa Marketplace,NA,paepae,NATIVE TOTAL,0,NON-NATIVE TOTAL,240,NA,Summary,0.3,27.27,
5/2/2023,Honouliuli Middle School,21.28639,-157.81888,21.28728,-157.81799,18,19,Manoa-Palolo,Kaimuki  High School,Native,opae / A-Frame Net,Vertebrate,Kuhlia xenura,Aholehole / Hawaiian Flagtail,2,4 and 9,Returned live to capture location (one death),NA,NA,
5/2/2023,Honouliuli Middle School,21.28639,-157.81888,21.28728,-157.81799,18,19,Manoa-Palolo,Kaimuki  High School,Native,opae / A-Frame Net,Vertebrate,Stenogobius hawaiiensis,Oopu Naniha,6,4 to 10,Returned live to capture location (one death),NA,NA,
5/2/2023,Honouliuli Middle School,21.28639,-157.81888,21.28728,-157.81799,18,19,Manoa-Palolo,Kaimuki  High School,Native,opae / A-Frame Net,Vertebrate,Eleotris sandwicensis,Oopu Akupa,1,11,Returned live to capture location,NA,NA,
5/2/2023,Honouliuli Middle School,21.28639,-157.81888,21.28728,-157.81799,18,19,Manoa-Palolo,Kaimuki  High School,Native,opae / A-Frame Net,Vertebrate,Awaous stamineus,Oopu Nakea,1,16,Returned live to capture location,NA,NA,
5/2/2023,Honouliuli Middle School,21.28639,-157.81888,21.28728,-157.81799,18,19,Manoa-Palolo,Kaimuki  High School,Native,opae / A-Frame Net,Invertebrate,Neritina vespertina,Hapawai,3,2 to 3,Returned live to capture location,NA,NA,
5/2/2023,Honouliuli Middle School,21.28639,-157.81888,21.28728,-157.81799,18,19,Manoa-Palolo,Kaimuki  High School,non-native,opae / A-Frame Net,Vertebrate,Andinoacara rivulatus,Green Terror Cichlid,2,10 to 16,Removed from study site,NA,NA,
5/2/2023,Honouliuli Middle School,21.28639,-157.81888,21.28728,-157.81799,18,19,Manoa-Palolo,Kaimuki  High School,non-native,opae / A-Frame Net,Vertebrate,Amphilophus labiatus,Red Devil Cichlid,3,15 to 20,Removed from study site,NA,NA,
5/2/2023,Honouliuli Middle School,21.28639,-157.81888,21.28728,-157.81799,18,19,Manoa-Palolo,Kaimuki  High School,non-native,opae / A-Frame Net,Vertebrate,Hypostomus watwata,Suckermouth Catfish / Plecostomus,9,16 to 25,Removed from study site,NA,NA,
5/2/2023,Honouliuli Middle School,21.28639,-157.81888,21.28728,-157.81799,18,19,Manoa-Palolo,Kaimuki  High School,non-native,opae / A-Frame Net,Vertebrate,Poecilia sphenops,Mexican Molly,7,2 to 7,Removed from study site,NA,NA,
5/2/2023,Honouliuli Middle School,21.28639,-157.81888,21.28728,-157.81799,18,19,Manoa-Palolo,Kaimuki  High School,non-native,opae / A-Frame Net,Vertebrate,Xiphophorus helleri,Green Swordtail,1,5,Removed from study site,NA,NA,
5/2/2023,Honouliuli Middle School,21.28639,-157.81888,21.28728,-157.81799,18,19,Manoa-Palolo,Kaimuki  High School,NA,opae / A-Frame Net,NATIVE TOTAL,13,NON-NATIVE TOTAL,22,NA,Summary,NA,NA,
5/3/2023,University Laboratory School,21.29673,-157.81367,21.29845,-157.8139,94,100,Manoa,KanewaiLoi,Non-native,paepae,Vertebrate,Hypostomus watwata,Suckermouth Catfish / Plecostomus,13,12 to 20,Removed from study site,NA,NA,
5/3/2023,University Laboratory School,21.29673,-157.81367,21.29845,-157.8139,94,100,Manoa,KanewaiLoi,Non-native,paepae,Vertebrate,Ancistrus temminckii,Bristlenose / Bushynose Plecostomus,1,9,Removed from study site,NA,NA,
5/3/2023,University Laboratory School,21.29673,-157.81367,21.29845,-157.8139,94,100,Manoa,KanewaiLoi,Non-native,paepae,Invertebrate,Procambarus clarkii,Swamp Crayfish,1,7,Removed from study site,NA,NA,
5/3/2023,University Laboratory School,21.29673,-157.81367,21.29845,-157.8139,94,100,Manoa,KanewaiLoi,Non-native,paepae,Invertebrate,Tarebia granifera,Quilted Melania,8,0.5 to 1,Removed from study site,NA,NA,
5/3/2023,University Laboratory School,21.29673,-157.81367,21.29845,-157.8139,94,100,Manoa,KanewaiLoi,Non-native,paepae,Invertebrate,Melanoides tuberculata,Malaysian Trumpet Snail,2,1 to1.5,Removed from study site,NA,NA,
5/3/2023,University Laboratory School,21.29673,-157.81367,21.29845,-157.8139,94,100,Manoa,KanewaiLoi,Non-native,paepae,Invertebrate,Corbicula fluminea,Asiatic clam,1,1,Removed from study site,NA,NA,
5/3/2023,University Laboratory School,21.29673,-157.81367,21.29845,-157.8139,94,100,Manoa,KanewaiLoi,NA,paepae,NATIVE TOTAL,0,NON-NATIVE TOTAL,26,NA,Summary,1.5,27.27,
5/10/2023,Kaimuki Middle School,21.28639,-157.81888,21.28728,-157.81799,18,19,Manoa-Palolo,Kaimuki  High School,Native,opae / A-Frame Net,Vertebrate,Kuhlia xenura,Aholehole / Hawaiian Flagtail,5,4 to 13,Returned live to capture location (one death),NA,NA,
5/10/2023,Kaimuki Middle School,21.28639,-157.81888,21.28728,-157.81799,18,19,Manoa-Palolo,Kaimuki  High School,Native,opae / A-Frame Net,Vertebrate,Stenogobius hawaiiensis,Oopu Naniha,8,3 to 11,Returned live to capture location (one death),NA,NA,
5/10/2023,Kaimuki Middle School,21.28639,-157.81888,21.28728,-157.81799,18,19,Manoa-Palolo,Kaimuki  High School,Native,opae / A-Frame Net,Vertebrate,Eleotris sandwicensis,Oopu Akupa,8,8 to 15,Returned live to capture location,NA,NA,
5/10/2023,Kaimuki Middle School,21.28639,-157.81888,21.28728,-157.81799,18,19,Manoa-Palolo,Kaimuki  High School,Native,opae / A-Frame Net,Invertebrate,Neritina vespertina,Hapawai,3,2 to 3,Returned live to capture location,NA,NA,
5/10/2023,Kaimuki Middle School,21.28639,-157.81888,21.28728,-157.81799,18,19,Manoa-Palolo,Kaimuki  High School,non-native,opae / A-Frame Net,Invertebrate,Procambarus clarkii,Swamp Crayfish,1,6,Removed from study site,NA,NA,
5/10/2023,Kaimuki Middle School,21.28639,-157.81888,21.28728,-157.81799,18,19,Manoa-Palolo,Kaimuki  High School,non-native,opae / A-Frame Net,Vertebrate,Amphilophus labiatus,Red Devil Cichlid,3,15 to 20,Removed from study site,NA,NA,
5/10/2023,Kaimuki Middle School,21.28639,-157.81888,21.28728,-157.81799,18,19,Manoa-Palolo,Kaimuki  High School,non-native,opae / A-Frame Net,Vertebrate,Amatitlania nigrofasciata,Convict Cichlid,3,4 to 11,Removed from study site,NA,NA,
5/10/2023,Kaimuki Middle School,21.28639,-157.81888,21.28728,-157.81799,18,19,Manoa-Palolo,Kaimuki  High School,Non-Native,opae / A-Frame Net,Vertebrate,Poecilia sphenops,Mexican Molly,24,3 to 7,Removed from study site,NA,NA,
5/10/2023,Kaimuki Middle School,21.28639,-157.81888,21.28728,-157.81799,18,19,Manoa-Palolo,Kaimuki  High School,Non-Native,opae / A-Frame Net,Vertebrate,Xiphophorus helleri,Green Swordtail,1,6,Removed from study site,NA,NA,
5/10/2023,Kaimuki Middle School,21.28639,-157.81888,21.28728,-157.81799,18,19,Manoa-Palolo,Kaimuki  High School,Non-Native,opae / A-Frame Net,Vertebrate,Hypostomus watwata,Suckermouth Catfish / Plecostomus,11,16 to 30,Removed from study site,NA,NA,
5/10/2023,Kaimuki Middle School,21.28639,-157.81888,21.28728,-157.81799,18,19,Manoa-Palolo,Kaimuki  High School,Non-Native,opae / A-Frame Net,Vertebrate,Ancistrus temminckii,Bristlenose / Bushynose Plecostomus,1,6,Removed from study site,NA,NA,
5/10/2023,Kaimuki Middle School,21.28639,-157.81888,21.28728,-157.81799,18,19,Manoa-Palolo,Kaimuki  High School,Non-Native,opae / A-Frame Net,Vertebrate,Oreochromis mossambicus,Mozambique Tilapia,2,"20, 22",Removed from study site,NA,NA,
5/10/2023,Kaimuki Middle School,21.28639,-157.81888,21.28728,-157.81799,18,19,Manoa-Palolo,Kaimuki  High School,Non-Native,opae / A-Frame Net,Vertebrate,Sarotherodon melanotheron,Black Chin Tilapia,2,"18, 20",Removed from study site,NA,NA,
5/10/2023,Kaimuki Middle School,21.28639,-157.81888,21.28728,-157.81799,18,19,Manoa-Palolo,Kaimuki  High School,Non-Native,opae / A-Frame Net,Vertebrate,Carassius auratus,Goldfish,1,25,Removed from study site,NA,NA,
5/10/2023,Kaimuki Middle School,21.28639,-157.81888,21.28728,-157.81799,18,19,Manoa-Palolo,Kaimuki  High School,NA,opae / A-Frame Net,NATIVE TOTAL,24,NON-NATIVE TOTAL,49,NA,Summary,10,NA,
5/10/2023,Kaimuki Middle School,21.28831,-157.80899,21.28798,-157.80803,94,98,Palolo,Chaminade,Non-native,opae / A-Frame Net,Vertebrate,Amatitlania nigrofasciata,Convict Cichlid,8,3 to 7,Removed from study site,NA,NA,
5/10/2023,Kaimuki Middle School,21.28831,-157.80899,21.28798,-157.80803,94,98,Palolo,Chaminade,Non-native,opae / A-Frame Net,Vertebrate,Ancistrus temminckii,Bristlenose / Bushynose Plecostomus,8,4 to 7,Removed from study site,NA,NA,
5/10/2023,Kaimuki Middle School,21.28831,-157.80899,21.28798,-157.80803,94,98,Palolo,Chaminade,Non-native,opae / A-Frame Net,Vertebrate,Hypostomus watwata,Suckermouth Catfish / Plecostomus,38,6 to 22,Removed from study site,NA,NA,
5/10/2023,Kaimuki Middle School,21.28831,-157.80899,21.28798,-157.80803,94,98,Palolo,Chaminade,Non-native,opae / A-Frame Net,Vertebrate,Poecilia sphenops,Mexican Molly,22,3 to 7,Removed from study site,NA,NA,
5/10/2023,Kaimuki Middle School,21.28831,-157.80899,21.28798,-157.80803,94,98,Palolo,Chaminade,Non-native,opae / A-Frame Net,Vertebrate,Poecilia reticulata,Rainbow Guppy,8,2 to 3,Removed from study site,NA,NA,
5/10/2023,Kaimuki Middle School,21.28831,-157.80899,21.28798,-157.80803,94,98,Palolo,Chaminade,NA,opae / A-Frame Net,NATIVE TOTAL,0,NON-NATIVE TOTAL,84,NA,Summary,15,NA,
5/11/2023,Kaimuki Middle School,21.30821,-157.8307,21.30935,-157.83057,144,165,Makiki,Baker Park,Native,opae / A-Frame Net,Vertebrate,Awaous stamineus,Oopu nakea,2,"6,7",Returned live to capture location,NA,NA,
5/11/2023,Kaimuki Middle School,21.30821,-157.8307,21.30935,-157.83057,144,165,Makiki,Baker Park,Non-native,opae / A-Frame Net,Vertebrate,Amatitlania nigrofasciata,Convict Cichlid,36,3 to 8,Removed from study site,NA,NA,
5/11/2023,Kaimuki Middle School,21.30821,-157.8307,21.30935,-157.83057,144,165,Makiki,Baker Park,Non-native,opae / A-Frame Net,Vertebrate,Poecilia reticulata,Rainbow Guppy,109,2 to 4,Removed from study site,NA,NA,
5/11/2023,Kaimuki Middle School,21.30821,-157.8307,21.30935,-157.83057,144,165,Makiki,Baker Park,Non-native,opae / A-Frame Net,Vertebrate,Ancistrus temminckii,Bristlenose / Bushynose Plecostomus,10,3 to 7,Removed from study site,NA,NA,
5/11/2023,Kaimuki Middle School,21.30821,-157.8307,21.30935,-157.83057,144,165,Makiki,Baker Park,Non-native,opae / A-Frame Net,Invertebrate,Macrobrachium lar,Tahitian Prawn,21,4 to 16,Removed from study site,NA,NA,
5/11/2023,Kaimuki Middle School,21.30821,-157.8307,21.30935,-157.83057,144,165,Makiki,Baker Park,Non-native,opae / A-Frame Net,Invertebrate,Neocaridina denticulata sinensis,Japanese Swamp Shrimp,10,1.5to2,Removed from study site,NA,NA,
5/11/2023,Kaimuki Middle School,21.30821,-157.8307,21.30935,-157.83057,144,165,Makiki,Baker Park,Non-native,opae / A-Frame Net,Invertebrate,Tarebia granifera,Quilted Melania,21,0.5 to 2,Removed from study site,NA,NA,
5/11/2023,Kaimuki Middle School,21.30821,-157.8307,21.30935,-157.83057,144,165,Makiki,Baker Park,Non-native,opae / A-Frame Net,Invertebrate,Melanoides tuberculata,Malaysian Trumpet Snail,2,2,Removed from study site,NA,NA,
5/11/2023,Kaimuki Middle School,21.30821,-157.8307,21.30935,-157.83057,144,165,Makiki,Baker Park,Non-native,opae / A-Frame Net,Invertebrate,Corbicula fluminea,Asiatic clam,2,2,Removed from study site,NA,NA,
5/11/2023,Kaimuki Middle School,21.30821,-157.8307,21.30935,-157.83057,144,165,Makiki,Baker Park,NA,opae / A-Frame Net,NATIVE TOTAL,2,NON-NATIVE TOTAL,211,NA,Summary,1.5,NA,
5/11/2023,Kaimuki Middle School,21.29637,-157.83667,21.29710,-157.83662,22,25,Makiki,Washington Middle School,Native,paepae,Vertebrate,Stenogobius hawaiiensis,Oopu naniha,2,"8, 9",Returned live to capture location,NA,NA,
5/11/2023,Kaimuki Middle School,21.29637,-157.83667,21.29710,-157.83662,22,25,Makiki,Washington Middle School,Native,paepae,Vertebrate,Eleotris sandwicensis,Oopu akupa,4,7 to 14,Returned live to capture location,NA,NA,
5/11/2023,Kaimuki Middle School,21.29637,-157.83667,21.29710,-157.83662,22,25,Makiki,Washington Middle School,Native,paepae,Invertebrate,Macrobrachium grandimanus,Opae oehaa,4,5 to 8,Returned live to capture location,NA,NA,
5/11/2023,Kaimuki Middle School,21.29637,-157.83667,21.29710,-157.83662,22,25,Makiki,Washington Middle School,Non-native,paepae,Vertebrate,Amatitlania nigrofasciata,Convict Cichlid,9,4 to 12,Removed from study site,NA,NA,
5/11/2023,Kaimuki Middle School,21.29637,-157.83667,21.29710,-157.83662,22,25,Makiki,Washington Middle School,Non-native,paepae,Vertebrate,Hypostomus watwata,Suckermouth Catfish / Plecostomus,5,8 to 26,Removed from study site,NA,NA,
5/11/2023,Kaimuki Middle School,21.29637,-157.83667,21.29710,-157.83662,22,25,Makiki,Washington Middle School,Non-native,paepae,Vertebrate,Ancistrus temminckii,Bristlenose / Bushynose Plecostomus,11,3 to 8,Removed from study site,NA,NA,
5/11/2023,Kaimuki Middle School,21.29637,-157.83667,21.29710,-157.83662,22,25,Makiki,Washington Middle School,Non-native,paepae,Vertebrate,Xiphophorus helleri,Green Swordtail,1,7.00,Removed from study site,NA,NA,
5/11/2023,Kaimuki Middle School,21.29637,-157.83667,21.29710,-157.83662,22,25,Makiki,Washington Middle School,Non-native,paepae,Vertebrate,Poecilia reticulata,Rainbow Guppy,51,2 to 4,Removed from study site,NA,NA,
5/11/2023,Kaimuki Middle School,21.29637,-157.83667,21.29710,-157.83662,22,25,Makiki,Washington Middle School,Non-native,paepae,Vertebrate,Poecilia sphenops,Mexican Molly,47,2 to 8,Removed from study site,NA,NA,
5/11/2023,Kaimuki Middle School,21.29637,-157.83667,21.29710,-157.83662,22,25,Makiki,Washington Middle School,NA,paepae,NATIVE TOTAL,10,NON-NATIVE TOTAL,124,NA,Summary,3,NA,
5/15/2023,Kamehameha Schools,21.30973,-157.80943,21.3109,-157.80879,168,172,Manoa,Manoa Marketplace,Non-native,paepae,Vertebrate,Poecilia sphenops,Mexican Molly,108,3 to 7,Removed from study site,NA,NA,
5/15/2023,Kamehameha Schools,21.30973,-157.80943,21.3109,-157.80879,168,172,Manoa,Manoa Marketplace,Non-native,paepae,Vertebrate,Poecilia reticulata,Rainbow Guppy,12,2 to 3,Removed from study site,NA,NA,
5/15/2023,Kamehameha Schools,21.30973,-157.80943,21.3109,-157.80879,168,172,Manoa,Manoa Marketplace,Non-native,paepae,Vertebrate,Hypostomus watwata,Suckermouth Catfish / Plecostomus,7,3 to 22,Removed from study site,NA,NA,
5/15/2023,Kamehameha Schools,21.30973,-157.80943,21.3109,-157.80879,168,172,Manoa,Manoa Marketplace,Non-native,paepae,Vertebrate,Ancistrus temminckii,Bristlenose / Bushynose Plecostomus,13,3 to 5,Removed from study site,NA,NA,
5/15/2023,Kamehameha Schools,21.30973,-157.80943,21.3109,-157.80879,168,172,Manoa,Manoa Marketplace,Non-native,paepae,Invertebrate,Tarebia granifera,Quilted Melania,22,0.5 to 1.5,Removed from study site,NA,NA,
5/15/2023,Kamehameha Schools,21.30973,-157.80943,21.3109,-157.80879,168,172,Manoa,Manoa Marketplace,Non-native,paepae,Invertebrate,Melanoides tuberculata,Malaysian Trumpet Snail,8,1 to 2,Removed from study site,NA,NA,
5/15/2023,Kamehameha Schools,21.30973,-157.80943,21.3109,-157.80879,168,172,Manoa,Manoa Marketplace,Non-native,paepae,Invertebrate,Neocaridina denticulata sinensis,Japanese Swamp Shrimp,5,1 to 2,Removed from study site,NA,NA,
5/15/2023,Kamehameha Schools,21.30973,-157.80943,21.3109,-157.80879,168,172,Manoa,Manoa Marketplace,Non-native,paepae,Invertebrate,Physa sp.,Pond / Bladder Snail,1,0.5,Removed from study site,NA,NA,
5/15/2023,Kamehameha Schools,21.30973,-157.80943,21.3109,-157.80879,168,172,Manoa,Manoa Marketplace,NA,paepae,NATIVE TOTAL,0,NON-NATIVE TOTAL,176,NA,Summary,0.5,27.27,
6/15/2023,University Laboratory School - CRDG,21.31774,-157.82713,21.31819,-157.82698,380,410,Makiki,Kanealole,Non-native,paepae,Vertebrate,Poecilia reticulata,Rainbow Guppy,79,2 to 4,Removed from study site,NA,NA,
6/15/2023,University Laboratory School - CRDG,21.31774,-157.82713,21.31819,-157.82698,380,410,Makiki,Kanealole,Non-native,paepae,Vertebrate,Ancistrus temminckii,Bristlenose / Bushynose Plecostomus,1,3,Removed from study site,NA,NA,
6/15/2023,University Laboratory School - CRDG,21.31774,-157.82713,21.31819,-157.82698,380,410,Makiki,Kanealole,Non-native,paepae,Invertebrate,Macrobrachium lar,Tahitian Prawn,2,5 and 14,Removed from study site,NA,NA,
6/15/2023,University Laboratory School - CRDG,21.31774,-157.82713,21.31819,-157.82698,380,410,Makiki,Kanealole,Non-native,paepae,Invertebrate,Neocaridina denticulata sinensis,Japanese Swamp Shrimp,78,2,Removed from study site,NA,NA,
6/15/2023,University Laboratory School - CRDG,21.31774,-157.82713,21.31819,-157.82698,380,410,Makiki,Kanealole,NA,paepae,NATIVE TOTAL,0,NON-NATIVE TOTAL,160,NA,Summary,0.20,27.27,
6/28/2023,University of Hawaii at Manoa -STEMS2,21.33389,-157.80151,21.33431,-157.802,497,512,Manoa,Lyon Arboretum,Non-native,paepae,Vertebrate,Poecilia reticulata,Rainbow Guppy,134,2 to 3,Removed from study site,NA,NA,
6/28/2023,University of Hawaii at Manoa -STEMS2,21.33389,-157.80151,21.33431,-157.802,497,512,Manoa,Lyon Arboretum,Non-native,paepae,Vertebrate,Xiphophorus helleri,Green Swordtail,7,3 to 5,Removed from study site,NA,NA,
6/28/2023,University of Hawaii at Manoa -STEMS2,21.33389,-157.80151,21.33431,-157.802,497,512,Manoa,Lyon Arboretum,Non-native,paepae,Vertebrate,Ancistrus temminckii,Bristlenose / Bushynose Plecostomus,2,2 to 4,Removed from study site,NA,NA,
6/28/2023,University of Hawaii at Manoa -STEMS2,21.33389,-157.80151,21.33431,-157.802,497,512,Manoa,Lyon Arboretum,Non-native,paepae,Invertebrate,Procambarus clarkii,Swamp Crayfish,24,1 to 7,Removed from study site,NA,NA,
6/28/2023,University of Hawaii at Manoa -STEMS2,21.33389,-157.80151,21.33431,-157.802,497,512,Manoa,Lyon Arboretum,Non-native,paepae,Invertebrate,Neocaridina denticulata sinensis,Japanese Swamp Shrimp,144,1 to 1.5,Removed from study site,NA,NA,
6/28/2023,University of Hawaii at Manoa -STEMS2,21.33389,-157.80151,21.33431,-157.802,497,512,Manoa,Lyon Arboretum,NA,paepae,NATIVE TOTAL,0,NON-NATIVE TOTAL,311,NA,Summary,1.5,27.27,
7/3/2023,"Iolani School, Tsang Stream Lab, City & County Office of Climate and Resiliency ",21.32632,-157.80057,21.32674,-157.80075,298,308,Manoa,Waakaua,Native,paepae,Vertebrate,Awaous stamineus,Oopu nakea,1,13,Returned live to capture location,NA,NA,
7/3/2023,"Iolani School, Tsang Stream Lab, City & County Office of Climate and Resiliency ",21.32632,-157.80057,21.32674,-157.80075,298,308,Manoa,Waakaua,Non-native,paepae,Vertebrate,Poecilia reticulata,Rainbow Guppy,334,1 to 4,Removed from study site,NA,NA,
7/3/2023,"Iolani School, Tsang Stream Lab, City & County Office of Climate and Resiliency ",21.32632,-157.80057,21.32674,-157.80075,298,308,Manoa,Waakaua,Non-native,paepae,Vertebrate,Xiphophorus helleri,Green Swordtail,73,2 to 5,Removed from study site,NA,NA,
7/3/2023,"Iolani School, Tsang Stream Lab, City & County Office of Climate and Resiliency ",21.32632,-157.80057,21.32674,-157.80075,298,308,Manoa,Waakaua,Non-native,paepae,Vertebrate,Ancistrus temminckii,Bristlenose / Bushynose Plecostomus,120,3 to 6,Removed from study site,NA,NA,
7/3/2023,"Iolani School, Tsang Stream Lab, City & County Office of Climate and Resiliency ",21.32632,-157.80057,21.32674,-157.80075,298,308,Manoa,Waakaua,Non-native,paepae,Vertebrate,Poecilia sphenops,Mexican Molly,9,2 to 5,Removed from study site,NA,NA,
7/3/2023,"Iolani School, Tsang Stream Lab, City & County Office of Climate and Resiliency ",21.32632,-157.80057,21.32674,-157.80075,298,308,Manoa,Waakaua,Non-native,paepae,Invertebrate,Procambarus clarkii,Swamp Crayfish,19,2 to 6,Removed from study site,NA,NA,
7/3/2023,"Iolani School, Tsang Stream Lab, City & County Office of Climate and Resiliency ",21.32632,-157.80057,21.32674,-157.80075,298,308,Manoa,Waakaua,Non-native,paepae,Invertebrate,Neocaridina denticulata sinensis,Japanese Swamp Shrimp,6,2,Removed from study site,NA,NA,
7/3/2023,"Iolani School, Tsang Stream Lab, City & County Office of Climate and Resiliency ",21.32632,-157.80057,21.32674,-157.80075,298,308,Manoa,Waakaua,NA,paepae,NATIVE TOTAL,1,NON-NATIVE TOTAL,561,NA,Summary,1.5,38.18,
7/10/2023,Washington Middle School,21.30821,-157.8307,21.30935,-157.83057,144,165,Makiki,Baker Park,Native,paepae,Vertebrate,Awaous stamineus,Oopu nakea,1,12,Returned live to capture location,NA,NA,
7/10/2023,Washington Middle School,21.30821,-157.8307,21.30935,-157.83057,144,165,Makiki,Baker Park,Non-native,paepae,Vertebrate,Amatitlania nigrofasciata,Convict Cichlid,28,2 to 9,Removed from study site,NA,NA,
7/10/2023,Washington Middle School,21.30821,-157.8307,21.30935,-157.83057,144,165,Makiki,Baker Park,Non-native,paepae,Vertebrate,Poecilia reticulata,Rainbow Guppy,37,2 to 4,Removed from study site,NA,NA,
7/10/2023,Washington Middle School,21.30821,-157.8307,21.30935,-157.83057,144,165,Makiki,Baker Park,Non-native,paepae,Vertebrate,Poecilia sphenops,Mexican Molly,4,3 to 5,Removed from study site,NA,NA,
7/10/2023,Washington Middle School,21.30821,-157.8307,21.30935,-157.83057,144,165,Makiki,Baker Park,Non-native,paepae,Vertebrate,Ancistrus temminckii,Bristlenose / Bushynose Plecostomus,6,2 to 4,Removed from study site,NA,NA,
7/10/2023,Washington Middle School,21.30821,-157.8307,21.30935,-157.83057,144,165,Makiki,Baker Park,Non-native,paepae,Invertebrate,Macrobrachium lar,Tahitian Prawn,5,4 to 16,Removed from study site,NA,NA,
7/10/2023,Washington Middle School,21.30821,-157.8307,21.30935,-157.83057,144,165,Makiki,Baker Park,Non-native,paepae,Invertebrate,Neocaridina denticulata sinensis,Japanese Swamp Shrimp,4,1.5to2,Removed from study site,NA,NA,
7/10/2023,Washington Middle School,21.30821,-157.8307,21.30935,-157.83057,144,165,Makiki,Baker Park,Non-native,paepae,Invertebrate,Tarebia granifera,Quilted Melania,24,0.5 to 2,Removed from study site,NA,NA,
7/10/2023,Washington Middle School,21.30821,-157.8307,21.30935,-157.83057,144,165,Makiki,Baker Park,Non-native,paepae,Invertebrate,Corbicula fluminea,Asiatic clam,2,2,Removed from study site,NA,NA,
7/10/2023,Washington Middle School,21.30821,-157.8307,21.30935,-157.83057,144,165,Makiki,Baker Park,NA,paepae,NATIVE TOTAL,1,NON-NATIVE TOTAL,110,NA,Summary,0.5,38.18,
8/10/20223,HIMB,21.29673,-157.81367,21.29845,-157.8139,94,100,Manoa,KanewaiLoi,Non-native,opae / A-Frame Net,Vertebrate,Hypostomus watwata,Suckermouth Catfish / Plecostomus,29,15 to 22,Removed from study site,NA,NA,
8/10/20223,HIMB,21.29673,-157.81367,21.29845,-157.8139,94,100,Manoa,KanewaiLoi,Non-native,opae / A-Frame Net,Vertebrate,Amatitlania nigrofasciata,Convict Cichlid,44,1 to 12,Removed from study site,NA,NA,
8/10/20223,HIMB,21.29673,-157.81367,21.29845,-157.8139,94,100,Manoa,KanewaiLoi,Non-native,opae / A-Frame Net,Vertebrate,Micropterus dolomieu,Smallmouth Bass,4,7 to 27,Removed from study site,NA,NA,
8/10/20223,HIMB,21.29673,-157.81367,21.29845,-157.8139,94,100,Manoa,KanewaiLoi,Non-native,opae / A-Frame Net,Invertebrate,Procambarus clarkii,Swamp Crayfish,1,4,Removed from study site,NA,NA,
8/10/20223,HIMB,21.29673,-157.81367,21.29845,-157.8139,94,100,Manoa,KanewaiLoi,Non-native,opae / A-Frame Net,Invertebrate,Neocaridina denticulata sinensis,Japanese Swamp Shrimp,1,2,Removed from study site,NA,NA,
8/10/20223,HIMB,21.29673,-157.81367,21.29845,-157.8139,94,100,Manoa,KanewaiLoi,Non-native,opae / A-Frame Net,Invertebrate,Corbicula fluminea,Asiatic clam,1,1,Removed from study site,NA,NA,
8/10/20223,HIMB,21.29673,-157.81367,21.29845,-157.8139,94,100,Manoa,KanewaiLoi,Non-native,opae / A-Frame Net,Invertebrate,Melanoides tuberculata,Malaysian Trumpet Snail,8,0.5 to 1,Removed from study site,NA,NA,
8/10/20223,HIMB,21.29673,-157.81367,21.29845,-157.8139,94,100,Manoa,KanewaiLoi,Non-native,opae / A-Frame Net,Invertebrate,Tarebia granifera,Quilted Melania,29,0.5 to 1,Removed from study site,NA,NA,
8/10/20223,HIMB,21.29673,-157.81367,21.29845,-157.8139,94,100,Manoa,KanewaiLoi,NA,opae / A-Frame Net,NATIVE TOTAL,0,NON-NATIVE TOTAL,117,NA,Summary,6.0,27.27,
8/17/2023,Anuenue School,21.30460,-157.79045,21.30500,-157.78978,309,333,Palolo,Anuenue School,Native,paepae,Vertebrate,Awaous stamineus,oopu nakea,1,5,Returned live to capture location,NA,NA,
8/17/2023,Anuenue School,21.30460,-157.79045,21.30500,-157.78978,309,333,Palolo,Anuenue School,Non-native,paepae,Vertebrate,Poecilia reticulata,Rainbow Guppy,140,2 to 3,Removed from study site,NA,NA,
8/17/2023,Anuenue School,21.30460,-157.79045,21.30500,-157.78978,309,333,Palolo,Anuenue School,Non-native,paepae,Vertebrate,Poecilia sphenops,Mexican Molly,6,3 to 7,Removed from study site,NA,NA,
8/17/2023,Anuenue School,21.30460,-157.79045,21.30500,-157.78978,309,333,Palolo,Anuenue School,Non-native,paepae,Vertebrate,Xiphophorus helleri,Green Swordtail,7,3 to 4,Removed from study site,NA,NA,
8/17/2023,Anuenue School,21.30460,-157.79045,21.30500,-157.78978,309,333,Palolo,Anuenue School,Non-native,paepae,Vertebrate,Ancistrus temminckii,Bristlenose / Bushynose Plecostomus,57,3 to 6,Removed from study site,NA,NA,
8/17/2023,Anuenue School,21.30460,-157.79045,21.30500,-157.78978,309,333,Palolo,Anuenue School,Non-native,paepae,Invertebrate,Melanoides tuberculata,Malaysian Trumpet Snail,9,1 to 1.5,Removed from study site,NA,NA,
8/17/2023,Anuenue School,21.30460,-157.79045,21.30500,-157.78978,309,333,Palolo,Anuenue School,Non-native,paepae,Invertebrate,Procambarus clarkii,Swamp Crayfish,37,3 to 7,Removed from study site,NA,NA,
8/17/2023,Anuenue School,21.30460,-157.79045,21.30500,-157.78978,309,333,Palolo,Anuenue School,Non-native,paepae,Invertebrate,Neocaridina denticulata sinensis,Japanese Swamp Shrimp,12,1 to 2.5,Removed from study site,NA,NA,
8/17/2023,Anuenue School,21.30460,-157.79045,21.30500,-157.78978,309,333,Palolo,Anuenue School,NA,paepae,NATIVE TOTAL,1,NON-NATIVE TOTAL,268,NA,Summary,0.4,30.91,
8/24/2023,University of Hawaii at Manoa - Osaka Outreach College,21.29673,-157.81367,21.29845,-157.8139,94,100,Manoa,KanewaiLoi,Non-native,paepae,Vertebrate,Hypostomus watwata,Suckermouth Catfish / Plecostomus,8,10 to 20,Removed from study site,NA,NA,
8/24/2023,University of Hawaii at Manoa - Osaka Outreach College,21.29673,-157.81367,21.29845,-157.8139,94,100,Manoa,KanewaiLoi,Non-native,paepae,Vertebrate,Ancistrus temminckii,Bristlenose / Bushynose Plecostomus,2,3 to 4,Removed from study site,NA,NA,
8/24/2023,University of Hawaii at Manoa - Osaka Outreach College,21.29673,-157.81367,21.29845,-157.8139,94,100,Manoa,KanewaiLoi,Non-native,paepae,Vertebrate,Poecilia reticulata,Rainbow Guppy,48,2 to 4,Removed from study site,NA,NA,
8/24/2023,University of Hawaii at Manoa - Osaka Outreach College,21.29673,-157.81367,21.29845,-157.8139,94,100,Manoa,KanewaiLoi,Non-native,paepae,Invertebrate,Procambarus clarkii,Swamp Crayfish,1,5,Removed from study site,NA,NA,
8/24/2023,University of Hawaii at Manoa - Osaka Outreach College,21.29673,-157.81367,21.29845,-157.8139,94,100,Manoa,KanewaiLoi,Non-native,paepae,Invertebrate,Tarebia granifera,Quilted Melania,11,0.5 to 1,Removed from study site,NA,NA,
8/24/2023,University of Hawaii at Manoa - Osaka Outreach College,21.29673,-157.81367,21.29845,-157.8139,94,100,Manoa,KanewaiLoi,NA,paepae,NATIVE TOTAL,0,NON-NATIVE TOTAL,70,NA,Summary,0.5,27.27,
8/31/2023,Chaminade University,21.28831,-157.80899,21.28798,-157.80803,94,98,Palolo,Chaminade,Native,paepae,Vertebrate,Awaous stamineus,oopu nakea,1,3,Returned live to capture location,NA,NA,
8/31/2023,Chaminade University,21.28831,-157.80899,21.28798,-157.80803,94,98,Palolo,Chaminade,Non-native,paepae,Vertebrate,Amatitlania nigrofasciata,Convict Cichlid,55,2 to 8,Removed from study site,NA,NA,
8/31/2023,Chaminade University,21.28831,-157.80899,21.28798,-157.80803,94,98,Palolo,Chaminade,Non-native,paepae,Vertebrate,Ancistrus temminckii,Bristlenose / Bushynose Plecostomus,10,3 to 7,Removed from study site,NA,NA,
8/31/2023,Chaminade University,21.28831,-157.80899,21.28798,-157.80803,94,98,Palolo,Chaminade,Non-native,paepae,Vertebrate,Hypostomus watwata,Suckermouth Catfish / Plecostomus,5,5 to 8,Removed from study site,NA,NA,
8/31/2023,Chaminade University,21.28831,-157.80899,21.28798,-157.80803,94,98,Palolo,Chaminade,Non-native,paepae,Vertebrate,Poecilia sphenops,Mexican Molly,58,3 to 7,Removed from study site,NA,NA,
8/31/2023,Chaminade University,21.28831,-157.80899,21.28798,-157.80803,94,98,Palolo,Chaminade,Non-native,paepae,Vertebrate,Poecilia reticulata,Rainbow Guppy,4,2 to 3,Removed from study site,NA,NA,
8/31/2023,Chaminade University,21.28831,-157.80899,21.28798,-157.80803,94,98,Palolo,Chaminade,Non-native,paepae,Invertebrate,Procambarus clarkii,Swamp Crayfish,1,5,Removed from study site,NA,NA,
8/31/2023,Chaminade University,21.28831,-157.80899,21.28798,-157.80803,94,98,Palolo,Chaminade,NA,paepae,NATIVE TOTAL,1,NON-NATIVE TOTAL,132,NA,Summary,0.4,30.91,
9/5/2023,Palolo Elementary,21.3005,-157.79218,21.30094,-157.79126,268,280,Palolo,Palolo Elementary,Native,paepae,Vertebrate,Awaous stamineus,Oopu Nakea,5,"5, 5, 4, 12, 8",Returned live to capture location,NA,NA,
9/5/2023,Palolo Elementary,21.3005,-157.79218,21.30094,-157.79126,268,280,Palolo,Palolo Elementary,Non-native,paepae,Vertebrate,Poecilia reticulata,Rainbow Guppy,34,2 to 3,Removed from study site,NA,NA,
9/5/2023,Palolo Elementary,21.3005,-157.79218,21.30094,-157.79126,268,280,Palolo,Palolo Elementary,Non-native,paepae,Vertebrate,Poecilia sphenops,Mexican Molly,36,2 to 7,Removed from study site,NA,NA,
9/5/2023,Palolo Elementary,21.3005,-157.79218,21.30094,-157.79126,268,280,Palolo,Palolo Elementary,Non-native,paepae,Vertebrate,Ancistrus temminckii,Bristlenose / Bushynose Plecostomus,66,2 to 6,Removed from study site,NA,NA,
9/5/2023,Palolo Elementary,21.3005,-157.79218,21.30094,-157.79126,268,280,Palolo,Palolo Elementary,Non-native,paepae,Vertebrate,Xiphophorus helleri,Green Swordtail,1,7,Removed from study site,NA,NA,
9/5/2023,Palolo Elementary,21.3005,-157.79218,21.30094,-157.79126,268,280,Palolo,Palolo Elementary,NA,paepae,NATIVE TOTAL,5,NON-NATIVE TOTAL,137,NA,Summary,0.2,34.55,
9/5/2023,Palolo Elementary,21.29582,-157.79684,21.29616,-157.79646,171,179,Palolo,Jarrett Middle School,Non-native,paepae,Vertebrate,Poecilia sphenops,Mexican Molly,1088,2 to 8,Removed from study site,NA,NA,
9/5/2023,Palolo Elementary,21.29582,-157.79684,21.29616,-157.79646,171,179,Palolo,Jarrett Middle School,Non-native,paepae,Vertebrate,Poecilia reticulata,Rainbow Guppy,6,2 to 3,Removed from study site,NA,NA,
9/5/2023,Palolo Elementary,21.29582,-157.79684,21.29616,-157.79646,171,179,Palolo,Jarrett Middle School,Non-native,paepae,Vertebrate,Ancistrus temminckii,Bristlenose / Bushynose Plecostomus,18,2 to 6,Removed from study site,NA,NA,
9/5/2023,Palolo Elementary,21.29582,-157.79684,21.29616,-157.79646,171,179,Palolo,Jarrett Middle School,NA,paepae,NATIVE TOTAL,0,NON-NATIVE TOTAL,1112,NA,Summary,2,30.91,
9/14/2023,Punahou,21.30973,-157.80943,21.3109,-157.80879,168,172,Manoa,Manoa Marketplace,Non-native,paepae,Vertebrate,Micropterus dolomieu,Smallmouth Bass,1,18,Removed from study site,NA,NA,
9/14/2023,Punahou,21.30973,-157.80943,21.3109,-157.80879,168,172,Manoa,Manoa Marketplace,Non-native,paepae,Vertebrate,Poecilia sphenops,Mexican Molly,262,2 to 7,Removed from study site,NA,NA,
9/14/2023,Punahou,21.30973,-157.80943,21.3109,-157.80879,168,172,Manoa,Manoa Marketplace,Non-native,paepae,Vertebrate,Poecilia reticulata,Rainbow Guppy,7,2 to 3,Removed from study site,NA,NA,
9/14/2023,Punahou,21.30973,-157.80943,21.3109,-157.80879,168,172,Manoa,Manoa Marketplace,Non-native,paepae,Vertebrate,Amatitlania nigrofasciata,Convict Cichlid,1,7,Removed from study site,NA,NA,
9/14/2023,Punahou,21.30973,-157.80943,21.3109,-157.80879,168,172,Manoa,Manoa Marketplace,Non-native,paepae,Vertebrate,Hypostomus watwata,Suckermouth Catfish / Plecostomus,19,3 to 16,Removed from study site,NA,NA,
9/14/2023,Punahou,21.30973,-157.80943,21.3109,-157.80879,168,172,Manoa,Manoa Marketplace,Non-native,paepae,Vertebrate,Ancistrus temminckii,Bristlenose / Bushynose Plecostomus,51,2 to 5,Removed from study site,NA,NA,
9/14/2023,Punahou,21.30973,-157.80943,21.3109,-157.80879,168,172,Manoa,Manoa Marketplace,Non-native,paepae,Invertebrate,Neocaridina denticulata sinensis,Japanese Swamp Shrimp,12,2 to 3,Removed from study site,NA,NA,
9/14/2023,Punahou,21.30973,-157.80943,21.3109,-157.80879,168,172,Manoa,Manoa Marketplace,Non-native,paepae,Invertebrate,Procambarus clarkii,Swamp Crayfish,2,4 to 6,Removed from study site,NA,NA,
9/14/2023,Punahou,21.30973,-157.80943,21.3109,-157.80879,168,172,Manoa,Manoa Marketplace,Non-native,paepae,Invertebrate,Tarebia granifera,Quilted Melania,26,0.5 to 1,Removed from study site,NA,NA,
9/14/2023,Punahou,21.30973,-157.80943,21.3109,-157.80879,168,172,Manoa,Manoa Marketplace,Non-native,paepae,Invertebrate,Melanoides tuberculata,Malaysian Trumpet Snail,8,1 to 2,Removed from study site,NA,NA,
9/14/2023,Punahou,21.30973,-157.80943,21.3109,-157.80879,168,172,Manoa,Manoa Marketplace,Non-native,paepae,Invertebrate,Physa sp.,Pond / Bladder Snail,4,0.5 to 1,Removed from study site,NA,NA,
9/14/2023,Punahou,21.30973,-157.80943,21.3109,-157.80879,168,172,Manoa,Manoa Marketplace,Non-native,paepae,Invertebrate,Corbicula fluminea,Asiatic clam,2,1,Removed from study site,NA,NA,
9/14/2023,Punahou,21.30973,-157.80943,21.3109,-157.80879,168,172,Manoa,Manoa Marketplace,NA,paepae,NATIVE TOTAL,0,NON-NATIVE TOTAL,395,NA,Summary,1.2,27.27,
9/28/2023,Haleiwa Elementary,21.29271,-157.8134,21.2933,-157.81248,45,48,Manoa,KanewaiField,Native,paepae,Vertebrate,Awaous stamineus,Oopu Nakea,1,19,Returned live to capture location (parasite),NA,NA,
9/28/2023,Haleiwa Elementary,21.29271,-157.8134,21.2933,-157.81248,45,48,Manoa,KanewaiField,Non-native,paepae,Vertebrate,Hypostomus watwata,Suckermouth Catfish / Plecostomus,9,8 to 25,Removed from study site,NA,NA,
9/28/2023,Haleiwa Elementary,21.29271,-157.8134,21.2933,-157.81248,45,48,Manoa,KanewaiField,Non-native,paepae,Vertebrate,Ancistrus temminckii,Bristlenose / Bushynose Plecostomus,8,3 to 12,Removed from study site,NA,NA,
9/28/2023,Haleiwa Elementary,21.29271,-157.8134,21.2933,-157.81248,45,48,Manoa,KanewaiField,Non-native,paepae,Vertebrate,Amatitlania nigrofasciata,Convict Cichlid,3,3 to 12,Removed from study site,NA,NA,
9/28/2023,Haleiwa Elementary,21.29271,-157.8134,21.2933,-157.81248,45,48,Manoa,KanewaiField,Non-native,paepae,Vertebrate,Micropterus dolomieu,Smallmouth Bass,2,16 and 30,Removed from study site,NA,NA,
9/28/2023,Haleiwa Elementary,21.29271,-157.8134,21.2933,-157.81248,45,48,Manoa,KanewaiField,Non-native,paepae,Vertebrate,Poecilia sphenops,Mexican Molly,6,2 to 7,Removed from study site,NA,NA,
9/28/2023,Haleiwa Elementary,21.29271,-157.8134,21.2933,-157.81248,45,48,Manoa,KanewaiField,Non-native,paepae,Vertebrate,Poecilia reticulata,Rainbow Guppy,6,2 to 4,Removed from study site,NA,NA,
9/28/2023,Haleiwa Elementary,21.29271,-157.8134,21.2933,-157.81248,45,48,Manoa,KanewaiField,Non-native,paepae,Vertebrate,Gambusia affinis,Mosquitofish,12,3 to 5,Removed from study site,NA,NA,
9/28/2023,Haleiwa Elementary,21.29271,-157.8134,21.2933,-157.81248,45,48,Manoa,KanewaiField,Non-native,paepae,Invertebrate,Procambarus clarkii,Swamp Crayfish,11,6 to 8,Removed from study site,NA,NA,
9/28/2023,Haleiwa Elementary,21.29271,-157.8134,21.2933,-157.81248,45,48,Manoa,KanewaiField,NA,paepae,NATIVE TOTAL,1,NON-NATIVE TOTAL,57,NA,Summary,2,38.18,
10/3/2023,Waialae Elementary,21.31161,-157.80812,21.31353,-157.80647,175,179,Manoa,Manoa Valley District Park,Non-native,paepae,Vertebrate,Amatitlania nigrofasciata,Convict Cichlid,14,2 to 11,Removed from study site,NA,NA,
10/3/2023,Waialae Elementary,21.31161,-157.80812,21.31353,-157.80647,175,179,Manoa,Manoa Valley District Park,Non-native,paepae,Vertebrate,Poecilia reticulata,Rainbow Guppy,24,2 to 4,Removed from study site,NA,NA,
10/3/2023,Waialae Elementary,21.31161,-157.80812,21.31353,-157.80647,175,179,Manoa,Manoa Valley District Park,Non-native,paepae,Vertebrate,Poecilia sphenops,Mexican Molly,15,2 to 7,Removed from study site,NA,NA,
10/3/2023,Waialae Elementary,21.31161,-157.80812,21.31353,-157.80647,175,179,Manoa,Manoa Valley District Park,Non-native,paepae,Vertebrate,Gambusia affinis,Mosquitofish,1,3,Removed from study site,NA,NA,
10/3/2023,Waialae Elementary,21.31161,-157.80812,21.31353,-157.80647,175,179,Manoa,Manoa Valley District Park,Non-native,paepae,Vertebrate,Micropterus dolomieu,Smallmouth Bass,4,8 to 21,Removed from study site,NA,NA,
10/3/2023,Waialae Elementary,21.31161,-157.80812,21.31353,-157.80647,175,179,Manoa,Manoa Valley District Park,Non-native,paepae,Vertebrate,Ancistrus temminckii,Bristlenose / Bushynose Plecostomus,9,3 to 8,Removed from study site,NA,NA,
10/3/2023,Waialae Elementary,21.31161,-157.80812,21.31353,-157.80647,175,179,Manoa,Manoa Valley District Park,Non-native,paepae,Vertebrate,Hypostomus watwata,Suckermouth Catfish / Plecostomus,8,7 to 26,Removed from study site,NA,NA,
10/3/2023,Waialae Elementary,21.31161,-157.80812,21.31353,-157.80647,175,179,Manoa,Manoa Valley District Park,Non-native,paepae,Invertebrate,Procambarus clarkii,Swamp Crayfish,28,3 to 9,Removed from study site,NA,NA,
10/3/2023,Waialae Elementary,21.31161,-157.80812,21.31353,-157.80647,175,179,Manoa,Manoa Valley District Park,Non-native,paepae,Invertebrate,Melanoides tuberculata,Malaysian Trumpet Snail,2,1,Removed from study site,NA,NA,
10/3/2023,Waialae Elementary,21.31161,-157.80812,21.31353,-157.80647,175,179,Manoa,Manoa Valley District Park,Non-native,paepae,Invertebrate,Neocaridina denticulata sinensis,Japanese Swamp Shrimp,12,2,Removed from study site,NA,NA,
10/3/2023,Waialae Elementary,21.31161,-157.80812,21.31353,-157.80647,175,179,Manoa,Manoa Valley District Park,NA,paepae,NATIVE TOTAL,0,NON-NATIVE TOTAL,117,NA,Summary,4,27.27,
10/6/2023,Aliiolani Elementary ,21.30460,-157.79045,21.30500,-157.78978,309,333,Palolo,Anuenue School,Native,paepae,Vertebrate,Awaous stamineus,oopu nakea,5,"5, 5, 6, 7, 8",Returned live to capture location,NA,NA,
10/6/2023,Aliiolani Elementary ,21.30460,-157.79045,21.30500,-157.78978,309,333,Palolo,Anuenue School,Non-native,paepae,Vertebrate,Poecilia reticulata,Rainbow Guppy,172,2 to 3,Removed from study site,NA,NA,
10/6/2023,Aliiolani Elementary ,21.30460,-157.79045,21.30500,-157.78978,309,333,Palolo,Anuenue School,Non-native,paepae,Vertebrate,Poecilia sphenops,Mexican Molly,19,3 to 7,Removed from study site,NA,NA,
10/6/2023,Aliiolani Elementary ,21.30460,-157.79045,21.30500,-157.78978,309,333,Palolo,Anuenue School,Non-native,paepae,Vertebrate,Xiphophorus helleri,Green Swordtail,10,3 to 4,Removed from study site,NA,NA,
10/6/2023,Aliiolani Elementary ,21.30460,-157.79045,21.30500,-157.78978,309,333,Palolo,Anuenue School,Non-native,paepae,Vertebrate,Ancistrus temminckii,Bristlenose / Bushynose Plecostomus,39,3 to 6,Removed from study site,NA,NA,
10/6/2023,Aliiolani Elementary ,21.30460,-157.79045,21.30500,-157.78978,309,333,Palolo,Anuenue School,Non-native,paepae,Invertebrate,Melanoides tuberculata,Malaysian Trumpet Snail,18,1 to 1.5,Removed from study site,NA,NA,
10/6/2023,Aliiolani Elementary ,21.30460,-157.79045,21.30500,-157.78978,309,333,Palolo,Anuenue School,Non-native,paepae,Invertebrate,Procambarus clarkii,Swamp Crayfish,34,3 to 7,Removed from study site,NA,NA,
10/6/2023,Aliiolani Elementary ,21.30460,-157.79045,21.30500,-157.78978,309,333,Palolo,Anuenue School,Non-native,paepae,Invertebrate,Neocaridina denticulata sinensis,Japanese Swamp Shrimp,46,4 to 7,Removed from study site,NA,NA,
10/6/2023,Aliiolani Elementary ,21.30460,-157.79045,21.30500,-157.78978,309,333,Palolo,Anuenue School,NA,paepae,NATIVE TOTAL,5,NON-NATIVE TOTAL,338,NA,Summary,0.4,34.55,
10/19/2023,Stevenson Middle School,21.33389,-157.80151,21.33431,-157.802,497,512,Manoa,Lyon Arboretum,Native,paepae,Vertebrate,Awaous stamineus,oopu nakea,1,4,Returned live to capture location,0.3,30.91,
10/19/2023,Stevenson Middle School,21.33389,-157.80151,21.33431,-157.802,497,512,Manoa,Lyon Arboretum,Non-native,paepae,Vertebrate,Poecilia reticulata,Rainbow Guppy,155,2 to 3,Removed from study site,NA,NA,
10/19/2023,Stevenson Middle School,21.33389,-157.80151,21.33431,-157.802,497,512,Manoa,Lyon Arboretum,Non-native,paepae,Vertebrate,Xiphophorus helleri,Green Swordtail,22,3 to 5,Removed from study site,NA,NA,
10/19/2023,Stevenson Middle School,21.33389,-157.80151,21.33431,-157.802,497,512,Manoa,Lyon Arboretum,Non-native,paepae,Vertebrate,Ancistrus temminckii,Bristlenose / Bushynose Plecostomus,21,2 to 4,Removed from study site,NA,NA,
10/19/2023,Stevenson Middle School,21.33389,-157.80151,21.33431,-157.802,497,512,Manoa,Lyon Arboretum,Non-native,paepae,Invertebrate,Procambarus clarkii,Swamp Crayfish,111,1 to 7,Removed from study site,NA,NA,
10/19/2023,Stevenson Middle School,21.33389,-157.80151,21.33431,-157.802,497,512,Manoa,Lyon Arboretum,Non-native,paepae,Invertebrate,Neocaridina denticulata sinensis,Japanese Swamp Shrimp,378,1 to 1.5,Removed from study site,NA,NA,
10/19/2023,Stevenson Middle School,21.33389,-157.80151,21.33431,-157.802,497,512,Manoa,Lyon Arboretum,NA,paepae,NATIVE TOTAL,1,NON-NATIVE TOTAL,687,NA,Summary,0.3,30.91,
10/26/2023,Kamehameha Schools,21.30973,-157.80943,21.3109,-157.80879,168,172,Manoa,Manoa Marketplace,Non-native,paepae,Vertebrate,Micropterus dolomieu,Smallmouth Bass,2,11 and 22,Removed from study site,5.0,27.27,
10/26/2023,Kamehameha Schools,21.30973,-157.80943,21.3109,-157.80879,168,172,Manoa,Manoa Marketplace,Non-native,paepae,Vertebrate,Poecilia sphenops,Mexican Molly,944,2 to 7,Removed from study site,NA,NA,
10/26/2023,Kamehameha Schools,21.30973,-157.80943,21.3109,-157.80879,168,172,Manoa,Manoa Marketplace,Non-native,paepae,Vertebrate,Poecilia reticulata,Rainbow Guppy,10,2 to 3,Removed from study site,NA,NA,
10/26/2023,Kamehameha Schools,21.30973,-157.80943,21.3109,-157.80879,168,172,Manoa,Manoa Marketplace,Non-native,paepae,Vertebrate,Amatitlania nigrofasciata,Convict Cichlid,1,4,Removed from study site,NA,NA,
10/26/2023,Kamehameha Schools,21.30973,-157.80943,21.3109,-157.80879,168,172,Manoa,Manoa Marketplace,Non-native,paepae,Vertebrate,Hypostomus watwata,Suckermouth Catfish / Plecostomus,64,3 to 20,Removed from study site,NA,NA,
10/26/2023,Kamehameha Schools,21.30973,-157.80943,21.3109,-157.80879,168,172,Manoa,Manoa Marketplace,Non-native,paepae,Vertebrate,Ancistrus temminckii,Bristlenose / Bushynose Plecostomus,274,2 to 5,Removed from study site,NA,NA,
10/26/2023,Kamehameha Schools,21.30973,-157.80943,21.3109,-157.80879,168,172,Manoa,Manoa Marketplace,Non-native,paepae,Invertebrate,Neocaridina denticulata sinensis,Japanese Swamp Shrimp,70,2 to 3,Removed from study site,NA,NA,
10/26/2023,Kamehameha Schools,21.30973,-157.80943,21.3109,-157.80879,168,172,Manoa,Manoa Marketplace,Non-native,paepae,Invertebrate,Procambarus clarkii,Swamp Crayfish,7,3 to 7,Removed from study site,NA,NA,
10/26/2023,Kamehameha Schools,21.30973,-157.80943,21.3109,-157.80879,168,172,Manoa,Manoa Marketplace,Non-native,paepae,Invertebrate,Tarebia granifera,Quilted Melania,24,0.5 to 1,Removed from study site,NA,NA,
10/26/2023,Kamehameha Schools,21.30973,-157.80943,21.3109,-157.80879,168,172,Manoa,Manoa Marketplace,Non-native,paepae,Invertebrate,Melanoides tuberculata,Malaysian Trumpet Snail,24,1 to 2,Removed from study site,NA,NA,
10/26/2023,Kamehameha Schools,21.30973,-157.80943,21.3109,-157.80879,168,172,Manoa,Manoa Marketplace,NA,paepae,NATIVE TOTAL,0,NON-NATIVE TOTAL,1420,NA,Summary,5.0,27.27,
10/31/2023,Farrington High School,21.32632,-157.80057,21.32674,-157.80075,298,308,Manoa,Waakaua,Native,paepae,Vertebrate,Awaous stamineus,Oopu nakea,2,5 and 7,Returned live to capture location,NA,NA,
10/31/2023,Farrington High School,21.32632,-157.80057,21.32674,-157.80075,298,308,Manoa,Waakaua,Non-native,paepae,Vertebrate,Poecilia reticulata,Rainbow Guppy,437,1 to 4,Removed from study site,NA,NA,
10/31/2023,Farrington High School,21.32632,-157.80057,21.32674,-157.80075,298,308,Manoa,Waakaua,Non-native,paepae,Vertebrate,Poecilia sphenops,Mexican Molly,2,4 and 5,Removed from study site,NA,NA,
10/31/2023,Farrington High School,21.32632,-157.80057,21.32674,-157.80075,298,308,Manoa,Waakaua,Non-native,paepae,Vertebrate,Xiphophorus helleri,Green Swordtail,65,2 to 5,Removed from study site,NA,NA,
10/31/2023,Farrington High School,21.32632,-157.80057,21.32674,-157.80075,298,308,Manoa,Waakaua,Non-native,paepae,Vertebrate,Ancistrus temminckii,Bristlenose / Bushynose Plecostomus,207,3 to 6,Removed from study site,NA,NA,
10/31/2023,Farrington High School,21.32632,-157.80057,21.32674,-157.80075,298,308,Manoa,Waakaua,Non-native,paepae,Invertebrate,Procambarus clarkii,Swamp Crayfish,70,2 to 6,Removed from study site,NA,NA,
10/31/2023,Farrington High School,21.32632,-157.80057,21.32674,-157.80075,298,308,Manoa,Waakaua,Non-native,paepae,Invertebrate,Neocaridina denticulata sinensis,Japanese Swamp Shrimp,251,2 to 3,Removed from study site,NA,NA,
10/31/2023,Farrington High School,21.32632,-157.80057,21.32674,-157.80075,298,308,Manoa,Waakaua,NA,paepae,NATIVE TOTAL,2,NON-NATIVE TOTAL,1032,NA,SUMMARY,3,30.91,
11/9/2023,Mililani High School,21.28639,-157.81888,21.28728,-157.81799,18,19,Manoa-Palolo,Kaimuki  High School,Native,paepae,Vertebrate,Stenogobius hawaiiensis,Oopu Naniha,5,4 to 9,Returned live to capture location (one death),NA,NA,
11/9/2023,Mililani High School,21.28639,-157.81888,21.28728,-157.81799,18,19,Manoa-Palolo,Kaimuki  High School,Native,paepae,Vertebrate,Eleotris sandwicensis,Oopu Akupa,3,5 to 15,Returned live to capture location,NA,NA,
11/9/2023,Mililani High School,21.28639,-157.81888,21.28728,-157.81799,18,19,Manoa-Palolo,Kaimuki  High School,Native,paepae,Vertebrate,Kuhlia xenura,Aholehole / Hawaiian Flagtail,11,4 to 14,Returned live to capture location,NA,NA,
11/9/2023,Mililani High School,21.28639,-157.81888,21.28728,-157.81799,18,19,Manoa-Palolo,Kaimuki  High School,Native,paepae,Vertebrate,Mugil cephalus,Amaama / Striped Mullet,11,5 to 8,Returned live to capture location,NA,NA,
11/9/2023,Mililani High School,21.28639,-157.81888,21.28728,-157.81799,18,19,Manoa-Palolo,Kaimuki  High School,Native,paepae,Invertebrate,Macrobrachium grandimanus,Opae Oehaa,10,4 to 7,Returned live to capture location,NA,NA,
11/9/2023,Mililani High School,21.28639,-157.81888,21.28728,-157.81799,18,19,Manoa-Palolo,Kaimuki  High School,Native,paepae,Invertebrate,Palaemon debilis,Opae huna,1,3,Returned live to capture location,NA,NA,
11/9/2023,Mililani High School,21.28639,-157.81888,21.28728,-157.81799,18,19,Manoa-Palolo,Kaimuki  High School,Non-Native,paepae,Vertebrate,Gambusia affinis,Mosquitofish,2,"3, 5",Removed from study site,NA,NA,
11/9/2023,Mililani High School,21.28639,-157.81888,21.28728,-157.81799,18,19,Manoa-Palolo,Kaimuki  High School,Non-Native,paepae,Vertebrate,Poecilia sphenops,Mexican Molly,107,3 to 7,Removed from study site,NA,NA,
11/9/2023,Mililani High School,21.28639,-157.81888,21.28728,-157.81799,18,19,Manoa-Palolo,Kaimuki  High School,Non-Native,paepae,Vertebrate,Hypostomus watwata,Suckermouth Catfish / Plecostomus,206,17 to 30,Removed from study site,NA,NA,
11/9/2023,Mililani High School,21.28639,-157.81888,21.28728,-157.81799,18,19,Manoa-Palolo,Kaimuki  High School,Non-Native,paepae,Vertebrate,Sarotherodon melanotheron,Black Chin Tilapia,10,2 to 18,Removed from study site (2 diseased),NA,NA,
11/9/2023,Mililani High School,21.28639,-157.81888,21.28728,-157.81799,18,19,Manoa-Palolo,Kaimuki  High School,NA,paepae,NATIVE TOTAL,41,NON-NATIVE TOTAL,325,NA,SUMMARY,65,38.18,
11/14/2023,Iolani School,21.31161,-157.80812,21.31353,-157.80647,175,179,Manoa,Manoa Valley District Park,Non-native,paepae,Vertebrate,Amatitlania nigrofasciata,Convict Cichlid,27,2 to 13,Removed from study site,NA,NA,
11/14/2023,Iolani School,21.31161,-157.80812,21.31353,-157.80647,175,179,Manoa,Manoa Valley District Park,Non-native,paepae,Vertebrate,Poecilia reticulata,Rainbow Guppy,46,2 to 4,Removed from study site,NA,NA,
11/14/2023,Iolani School,21.31161,-157.80812,21.31353,-157.80647,175,179,Manoa,Manoa Valley District Park,Non-native,paepae,Vertebrate,Poecilia sphenops,Mexican Molly,28,2 to 7,Removed from study site,NA,NA,
11/14/2023,Iolani School,21.31161,-157.80812,21.31353,-157.80647,175,179,Manoa,Manoa Valley District Park,Non-native,paepae,Vertebrate,Gambusia affinis,Mosquitofish,13,2 to 4,Removed from study site,NA,NA,
11/14/2023,Iolani School,21.31161,-157.80812,21.31353,-157.80647,175,179,Manoa,Manoa Valley District Park,Non-native,paepae,Vertebrate,Micropterus dolomieu,Smallmouth Bass,11,5 to 26,Removed from study site,NA,NA,
11/14/2023,Iolani School,21.31161,-157.80812,21.31353,-157.80647,175,179,Manoa,Manoa Valley District Park,Non-native,paepae,Vertebrate,Ancistrus temminckii,Bristlenose / Bushynose Plecostomus,50,2 to 8,Removed from study site,NA,NA,
11/14/2023,Iolani School,21.31161,-157.80812,21.31353,-157.80647,175,179,Manoa,Manoa Valley District Park,Non-native,paepae,Vertebrate,Hypostomus watwata,Suckermouth Catfish / Plecostomus,8,6 to 23,Removed from study site,NA,NA,
11/14/2023,Iolani School,21.31161,-157.80812,21.31353,-157.80647,175,179,Manoa,Manoa Valley District Park,Non-native,paepae,Invertebrate,Procambarus clarkii,Swamp Crayfish,41,1 to 6,Removed from study site,NA,NA,
11/14/2023,Iolani School,21.31161,-157.80812,21.31353,-157.80647,175,179,Manoa,Manoa Valley District Park,Non-native,paepae,Invertebrate,Tarebia granifera,Quilted Melania,4,0.5 to 1,Removed from study site,NA,NA,
11/14/2023,Iolani School,21.31161,-157.80812,21.31353,-157.80647,175,179,Manoa,Manoa Valley District Park,Non-native,paepae,Invertebrate,Neocaridina denticulata sinensis,Japanese Swamp Shrimp,14,1.5 to 2,Removed from study site,NA,NA,
11/14/2023,Iolani School,21.31161,-157.80812,21.31353,-157.80647,175,179,Manoa,Manoa Valley District Park,NA,paepae,NATIVE TOTAL,0,NON-NATIVE TOTAL,242,NA,Summary,4.5,27.27,
11/16/2023,Iolani School,21.29271,-157.8134,21.2933,-157.81248,45,48,Manoa,KanewaiField,Non-native,paepae,Vertebrate,Hypostomus watwata,Suckermouth Catfish / Plecostomus,3,10 to 25,Removed from study site,NA,NA,
11/16/2023,Iolani School,21.29271,-157.8134,21.2933,-157.81248,45,48,Manoa,KanewaiField,Non-native,paepae,Vertebrate,Ancistrus temminckii,Bristlenose / Bushynose Plecostomus,6,3 to 10,Removed from study site,NA,NA,
11/16/2023,Iolani School,21.29271,-157.8134,21.2933,-157.81248,45,48,Manoa,KanewaiField,Non-native,paepae,Vertebrate,Amatitlania nigrofasciata,Convict Cichlid,15,2 to 12,Removed from study site,NA,NA,
11/16/2023,Iolani School,21.29271,-157.8134,21.2933,-157.81248,45,48,Manoa,KanewaiField,Non-native,paepae,Vertebrate,Poecilia sphenops,Mexican Molly,26,2 to 7,Removed from study site,NA,NA,
11/16/2023,Iolani School,21.29271,-157.8134,21.2933,-157.81248,45,48,Manoa,KanewaiField,Non-native,paepae,Vertebrate,Poecilia reticulata,Rainbow Guppy,20,2 to 4,Removed from study site,NA,NA,
11/16/2023,Iolani School,21.29271,-157.8134,21.2933,-157.81248,45,48,Manoa,KanewaiField,Non-native,paepae,Vertebrate,Gambusia affinis,Mosquitofish,28,3 to 5,Removed from study site,NA,NA,
11/16/2023,Iolani School,21.29271,-157.8134,21.2933,-157.81248,45,48,Manoa,KanewaiField,Non-native,paepae,Invertebrate,Procambarus clarkii,Swamp Crayfish,9,1 to 7,Removed from study site,NA,NA,
11/16/2023,Iolani School,21.29271,-157.8134,21.2933,-157.81248,45,48,Manoa,KanewaiField,Non-native,paepae,Invertebrate,Neocaridina denticulata sinensis,Japanese Swamp Shrimp,5,1.5 to 2,Removed from study site,NA,NA,
11/16/2023,Iolani School,21.29271,-157.8134,21.2933,-157.81248,45,48,Manoa,KanewaiField,Non-native,paepae,Invertebrate,Corbicula fluminea,Asiatic clam,1,1,Removed from study site,NA,NA,
11/16/2023,Iolani School,21.29271,-157.8134,21.2933,-157.81248,45,48,Manoa,KanewaiField,Non-native,paepae,Invertebrate,Tarebia granifera,Quilted Melania,4,0.5,Removed from study site,NA,NA,
11/16/2023,Iolani School,21.29271,-157.8134,21.2933,-157.81248,45,48,Manoa,KanewaiField,NA,paepae,NATIVE TOTAL,0,NON-NATIVE TOTAL,117,NA,Summary,1.8,27.27,
11/30/2023,Radford High School,21.30821,-157.8307,21.30935,-157.83057,144,165,Makiki,Baker Park,Non-native,paepae,Vertebrate,Amatitlania nigrofasciata,Convict Cichlid,44,2 to 9,Removed from study site,NA,NA,
11/30/2023,Radford High School,21.30821,-157.8307,21.30935,-157.83057,144,165,Makiki,Baker Park,Non-native,paepae,Vertebrate,Xiphophorus helleri,Green Swordtail,2,4 to 6,Removed from study site,NA,NA,
11/30/2023,Radford High School,21.30821,-157.8307,21.30935,-157.83057,144,165,Makiki,Baker Park,Non-native,paepae,Vertebrate,Poecilia sphenops,Mexican Molly,4,4 to 9,Removed from study site,NA,NA,
11/30/2023,Radford High School,21.30821,-157.8307,21.30935,-157.83057,144,165,Makiki,Baker Park,Non-native,paepae,Vertebrate,Poecilia reticulata,Rainbow Guppy,194,1 to 4,Removed from study site,NA,NA,
11/30/2023,Radford High School,21.30821,-157.8307,21.30935,-157.83057,144,165,Makiki,Baker Park,Non-native,paepae,Vertebrate,Ancistrus temminckii,Bristlenose / Bushynose Plecostomus,13,3 to 5,Removed from study site,NA,NA,
11/30/2023,Radford High School,21.30821,-157.8307,21.30935,-157.83057,144,165,Makiki,Baker Park,Non-native,paepae,Invertebrate,Macrobrachium lar,Tahitian Prawn,20,5 to 15,Removed from study site,NA,NA,
11/30/2023,Radford High School,21.30821,-157.8307,21.30935,-157.83057,144,165,Makiki,Baker Park,Non-native,paepae,Invertebrate,Neocaridina denticulata sinensis,Japanese Swamp Shrimp,59,1.5 to 2,Removed from study site,NA,NA,
11/30/2023,Radford High School,21.30821,-157.8307,21.30935,-157.83057,144,165,Makiki,Baker Park,Non-native,paepae,Invertebrate,Tarebia granifera,Quilted Melania,46,0.5 to 2,Removed from study site,NA,NA,
11/30/2023,Radford High School,21.30821,-157.8307,21.30935,-157.83057,144,165,Makiki,Baker Park,Non-native,paepae,Invertebrate,Melanoides tuberculata,Malaysian Trumpet Snail,2,1 to 1.5,Removed from study site,NA,NA,
11/30/2023,Radford High School,21.30821,-157.8307,21.30935,-157.83057,144,165,Makiki,Baker Park,Non-native,paepae,Invertebrate,Corbicula fluminea,Asiatic clam,8,1 to 2,Removed from study site,NA,NA,
11/30/2023,Radford High School,21.30821,-157.8307,21.30935,-157.83057,144,165,Makiki,Baker Park,NA,paepae,NATIVE TOTAL,0,NON-NATIVE TOTAL,392,NA,SUMMARY,0.5,27.27,
12/9/2023,Queen Kaahumanu Elementary,21.30973,-157.80943,21.3109,-157.80879,168,172,Manoa,Manoa Marketplace,Non-native,paepae,Vertebrate,Poecilia sphenops,Mexican Molly,268,2 to 7,Removed from study site,NA,NA,
12/9/2023,Queen Kaahumanu Elementary,21.30973,-157.80943,21.3109,-157.80879,168,172,Manoa,Manoa Marketplace,Non-native,paepae,Vertebrate,Amatitlania nigrofasciata,Convict Cichlid,2,"4, 9",Removed from study site,NA,NA,
12/9/2023,Queen Kaahumanu Elementary,21.30973,-157.80943,21.3109,-157.80879,168,172,Manoa,Manoa Marketplace,Non-native,paepae,Vertebrate,Hypostomus watwata,Suckermouth Catfish / Plecostomus,48,3 to 20,Removed from study site,NA,NA,
12/9/2023,Queen Kaahumanu Elementary,21.30973,-157.80943,21.3109,-157.80879,168,172,Manoa,Manoa Marketplace,Non-native,paepae,Vertebrate,Ancistrus temminckii,Bristlenose / Bushynose Plecostomus,42,2 to 9,Removed from study site,NA,NA,
12/9/2023,Queen Kaahumanu Elementary,21.30973,-157.80943,21.3109,-157.80879,168,172,Manoa,Manoa Marketplace,Non-native,paepae,Invertebrate,Neocaridina denticulata sinensis,Japanese Swamp Shrimp,36,2 to 3,Removed from study site,NA,NA,
12/9/2023,Queen Kaahumanu Elementary,21.30973,-157.80943,21.3109,-157.80879,168,172,Manoa,Manoa Marketplace,Non-native,paepae,Invertebrate,Procambarus clarkii,Swamp Crayfish,6,3 to 7,Removed from study site,NA,NA,
12/9/2023,Queen Kaahumanu Elementary,21.30973,-157.80943,21.3109,-157.80879,168,172,Manoa,Manoa Marketplace,Non-native,paepae,Invertebrate,Melanoides tuberculata,Malaysian Trumpet Snail,3,1 to 2,Removed from study site,NA,NA,
12/9/2023,Queen Kaahumanu Elementary,21.30973,-157.80943,21.3109,-157.80879,168,172,Manoa,Manoa Marketplace,NA,paepae,NATIVE TOTAL,0,NON-NATIVE TOTAL,405,NA,SUMMARY,3.2,27.27,
12/14/2023,Manoa Elementary,21.31161,-157.80812,21.31353,-157.80647,175,179,Manoa,Manoa Valley District Park,Native,paepae,Vertebrate,Awaous stamineus,Oopu nakea,1,9,Returned live to capture location,NA,NA,
12/14/2023,Manoa Elementary,21.31161,-157.80812,21.31353,-157.80647,175,179,Manoa,Manoa Valley District Park,Non-native,paepae,Vertebrate,Amatitlania nigrofasciata,Convict Cichlid,29,1 to 11,Removed from study site,NA,NA,
12/14/2023,Manoa Elementary,21.31161,-157.80812,21.31353,-157.80647,175,179,Manoa,Manoa Valley District Park,Non-native,paepae,Vertebrate,Poecilia reticulata,Rainbow Guppy,70,2 to 4,Removed from study site,NA,NA,
12/14/2023,Manoa Elementary,21.31161,-157.80812,21.31353,-157.80647,175,179,Manoa,Manoa Valley District Park,Non-native,paepae,Vertebrate,Poecilia sphenops,Mexican Molly,40,2 to 7,Removed from study site,NA,NA,
12/14/2023,Manoa Elementary,21.31161,-157.80812,21.31353,-157.80647,175,179,Manoa,Manoa Valley District Park,Non-native,paepae,Vertebrate,Gambusia affinis,Mosquitofish,4,2 to 3,Removed from study site,NA,NA,
12/14/2023,Manoa Elementary,21.31161,-157.80812,21.31353,-157.80647,175,179,Manoa,Manoa Valley District Park,Non-native,paepae,Vertebrate,Ancistrus temminckii,Bristlenose / Bushynose Plecostomus,18,3 to 8,Removed from study site,NA,NA,
12/14/2023,Manoa Elementary,21.31161,-157.80812,21.31353,-157.80647,175,179,Manoa,Manoa Valley District Park,Non-native,paepae,Vertebrate,Hypostomus watwata,Suckermouth Catfish / Plecostomus,27,3 to 24,Removed from study site,NA,NA,
12/14/2023,Manoa Elementary,21.31161,-157.80812,21.31353,-157.80647,175,179,Manoa,Manoa Valley District Park,Non-native,paepae,Invertebrate,Procambarus clarkii,Swamp Crayfish,33,1 to 9,Removed from study site,NA,NA,
12/14/2023,Manoa Elementary,21.31161,-157.80812,21.31353,-157.80647,175,179,Manoa,Manoa Valley District Park,Non-native,paepae,Invertebrate,Melanoides tuberculata,Malaysian Trumpet Snail,3,1 to 2,Removed from study site,NA,NA,
12/14/2023,Manoa Elementary,21.31161,-157.80812,21.31353,-157.80647,175,179,Manoa,Manoa Valley District Park,Non-native,paepae,Invertebrate,Neocaridina denticulata sinensis,Japanese Swamp Shrimp,7,2,Removed from study site,NA,NA,
12/14/2023,Manoa Elementary,21.31161,-157.80812,21.31353,-157.80647,175,179,Manoa,Manoa Valley District Park,Non-native,paepae,Invertebrate,Corbicula fluminea,Asiatic clam,2,1 to 2,Removed from study site,NA,NA,
12/14/2023,Manoa Elementary,21.31161,-157.80812,21.31353,-157.80647,175,179,Manoa,Manoa Valley District Park,NA,paepae,NATIVE TOTAL,1,NON-NATIVE TOTAL,233,NA,SUMMARY,6.8,34.55,
1/8/2024,Saint Louis School,21.28810,-157.80568,21.28901,-157.80470,111,115,Palolo,Saint Louis Field,Native,paepae,Vertebrate,Awaous stamineus,Oopu nakea,7,"6, 18, 14, 11, 10, 9, 7",Returned live to capture location,NA,NA,
1/8/2024,Saint Louis School,21.28810,-157.80568,21.28901,-157.80470,111,115,Palolo,Saint Louis Field,Non-native,paepae,Vertebrate,Poecilia sphenops,Mexican Molly,2193,2 to 7,Removed from study site,NA,NA,
1/8/2024,Saint Louis School,21.28810,-157.80568,21.28901,-157.80470,111,115,Palolo,Saint Louis Field,Non-native,paepae,Vertebrate,Poecilia reticulata,Rainbow Guppy,3,2 to 3,Removed from study site,NA,NA,
1/8/2024,Saint Louis School,21.28810,-157.80568,21.28901,-157.80470,111,115,Palolo,Saint Louis Field,Non-native,paepae,Vertebrate,Hypostomus watwata,Suckermouth Catfish / Plecostomus,13,8 to 30,Removed from study site,NA,NA,
1/8/2024,Saint Louis School,21.28810,-157.80568,21.28901,-157.80470,111,115,Palolo,Saint Louis Field,Non-native,paepae,Vertebrate,Ancistrus temminckii,Bristlenose / Bushynose Plecostomus,12,6 to 8,Removed from study site,NA,NA,
1/8/2024,Saint Louis School,21.28810,-157.80568,21.28901,-157.80470,111,115,Palolo,Saint Louis Field,non-native,paepae,Vertebrate,Amatitlania nigrofasciata,Convict Cichlid,213,3 to 10,Removed from study site,NA,NA,
1/8/2024,Saint Louis School,21.28810,-157.80568,21.28901,-157.80470,111,115,Palolo,Saint Louis Field,non-native,paepae,Vertebrate,Oreochromis mossambicus,Mozambique Tilapia,4,5 to 13,Removed from study site,NA,NA,
1/8/2024,Saint Louis School,21.28810,-157.80568,21.28901,-157.80470,111,115,Palolo,Saint Louis Field,NA,paepae,NATIVE TOTAL,7,NON-NATIVE TOTAL,2438,NA,SUMMARY,17,38.18,
1/11/2024,Myron B Thompson Academy ,21.29582,-157.79684,21.29616,-157.79646,171,179,Palolo,Jarrett Middle School,Non-native,paepae,Vertebrate,Poecilia sphenops,Mexican Molly,1294,2 to 8,Removed from study site,NA,NA,
1/11/2024,Myron B Thompson Academy ,21.29582,-157.79684,21.29616,-157.79646,171,179,Palolo,Jarrett Middle School,Non-native,paepae,Vertebrate,Poecilia reticulata,Rainbow Guppy,28,2 to 3,Removed from study site,NA,NA,
1/11/2024,Myron B Thompson Academy ,21.29582,-157.79684,21.29616,-157.79646,171,179,Palolo,Jarrett Middle School,Non-native,paepae,Vertebrate,Ancistrus temminckii,Bristlenose / Bushynose Plecostomus,8,2 to 5,Removed from study site,NA,NA,
1/11/2024,Myron B Thompson Academy ,21.29582,-157.79684,21.29616,-157.79646,171,179,Palolo,Jarrett Middle School,Non-native,paepae,invertebrate,Neocaridina denticulata sinensis,Japanese Swamp Shrimp,4,2 to 3,Removed from study site,NA,NA,
1/11/2024,Myron B Thompson Academy ,21.29582,-157.79684,21.29616,-157.79646,171,179,Palolo,Jarrett Middle School,Non-native,paepae,invertebrate,Melanoides tuberculata,Malaysian Trumpet Snail,4,2 to 3,Removed from study site,NA,NA,
1/11/2024,Myron B Thompson Academy ,21.29582,-157.79684,21.29616,-157.79646,171,179,Palolo,Jarrett Middle School,NA,paepae,NATIVE TOTAL,0,NON-NATIVE TOTAL,1338,NA,SUMMARY,6.5,27.27,
1/18/2024,Honouliuli Middle School,21.28639,-157.81888,21.28728,-157.81799,18,19,Manoa-Palolo,Kaimuki  High School,Native,paepae,Vertebrate,Stenogobius hawaiiensis,Oopu Naniha,10,3 to 10,Returned live to capture location,NA,NA,
1/18/2024,Honouliuli Middle School,21.28639,-157.81888,21.28728,-157.81799,18,19,Manoa-Palolo,Kaimuki  High School,Native,paepae,Vertebrate,Eleotris sandwicensis,Oopu Akupa,7,5 to 15,Returned live to capture location,NA,NA,
1/18/2024,Honouliuli Middle School,21.28639,-157.81888,21.28728,-157.81799,18,19,Manoa-Palolo,Kaimuki  High School,Native,paepae,Vertebrate,Kuhlia xenura,Aholehole / Hawaiian Flagtail,12,4 to 16,Returned live to capture location (one death),NA,NA,
1/18/2024,Honouliuli Middle School,21.28639,-157.81888,21.28728,-157.81799,18,19,Manoa-Palolo,Kaimuki  High School,Native,paepae,Invertebrate,Macrobrachium grandimanus,Opae Oehaa,1,6,Returned live to capture location,NA,NA,
1/18/2024,Honouliuli Middle School,21.28639,-157.81888,21.28728,-157.81799,18,19,Manoa-Palolo,Kaimuki  High School,Non-native,paepae,Vertebrate,Poecilia sphenops,Mexican Molly,72,2 to 9,Removed from study site,NA,NA,
1/18/2024,Honouliuli Middle School,21.28639,-157.81888,21.28728,-157.81799,18,19,Manoa-Palolo,Kaimuki  High School,Non-native,paepae,Vertebrate,Poecilia reticulata,Rainbow Guppy,3,2 to 3,Removed from study site,NA,NA,
1/18/2024,Honouliuli Middle School,21.28639,-157.81888,21.28728,-157.81799,18,19,Manoa-Palolo,Kaimuki  High School,Non-native,paepae,Vertebrate,Gambusia affinis,Mosquitofish,8,3 to 7,Removed from study site,NA,NA,
1/18/2024,Honouliuli Middle School,21.28639,-157.81888,21.28728,-157.81799,18,19,Manoa-Palolo,Kaimuki  High School,Non-native,paepae,Vertebrate,Xiphophorus helleri,Green Swordtail,1,3,Removed from study site,NA,NA,
1/18/2024,Honouliuli Middle School,21.28639,-157.81888,21.28728,-157.81799,18,19,Manoa-Palolo,Kaimuki  High School,Non-native,paepae,Vertebrate,Hypostomus watwata,Suckermouth Catfish / Plecostomus,206,12 to 30,Removed from study site,NA,NA,
1/18/2024,Honouliuli Middle School,21.28639,-157.81888,21.28728,-157.81799,18,19,Manoa-Palolo,Kaimuki  High School,Non-native,paepae,Vertebrate,Sarotherodon melanotheron,Black Chin Tilapia,1,5,Removed from study site,NA,NA,
1/18/2024,Honouliuli Middle School,21.28639,-157.81888,21.28728,-157.81799,18,19,Manoa-Palolo,Kaimuki  High School,NA,paepae,NATIVE TOTAL,30,NON-NATIVE TOTAL,291,NA,SUMMARY,72,30.91,
1/23/2024,Noelani Elementary,21.30793,-157.80914,21.30862,-157.80945,161,168,Manoa,Noelani Elementary,Non-native,paepae,Vertebrate,Hypostomus watwata,Suckermouth Catfish / Plecostomus,79,3 to 16,Removed from study site,NA,NA,
1/23/2024,Noelani Elementary,21.30793,-157.80914,21.30862,-157.80945,161,168,Manoa,Noelani Elementary,Non-native,paepae,Vertebrate,Ancistrus temminckii,Bristlenose / Bushynose Plecostomus,5,2 to 5,Removed from study site,NA,NA,
1/23/2024,Noelani Elementary,21.30793,-157.80914,21.30862,-157.80945,161,168,Manoa,Noelani Elementary,Non-native,paepae,Vertebrate,Poecilia sphenops,Mexican Molly,8,2 to 4,Removed from study site,NA,NA,
1/23/2024,Noelani Elementary,21.30793,-157.80914,21.30862,-157.80945,161,168,Manoa,Noelani Elementary,Non-native,paepae,Vertebrate,Poecilia reticulata,Rainbow Guppy,13,1 to 4,Removed from study site,NA,NA,
1/23/2024,Noelani Elementary,21.30793,-157.80914,21.30862,-157.80945,161,168,Manoa,Noelani Elementary,Non-native,paepae,Vertebrate,Amatitlania nigrofasciata,Convict Cichlid,3,2 to 5,Removed from study site,NA,NA,
1/23/2024,Noelani Elementary,21.30793,-157.80914,21.30862,-157.80945,161,168,Manoa,Noelani Elementary,Non-native,paepae,Invertebrate,Procambarus clarkii,Swamp Crayfish,11,3 to 6,Removed from study site,NA,NA,
1/23/2024,Noelani Elementary,21.30793,-157.80914,21.30862,-157.80945,161,168,Manoa,Noelani Elementary,Non-native,paepae,Invertebrate,Corbicula fluminea,Asiatic clam,1,1,Removed from study site,NA,NA,
1/23/2024,Noelani Elementary,21.30793,-157.80914,21.30862,-157.80945,161,168,Manoa,Noelani Elementary,Non-native,paepae,Invertebrate,Neocaridina denticulata sinensis,Japanese Swamp Shrimp,2,2,Removed from study site,NA,NA,
1/23/2024,Noelani Elementary,21.30793,-157.80914,21.30862,-157.80945,161,168,Manoa,Noelani Elementary,Non-native,paepae,NATIVE TOTAL,0,NON-NATIVE TOTAL,122,NA,SUMMARY,6.8,27.27,
1/25/2024,Malama Honua PCS,21.30973,-157.80943,21.3109,-157.80879,168,172,Manoa,Manoa Marketplace,Non-native,paepae,Vertebrate,Poecilia sphenops,Mexican Molly,514,2 to 8,Removed from study site,NA,NA,
1/25/2024,Malama Honua PCS,21.30973,-157.80943,21.3109,-157.80879,168,172,Manoa,Manoa Marketplace,Non-native,paepae,Vertebrate,Poecilia reticulata,Rainbow Guppy,29,2 to 3,Removed from study site,NA,NA,
1/25/2024,Malama Honua PCS,21.30973,-157.80943,21.3109,-157.80879,168,172,Manoa,Manoa Marketplace,Non-native,paepae,Vertebrate,Hypostomus watwata,Suckermouth Catfish / Plecostomus,83,3 to 20,Removed from study site,NA,NA,
1/25/2024,Malama Honua PCS,21.30973,-157.80943,21.3109,-157.80879,168,172,Manoa,Manoa Marketplace,Non-native,paepae,Vertebrate,Ancistrus temminckii,Bristlenose / Bushynose Plecostomus,35,2 to 8,Removed from study site,NA,NA,
1/25/2024,Malama Honua PCS,21.30973,-157.80943,21.3109,-157.80879,168,172,Manoa,Manoa Marketplace,Non-native,paepae,Vertebrate,Micropterus dolomieu,Smallmouth Bass,1,20,Removed from study site,NA,NA,
1/25/2024,Malama Honua PCS,21.30973,-157.80943,21.3109,-157.80879,168,172,Manoa,Manoa Marketplace,Non-native,paepae,Vertebrate,Amatitlania nigrofasciata,Convict Cichlid,4,4 to 10,Removed from study site,NA,NA,
1/25/2024,Malama Honua PCS,21.30973,-157.80943,21.3109,-157.80879,168,172,Manoa,Manoa Marketplace,Non-native,paepae,Invertebrate,Neocaridina denticulata sinensis,Japanese Swamp Shrimp,49,2 to 3,Removed from study site,NA,NA,
1/25/2024,Malama Honua PCS,21.30973,-157.80943,21.3109,-157.80879,168,172,Manoa,Manoa Marketplace,Non-native,paepae,Invertebrate,Procambarus clarkii,Swamp Crayfish,1,5,Removed from study site,NA,NA,
1/25/2024,Malama Honua PCS,21.30973,-157.80943,21.3109,-157.80879,168,172,Manoa,Manoa Marketplace,Non-native,paepae,Invertebrate,Melanoides tuberculata,Malaysian Trumpet Snail,2,1 to 2,Removed from study site,NA,NA,
1/25/2024,Malama Honua PCS,21.30973,-157.80943,21.3109,-157.80879,168,172,Manoa,Manoa Marketplace,NA,paepae,NATIVE TOTAL,0,NON-NATIVE TOTAL,718,NA,SUMMARY,3.6,27.27,
1/30/2024,Iolani School,21.32826,-157.80093,21.32902,-157.80066,323,340,Manoa,Waihi (USGS Gage),Native,paepae,Vertebrate,Awaous stamineus,oopu nakea,1,7,Returned live to capture location,NA,NA,
1/30/2024,Iolani School,21.32826,-157.80093,21.32902,-157.80066,323,340,Manoa,Waihi (USGS Gage),Non-native,paepae,Vertebrate,Poecilia reticulata,Rainbow Guppy,519,2 to 4,Removed from study site,NA,NA,
1/30/2024,Iolani School,21.32826,-157.80093,21.32902,-157.80066,323,340,Manoa,Waihi (USGS Gage),Non-native,paepae,Vertebrate,Poecilia sphenops,Mexican Molly,16,3 to 5,Removed from study site,NA,NA,
1/30/2024,Iolani School,21.32826,-157.80093,21.32902,-157.80066,323,340,Manoa,Waihi (USGS Gage),Non-native,paepae,Vertebrate,Xiphophorus helleri,Green Swordtail,59,3 to 7,Removed from study site (2 orange var),NA,NA,
1/30/2024,Iolani School,21.32826,-157.80093,21.32902,-157.80066,323,340,Manoa,Waihi (USGS Gage),Non-native,paepae,Vertebrate,Ancistrus temminckii,Bristlenose / Bushynose Plecostomus,91,3 to 9,Removed from study site,NA,NA,
1/30/2024,Iolani School,21.32826,-157.80093,21.32902,-157.80066,323,340,Manoa,Waihi (USGS Gage),Non-native,paepae,Invertebrate,Procambarus clarkii,Swamp Crayfish,30,1 to 8,Removed from study site,NA,NA,
1/30/2024,Iolani School,21.32826,-157.80093,21.32902,-157.80066,323,340,Manoa,Waihi (USGS Gage),Non-native,paepae,Invertebrate,Neocaridina denticulata sinensis,Japanese Swamp Shrimp,127,1.5 to 2,Removed from study site,NA,NA,
1/30/2024,Iolani School,21.32826,-157.80093,21.32902,-157.80066,323,340,Manoa,Waihi (USGS Gage),NA,paepae,NATIVE TOTAL,1,NON-NATIVE TOTAL,842,NA,SUMMARY,1.7,30.91,
2/5/2024,Hanahauoli School,21.30821,-157.8307,21.30935,-157.83057,144,165,Makiki,Baker Park,Non-native,paepae,Vertebrate,Amatitlania nigrofasciata,Convict Cichlid,42,2 to 9,Removed from study site,NA,NA,
2/5/2024,Hanahauoli School,21.30821,-157.8307,21.30935,-157.83057,144,165,Makiki,Baker Park,Non-native,paepae,Vertebrate,Poecilia sphenops,Mexican Molly,4,4 to 9,Removed from study site,NA,NA,
2/5/2024,Hanahauoli School,21.30821,-157.8307,21.30935,-157.83057,144,165,Makiki,Baker Park,Non-native,paepae,Vertebrate,Poecilia reticulata,Rainbow Guppy,575,1 to 4,Removed from study site,NA,NA,
2/5/2024,Hanahauoli School,21.30821,-157.8307,21.30935,-157.83057,144,165,Makiki,Baker Park,Non-native,paepae,Vertebrate,Ancistrus temminckii,Bristlenose / Bushynose Plecostomus,16,3 to 5,Removed from study site,NA,NA,
2/5/2024,Hanahauoli School,21.30821,-157.8307,21.30935,-157.83057,144,165,Makiki,Baker Park,Non-native,paepae,Invertebrate,Macrobrachium lar,Tahitian Prawn,12,5 to 15,Removed from study site,NA,NA,
2/5/2024,Hanahauoli School,21.30821,-157.8307,21.30935,-157.83057,144,165,Makiki,Baker Park,Non-native,paepae,Invertebrate,Neocaridina denticulata sinensis,Japanese Swamp Shrimp,177,1.5 to 2,Removed from study site,NA,NA,
2/5/2024,Hanahauoli School,21.30821,-157.8307,21.30935,-157.83057,144,165,Makiki,Baker Park,Non-native,paepae,Invertebrate,Tarebia granifera,Quilted Melania,65,0.5 to 2,Removed from study site,NA,NA,
2/5/2024,Hanahauoli School,21.30821,-157.8307,21.30935,-157.83057,144,165,Makiki,Baker Park,Non-native,paepae,Invertebrate,Melanoides tuberculata,Malaysian Trumpet Snail,2,1 to 1.5,Removed from study site,NA,NA,
2/5/2024,Hanahauoli School,21.30821,-157.8307,21.30935,-157.83057,144,165,Makiki,Baker Park,Non-native,paepae,Invertebrate,Corbicula fluminea,Asiatic clam,6,1 to 2,Removed from study site,NA,NA,
2/5/2024,Hanahauoli School,21.30821,-157.8307,21.30935,-157.83057,144,165,Makiki,Baker Park,NA,paepae,NATIVE TOTAL,0,NON-NATIVE TOTAL,899,NA,SUMMARY,1.5,27.27,
2/8/2024,SEEQS,21.31284,-157.82912,21.31402,-157.82866,250,272,Makiki,Halau Ku Mana,Non-native,paepae,Vertebrate,Poecilia reticulata,Rainbow Guppy,497,2 to 4,Removed from study site,NA,NA,
2/8/2024,SEEQS,21.31284,-157.82912,21.31402,-157.82866,250,272,Makiki,Halau Ku Mana,Non-native,paepae,Vertebrate,Poecilia sphenops,Mexican Molly,16,2 to 9,Removed from study site,NA,NA,
2/8/2024,SEEQS,21.31284,-157.82912,21.31402,-157.82866,250,272,Makiki,Halau Ku Mana,Non-native,paepae,Vertebrate,Xiphophorus helleri,Green Swordtail,41,3 to 7,Removed from study site,NA,NA,
2/8/2024,SEEQS,21.31284,-157.82912,21.31402,-157.82866,250,272,Makiki,Halau Ku Mana,Non-native,paepae,Vertebrate,Ancistrus temminckii,Bristlenose / Bushynose Plecostomus,3,2 to 3,Removed from study site,NA,NA,
2/8/2024,SEEQS,21.31284,-157.82912,21.31402,-157.82866,250,272,Makiki,Halau Ku Mana,Non-native,paepae,Invertebrate,Macrobrachium lar,Tahitian Prawn,5,4 to 14,Removed from study site,NA,NA,
2/8/2024,SEEQS,21.31284,-157.82912,21.31402,-157.82866,250,272,Makiki,Halau Ku Mana,Non-native,paepae,Invertebrate,Neocaridina denticulata sinensis,Japanese Swamp Shrimp,243,1 to 3,Removed from study site,NA,NA,
2/8/2024,SEEQS,21.31284,-157.82912,21.31402,-157.82866,250,272,Makiki,Halau Ku Mana,NA,paepae,NATIVE TOTAL,0,NON-NATIVE TOTAL,805,NA,Summary,0.8,27.27,
2/14/2024,Fort Shafter Elementary,21.29673,-157.81367,21.29845,-157.8139,94,100,Manoa,KanewaiLoi,Non-native,paepae,Vertebrate,Hypostomus watwata,Suckermouth Catfish / Plecostomus,12,6 to 20,Removed from study site,NA,NA,
2/14/2024,Fort Shafter Elementary,21.29673,-157.81367,21.29845,-157.8139,94,100,Manoa,KanewaiLoi,Non-native,paepae,Vertebrate,Ancistrus temminckii,Bristlenose / Bushynose Plecostomus,4,3 to 5,Removed from study site,NA,NA,
2/14/2024,Fort Shafter Elementary,21.29673,-157.81367,21.29845,-157.8139,94,100,Manoa,KanewaiLoi,Non-native,paepae,Vertebrate,Poecilia reticulata,Rainbow Guppy,35,2 to 3,Removed from study site,NA,NA,
2/14/2024,Fort Shafter Elementary,21.29673,-157.81367,21.29845,-157.8139,94,100,Manoa,KanewaiLoi,Non-native,paepae,Vertebrate,Poecilia sphenops,Mexican Molly,5,2 to 4,Removed from study site,NA,NA,
2/14/2024,Fort Shafter Elementary,21.29673,-157.81367,21.29845,-157.8139,94,100,Manoa,KanewaiLoi,Non-native,paepae,Vertebrate,Micropterus dolomieu,Smallmouth Bass,1,28,Removed from study site,NA,NA,
2/14/2024,Fort Shafter Elementary,21.29673,-157.81367,21.29845,-157.8139,94,100,Manoa,KanewaiLoi,Non-native,paepae,Invertebrate,Procambarus clarkii,Swamp Crayfish,1,6,Removed from study site,NA,NA,
2/14/2024,Fort Shafter Elementary,21.29673,-157.81367,21.29845,-157.8139,94,100,Manoa,KanewaiLoi,Non-native,paepae,Invertebrate,Neocaridina denticulata sinensis,Japanese Swamp Shrimp,4,2 to 3,Removed from study site,NA,NA,
2/14/2024,Fort Shafter Elementary,21.29673,-157.81367,21.29845,-157.8139,94,100,Manoa,KanewaiLoi,NA,paepae,NATIVE TOTAL,0,NON-NATIVE TOTAL,50,NA,Summary,0.5,27.27,
2/20/2024,Gus Webling Elementary,21.31161,-157.80812,21.31353,-157.80647,175,179,Manoa,Manoa Valley District Park,Non-native,paepae,Vertebrate,Amatitlania nigrofasciata,Convict Cichlid,27,5 to 11,Removed from study site,NA,NA,
2/20/2024,Gus Webling Elementary,21.31161,-157.80812,21.31353,-157.80647,175,179,Manoa,Manoa Valley District Park,Non-native,paepae,Vertebrate,Poecilia reticulata,Rainbow Guppy,180,2 to 4,Removed from study site,NA,NA,
2/20/2024,Gus Webling Elementary,21.31161,-157.80812,21.31353,-157.80647,175,179,Manoa,Manoa Valley District Park,Non-native,paepae,Vertebrate,Poecilia sphenops,Mexican Molly,88,2 to 7,Removed from study site,NA,NA,
2/20/2024,Gus Webling Elementary,21.31161,-157.80812,21.31353,-157.80647,175,179,Manoa,Manoa Valley District Park,Non-native,paepae,Vertebrate,Gambusia affinis,Mosquitofish,3,3 to 4,Removed from study site,NA,NA,
2/20/2024,Gus Webling Elementary,21.31161,-157.80812,21.31353,-157.80647,175,179,Manoa,Manoa Valley District Park,Non-native,paepae,Vertebrate,Ancistrus temminckii,Bristlenose / Bushynose Plecostomus,62,3 to 8,Removed from study site,NA,NA,
2/20/2024,Gus Webling Elementary,21.31161,-157.80812,21.31353,-157.80647,175,179,Manoa,Manoa Valley District Park,Non-native,paepae,Vertebrate,Hypostomus watwata,Suckermouth Catfish / Plecostomus,25,4 to 24,Removed from study site,NA,NA,
2/20/2024,Gus Webling Elementary,21.31161,-157.80812,21.31353,-157.80647,175,179,Manoa,Manoa Valley District Park,Non-native,paepae,Invertebrate,Procambarus clarkii,Swamp Crayfish,22,1 to 9,Removed from study site,NA,NA,
2/20/2024,Gus Webling Elementary,21.31161,-157.80812,21.31353,-157.80647,175,179,Manoa,Manoa Valley District Park,Non-native,paepae,Invertebrate,Melanoides tuberculata,Malaysian Trumpet Snail,10,1 to 2,Removed from study site,NA,NA,
2/20/2024,Gus Webling Elementary,21.31161,-157.80812,21.31353,-157.80647,175,179,Manoa,Manoa Valley District Park,Non-native,paepae,Invertebrate,Neocaridina denticulata sinensis,Japanese Swamp Shrimp,128,2,Removed from study site,NA,NA,
2/20/2024,Gus Webling Elementary,21.31161,-157.80812,21.31353,-157.80647,175,179,Manoa,Manoa Valley District Park,Non-native,paepae,Invertebrate,Tarebia granifera,Quilted Melania,2,1 to 2,Removed from study site,NA,NA,
2/20/2024,Gus Webling Elementary,21.31161,-157.80812,21.31353,-157.80647,175,179,Manoa,Manoa Valley District Park,NA,paepae,NATIVE TOTAL,0,NON-NATIVE TOTAL,547,NA,SUMMARY,1.35,27.27,
2/26/2024,Iolani School,21.28639,-157.81888,21.28728,-157.81799,18,19,Manoa-Palolo,Kaimuki  High School,Native,paepae,Vertebrate,Stenogobius hawaiiensis,Oopu Naniha,21,3 to 9,Returned live to capture location,NA,NA,
2/26/2024,Iolani School,21.28639,-157.81888,21.28728,-157.81799,18,19,Manoa-Palolo,Kaimuki  High School,Native,paepae,Vertebrate,Eleotris sandwicensis,Oopu Akupa,16,7 to 17,Returned live to capture location,NA,NA,
2/26/2024,Iolani School,21.28639,-157.81888,21.28728,-157.81799,18,19,Manoa-Palolo,Kaimuki  High School,Native,paepae,Vertebrate,Kuhlia xenura,Aholehole / Hawaiian Flagtail,8,4 to 10,Returned live to capture location,NA,NA,
2/26/2024,Iolani School,21.28639,-157.81888,21.28728,-157.81799,18,19,Manoa-Palolo,Kaimuki  High School,Native,paepae,Vertebrate,Mugil cephalus,Amaama / Striped Mullet,192,3 to 9,"***Only about 1/2 of 3cm individuals survived of handling (or roughly 100 deceased). About 4 of them were 5 cm to 9 cm. May need to improve methods for handling, or avoid catching juveniles of this species altogether.",NA,NA,
2/26/2024,Iolani School,21.28639,-157.81888,21.28728,-157.81799,18,19,Manoa-Palolo,Kaimuki  High School,Native,paepae,Invertebrate,Macrobrachium grandimanus,Opae Oehaa,1,5,Returned live to capture location,NA,NA,
2/26/2024,Iolani School,21.28639,-157.81888,21.28728,-157.81799,18,19,Manoa-Palolo,Kaimuki  High School,Non-native,paepae,Vertebrate,Poecilia sphenops,Mexican Molly,67,2 to 9,Removed from study site,NA,NA,
2/26/2024,Iolani School,21.28639,-157.81888,21.28728,-157.81799,18,19,Manoa-Palolo,Kaimuki  High School,Non-native,paepae,Vertebrate,Gambusia affinis,Mosquitofish,8,3 to 7,Removed from study site,NA,NA,
2/26/2024,Iolani School,21.28639,-157.81888,21.28728,-157.81799,18,19,Manoa-Palolo,Kaimuki  High School,Non-native,paepae,Vertebrate,Hypostomus watwata,Suckermouth Catfish / Plecostomus,227,15 to 30,Removed from study site,NA,NA,
2/26/2024,Iolani School,21.28639,-157.81888,21.28728,-157.81799,18,19,Manoa-Palolo,Kaimuki  High School,Non-native,paepae,Vertebrate,Sarotherodon melanotheron,Black Chin Tilapia,23,2 to 17,Removed from study site,NA,NA,
2/26/2024,Iolani School,21.28639,-157.81888,21.28728,-157.81799,18,19,Manoa-Palolo,Kaimuki  High School,Non-native,paepae,Vertebrate,Oreochromis mossambicus,Mozambique Tilapia,1,24,Removed from study site,NA,NA,
2/26/2024,Iolani School,21.28639,-157.81888,21.28728,-157.81799,18,19,Manoa-Palolo,Kaimuki  High School,NA,paepae,NATIVE TOTAL,238,NON-NATIVE TOTAL,326,NA,SUMMARY,86.8,41.82,
2/29/2024,Chaminade University,21.28831,-157.80899,21.28798,-157.80803,94,98,Palolo,Chaminade,Native,paepae,Vertebrate,Awaous stamineus,oopu nakea,2,"10, 14",Returned live to capture location,NA,NA,
2/29/2024,Chaminade University,21.28831,-157.80899,21.28798,-157.80803,94,98,Palolo,Chaminade,Non-native,paepae,Vertebrate,Amatitlania nigrofasciata,Convict Cichlid,52,2 to 8,Removed from study site,NA,NA,
2/29/2024,Chaminade University,21.28831,-157.80899,21.28798,-157.80803,94,98,Palolo,Chaminade,Non-native,paepae,Vertebrate,Ancistrus temminckii,Bristlenose / Bushynose Plecostomus,21,3 to 7,Removed from study site,NA,NA,
2/29/2024,Chaminade University,21.28831,-157.80899,21.28798,-157.80803,94,98,Palolo,Chaminade,Non-native,paepae,Vertebrate,Hypostomus watwata,Suckermouth Catfish / Plecostomus,6,7 to 16,Removed from study site,NA,NA,
2/29/2024,Chaminade University,21.28831,-157.80899,21.28798,-157.80803,94,98,Palolo,Chaminade,Non-native,paepae,Vertebrate,Poecilia sphenops,Mexican Molly,341,3 to 7,Removed from study site,NA,NA,
2/29/2024,Chaminade University,21.28831,-157.80899,21.28798,-157.80803,94,98,Palolo,Chaminade,Non-native,paepae,Vertebrate,Poecilia reticulata,Rainbow Guppy,8,2 to 3,Removed from study site,NA,NA,
2/29/2024,Chaminade University,21.28831,-157.80899,21.28798,-157.80803,94,98,Palolo,Chaminade,Non-native,paepae,Invertebrate,Tarebia granifera,Quilted Melania,2,0.5 to 1,Removed from study site,NA,NA,
2/29/2024,Chaminade University,21.28831,-157.80899,21.28798,-157.80803,94,98,Palolo,Chaminade,NA,paepae,NATIVE TOTAL,2,NON-NATIVE TOTAL,430,NA,Summary,1.1,38.18,
3/4/2024,UHM NREM,21.31774,-157.82713,21.31819,-157.82698,380,410,Makiki,Kanealole,Non-native,paepae,Vertebrate,Poecilia reticulata,Rainbow Guppy,381,2 to 6,"1 parasitized, removed from study site",NA,NA,
3/4/2024,UHM NREM,21.31774,-157.82713,21.31819,-157.82698,380,410,Makiki,Kanealole,Non-native,paepae,Vertebrate,Ancistrus temminckii,Bristlenose / Bushynose Plecostomus,11,2 to 3,Removed from study site,NA,NA,
3/4/2024,UHM NREM,21.31774,-157.82713,21.31819,-157.82698,380,410,Makiki,Kanealole,Non-native,paepae,Invertebrate,Macrobrachium lar,Tahitian Prawn,1,12,Removed from study site,NA,NA,
3/4/2024,UHM NREM,21.31774,-157.82713,21.31819,-157.82698,380,410,Makiki,Kanealole,Non-native,paepae,Invertebrate,Neocaridina denticulata sinensis,Japanese Swamp Shrimp,1179,2 to 3,Removed from study site,NA,NA,
3/4/2024,UHM NREM,21.31774,-157.82713,21.31819,-157.82698,380,410,Makiki,Kanealole,Non-native,paepae,Invertebrate,Melanoides tuberculata,Malaysian Trumpet Snail,3,1 to 2,Removed from study site,NA,NA,
3/4/2024,UHM NREM,21.31774,-157.82713,21.31819,-157.82698,380,410,Makiki,Kanealole,NA,paepae,NATIVE TOTAL,0,NON-NATIVE TOTAL,1575,NA,Summary,0.60,27.27,
3/12/2024,Iolani School,21.29271,-157.8134,21.2933,-157.81248,45,48,Manoa,KanewaiField,Non-native,paepae,Vertebrate,Hypostomus watwata,Suckermouth Catfish / Plecostomus,7,7 to 25,Removed from study site,NA,NA,
3/12/2024,Iolani School,21.29271,-157.8134,21.2933,-157.81248,45,48,Manoa,KanewaiField,Non-native,paepae,Vertebrate,Ancistrus temminckii,Bristlenose / Bushynose Plecostomus,16,2 to 9,Removed from study site,NA,NA,
3/12/2024,Iolani School,21.29271,-157.8134,21.2933,-157.81248,45,48,Manoa,KanewaiField,Non-native,paepae,Vertebrate,Amatitlania nigrofasciata,Convict Cichlid,2,3 to 5,Removed from study site,NA,NA,
3/12/2024,Iolani School,21.29271,-157.8134,21.2933,-157.81248,45,48,Manoa,KanewaiField,Non-native,paepae,Vertebrate,Poecilia sphenops,Mexican Molly,13,2 to 7,Removed from study site,NA,NA,
3/12/2024,Iolani School,21.29271,-157.8134,21.2933,-157.81248,45,48,Manoa,KanewaiField,Non-native,paepae,Vertebrate,Poecilia reticulata,Rainbow Guppy,35,2 to 5,Removed from study site,NA,NA,
3/12/2024,Iolani School,21.29271,-157.8134,21.2933,-157.81248,45,48,Manoa,KanewaiField,Non-native,paepae,Vertebrate,Gambusia affinis,Mosquitofish,5,3 to 5,Removed from study site,NA,NA,
3/12/2024,Iolani School,21.29271,-157.8134,21.2933,-157.81248,45,48,Manoa,KanewaiField,Non-native,paepae,Invertebrate,Procambarus clarkii,Swamp Crayfish,1,5,Removed from study site,NA,NA,
3/12/2024,Iolani School,21.29271,-157.8134,21.2933,-157.81248,45,48,Manoa,KanewaiField,Non-native,paepae,Invertebrate,Neocaridina denticulata sinensis,Japanese Swamp Shrimp,3,2,Removed from study site,NA,NA,
3/12/2024,Iolani School,21.29271,-157.8134,21.2933,-157.81248,45,48,Manoa,KanewaiField,Non-native,paepae,Invertebrate,Corbicula fluminea,Asiatic clam,4,1 to 1.5,Removed from study site,NA,NA,
3/12/2024,Iolani School,21.29271,-157.8134,21.2933,-157.81248,45,48,Manoa,KanewaiField,Non-native,paepae,Invertebrate,Tarebia granifera,Quilted Melania,4,0.5,Removed from study site,NA,NA,
3/12/2024,Iolani School,21.29271,-157.8134,21.2933,-157.81248,45,48,Manoa,KanewaiField,Non-native,paepae,Invertebrate,Melanoides tuberculata,Malaysian Trumpet Snail,2,1 to 2,Removed from study site,NA,NA,
3/12/2024,Iolani School,21.29271,-157.8134,21.2933,-157.81248,45,48,Manoa,KanewaiField,NA,paepae,NATIVE TOTAL,0,NON-NATIVE TOTAL,92,NA,Summary,2,27.27,
3/14/2024,UHM NREM,21.32632,-157.80057,21.32674,-157.80075,298,308,Manoa,Waakaua,Native,paepae,Vertebrate,Awaous stamineus,Oopu nakea,2,"14, 18","One sick, other with parasites. Returned live to capture location",NA,NA,
3/14/2024,UHM NREM,21.32632,-157.80057,21.32674,-157.80075,298,308,Manoa,Waakaua,Non-native,paepae,Vertebrate,Poecilia reticulata,Rainbow Guppy,510,1 to 4,Removed from study site,NA,NA,
3/14/2024,UHM NREM,21.32632,-157.80057,21.32674,-157.80075,298,308,Manoa,Waakaua,Non-native,paepae,Vertebrate,Poecilia sphenops,Mexican Molly,9,4 and 5,Removed from study site,NA,NA,
3/14/2024,UHM NREM,21.32632,-157.80057,21.32674,-157.80075,298,308,Manoa,Waakaua,Non-native,paepae,Vertebrate,Xiphophorus helleri,Green Swordtail,32,2 to 5,Removed from study site,NA,NA,
3/14/2024,UHM NREM,21.32632,-157.80057,21.32674,-157.80075,298,308,Manoa,Waakaua,Non-native,paepae,Vertebrate,Ancistrus temminckii,Bristlenose / Bushynose Plecostomus,87,3 to 6,Removed from study site,NA,NA,
3/14/2024,UHM NREM,21.32632,-157.80057,21.32674,-157.80075,298,308,Manoa,Waakaua,Non-native,paepae,Invertebrate,Procambarus clarkii,Swamp Crayfish,10,2 to 6,Removed from study site,NA,NA,
3/14/2024,UHM NREM,21.32632,-157.80057,21.32674,-157.80075,298,308,Manoa,Waakaua,Non-native,paepae,Invertebrate,Neocaridina denticulata sinensis,Japanese Swamp Shrimp,97,2 to 3,Removed from study site,NA,NA,
3/14/2024,UHM NREM,21.32632,-157.80057,21.32674,-157.80075,298,308,Manoa,Waakaua,NA,paepae,NATIVE TOTAL,2,NON-NATIVE TOTAL,745,NA,SUMMARY,1.6,38.18,
4/2/2024,Iolani School,21.32826,-157.80093,21.32902,-157.80066,323,340,Manoa,Waihi (USGS Gage),Non-native,paepae,Vertebrate,Poecilia reticulata,Rainbow Guppy,169,2 to 5,Removed from study site,NA,NA,
4/2/2024,Iolani School,21.32826,-157.80093,21.32902,-157.80066,323,340,Manoa,Waihi (USGS Gage),Non-native,paepae,Vertebrate,Xiphophorus helleri,Green Swordtail,16,3 to 7,Removed from study site (2 orange var),NA,NA,
4/2/2024,Iolani School,21.32826,-157.80093,21.32902,-157.80066,323,340,Manoa,Waihi (USGS Gage),Non-native,paepae,Vertebrate,Ancistrus temminckii,Bristlenose / Bushynose Plecostomus,21,3 to 12,Removed from study site,NA,NA,
4/2/2024,Iolani School,21.32826,-157.80093,21.32902,-157.80066,323,340,Manoa,Waihi (USGS Gage),Non-native,paepae,Invertebrate,Procambarus clarkii,Swamp Crayfish,28,1 to 8,Removed from study site,NA,NA,
4/2/2024,Iolani School,21.32826,-157.80093,21.32902,-157.80066,323,340,Manoa,Waihi (USGS Gage),Non-native,paepae,Invertebrate,Neocaridina denticulata sinensis,Japanese Swamp Shrimp,25,1.5 to 2,Removed from study site,NA,NA,
4/2/2024,Iolani School,21.32826,-157.80093,21.32902,-157.80066,323,340,Manoa,Waihi (USGS Gage),NA,paepae,NATIVE TOTAL,0,NON-NATIVE TOTAL,259,NA,SUMMARY,0.75,27.27,
4/2/2024,Iolani School,21.32792,-157.79959,21.32748,-157.79980,332,335,Manoa,Waiakeakua (USGS Gage),Non-native,paepae,Vertebrate,Poecilia reticulata,Rainbow Guppy,98,2 to 4,Removed from study site,NA,NA,
4/2/2024,Iolani School,21.32792,-157.79959,21.32748,-157.79980,332,335,Manoa,Waiakeakua (USGS Gage),Non-native,paepae,Vertebrate,Xiphophorus helleri,Green Swordtail,13,4 to 7,Removed from study site,NA,NA,
4/2/2024,Iolani School,21.32792,-157.79959,21.32748,-157.79980,332,335,Manoa,Waiakeakua (USGS Gage),Non-native,paepae,Vertebrate,Ancistrus temminckii,Bristlenose / Bushynose Plecostomus,36,3 to 8,Removed from study site,NA,NA,
4/2/2024,Iolani School,21.32792,-157.79959,21.32748,-157.79980,332,335,Manoa,Waiakeakua (USGS Gage),Non-native,paepae,Invertebrate,Neocaridina denticulata sinensis,Japanese Swamp Shrimp,192,1.5 to 2,Removed from study site,NA,NA,
4/2/2024,Iolani School,21.32792,-157.79959,21.32748,-157.79980,332,335,Manoa,Waiakeakua (USGS Gage),Non-native,paepae,Invertebrate,Procambarus clarkii,Swamp Crayfish,23,0.5 to 8,Removed from study site,NA,NA,
4/2/2024,Iolani School,21.32792,-157.79959,21.32748,-157.79980,332,335,Manoa,Waiakeakua (USGS Gage),NA,paepae,NATIVE TOTAL,0,NON-NATIVE TOTAL,362,NA,Summary,0.9,27.27,
4/9/2024,University of Hawaii at Manoa - COE,21.31284,-157.82912,21.31402,-157.82866,250,272,Makiki,Halau Ku Mana,Non-native,paepae,Vertebrate,Poecilia reticulata,Rainbow Guppy,92,2 to 4,Removed from study site,NA,NA,
4/9/2024,University of Hawaii at Manoa - COE,21.31284,-157.82912,21.31402,-157.82866,250,272,Makiki,Halau Ku Mana,Non-native,paepae,Vertebrate,Xiphophorus helleri,Green Swordtail,4,3 to 7,Removed from study site,NA,NA,
4/9/2024,University of Hawaii at Manoa - COE,21.31284,-157.82912,21.31402,-157.82866,250,272,Makiki,Halau Ku Mana,Non-native,paepae,Invertebrate,Macrobrachium lar,Tahitian Prawn,3,9 to 14,Removed from study site,NA,NA,
4/9/2024,University of Hawaii at Manoa - COE,21.31284,-157.82912,21.31402,-157.82866,250,272,Makiki,Halau Ku Mana,Non-native,paepae,Invertebrate,Neocaridina denticulata sinensis,Japanese Swamp Shrimp,10,2 to 3,Removed from study site,NA,NA,
4/9/2024,University of Hawaii at Manoa - COE,21.31284,-157.82912,21.31402,-157.82866,250,272,Makiki,Halau Ku Mana,NA,paepae,NATIVE TOTAL,0,NON-NATIVE TOTAL,109,NA,Summary,0.3,27.27,
4/22/2024,Moanalua High School,21.29145,-157.81451,21.29074,-157.81470,39,43,Manoa-Palolo,Manoa-Palolo Confluence,Native,paepae,Vertebrate,Awaous stamineus,Oopu Nakea,1,4,Returned live to capture location,NA,NA,
4/22/2024,Moanalua High School,21.29145,-157.81451,21.29074,-157.81470,39,43,Manoa-Palolo,Manoa-Palolo Confluence,Native,paepae,Vertebrate,Stenogobius hawaiiensis,Oopu Naniha,5,5 to 8,Returned live to capture location,NA,NA,
4/22/2024,Moanalua High School,21.29145,-157.81451,21.29074,-157.81470,39,43,Manoa-Palolo,Manoa-Palolo Confluence,Native,paepae,Vertebrate,Eleotris sandwicensis,Oopu Akupa,3,8 to 15,Returned live to capture location,NA,NA,
4/22/2024,Moanalua High School,21.29145,-157.81451,21.29074,-157.81470,39,43,Manoa-Palolo,Manoa-Palolo Confluence,Native,paepae,Invertebrate,Macrobrachium grandimanus,Opae Oehaa,2,"5, 6",Returned live to capture location,NA,NA,
4/22/2024,Moanalua High School,21.29145,-157.81451,21.29074,-157.81470,39,43,Manoa-Palolo,Manoa-Palolo Confluence,Native,paepae,Vertebrate,Kuhlia xenura,Aholehole / Hawaiian Flagtail,8,4 to 12,Returned live to capture location,NA,NA,
4/22/2024,Moanalua High School,21.29145,-157.81451,21.29074,-157.81470,39,43,Manoa-Palolo,Manoa-Palolo Confluence,Non-native,paepae,Vertebrate,Hypostomus watwata,Suckermouth Catfish / Plecostomus,49,15 to 20,Removed from study site,NA,NA,
4/22/2024,Moanalua High School,21.29145,-157.81451,21.29074,-157.81470,39,43,Manoa-Palolo,Manoa-Palolo Confluence,Non-native,paepae,Vertebrate,Poecilia reticulata,Rainbow Guppy,18,2 to 3,Removed from study site,NA,NA,
4/22/2024,Moanalua High School,21.29145,-157.81451,21.29074,-157.81470,39,43,Manoa-Palolo,Manoa-Palolo Confluence,Non-native,paepae,Vertebrate,Poecilia sphenops,Mexican Molly,42,2 to 6,Removed from study site,NA,NA,
4/22/2024,Moanalua High School,21.29145,-157.81451,21.29074,-157.81470,39,43,Manoa-Palolo,Manoa-Palolo Confluence,Non-native,paepae,Vertebrate,Xiphophorus helleri,Green Swordtail,1,3,Removed from study site,NA,NA,
4/22/2024,Moanalua High School,21.29145,-157.81451,21.29074,-157.81470,39,43,Manoa-Palolo,Manoa-Palolo Confluence,Non-native,paepae,Vertebrate,Amatitlania nigrofasciata,Convict Cichlid,7,4 to 6,Removed from study site,NA,NA,
4/22/2024,Moanalua High School,21.29145,-157.81451,21.29074,-157.81470,39,43,Manoa-Palolo,Manoa-Palolo Confluence,Non-native,paepae,Vertebrate,Amphilophus labiatus,Red Devil Cichlid,1,15,Removed from study site,NA,NA,
4/22/2024,Moanalua High School,21.29145,-157.81451,21.29074,-157.81470,39,43,Manoa-Palolo,Manoa-Palolo Confluence,Non-native,paepae,Vertebrate,Andinoacara rivulatus,Green Terror Cichlid,1,11,Removed from study site,NA,NA,
4/22/2024,Moanalua High School,21.29145,-157.81451,21.29074,-157.81470,39,43,Manoa-Palolo,Manoa-Palolo Confluence,Non-native,paepae,Vertebrate,Oreochromis mossambicus,Mozambique Tilapia,1,18,Removed from study site,NA,NA,
4/22/2024,Moanalua High School,21.29145,-157.81451,21.29074,-157.81470,39,43,Manoa-Palolo,Manoa-Palolo Confluence,Non-native,paepae,Vertebrate,Sarotherodon melanotheron,Black Chin Tilapia,191,1 to 16,Removed from study site,NA,NA,
4/22/2024,Moanalua High School,21.29145,-157.81451,21.29074,-157.81470,39,43,Manoa-Palolo,Manoa-Palolo Confluence,Non-native,paepae,Invertebrate,Tarebia granifera,Quilted Melania,1,1,Removed from study site,NA,NA,
4/22/2024,Moanalua High School,21.29145,-157.81451,21.29074,-157.81470,39,43,Manoa-Palolo,Manoa-Palolo Confluence,NA,paepae,TOTAL NATIVES,19,TOTAL NON-NATIVES,312,NA,SUMMARY,16.00,34.55,
4/30/2024,Anuenue School,21.30460,-157.79045,21.30500,-157.78978,309,333,Palolo,Anuenue School,Native,paepae,Vertebrate,Awaous stamineus,oopu nakea,1,6,Returned live to capture location,NA,NA,
4/30/2024,Anuenue School,21.30460,-157.79045,21.30500,-157.78978,309,333,Palolo,Anuenue School,Non-native,paepae,Vertebrate,Poecilia reticulata,Rainbow Guppy,248,2 to 4,Removed from study site,NA,NA,
4/30/2024,Anuenue School,21.30460,-157.79045,21.30500,-157.78978,309,333,Palolo,Anuenue School,Non-native,paepae,Vertebrate,Poecilia sphenops,Mexican Molly,8,2 to 7,Removed from study site,NA,NA,
4/30/2024,Anuenue School,21.30460,-157.79045,21.30500,-157.78978,309,333,Palolo,Anuenue School,Non-native,paepae,Vertebrate,Xiphophorus helleri,Green Swordtail,5,3 to 7,Removed from study site,NA,NA,
4/30/2024,Anuenue School,21.30460,-157.79045,21.30500,-157.78978,309,333,Palolo,Anuenue School,Non-native,paepae,Vertebrate,Ancistrus temminckii,Bristlenose / Bushynose Plecostomus,48,3 to 7,Removed from study site,NA,NA,
4/30/2024,Anuenue School,21.30460,-157.79045,21.30500,-157.78978,309,333,Palolo,Anuenue School,Non-native,paepae,Invertebrate,Melanoides tuberculata,Malaysian Trumpet Snail,4,1 to 1.5,Removed from study site,NA,NA,
4/30/2024,Anuenue School,21.30460,-157.79045,21.30500,-157.78978,309,333,Palolo,Anuenue School,Non-native,paepae,Invertebrate,Procambarus clarkii,Swamp Crayfish,10,1 to 7,Removed from study site,NA,NA,
4/30/2024,Anuenue School,21.30460,-157.79045,21.30500,-157.78978,309,333,Palolo,Anuenue School,Non-native,paepae,Invertebrate,Neocaridina denticulata sinensis,Japanese Swamp Shrimp,92,1 to 2,Removed from study site,NA,NA,
4/30/2024,Anuenue School,21.30460,-157.79045,21.30500,-157.78978,309,333,Palolo,Anuenue School,NA,paepae,NATIVE TOTAL,1,NON-NATIVE TOTAL,415,NA,Summary,0.3,30.91,
5/3/2024,Saint Louis School,21.28810,-157.80568,21.28901,-157.80470,111,115,Palolo,Saint Louis Field,Native,paepae,Vertebrate,Awaous stamineus,Oopu nakea,3,"9, 12, and 10",Returned live to capture location,NA,NA,
5/3/2024,Saint Louis School,21.28810,-157.80568,21.28901,-157.80470,111,115,Palolo,Saint Louis Field,Non-native,paepae,Vertebrate,Poecilia sphenops,Mexican Molly,1058,2 to 7,Removed from study site,NA,NA,
5/3/2024,Saint Louis School,21.28810,-157.80568,21.28901,-157.80470,111,115,Palolo,Saint Louis Field,Non-native,paepae,Vertebrate,Poecilia reticulata,Rainbow Guppy,5,2 to 3,Removed from study site,NA,NA,
5/3/2024,Saint Louis School,21.28810,-157.80568,21.28901,-157.80470,111,115,Palolo,Saint Louis Field,Non-native,paepae,Vertebrate,Xiphophorus helleri,Green Swordtail,2,3 to 5,Removed from study site,NA,NA,
5/3/2024,Saint Louis School,21.28810,-157.80568,21.28901,-157.80470,111,115,Palolo,Saint Louis Field,Non-native,paepae,Vertebrate,Hypostomus watwata,Suckermouth Catfish / Plecostomus,1,8 to 30,Removed from study site,NA,NA,
5/3/2024,Saint Louis School,21.28810,-157.80568,21.28901,-157.80470,111,115,Palolo,Saint Louis Field,Non-native,paepae,Vertebrate,Amatitlania nigrofasciata,Convict Cichlid,92,2 to 10,Removed from study site,NA,NA,
5/3/2024,Saint Louis School,21.28810,-157.80568,21.28901,-157.80470,111,115,Palolo,Saint Louis Field,Non-native,paepae,Vertebrate,Oreochromis mossambicus,Mozambique Tilapia,3,5 to 11,Removed from study site,NA,NA,
5/3/2024,Saint Louis School,21.28810,-157.80568,21.28901,-157.80470,111,115,Palolo,Saint Louis Field,NA,paepae,NATIVE TOTAL,3,NON-NATIVE TOTAL,1161,NA,SUMMARY,7,38.18,
5/8/2024,Kaimuki Middle School,21.28831,-157.80899,21.28798,-157.80803,94,98,Palolo,Chaminade,Native,opae / A-Frame Net,Vertebrate,Awaous stamineus,oopu nakea,2,"10, 14",Returned live to capture location,NA,NA,
5/8/2024,Kaimuki Middle School,21.28831,-157.80899,21.28798,-157.80803,94,98,Palolo,Chaminade,Non-native,opae / A-Frame Net,Vertebrate,Amatitlania nigrofasciata,Convict Cichlid,26,2 to 8,Removed from study site,NA,NA,
5/8/2024,Kaimuki Middle School,21.28831,-157.80899,21.28798,-157.80803,94,98,Palolo,Chaminade,Non-native,opae / A-Frame Net,Vertebrate,Ancistrus temminckii,Bristlenose / Bushynose Plecostomus,91,3 to 7,Removed from study site,NA,NA,
5/8/2024,Kaimuki Middle School,21.28831,-157.80899,21.28798,-157.80803,94,98,Palolo,Chaminade,Non-native,opae / A-Frame Net,Vertebrate,Hypostomus watwata,Suckermouth Catfish / Plecostomus,11,7 to 16,Removed from study site,NA,NA,
5/8/2024,Kaimuki Middle School,21.28831,-157.80899,21.28798,-157.80803,94,98,Palolo,Chaminade,Non-native,opae / A-Frame Net,Vertebrate,Poecilia sphenops,Mexican Molly,44,3 to 7,Removed from study site,NA,NA,
5/8/2024,Kaimuki Middle School,21.28831,-157.80899,21.28798,-157.80803,94,98,Palolo,Chaminade,Non-native,opae / A-Frame Net,Vertebrate,Poecilia reticulata,Rainbow Guppy,31,2 to 3,Removed from study site,NA,NA,
5/8/2024,Kaimuki Middle School,21.28831,-157.80899,21.28798,-157.80803,94,98,Palolo,Chaminade,Non-native,opae / A-Frame Net,Invertebrate,Tarebia granifera,Quilted Melania,2,0.5 to 1,Removed from study site,NA,NA,
5/8/2024,Kaimuki Middle School,21.28831,-157.80899,21.28798,-157.80803,94,98,Palolo,Chaminade,NA,opae / A-Frame Net,NATIVE TOTAL,2,NON-NATIVE TOTAL,205,NA,Summary,36,NA,
5/9/2024,Kaimuki Middle School,21.29637,-157.83667,21.29710,-157.83662,22,25,Makiki,Washington Middle School,Native,paepae,Vertebrate,Stenogobius hawaiiensis,Oopu naniha,5,5 to 9,Returned live to capture location,NA,NA,
5/9/2024,Kaimuki Middle School,21.29637,-157.83667,21.29710,-157.83662,22,25,Makiki,Washington Middle School,Native,paepae,Vertebrate,Eleotris sandwicensis,Oopu akupa,5,7 to 13,Returned live to capture location,NA,NA,
5/9/2024,Kaimuki Middle School,21.29637,-157.83667,21.29710,-157.83662,22,25,Makiki,Washington Middle School,Native,paepae,Invertebrate,Macrobrachium grandimanus,Opae oehaa,1,5,Returned live to capture location,NA,NA,
5/9/2024,Kaimuki Middle School,21.29637,-157.83667,21.29710,-157.83662,22,25,Makiki,Washington Middle School,Non-native,paepae,Vertebrate,Amatitlania nigrofasciata,Convict Cichlid,53,2 to 12,Removed from study site,NA,NA,
5/9/2024,Kaimuki Middle School,21.29637,-157.83667,21.29710,-157.83662,22,25,Makiki,Washington Middle School,Non-native,paepae,Vertebrate,Hypostomus watwata,Suckermouth Catfish / Plecostomus,8,6 to 26,Removed from study site,NA,NA,
5/9/2024,Kaimuki Middle School,21.29637,-157.83667,21.29710,-157.83662,22,25,Makiki,Washington Middle School,Non-native,paepae,Vertebrate,Ancistrus temminckii,Bristlenose / Bushynose Plecostomus,4,3 to 8,Removed from study site,NA,NA,
5/9/2024,Kaimuki Middle School,21.29637,-157.83667,21.29710,-157.83662,22,25,Makiki,Washington Middle School,Non-native,paepae,Vertebrate,Xiphophorus helleri,Green Swordtail,2,3 to 4,Removed from study site,NA,NA,
5/9/2024,Kaimuki Middle School,21.29637,-157.83667,21.29710,-157.83662,22,25,Makiki,Washington Middle School,Non-native,paepae,Vertebrate,Poecilia reticulata,Rainbow Guppy,470,2 to 4,Removed from study site,NA,NA,
5/9/2024,Kaimuki Middle School,21.29637,-157.83667,21.29710,-157.83662,22,25,Makiki,Washington Middle School,Non-native,paepae,Vertebrate,Poecilia sphenops,Mexican Molly,72,2 to 8,Removed from study site,NA,NA,
5/9/2024,Kaimuki Middle School,21.29637,-157.83667,21.29710,-157.83662,22,25,Makiki,Washington Middle School,Non-native,paepae,Invertebrate,Melanoides tuberculata,Malaysian Trumpet Snail,4,2,Removed from study site,NA,NA,
5/9/2024,Kaimuki Middle School,21.29637,-157.83667,21.29710,-157.83662,22,25,Makiki,Washington Middle School,Non-native,paepae,Invertebrate,Tarebia granifera,Quilted Melania,1,1,Removed from study site,NA,NA,
5/9/2024,Kaimuki Middle School,21.29637,-157.83667,21.29710,-157.83662,22,25,Makiki,Washington Middle School,NA,paepae,NATIVE TOTAL,11,NON-NATIVE TOTAL,609,NA,Summary,4.2,30.91,
6/27/2024,University Laboratory School - CRDG,21.31774,-157.82713,21.31819,-157.82698,380,410,Makiki,Kanealole,Non-native,paepae,Vertebrate,Poecilia reticulata,Rainbow Guppy,70,2 to 6,"1 parasitized, removed from study site",NA,NA,
6/27/2024,University Laboratory School - CRDG,21.31774,-157.82713,21.31819,-157.82698,380,410,Makiki,Kanealole,Non-native,paepae,Vertebrate,Ancistrus temminckii,Bristlenose / Bushynose Plecostomus,1,2,Removed from study site,NA,NA,
6/27/2024,University Laboratory School - CRDG,21.31774,-157.82713,21.31819,-157.82698,380,410,Makiki,Kanealole,Non-native,paepae,Invertebrate,Macrobrachium lar,Tahitian Prawn,3,5 to 12,Removed from study site,NA,NA,
6/27/2024,University Laboratory School - CRDG,21.31774,-157.82713,21.31819,-157.82698,380,410,Makiki,Kanealole,Non-native,paepae,Invertebrate,Neocaridina denticulata sinensis,Japanese Swamp Shrimp,201,2 to 3,Removed from study site,NA,NA,
6/27/2024,University Laboratory School - CRDG,21.31774,-157.82713,21.31819,-157.82698,380,410,Makiki,Kanealole,NA,paepae,NATIVE TOTAL,0,NON-NATIVE TOTAL,275,NA,Summary,0.10,27.27,
7/11/2024,Washington Middle School,21.30793,-157.80914,21.30862,-157.80945,161,168,Manoa,Noelani Elementary,Non-native,paepae,Vertebrate,Hypostomus watwata,Suckermouth Catfish / Plecostomus,12,6 to 17,Removed from study site,NA,NA,
7/11/2024,Washington Middle School,21.30793,-157.80914,21.30862,-157.80945,161,168,Manoa,Noelani Elementary,Non-native,paepae,Vertebrate,Ancistrus temminckii,Bristlenose / Bushynose Plecostomus,1,2 to 5,Removed from study site,NA,NA,
7/11/2024,Washington Middle School,21.30793,-157.80914,21.30862,-157.80945,161,168,Manoa,Noelani Elementary,Non-native,paepae,Vertebrate,Micropterus dolomieu,Smallmouth Bass,1,8,Removed from study site,NA,NA,
7/11/2024,Washington Middle School,21.30793,-157.80914,21.30862,-157.80945,161,168,Manoa,Noelani Elementary,Non-native,paepae,Vertebrate,Poecilia reticulata,Rainbow Guppy,1,4,Removed from study site,NA,NA,
7/11/2024,Washington Middle School,21.30793,-157.80914,21.30862,-157.80945,161,168,Manoa,Noelani Elementary,Non-native,paepae,Vertebrate,Amatitlania nigrofasciata,Convict Cichlid,4,7 to 11,Removed from study site,NA,NA,
7/11/2024,Washington Middle School,21.30793,-157.80914,21.30862,-157.80945,161,168,Manoa,Noelani Elementary,Non-native,paepae,Invertebrate,Procambarus clarkii,Swamp Crayfish,4,4 to 6,Removed from study site,NA,NA,
7/11/2024,Washington Middle School,21.30793,-157.80914,21.30862,-157.80945,161,168,Manoa,Noelani Elementary,Non-native,paepae,Invertebrate,Neocaridina denticulata sinensis,Japanese Swamp Shrimp,3,2,Removed from study site,NA,NA,
7/11/2024,Washington Middle School,21.30793,-157.80914,21.30862,-157.80945,161,168,Manoa,Noelani Elementary,Non-native,paepae,NATIVE TOTAL,0,NON-NATIVE TOTAL,26,NA,SUMMARY,0.6,27.27,1
7/17/2024,Iolani School (HWFellows),21.32792,-157.79959,21.32748,-157.79980,332,335,Manoa,Waiakeakua (USGS Gage),Native,paepae,Vertebrate,Awaous stamineus,Oopu nakea,1,5,Returned live to capture location,NA,NA,3
7/17/2024,Iolani School (HWFellows),21.32792,-157.79959,21.32748,-157.79980,332,335,Manoa,Waiakeakua (USGS Gage),Non-native,paepae,Vertebrate,Poecilia reticulata,Rainbow Guppy,60,2 to 4,Removed from study site,NA,NA,1
7/17/2024,Iolani School (HWFellows),21.32792,-157.79959,21.32748,-157.79980,332,335,Manoa,Waiakeakua (USGS Gage),Non-native,paepae,Vertebrate,Xiphophorus helleri,Green Swordtail,8,4 to 7,Removed from study site,NA,NA,1
7/17/2024,Iolani School (HWFellows),21.32792,-157.79959,21.32748,-157.79980,332,335,Manoa,Waiakeakua (USGS Gage),Non-native,paepae,Vertebrate,Ancistrus temminckii,Bristlenose / Bushynose Plecostomus,45,2 to 9,Removed from study site,NA,NA,1
7/17/2024,Iolani School (HWFellows),21.32792,-157.79959,21.32748,-157.79980,332,335,Manoa,Waiakeakua (USGS Gage),Non-native,paepae,Invertebrate,Neocaridina denticulata sinensis,Japanese Swamp Shrimp,56,1.5 to 2,Removed from study site,NA,NA,1
7/17/2024,Iolani School (HWFellows),21.32792,-157.79959,21.32748,-157.79980,332,335,Manoa,Waiakeakua (USGS Gage),Non-native,paepae,Invertebrate,Procambarus clarkii,Swamp Crayfish,1,0.5,Removed from study site,NA,NA,1
7/17/2024,Iolani School (HWFellows),21.32792,-157.79959,21.32748,-157.79980,332,335,Manoa,Waiakeakua (USGS Gage),NA,paepae,NATIVE TOTAL,1,NON-NATIVE TOTAL,170,NA,Summary,0.9,30.91,1
,,,,,,,,,,,,,,,,,,,,1
,,,,,,,,,,,,,,,,,,,,1
,,,,,,,,,,,,,,,,,,,,5
,,,,,,,,,,,,,,,,,,,17.00,30.90909091